date,competitor,product_type,price,seasonal_factor
2023-01-01,ABC Bakery,bánh sinh nhật,231000.0,1.3
2023-01-01,ABC Bakery,bánh cupcake,46000.0,1.3
2023-01-01,ABC Bakery,bánh mì sandwich,59000.0,1.3
2023-01-01,ABC Bakery,bánh croissant,32000.0,1.3
2023-01-01,ABC Bakery,bánh donut,24000.0,1.3
2023-01-01,Paris Baguette,bánh sinh nhật,484000.0,1.3
2023-01-01,Paris Baguette,bánh cupcake,49000.0,1.3
2023-01-01,Paris Baguette,bánh mì sandwich,61000.0,1.3
2023-01-01,Paris Baguette,bánh croissant,31000.0,1.3
2023-01-01,Paris Baguette,bánh donut,30000.0,1.3
2023-01-01,Local Bakery,bánh sinh nhật,467000.0,1.3
2023-01-01,Local Bakery,bánh cupcake,35000.0,1.3
2023-01-01,Local Bakery,bánh mì sandwich,50000.0,1.3
2023-01-01,Local Bakery,bánh croissant,32000.0,1.3
2023-01-01,Local Bakery,bánh donut,24000.0,1.3
2023-01-02,ABC Bakery,bánh sinh nhật,546000.0,1.3
2023-01-02,ABC Bakery,bánh cupcake,51000.0,1.3
2023-01-02,ABC Bakery,bánh mì sandwich,60000.0,1.3
2023-01-02,ABC Bakery,bánh croissant,30000.0,1.3
2023-01-02,ABC Bakery,bánh donut,26000.0,1.3
2023-01-02,Paris Baguette,bánh sinh nhật,274000.0,1.3
2023-01-02,Paris Baguette,bánh cupcake,36000.0,1.3
2023-01-02,Paris Baguette,bánh mì sandwich,54000.0,1.3
2023-01-02,Paris Baguette,bánh croissant,33000.0,1.3
2023-01-02,Paris Baguette,bánh donut,29000.0,1.3
2023-01-02,Local Bakery,bánh sinh nhật,407000.0,1.3
2023-01-02,Local Bakery,bánh cupcake,46000.0,1.3
2023-01-02,Local Bakery,bánh mì sandwich,59000.0,1.3
2023-01-02,Local Bakery,bánh croissant,35000.0,1.3
2023-01-02,Local Bakery,bánh donut,23000.0,1.3
2023-01-03,ABC Bakery,bánh sinh nhật,513000.0,1.3
2023-01-03,ABC Bakery,bánh cupcake,43000.0,1.3
2023-01-03,ABC Bakery,bánh mì sandwich,59000.0,1.3
2023-01-03,ABC Bakery,bánh croissant,32000.0,1.3
2023-01-03,ABC Bakery,bánh donut,27000.0,1.3
2023-01-03,Paris Baguette,bánh sinh nhật,392000.0,1.3
2023-01-03,Paris Baguette,bánh cupcake,48000.0,1.3
2023-01-03,Paris Baguette,bánh mì sandwich,60000.0,1.3
2023-01-03,Paris Baguette,bánh croissant,35000.0,1.3
2023-01-03,Paris Baguette,bánh donut,24000.0,1.3
2023-01-03,Local Bakery,bánh sinh nhật,378000.0,1.3
2023-01-03,Local Bakery,bánh cupcake,46000.0,1.3
2023-01-03,Local Bakery,bánh mì sandwich,62000.0,1.3
2023-01-03,Local Bakery,bánh croissant,38000.0,1.3
2023-01-03,Local Bakery,bánh donut,25000.0,1.3
2023-01-04,ABC Bakery,bánh sinh nhật,600000.0,1.3
2023-01-04,ABC Bakery,bánh cupcake,48000.0,1.3
2023-01-04,ABC Bakery,bánh mì sandwich,55000.0,1.3
2023-01-04,ABC Bakery,bánh croissant,34000.0,1.3
2023-01-04,ABC Bakery,bánh donut,25000.0,1.3
2023-01-04,Paris Baguette,bánh sinh nhật,543000.0,1.3
2023-01-04,Paris Baguette,bánh cupcake,55000.0,1.3
2023-01-04,Paris Baguette,bánh mì sandwich,59000.0,1.3
2023-01-04,Paris Baguette,bánh croissant,33000.0,1.3
2023-01-04,Paris Baguette,bánh donut,27000.0,1.3
2023-01-04,Local Bakery,bánh sinh nhật,481000.0,1.3
2023-01-04,Local Bakery,bánh cupcake,39000.0,1.3
2023-01-04,Local Bakery,bánh mì sandwich,64000.0,1.3
2023-01-04,Local Bakery,bánh croissant,34000.0,1.3
2023-01-04,Local Bakery,bánh donut,28000.0,1.3
2023-01-05,ABC Bakery,bánh sinh nhật,482000.0,1.3
2023-01-05,ABC Bakery,bánh cupcake,47000.0,1.3
2023-01-05,ABC Bakery,bánh mì sandwich,62000.0,1.3
2023-01-05,ABC Bakery,bánh croissant,35000.0,1.3
2023-01-05,ABC Bakery,bánh donut,22000.0,1.3
2023-01-05,Paris Baguette,bánh sinh nhật,528000.0,1.3
2023-01-05,Paris Baguette,bánh cupcake,40000.0,1.3
2023-01-05,Paris Baguette,bánh mì sandwich,56000.0,1.3
2023-01-05,Paris Baguette,bánh croissant,35000.0,1.3
2023-01-05,Paris Baguette,bánh donut,25000.0,1.3
2023-01-05,Local Bakery,bánh sinh nhật,440000.0,1.3
2023-01-05,Local Bakery,bánh cupcake,48000.0,1.3
2023-01-05,Local Bakery,bánh mì sandwich,53000.0,1.3
2023-01-05,Local Bakery,bánh croissant,36000.0,1.3
2023-01-05,Local Bakery,bánh donut,28000.0,1.3
2023-01-06,ABC Bakery,bánh sinh nhật,436000.0,1.3
2023-01-06,ABC Bakery,bánh cupcake,42000.0,1.3
2023-01-06,ABC Bakery,bánh mì sandwich,65000.0,1.3
2023-01-06,ABC Bakery,bánh croissant,33000.0,1.3
2023-01-06,ABC Bakery,bánh donut,23000.0,1.3
2023-01-06,Paris Baguette,bánh sinh nhật,561000.0,1.3
2023-01-06,Paris Baguette,bánh cupcake,41000.0,1.3
2023-01-06,Paris Baguette,bánh mì sandwich,61000.0,1.3
2023-01-06,Paris Baguette,bánh croissant,31000.0,1.3
2023-01-06,Paris Baguette,bánh donut,30000.0,1.3
2023-01-06,Local Bakery,bánh sinh nhật,411000.0,1.3
2023-01-06,Local Bakery,bánh cupcake,43000.0,1.3
2023-01-06,Local Bakery,bánh mì sandwich,55000.0,1.3
2023-01-06,Local Bakery,bánh croissant,33000.0,1.3
2023-01-06,Local Bakery,bánh donut,23000.0,1.3
2023-01-07,ABC Bakery,bánh sinh nhật,552000.0,1.3
2023-01-07,ABC Bakery,bánh cupcake,41000.0,1.3
2023-01-07,ABC Bakery,bánh mì sandwich,57000.0,1.3
2023-01-07,ABC Bakery,bánh croissant,33000.0,1.3
2023-01-07,ABC Bakery,bánh donut,29000.0,1.3
2023-01-07,Paris Baguette,bánh sinh nhật,492000.0,1.3
2023-01-07,Paris Baguette,bánh cupcake,54000.0,1.3
2023-01-07,Paris Baguette,bánh mì sandwich,55000.0,1.3
2023-01-07,Paris Baguette,bánh croissant,32000.0,1.3
2023-01-07,Paris Baguette,bánh donut,24000.0,1.3
2023-01-07,Local Bakery,bánh sinh nhật,411000.0,1.3
2023-01-07,Local Bakery,bánh cupcake,53000.0,1.3
2023-01-07,Local Bakery,bánh mì sandwich,59000.0,1.3
2023-01-07,Local Bakery,bánh croissant,29000.0,1.3
2023-01-07,Local Bakery,bánh donut,24000.0,1.3
2023-01-08,ABC Bakery,bánh sinh nhật,458000.0,1.3
2023-01-08,ABC Bakery,bánh cupcake,49000.0,1.3
2023-01-08,ABC Bakery,bánh mì sandwich,61000.0,1.3
2023-01-08,ABC Bakery,bánh croissant,36000.0,1.3
2023-01-08,ABC Bakery,bánh donut,31000.0,1.3
2023-01-08,Paris Baguette,bánh sinh nhật,358000.0,1.3
2023-01-08,Paris Baguette,bánh cupcake,58000.0,1.3
2023-01-08,Paris Baguette,bánh mì sandwich,60000.0,1.3
2023-01-08,Paris Baguette,bánh croissant,37000.0,1.3
2023-01-08,Paris Baguette,bánh donut,27000.0,1.3
2023-01-08,Local Bakery,bánh sinh nhật,383000.0,1.3
2023-01-08,Local Bakery,bánh cupcake,41000.0,1.3
2023-01-08,Local Bakery,bánh mì sandwich,58000.0,1.3
2023-01-08,Local Bakery,bánh croissant,38000.0,1.3
2023-01-08,Local Bakery,bánh donut,29000.0,1.3
2023-01-09,ABC Bakery,bánh sinh nhật,470000.0,1.3
2023-01-09,ABC Bakery,bánh cupcake,46000.0,1.3
2023-01-09,ABC Bakery,bánh mì sandwich,56000.0,1.3
2023-01-09,ABC Bakery,bánh croissant,29000.0,1.3
2023-01-09,ABC Bakery,bánh donut,27000.0,1.3
2023-01-09,Paris Baguette,bánh sinh nhật,519000.0,1.3
2023-01-09,Paris Baguette,bánh cupcake,45000.0,1.3
2023-01-09,Paris Baguette,bánh mì sandwich,59000.0,1.3
2023-01-09,Paris Baguette,bánh croissant,33000.0,1.3
2023-01-09,Paris Baguette,bánh donut,25000.0,1.3
2023-01-09,Local Bakery,bánh sinh nhật,455000.0,1.3
2023-01-09,Local Bakery,bánh cupcake,52000.0,1.3
2023-01-09,Local Bakery,bánh mì sandwich,48000.0,1.3
2023-01-09,Local Bakery,bánh croissant,32000.0,1.3
2023-01-09,Local Bakery,bánh donut,28000.0,1.3
2023-01-10,ABC Bakery,bánh sinh nhật,510000.0,1.3
2023-01-10,ABC Bakery,bánh cupcake,47000.0,1.3
2023-01-10,ABC Bakery,bánh mì sandwich,48000.0,1.3
2023-01-10,ABC Bakery,bánh croissant,33000.0,1.3
2023-01-10,ABC Bakery,bánh donut,28000.0,1.3
2023-01-10,Paris Baguette,bánh sinh nhật,476000.0,1.3
2023-01-10,Paris Baguette,bánh cupcake,39000.0,1.3
2023-01-10,Paris Baguette,bánh mì sandwich,59000.0,1.3
2023-01-10,Paris Baguette,bánh croissant,25000.0,1.3
2023-01-10,Paris Baguette,bánh donut,27000.0,1.3
2023-01-10,Local Bakery,bánh sinh nhật,410000.0,1.3
2023-01-10,Local Bakery,bánh cupcake,46000.0,1.3
2023-01-10,Local Bakery,bánh mì sandwich,59000.0,1.3
2023-01-10,Local Bakery,bánh croissant,34000.0,1.3
2023-01-10,Local Bakery,bánh donut,26000.0,1.3
2023-01-11,ABC Bakery,bánh sinh nhật,459000.0,1.3
2023-01-11,ABC Bakery,bánh cupcake,47000.0,1.3
2023-01-11,ABC Bakery,bánh mì sandwich,58000.0,1.3
2023-01-11,ABC Bakery,bánh croissant,31000.0,1.3
2023-01-11,ABC Bakery,bánh donut,26000.0,1.3
2023-01-11,Paris Baguette,bánh sinh nhật,497000.0,1.3
2023-01-11,Paris Baguette,bánh cupcake,53000.0,1.3
2023-01-11,Paris Baguette,bánh mì sandwich,51000.0,1.3
2023-01-11,Paris Baguette,bánh croissant,33000.0,1.3
2023-01-11,Paris Baguette,bánh donut,29000.0,1.3
2023-01-11,Local Bakery,bánh sinh nhật,400000.0,1.3
2023-01-11,Local Bakery,bánh cupcake,37000.0,1.3
2023-01-11,Local Bakery,bánh mì sandwich,47000.0,1.3
2023-01-11,Local Bakery,bánh croissant,33000.0,1.3
2023-01-11,Local Bakery,bánh donut,29000.0,1.3
2023-01-12,ABC Bakery,bánh sinh nhật,387000.0,1.3
2023-01-12,ABC Bakery,bánh cupcake,44000.0,1.3
2023-01-12,ABC Bakery,bánh mì sandwich,54000.0,1.3
2023-01-12,ABC Bakery,bánh croissant,30000.0,1.3
2023-01-12,ABC Bakery,bánh donut,24000.0,1.3
2023-01-12,Paris Baguette,bánh sinh nhật,344000.0,1.3
2023-01-12,Paris Baguette,bánh cupcake,45000.0,1.3
2023-01-12,Paris Baguette,bánh mì sandwich,63000.0,1.3
2023-01-12,Paris Baguette,bánh croissant,33000.0,1.3
2023-01-12,Paris Baguette,bánh donut,29000.0,1.3
2023-01-12,Local Bakery,bánh sinh nhật,542000.0,1.3
2023-01-12,Local Bakery,bánh cupcake,43000.0,1.3
2023-01-12,Local Bakery,bánh mì sandwich,55000.0,1.3
2023-01-12,Local Bakery,bánh croissant,31000.0,1.3
2023-01-12,Local Bakery,bánh donut,26000.0,1.3
2023-01-13,ABC Bakery,bánh sinh nhật,461000.0,1.3
2023-01-13,ABC Bakery,bánh cupcake,47000.0,1.3
2023-01-13,ABC Bakery,bánh mì sandwich,53000.0,1.3
2023-01-13,ABC Bakery,bánh croissant,30000.0,1.3
2023-01-13,ABC Bakery,bánh donut,25000.0,1.3
2023-01-13,Paris Baguette,bánh sinh nhật,519000.0,1.3
2023-01-13,Paris Baguette,bánh cupcake,50000.0,1.3
2023-01-13,Paris Baguette,bánh mì sandwich,57000.0,1.3
2023-01-13,Paris Baguette,bánh croissant,32000.0,1.3
2023-01-13,Paris Baguette,bánh donut,25000.0,1.3
2023-01-13,Local Bakery,bánh sinh nhật,428000.0,1.3
2023-01-13,Local Bakery,bánh cupcake,46000.0,1.3
2023-01-13,Local Bakery,bánh mì sandwich,58000.0,1.3
2023-01-13,Local Bakery,bánh croissant,28000.0,1.3
2023-01-13,Local Bakery,bánh donut,23000.0,1.3
2023-01-14,ABC Bakery,bánh sinh nhật,389000.0,1.3
2023-01-14,ABC Bakery,bánh cupcake,57000.0,1.3
2023-01-14,ABC Bakery,bánh mì sandwich,52000.0,1.3
2023-01-14,ABC Bakery,bánh croissant,32000.0,1.3
2023-01-14,ABC Bakery,bánh donut,25000.0,1.3
2023-01-14,Paris Baguette,bánh sinh nhật,484000.0,1.3
2023-01-14,Paris Baguette,bánh cupcake,45000.0,1.3
2023-01-14,Paris Baguette,bánh mì sandwich,58000.0,1.3
2023-01-14,Paris Baguette,bánh croissant,28000.0,1.3
2023-01-14,Paris Baguette,bánh donut,31000.0,1.3
2023-01-14,Local Bakery,bánh sinh nhật,377000.0,1.3
2023-01-14,Local Bakery,bánh cupcake,46000.0,1.3
2023-01-14,Local Bakery,bánh mì sandwich,55000.0,1.3
2023-01-14,Local Bakery,bánh croissant,29000.0,1.3
2023-01-14,Local Bakery,bánh donut,26000.0,1.3
2023-01-15,ABC Bakery,bánh sinh nhật,447000.0,1.3
2023-01-15,ABC Bakery,bánh cupcake,45000.0,1.3
2023-01-15,ABC Bakery,bánh mì sandwich,61000.0,1.3
2023-01-15,ABC Bakery,bánh croissant,34000.0,1.3
2023-01-15,ABC Bakery,bánh donut,21000.0,1.3
2023-01-15,Paris Baguette,bánh sinh nhật,369000.0,1.3
2023-01-15,Paris Baguette,bánh cupcake,50000.0,1.3
2023-01-15,Paris Baguette,bánh mì sandwich,59000.0,1.3
2023-01-15,Paris Baguette,bánh croissant,31000.0,1.3
2023-01-15,Paris Baguette,bánh donut,30000.0,1.3
2023-01-15,Local Bakery,bánh sinh nhật,484000.0,1.3
2023-01-15,Local Bakery,bánh cupcake,41000.0,1.3
2023-01-15,Local Bakery,bánh mì sandwich,59000.0,1.3
2023-01-15,Local Bakery,bánh croissant,30000.0,1.3
2023-01-15,Local Bakery,bánh donut,24000.0,1.3
2023-01-16,ABC Bakery,bánh sinh nhật,307000.0,1.3
2023-01-16,ABC Bakery,bánh cupcake,48000.0,1.3
2023-01-16,ABC Bakery,bánh mì sandwich,52000.0,1.3
2023-01-16,ABC Bakery,bánh croissant,32000.0,1.3
2023-01-16,ABC Bakery,bánh donut,25000.0,1.3
2023-01-16,Paris Baguette,bánh sinh nhật,414000.0,1.3
2023-01-16,Paris Baguette,bánh cupcake,38000.0,1.3
2023-01-16,Paris Baguette,bánh mì sandwich,46000.0,1.3
2023-01-16,Paris Baguette,bánh croissant,32000.0,1.3
2023-01-16,Paris Baguette,bánh donut,28000.0,1.3
2023-01-16,Local Bakery,bánh sinh nhật,485000.0,1.3
2023-01-16,Local Bakery,bánh cupcake,54000.0,1.3
2023-01-16,Local Bakery,bánh mì sandwich,62000.0,1.3
2023-01-16,Local Bakery,bánh croissant,36000.0,1.3
2023-01-16,Local Bakery,bánh donut,29000.0,1.3
2023-01-17,ABC Bakery,bánh sinh nhật,494000.0,1.3
2023-01-17,ABC Bakery,bánh cupcake,37000.0,1.3
2023-01-17,ABC Bakery,bánh mì sandwich,60000.0,1.3
2023-01-17,ABC Bakery,bánh croissant,39000.0,1.3
2023-01-17,ABC Bakery,bánh donut,26000.0,1.3
2023-01-17,Paris Baguette,bánh sinh nhật,494000.0,1.3
2023-01-17,Paris Baguette,bánh cupcake,51000.0,1.3
2023-01-17,Paris Baguette,bánh mì sandwich,59000.0,1.3
2023-01-17,Paris Baguette,bánh croissant,35000.0,1.3
2023-01-17,Paris Baguette,bánh donut,28000.0,1.3
2023-01-17,Local Bakery,bánh sinh nhật,417000.0,1.3
2023-01-17,Local Bakery,bánh cupcake,41000.0,1.3
2023-01-17,Local Bakery,bánh mì sandwich,53000.0,1.3
2023-01-17,Local Bakery,bánh croissant,29000.0,1.3
2023-01-17,Local Bakery,bánh donut,26000.0,1.3
2023-01-18,ABC Bakery,bánh sinh nhật,439000.0,1.3
2023-01-18,ABC Bakery,bánh cupcake,54000.0,1.3
2023-01-18,ABC Bakery,bánh mì sandwich,61000.0,1.3
2023-01-18,ABC Bakery,bánh croissant,32000.0,1.3
2023-01-18,ABC Bakery,bánh donut,27000.0,1.3
2023-01-18,Paris Baguette,bánh sinh nhật,384000.0,1.3
2023-01-18,Paris Baguette,bánh cupcake,55000.0,1.3
2023-01-18,Paris Baguette,bánh mì sandwich,53000.0,1.3
2023-01-18,Paris Baguette,bánh croissant,35000.0,1.3
2023-01-18,Paris Baguette,bánh donut,29000.0,1.3
2023-01-18,Local Bakery,bánh sinh nhật,360000.0,1.3
2023-01-18,Local Bakery,bánh cupcake,50000.0,1.3
2023-01-18,Local Bakery,bánh mì sandwich,54000.0,1.3
2023-01-18,Local Bakery,bánh croissant,32000.0,1.3
2023-01-18,Local Bakery,bánh donut,28000.0,1.3
2023-01-19,ABC Bakery,bánh sinh nhật,512000.0,1.3
2023-01-19,ABC Bakery,bánh cupcake,49000.0,1.3
2023-01-19,ABC Bakery,bánh mì sandwich,63000.0,1.3
2023-01-19,ABC Bakery,bánh croissant,29000.0,1.3
2023-01-19,ABC Bakery,bánh donut,28000.0,1.3
2023-01-19,Paris Baguette,bánh sinh nhật,420000.0,1.3
2023-01-19,Paris Baguette,bánh cupcake,37000.0,1.3
2023-01-19,Paris Baguette,bánh mì sandwich,53000.0,1.3
2023-01-19,Paris Baguette,bánh croissant,30000.0,1.3
2023-01-19,Paris Baguette,bánh donut,24000.0,1.3
2023-01-19,Local Bakery,bánh sinh nhật,437000.0,1.3
2023-01-19,Local Bakery,bánh cupcake,43000.0,1.3
2023-01-19,Local Bakery,bánh mì sandwich,58000.0,1.3
2023-01-19,Local Bakery,bánh croissant,29000.0,1.3
2023-01-19,Local Bakery,bánh donut,27000.0,1.3
2023-01-20,ABC Bakery,bánh sinh nhật,551000.0,1.3
2023-01-20,ABC Bakery,bánh cupcake,54000.0,1.3
2023-01-20,ABC Bakery,bánh mì sandwich,56000.0,1.3
2023-01-20,ABC Bakery,bánh croissant,35000.0,1.3
2023-01-20,ABC Bakery,bánh donut,29000.0,1.3
2023-01-20,Paris Baguette,bánh sinh nhật,420000.0,1.3
2023-01-20,Paris Baguette,bánh cupcake,38000.0,1.3
2023-01-20,Paris Baguette,bánh mì sandwich,60000.0,1.3
2023-01-20,Paris Baguette,bánh croissant,32000.0,1.3
2023-01-20,Paris Baguette,bánh donut,27000.0,1.3
2023-01-20,Local Bakery,bánh sinh nhật,410000.0,1.3
2023-01-20,Local Bakery,bánh cupcake,40000.0,1.3
2023-01-20,Local Bakery,bánh mì sandwich,56000.0,1.3
2023-01-20,Local Bakery,bánh croissant,32000.0,1.3
2023-01-20,Local Bakery,bánh donut,23000.0,1.3
2023-01-21,ABC Bakery,bánh sinh nhật,503000.0,1.3
2023-01-21,ABC Bakery,bánh cupcake,49000.0,1.3
2023-01-21,ABC Bakery,bánh mì sandwich,59000.0,1.3
2023-01-21,ABC Bakery,bánh croissant,31000.0,1.3
2023-01-21,ABC Bakery,bánh donut,28000.0,1.3
2023-01-21,Paris Baguette,bánh sinh nhật,422000.0,1.3
2023-01-21,Paris Baguette,bánh cupcake,49000.0,1.3
2023-01-21,Paris Baguette,bánh mì sandwich,65000.0,1.3
2023-01-21,Paris Baguette,bánh croissant,35000.0,1.3
2023-01-21,Paris Baguette,bánh donut,24000.0,1.3
2023-01-21,Local Bakery,bánh sinh nhật,473000.0,1.3
2023-01-21,Local Bakery,bánh cupcake,50000.0,1.3
2023-01-21,Local Bakery,bánh mì sandwich,50000.0,1.3
2023-01-21,Local Bakery,bánh croissant,31000.0,1.3
2023-01-21,Local Bakery,bánh donut,21000.0,1.3
2023-01-22,ABC Bakery,bánh sinh nhật,414000.0,1.3
2023-01-22,ABC Bakery,bánh cupcake,52000.0,1.3
2023-01-22,ABC Bakery,bánh mì sandwich,53000.0,1.3
2023-01-22,ABC Bakery,bánh croissant,31000.0,1.3
2023-01-22,ABC Bakery,bánh donut,27000.0,1.3
2023-01-22,Paris Baguette,bánh sinh nhật,399000.0,1.3
2023-01-22,Paris Baguette,bánh cupcake,42000.0,1.3
2023-01-22,Paris Baguette,bánh mì sandwich,63000.0,1.3
2023-01-22,Paris Baguette,bánh croissant,34000.0,1.3
2023-01-22,Paris Baguette,bánh donut,29000.0,1.3
2023-01-22,Local Bakery,bánh sinh nhật,464000.0,1.3
2023-01-22,Local Bakery,bánh cupcake,46000.0,1.3
2023-01-22,Local Bakery,bánh mì sandwich,61000.0,1.3
2023-01-22,Local Bakery,bánh croissant,32000.0,1.3
2023-01-22,Local Bakery,bánh donut,26000.0,1.3
2023-01-23,ABC Bakery,bánh sinh nhật,556000.0,1.3
2023-01-23,ABC Bakery,bánh cupcake,43000.0,1.3
2023-01-23,ABC Bakery,bánh mì sandwich,61000.0,1.3
2023-01-23,ABC Bakery,bánh croissant,29000.0,1.3
2023-01-23,ABC Bakery,bánh donut,25000.0,1.3
2023-01-23,Paris Baguette,bánh sinh nhật,452000.0,1.3
2023-01-23,Paris Baguette,bánh cupcake,47000.0,1.3
2023-01-23,Paris Baguette,bánh mì sandwich,58000.0,1.3
2023-01-23,Paris Baguette,bánh croissant,28000.0,1.3
2023-01-23,Paris Baguette,bánh donut,25000.0,1.3
2023-01-23,Local Bakery,bánh sinh nhật,330000.0,1.3
2023-01-23,Local Bakery,bánh cupcake,43000.0,1.3
2023-01-23,Local Bakery,bánh mì sandwich,57000.0,1.3
2023-01-23,Local Bakery,bánh croissant,35000.0,1.3
2023-01-23,Local Bakery,bánh donut,26000.0,1.3
2023-01-24,ABC Bakery,bánh sinh nhật,361000.0,1.3
2023-01-24,ABC Bakery,bánh cupcake,48000.0,1.3
2023-01-24,ABC Bakery,bánh mì sandwich,57000.0,1.3
2023-01-24,ABC Bakery,bánh croissant,32000.0,1.3
2023-01-24,ABC Bakery,bánh donut,25000.0,1.3
2023-01-24,Paris Baguette,bánh sinh nhật,408000.0,1.3
2023-01-24,Paris Baguette,bánh cupcake,57000.0,1.3
2023-01-24,Paris Baguette,bánh mì sandwich,58000.0,1.3
2023-01-24,Paris Baguette,bánh croissant,32000.0,1.3
2023-01-24,Paris Baguette,bánh donut,27000.0,1.3
2023-01-24,Local Bakery,bánh sinh nhật,454000.0,1.3
2023-01-24,Local Bakery,bánh cupcake,44000.0,1.3
2023-01-24,Local Bakery,bánh mì sandwich,52000.0,1.3
2023-01-24,Local Bakery,bánh croissant,28000.0,1.3
2023-01-24,Local Bakery,bánh donut,26000.0,1.3
2023-01-25,ABC Bakery,bánh sinh nhật,538000.0,1.3
2023-01-25,ABC Bakery,bánh cupcake,44000.0,1.3
2023-01-25,ABC Bakery,bánh mì sandwich,66000.0,1.3
2023-01-25,ABC Bakery,bánh croissant,32000.0,1.3
2023-01-25,ABC Bakery,bánh donut,27000.0,1.3
2023-01-25,Paris Baguette,bánh sinh nhật,537000.0,1.3
2023-01-25,Paris Baguette,bánh cupcake,45000.0,1.3
2023-01-25,Paris Baguette,bánh mì sandwich,57000.0,1.3
2023-01-25,Paris Baguette,bánh croissant,26000.0,1.3
2023-01-25,Paris Baguette,bánh donut,29000.0,1.3
2023-01-25,Local Bakery,bánh sinh nhật,447000.0,1.3
2023-01-25,Local Bakery,bánh cupcake,47000.0,1.3
2023-01-25,Local Bakery,bánh mì sandwich,57000.0,1.3
2023-01-25,Local Bakery,bánh croissant,31000.0,1.3
2023-01-25,Local Bakery,bánh donut,24000.0,1.3
2023-01-26,ABC Bakery,bánh sinh nhật,347000.0,1.3
2023-01-26,ABC Bakery,bánh cupcake,45000.0,1.3
2023-01-26,ABC Bakery,bánh mì sandwich,60000.0,1.3
2023-01-26,ABC Bakery,bánh croissant,33000.0,1.3
2023-01-26,ABC Bakery,bánh donut,25000.0,1.3
2023-01-26,Paris Baguette,bánh sinh nhật,576000.0,1.3
2023-01-26,Paris Baguette,bánh cupcake,48000.0,1.3
2023-01-26,Paris Baguette,bánh mì sandwich,72000.0,1.3
2023-01-26,Paris Baguette,bánh croissant,32000.0,1.3
2023-01-26,Paris Baguette,bánh donut,25000.0,1.3
2023-01-26,Local Bakery,bánh sinh nhật,283000.0,1.3
2023-01-26,Local Bakery,bánh cupcake,47000.0,1.3
2023-01-26,Local Bakery,bánh mì sandwich,64000.0,1.3
2023-01-26,Local Bakery,bánh croissant,32000.0,1.3
2023-01-26,Local Bakery,bánh donut,28000.0,1.3
2023-01-27,ABC Bakery,bánh sinh nhật,360000.0,1.3
2023-01-27,ABC Bakery,bánh cupcake,49000.0,1.3
2023-01-27,ABC Bakery,bánh mì sandwich,66000.0,1.3
2023-01-27,ABC Bakery,bánh croissant,28000.0,1.3
2023-01-27,ABC Bakery,bánh donut,24000.0,1.3
2023-01-27,Paris Baguette,bánh sinh nhật,512000.0,1.3
2023-01-27,Paris Baguette,bánh cupcake,46000.0,1.3
2023-01-27,Paris Baguette,bánh mì sandwich,62000.0,1.3
2023-01-27,Paris Baguette,bánh croissant,25000.0,1.3
2023-01-27,Paris Baguette,bánh donut,30000.0,1.3
2023-01-27,Local Bakery,bánh sinh nhật,364000.0,1.3
2023-01-27,Local Bakery,bánh cupcake,42000.0,1.3
2023-01-27,Local Bakery,bánh mì sandwich,57000.0,1.3
2023-01-27,Local Bakery,bánh croissant,30000.0,1.3
2023-01-27,Local Bakery,bánh donut,26000.0,1.3
2023-01-28,ABC Bakery,bánh sinh nhật,503000.0,1.3
2023-01-28,ABC Bakery,bánh cupcake,42000.0,1.3
2023-01-28,ABC Bakery,bánh mì sandwich,65000.0,1.3
2023-01-28,ABC Bakery,bánh croissant,38000.0,1.3
2023-01-28,ABC Bakery,bánh donut,28000.0,1.3
2023-01-28,Paris Baguette,bánh sinh nhật,474000.0,1.3
2023-01-28,Paris Baguette,bánh cupcake,51000.0,1.3
2023-01-28,Paris Baguette,bánh mì sandwich,62000.0,1.3
2023-01-28,Paris Baguette,bánh croissant,40000.0,1.3
2023-01-28,Paris Baguette,bánh donut,24000.0,1.3
2023-01-28,Local Bakery,bánh sinh nhật,561000.0,1.3
2023-01-28,Local Bakery,bánh cupcake,45000.0,1.3
2023-01-28,Local Bakery,bánh mì sandwich,57000.0,1.3
2023-01-28,Local Bakery,bánh croissant,33000.0,1.3
2023-01-28,Local Bakery,bánh donut,23000.0,1.3
2023-01-29,ABC Bakery,bánh sinh nhật,537000.0,1.3
2023-01-29,ABC Bakery,bánh cupcake,40000.0,1.3
2023-01-29,ABC Bakery,bánh mì sandwich,54000.0,1.3
2023-01-29,ABC Bakery,bánh croissant,31000.0,1.3
2023-01-29,ABC Bakery,bánh donut,26000.0,1.3
2023-01-29,Paris Baguette,bánh sinh nhật,419000.0,1.3
2023-01-29,Paris Baguette,bánh cupcake,45000.0,1.3
2023-01-29,Paris Baguette,bánh mì sandwich,59000.0,1.3
2023-01-29,Paris Baguette,bánh croissant,27000.0,1.3
2023-01-29,Paris Baguette,bánh donut,25000.0,1.3
2023-01-29,Local Bakery,bánh sinh nhật,401000.0,1.3
2023-01-29,Local Bakery,bánh cupcake,40000.0,1.3
2023-01-29,Local Bakery,bánh mì sandwich,59000.0,1.3
2023-01-29,Local Bakery,bánh croissant,31000.0,1.3
2023-01-29,Local Bakery,bánh donut,25000.0,1.3
2023-01-30,ABC Bakery,bánh sinh nhật,464000.0,1.3
2023-01-30,ABC Bakery,bánh cupcake,57000.0,1.3
2023-01-30,ABC Bakery,bánh mì sandwich,62000.0,1.3
2023-01-30,ABC Bakery,bánh croissant,38000.0,1.3
2023-01-30,ABC Bakery,bánh donut,29000.0,1.3
2023-01-30,Paris Baguette,bánh sinh nhật,458000.0,1.3
2023-01-30,Paris Baguette,bánh cupcake,47000.0,1.3
2023-01-30,Paris Baguette,bánh mì sandwich,68000.0,1.3
2023-01-30,Paris Baguette,bánh croissant,31000.0,1.3
2023-01-30,Paris Baguette,bánh donut,24000.0,1.3
2023-01-30,Local Bakery,bánh sinh nhật,526000.0,1.3
2023-01-30,Local Bakery,bánh cupcake,48000.0,1.3
2023-01-30,Local Bakery,bánh mì sandwich,56000.0,1.3
2023-01-30,Local Bakery,bánh croissant,34000.0,1.3
2023-01-30,Local Bakery,bánh donut,25000.0,1.3
2023-01-31,ABC Bakery,bánh sinh nhật,374000.0,1.3
2023-01-31,ABC Bakery,bánh cupcake,47000.0,1.3
2023-01-31,ABC Bakery,bánh mì sandwich,59000.0,1.3
2023-01-31,ABC Bakery,bánh croissant,32000.0,1.3
2023-01-31,ABC Bakery,bánh donut,25000.0,1.3
2023-01-31,Paris Baguette,bánh sinh nhật,509000.0,1.3
2023-01-31,Paris Baguette,bánh cupcake,43000.0,1.3
2023-01-31,Paris Baguette,bánh mì sandwich,59000.0,1.3
2023-01-31,Paris Baguette,bánh croissant,35000.0,1.3
2023-01-31,Paris Baguette,bánh donut,24000.0,1.3
2023-01-31,Local Bakery,bánh sinh nhật,514000.0,1.3
2023-01-31,Local Bakery,bánh cupcake,45000.0,1.3
2023-01-31,Local Bakery,bánh mì sandwich,59000.0,1.3
2023-01-31,Local Bakery,bánh croissant,38000.0,1.3
2023-01-31,Local Bakery,bánh donut,26000.0,1.3
2023-02-01,ABC Bakery,bánh sinh nhật,435000.0,1.3
2023-02-01,ABC Bakery,bánh cupcake,52000.0,1.3
2023-02-01,ABC Bakery,bánh mì sandwich,52000.0,1.3
2023-02-01,ABC Bakery,bánh croissant,35000.0,1.3
2023-02-01,ABC Bakery,bánh donut,25000.0,1.3
2023-02-01,Paris Baguette,bánh sinh nhật,489000.0,1.3
2023-02-01,Paris Baguette,bánh cupcake,44000.0,1.3
2023-02-01,Paris Baguette,bánh mì sandwich,58000.0,1.3
2023-02-01,Paris Baguette,bánh croissant,29000.0,1.3
2023-02-01,Paris Baguette,bánh donut,28000.0,1.3
2023-02-01,Local Bakery,bánh sinh nhật,476000.0,1.3
2023-02-01,Local Bakery,bánh cupcake,49000.0,1.3
2023-02-01,Local Bakery,bánh mì sandwich,54000.0,1.3
2023-02-01,Local Bakery,bánh croissant,35000.0,1.3
2023-02-01,Local Bakery,bánh donut,27000.0,1.3
2023-02-02,ABC Bakery,bánh sinh nhật,442000.0,1.3
2023-02-02,ABC Bakery,bánh cupcake,46000.0,1.3
2023-02-02,ABC Bakery,bánh mì sandwich,55000.0,1.3
2023-02-02,ABC Bakery,bánh croissant,41000.0,1.3
2023-02-02,ABC Bakery,bánh donut,29000.0,1.3
2023-02-02,Paris Baguette,bánh sinh nhật,322000.0,1.3
2023-02-02,Paris Baguette,bánh cupcake,52000.0,1.3
2023-02-02,Paris Baguette,bánh mì sandwich,63000.0,1.3
2023-02-02,Paris Baguette,bánh croissant,27000.0,1.3
2023-02-02,Paris Baguette,bánh donut,23000.0,1.3
2023-02-02,Local Bakery,bánh sinh nhật,473000.0,1.3
2023-02-02,Local Bakery,bánh cupcake,46000.0,1.3
2023-02-02,Local Bakery,bánh mì sandwich,59000.0,1.3
2023-02-02,Local Bakery,bánh croissant,32000.0,1.3
2023-02-02,Local Bakery,bánh donut,27000.0,1.3
2023-02-03,ABC Bakery,bánh sinh nhật,454000.0,1.3
2023-02-03,ABC Bakery,bánh cupcake,49000.0,1.3
2023-02-03,ABC Bakery,bánh mì sandwich,57000.0,1.3
2023-02-03,ABC Bakery,bánh croissant,38000.0,1.3
2023-02-03,ABC Bakery,bánh donut,26000.0,1.3
2023-02-03,Paris Baguette,bánh sinh nhật,415000.0,1.3
2023-02-03,Paris Baguette,bánh cupcake,44000.0,1.3
2023-02-03,Paris Baguette,bánh mì sandwich,61000.0,1.3
2023-02-03,Paris Baguette,bánh croissant,26000.0,1.3
2023-02-03,Paris Baguette,bánh donut,29000.0,1.3
2023-02-03,Local Bakery,bánh sinh nhật,385000.0,1.3
2023-02-03,Local Bakery,bánh cupcake,39000.0,1.3
2023-02-03,Local Bakery,bánh mì sandwich,61000.0,1.3
2023-02-03,Local Bakery,bánh croissant,36000.0,1.3
2023-02-03,Local Bakery,bánh donut,28000.0,1.3
2023-02-04,ABC Bakery,bánh sinh nhật,473000.0,1.3
2023-02-04,ABC Bakery,bánh cupcake,51000.0,1.3
2023-02-04,ABC Bakery,bánh mì sandwich,56000.0,1.3
2023-02-04,ABC Bakery,bánh croissant,32000.0,1.3
2023-02-04,ABC Bakery,bánh donut,26000.0,1.3
2023-02-04,Paris Baguette,bánh sinh nhật,580000.0,1.3
2023-02-04,Paris Baguette,bánh cupcake,47000.0,1.3
2023-02-04,Paris Baguette,bánh mì sandwich,58000.0,1.3
2023-02-04,Paris Baguette,bánh croissant,33000.0,1.3
2023-02-04,Paris Baguette,bánh donut,24000.0,1.3
2023-02-04,Local Bakery,bánh sinh nhật,490000.0,1.3
2023-02-04,Local Bakery,bánh cupcake,50000.0,1.3
2023-02-04,Local Bakery,bánh mì sandwich,56000.0,1.3
2023-02-04,Local Bakery,bánh croissant,37000.0,1.3
2023-02-04,Local Bakery,bánh donut,28000.0,1.3
2023-02-05,ABC Bakery,bánh sinh nhật,542000.0,1.3
2023-02-05,ABC Bakery,bánh cupcake,52000.0,1.3
2023-02-05,ABC Bakery,bánh mì sandwich,64000.0,1.3
2023-02-05,ABC Bakery,bánh croissant,32000.0,1.3
2023-02-05,ABC Bakery,bánh donut,30000.0,1.3
2023-02-05,Paris Baguette,bánh sinh nhật,434000.0,1.3
2023-02-05,Paris Baguette,bánh cupcake,51000.0,1.3
2023-02-05,Paris Baguette,bánh mì sandwich,64000.0,1.3
2023-02-05,Paris Baguette,bánh croissant,25000.0,1.3
2023-02-05,Paris Baguette,bánh donut,27000.0,1.3
2023-02-05,Local Bakery,bánh sinh nhật,504000.0,1.3
2023-02-05,Local Bakery,bánh cupcake,48000.0,1.3
2023-02-05,Local Bakery,bánh mì sandwich,52000.0,1.3
2023-02-05,Local Bakery,bánh croissant,37000.0,1.3
2023-02-05,Local Bakery,bánh donut,26000.0,1.3
2023-02-06,ABC Bakery,bánh sinh nhật,542000.0,1.3
2023-02-06,ABC Bakery,bánh cupcake,53000.0,1.3
2023-02-06,ABC Bakery,bánh mì sandwich,58000.0,1.3
2023-02-06,ABC Bakery,bánh croissant,33000.0,1.3
2023-02-06,ABC Bakery,bánh donut,26000.0,1.3
2023-02-06,Paris Baguette,bánh sinh nhật,363000.0,1.3
2023-02-06,Paris Baguette,bánh cupcake,52000.0,1.3
2023-02-06,Paris Baguette,bánh mì sandwich,61000.0,1.3
2023-02-06,Paris Baguette,bánh croissant,31000.0,1.3
2023-02-06,Paris Baguette,bánh donut,23000.0,1.3
2023-02-06,Local Bakery,bánh sinh nhật,460000.0,1.3
2023-02-06,Local Bakery,bánh cupcake,44000.0,1.3
2023-02-06,Local Bakery,bánh mì sandwich,67000.0,1.3
2023-02-06,Local Bakery,bánh croissant,30000.0,1.3
2023-02-06,Local Bakery,bánh donut,24000.0,1.3
2023-02-07,ABC Bakery,bánh sinh nhật,494000.0,1.3
2023-02-07,ABC Bakery,bánh cupcake,45000.0,1.3
2023-02-07,ABC Bakery,bánh mì sandwich,60000.0,1.3
2023-02-07,ABC Bakery,bánh croissant,35000.0,1.3
2023-02-07,ABC Bakery,bánh donut,25000.0,1.3
2023-02-07,Paris Baguette,bánh sinh nhật,600000.0,1.3
2023-02-07,Paris Baguette,bánh cupcake,54000.0,1.3
2023-02-07,Paris Baguette,bánh mì sandwich,52000.0,1.3
2023-02-07,Paris Baguette,bánh croissant,32000.0,1.3
2023-02-07,Paris Baguette,bánh donut,28000.0,1.3
2023-02-07,Local Bakery,bánh sinh nhật,486000.0,1.3
2023-02-07,Local Bakery,bánh cupcake,40000.0,1.3
2023-02-07,Local Bakery,bánh mì sandwich,64000.0,1.3
2023-02-07,Local Bakery,bánh croissant,35000.0,1.3
2023-02-07,Local Bakery,bánh donut,21000.0,1.3
2023-02-08,ABC Bakery,bánh sinh nhật,487000.0,1.3
2023-02-08,ABC Bakery,bánh cupcake,48000.0,1.3
2023-02-08,ABC Bakery,bánh mì sandwich,56000.0,1.3
2023-02-08,ABC Bakery,bánh croissant,30000.0,1.3
2023-02-08,ABC Bakery,bánh donut,29000.0,1.3
2023-02-08,Paris Baguette,bánh sinh nhật,610000.0,1.3
2023-02-08,Paris Baguette,bánh cupcake,43000.0,1.3
2023-02-08,Paris Baguette,bánh mì sandwich,60000.0,1.3
2023-02-08,Paris Baguette,bánh croissant,32000.0,1.3
2023-02-08,Paris Baguette,bánh donut,23000.0,1.3
2023-02-08,Local Bakery,bánh sinh nhật,383000.0,1.3
2023-02-08,Local Bakery,bánh cupcake,49000.0,1.3
2023-02-08,Local Bakery,bánh mì sandwich,63000.0,1.3
2023-02-08,Local Bakery,bánh croissant,31000.0,1.3
2023-02-08,Local Bakery,bánh donut,26000.0,1.3
2023-02-09,ABC Bakery,bánh sinh nhật,469000.0,1.3
2023-02-09,ABC Bakery,bánh cupcake,52000.0,1.3
2023-02-09,ABC Bakery,bánh mì sandwich,59000.0,1.3
2023-02-09,ABC Bakery,bánh croissant,35000.0,1.3
2023-02-09,ABC Bakery,bánh donut,25000.0,1.3
2023-02-09,Paris Baguette,bánh sinh nhật,441000.0,1.3
2023-02-09,Paris Baguette,bánh cupcake,38000.0,1.3
2023-02-09,Paris Baguette,bánh mì sandwich,59000.0,1.3
2023-02-09,Paris Baguette,bánh croissant,36000.0,1.3
2023-02-09,Paris Baguette,bánh donut,28000.0,1.3
2023-02-09,Local Bakery,bánh sinh nhật,484000.0,1.3
2023-02-09,Local Bakery,bánh cupcake,41000.0,1.3
2023-02-09,Local Bakery,bánh mì sandwich,63000.0,1.3
2023-02-09,Local Bakery,bánh croissant,23000.0,1.3
2023-02-09,Local Bakery,bánh donut,28000.0,1.3
2023-02-10,ABC Bakery,bánh sinh nhật,401000.0,1.3
2023-02-10,ABC Bakery,bánh cupcake,40000.0,1.3
2023-02-10,ABC Bakery,bánh mì sandwich,54000.0,1.3
2023-02-10,ABC Bakery,bánh croissant,31000.0,1.3
2023-02-10,ABC Bakery,bánh donut,30000.0,1.3
2023-02-10,Paris Baguette,bánh sinh nhật,589000.0,1.3
2023-02-10,Paris Baguette,bánh cupcake,49000.0,1.3
2023-02-10,Paris Baguette,bánh mì sandwich,61000.0,1.3
2023-02-10,Paris Baguette,bánh croissant,29000.0,1.3
2023-02-10,Paris Baguette,bánh donut,25000.0,1.3
2023-02-10,Local Bakery,bánh sinh nhật,475000.0,1.3
2023-02-10,Local Bakery,bánh cupcake,44000.0,1.3
2023-02-10,Local Bakery,bánh mì sandwich,53000.0,1.3
2023-02-10,Local Bakery,bánh croissant,34000.0,1.3
2023-02-10,Local Bakery,bánh donut,28000.0,1.3
2023-02-11,ABC Bakery,bánh sinh nhật,464000.0,1.3
2023-02-11,ABC Bakery,bánh cupcake,43000.0,1.3
2023-02-11,ABC Bakery,bánh mì sandwich,54000.0,1.3
2023-02-11,ABC Bakery,bánh croissant,28000.0,1.3
2023-02-11,ABC Bakery,bánh donut,22000.0,1.3
2023-02-11,Paris Baguette,bánh sinh nhật,446000.0,1.3
2023-02-11,Paris Baguette,bánh cupcake,41000.0,1.3
2023-02-11,Paris Baguette,bánh mì sandwich,67000.0,1.3
2023-02-11,Paris Baguette,bánh croissant,32000.0,1.3
2023-02-11,Paris Baguette,bánh donut,28000.0,1.3
2023-02-11,Local Bakery,bánh sinh nhật,601000.0,1.3
2023-02-11,Local Bakery,bánh cupcake,58000.0,1.3
2023-02-11,Local Bakery,bánh mì sandwich,63000.0,1.3
2023-02-11,Local Bakery,bánh croissant,34000.0,1.3
2023-02-11,Local Bakery,bánh donut,23000.0,1.3
2023-02-12,ABC Bakery,bánh sinh nhật,318000.0,1.3
2023-02-12,ABC Bakery,bánh cupcake,48000.0,1.3
2023-02-12,ABC Bakery,bánh mì sandwich,59000.0,1.3
2023-02-12,ABC Bakery,bánh croissant,31000.0,1.3
2023-02-12,ABC Bakery,bánh donut,22000.0,1.3
2023-02-12,Paris Baguette,bánh sinh nhật,419000.0,1.3
2023-02-12,Paris Baguette,bánh cupcake,49000.0,1.3
2023-02-12,Paris Baguette,bánh mì sandwich,58000.0,1.3
2023-02-12,Paris Baguette,bánh croissant,33000.0,1.3
2023-02-12,Paris Baguette,bánh donut,27000.0,1.3
2023-02-12,Local Bakery,bánh sinh nhật,546000.0,1.3
2023-02-12,Local Bakery,bánh cupcake,54000.0,1.3
2023-02-12,Local Bakery,bánh mì sandwich,60000.0,1.3
2023-02-12,Local Bakery,bánh croissant,31000.0,1.3
2023-02-12,Local Bakery,bánh donut,31000.0,1.3
2023-02-13,ABC Bakery,bánh sinh nhật,338000.0,1.3
2023-02-13,ABC Bakery,bánh cupcake,50000.0,1.3
2023-02-13,ABC Bakery,bánh mì sandwich,60000.0,1.3
2023-02-13,ABC Bakery,bánh croissant,33000.0,1.3
2023-02-13,ABC Bakery,bánh donut,27000.0,1.3
2023-02-13,Paris Baguette,bánh sinh nhật,516000.0,1.3
2023-02-13,Paris Baguette,bánh cupcake,49000.0,1.3
2023-02-13,Paris Baguette,bánh mì sandwich,63000.0,1.3
2023-02-13,Paris Baguette,bánh croissant,31000.0,1.3
2023-02-13,Paris Baguette,bánh donut,29000.0,1.3
2023-02-13,Local Bakery,bánh sinh nhật,486000.0,1.3
2023-02-13,Local Bakery,bánh cupcake,40000.0,1.3
2023-02-13,Local Bakery,bánh mì sandwich,58000.0,1.3
2023-02-13,Local Bakery,bánh croissant,35000.0,1.3
2023-02-13,Local Bakery,bánh donut,28000.0,1.3
2023-02-14,ABC Bakery,bánh sinh nhật,418000.0,1.3
2023-02-14,ABC Bakery,bánh cupcake,34000.0,1.3
2023-02-14,ABC Bakery,bánh mì sandwich,52000.0,1.3
2023-02-14,ABC Bakery,bánh croissant,30000.0,1.3
2023-02-14,ABC Bakery,bánh donut,26000.0,1.3
2023-02-14,Paris Baguette,bánh sinh nhật,472000.0,1.3
2023-02-14,Paris Baguette,bánh cupcake,45000.0,1.3
2023-02-14,Paris Baguette,bánh mì sandwich,59000.0,1.3
2023-02-14,Paris Baguette,bánh croissant,33000.0,1.3
2023-02-14,Paris Baguette,bánh donut,23000.0,1.3
2023-02-14,Local Bakery,bánh sinh nhật,531000.0,1.3
2023-02-14,Local Bakery,bánh cupcake,48000.0,1.3
2023-02-14,Local Bakery,bánh mì sandwich,57000.0,1.3
2023-02-14,Local Bakery,bánh croissant,31000.0,1.3
2023-02-14,Local Bakery,bánh donut,22000.0,1.3
2023-02-15,ABC Bakery,bánh sinh nhật,363000.0,1.3
2023-02-15,ABC Bakery,bánh cupcake,47000.0,1.3
2023-02-15,ABC Bakery,bánh mì sandwich,59000.0,1.3
2023-02-15,ABC Bakery,bánh croissant,32000.0,1.3
2023-02-15,ABC Bakery,bánh donut,28000.0,1.3
2023-02-15,Paris Baguette,bánh sinh nhật,442000.0,1.3
2023-02-15,Paris Baguette,bánh cupcake,39000.0,1.3
2023-02-15,Paris Baguette,bánh mì sandwich,57000.0,1.3
2023-02-15,Paris Baguette,bánh croissant,29000.0,1.3
2023-02-15,Paris Baguette,bánh donut,29000.0,1.3
2023-02-15,Local Bakery,bánh sinh nhật,309000.0,1.3
2023-02-15,Local Bakery,bánh cupcake,41000.0,1.3
2023-02-15,Local Bakery,bánh mì sandwich,61000.0,1.3
2023-02-15,Local Bakery,bánh croissant,34000.0,1.3
2023-02-15,Local Bakery,bánh donut,27000.0,1.3
2023-02-16,ABC Bakery,bánh sinh nhật,500000.0,1.3
2023-02-16,ABC Bakery,bánh cupcake,42000.0,1.3
2023-02-16,ABC Bakery,bánh mì sandwich,57000.0,1.3
2023-02-16,ABC Bakery,bánh croissant,36000.0,1.3
2023-02-16,ABC Bakery,bánh donut,28000.0,1.3
2023-02-16,Paris Baguette,bánh sinh nhật,523000.0,1.3
2023-02-16,Paris Baguette,bánh cupcake,42000.0,1.3
2023-02-16,Paris Baguette,bánh mì sandwich,62000.0,1.3
2023-02-16,Paris Baguette,bánh croissant,34000.0,1.3
2023-02-16,Paris Baguette,bánh donut,25000.0,1.3
2023-02-16,Local Bakery,bánh sinh nhật,385000.0,1.3
2023-02-16,Local Bakery,bánh cupcake,42000.0,1.3
2023-02-16,Local Bakery,bánh mì sandwich,59000.0,1.3
2023-02-16,Local Bakery,bánh croissant,40000.0,1.3
2023-02-16,Local Bakery,bánh donut,24000.0,1.3
2023-02-17,ABC Bakery,bánh sinh nhật,413000.0,1.3
2023-02-17,ABC Bakery,bánh cupcake,44000.0,1.3
2023-02-17,ABC Bakery,bánh mì sandwich,60000.0,1.3
2023-02-17,ABC Bakery,bánh croissant,31000.0,1.3
2023-02-17,ABC Bakery,bánh donut,27000.0,1.3
2023-02-17,Paris Baguette,bánh sinh nhật,409000.0,1.3
2023-02-17,Paris Baguette,bánh cupcake,47000.0,1.3
2023-02-17,Paris Baguette,bánh mì sandwich,53000.0,1.3
2023-02-17,Paris Baguette,bánh croissant,30000.0,1.3
2023-02-17,Paris Baguette,bánh donut,24000.0,1.3
2023-02-17,Local Bakery,bánh sinh nhật,488000.0,1.3
2023-02-17,Local Bakery,bánh cupcake,34000.0,1.3
2023-02-17,Local Bakery,bánh mì sandwich,53000.0,1.3
2023-02-17,Local Bakery,bánh croissant,37000.0,1.3
2023-02-17,Local Bakery,bánh donut,24000.0,1.3
2023-02-18,ABC Bakery,bánh sinh nhật,523000.0,1.3
2023-02-18,ABC Bakery,bánh cupcake,49000.0,1.3
2023-02-18,ABC Bakery,bánh mì sandwich,59000.0,1.3
2023-02-18,ABC Bakery,bánh croissant,36000.0,1.3
2023-02-18,ABC Bakery,bánh donut,34000.0,1.3
2023-02-18,Paris Baguette,bánh sinh nhật,387000.0,1.3
2023-02-18,Paris Baguette,bánh cupcake,43000.0,1.3
2023-02-18,Paris Baguette,bánh mì sandwich,65000.0,1.3
2023-02-18,Paris Baguette,bánh croissant,31000.0,1.3
2023-02-18,Paris Baguette,bánh donut,27000.0,1.3
2023-02-18,Local Bakery,bánh sinh nhật,427000.0,1.3
2023-02-18,Local Bakery,bánh cupcake,38000.0,1.3
2023-02-18,Local Bakery,bánh mì sandwich,61000.0,1.3
2023-02-18,Local Bakery,bánh croissant,32000.0,1.3
2023-02-18,Local Bakery,bánh donut,24000.0,1.3
2023-02-19,ABC Bakery,bánh sinh nhật,440000.0,1.3
2023-02-19,ABC Bakery,bánh cupcake,35000.0,1.3
2023-02-19,ABC Bakery,bánh mì sandwich,57000.0,1.3
2023-02-19,ABC Bakery,bánh croissant,30000.0,1.3
2023-02-19,ABC Bakery,bánh donut,30000.0,1.3
2023-02-19,Paris Baguette,bánh sinh nhật,408000.0,1.3
2023-02-19,Paris Baguette,bánh cupcake,45000.0,1.3
2023-02-19,Paris Baguette,bánh mì sandwich,56000.0,1.3
2023-02-19,Paris Baguette,bánh croissant,31000.0,1.3
2023-02-19,Paris Baguette,bánh donut,22000.0,1.3
2023-02-19,Local Bakery,bánh sinh nhật,425000.0,1.3
2023-02-19,Local Bakery,bánh cupcake,46000.0,1.3
2023-02-19,Local Bakery,bánh mì sandwich,61000.0,1.3
2023-02-19,Local Bakery,bánh croissant,42000.0,1.3
2023-02-19,Local Bakery,bánh donut,26000.0,1.3
2023-02-20,ABC Bakery,bánh sinh nhật,378000.0,1.3
2023-02-20,ABC Bakery,bánh cupcake,49000.0,1.3
2023-02-20,ABC Bakery,bánh mì sandwich,52000.0,1.3
2023-02-20,ABC Bakery,bánh croissant,30000.0,1.3
2023-02-20,ABC Bakery,bánh donut,28000.0,1.3
2023-02-20,Paris Baguette,bánh sinh nhật,443000.0,1.3
2023-02-20,Paris Baguette,bánh cupcake,33000.0,1.3
2023-02-20,Paris Baguette,bánh mì sandwich,55000.0,1.3
2023-02-20,Paris Baguette,bánh croissant,35000.0,1.3
2023-02-20,Paris Baguette,bánh donut,20000.0,1.3
2023-02-20,Local Bakery,bánh sinh nhật,555000.0,1.3
2023-02-20,Local Bakery,bánh cupcake,48000.0,1.3
2023-02-20,Local Bakery,bánh mì sandwich,68000.0,1.3
2023-02-20,Local Bakery,bánh croissant,39000.0,1.3
2023-02-20,Local Bakery,bánh donut,28000.0,1.3
2023-02-21,ABC Bakery,bánh sinh nhật,429000.0,1.3
2023-02-21,ABC Bakery,bánh cupcake,54000.0,1.3
2023-02-21,ABC Bakery,bánh mì sandwich,56000.0,1.3
2023-02-21,ABC Bakery,bánh croissant,36000.0,1.3
2023-02-21,ABC Bakery,bánh donut,27000.0,1.3
2023-02-21,Paris Baguette,bánh sinh nhật,629000.0,1.3
2023-02-21,Paris Baguette,bánh cupcake,53000.0,1.3
2023-02-21,Paris Baguette,bánh mì sandwich,60000.0,1.3
2023-02-21,Paris Baguette,bánh croissant,28000.0,1.3
2023-02-21,Paris Baguette,bánh donut,25000.0,1.3
2023-02-21,Local Bakery,bánh sinh nhật,491000.0,1.3
2023-02-21,Local Bakery,bánh cupcake,46000.0,1.3
2023-02-21,Local Bakery,bánh mì sandwich,62000.0,1.3
2023-02-21,Local Bakery,bánh croissant,32000.0,1.3
2023-02-21,Local Bakery,bánh donut,26000.0,1.3
2023-02-22,ABC Bakery,bánh sinh nhật,460000.0,1.3
2023-02-22,ABC Bakery,bánh cupcake,42000.0,1.3
2023-02-22,ABC Bakery,bánh mì sandwich,57000.0,1.3
2023-02-22,ABC Bakery,bánh croissant,33000.0,1.3
2023-02-22,ABC Bakery,bánh donut,26000.0,1.3
2023-02-22,Paris Baguette,bánh sinh nhật,401000.0,1.3
2023-02-22,Paris Baguette,bánh cupcake,43000.0,1.3
2023-02-22,Paris Baguette,bánh mì sandwich,59000.0,1.3
2023-02-22,Paris Baguette,bánh croissant,31000.0,1.3
2023-02-22,Paris Baguette,bánh donut,26000.0,1.3
2023-02-22,Local Bakery,bánh sinh nhật,404000.0,1.3
2023-02-22,Local Bakery,bánh cupcake,44000.0,1.3
2023-02-22,Local Bakery,bánh mì sandwich,58000.0,1.3
2023-02-22,Local Bakery,bánh croissant,31000.0,1.3
2023-02-22,Local Bakery,bánh donut,25000.0,1.3
2023-02-23,ABC Bakery,bánh sinh nhật,400000.0,1.3
2023-02-23,ABC Bakery,bánh cupcake,54000.0,1.3
2023-02-23,ABC Bakery,bánh mì sandwich,57000.0,1.3
2023-02-23,ABC Bakery,bánh croissant,32000.0,1.3
2023-02-23,ABC Bakery,bánh donut,28000.0,1.3
2023-02-23,Paris Baguette,bánh sinh nhật,489000.0,1.3
2023-02-23,Paris Baguette,bánh cupcake,46000.0,1.3
2023-02-23,Paris Baguette,bánh mì sandwich,62000.0,1.3
2023-02-23,Paris Baguette,bánh croissant,36000.0,1.3
2023-02-23,Paris Baguette,bánh donut,27000.0,1.3
2023-02-23,Local Bakery,bánh sinh nhật,519000.0,1.3
2023-02-23,Local Bakery,bánh cupcake,40000.0,1.3
2023-02-23,Local Bakery,bánh mì sandwich,55000.0,1.3
2023-02-23,Local Bakery,bánh croissant,40000.0,1.3
2023-02-23,Local Bakery,bánh donut,28000.0,1.3
2023-02-24,ABC Bakery,bánh sinh nhật,413000.0,1.3
2023-02-24,ABC Bakery,bánh cupcake,46000.0,1.3
2023-02-24,ABC Bakery,bánh mì sandwich,65000.0,1.3
2023-02-24,ABC Bakery,bánh croissant,32000.0,1.3
2023-02-24,ABC Bakery,bánh donut,27000.0,1.3
2023-02-24,Paris Baguette,bánh sinh nhật,303000.0,1.3
2023-02-24,Paris Baguette,bánh cupcake,41000.0,1.3
2023-02-24,Paris Baguette,bánh mì sandwich,59000.0,1.3
2023-02-24,Paris Baguette,bánh croissant,34000.0,1.3
2023-02-24,Paris Baguette,bánh donut,25000.0,1.3
2023-02-24,Local Bakery,bánh sinh nhật,338000.0,1.3
2023-02-24,Local Bakery,bánh cupcake,52000.0,1.3
2023-02-24,Local Bakery,bánh mì sandwich,60000.0,1.3
2023-02-24,Local Bakery,bánh croissant,33000.0,1.3
2023-02-24,Local Bakery,bánh donut,29000.0,1.3
2023-02-25,ABC Bakery,bánh sinh nhật,445000.0,1.3
2023-02-25,ABC Bakery,bánh cupcake,49000.0,1.3
2023-02-25,ABC Bakery,bánh mì sandwich,58000.0,1.3
2023-02-25,ABC Bakery,bánh croissant,31000.0,1.3
2023-02-25,ABC Bakery,bánh donut,24000.0,1.3
2023-02-25,Paris Baguette,bánh sinh nhật,432000.0,1.3
2023-02-25,Paris Baguette,bánh cupcake,41000.0,1.3
2023-02-25,Paris Baguette,bánh mì sandwich,57000.0,1.3
2023-02-25,Paris Baguette,bánh croissant,37000.0,1.3
2023-02-25,Paris Baguette,bánh donut,30000.0,1.3
2023-02-25,Local Bakery,bánh sinh nhật,596000.0,1.3
2023-02-25,Local Bakery,bánh cupcake,47000.0,1.3
2023-02-25,Local Bakery,bánh mì sandwich,48000.0,1.3
2023-02-25,Local Bakery,bánh croissant,38000.0,1.3
2023-02-25,Local Bakery,bánh donut,26000.0,1.3
2023-02-26,ABC Bakery,bánh sinh nhật,501000.0,1.3
2023-02-26,ABC Bakery,bánh cupcake,43000.0,1.3
2023-02-26,ABC Bakery,bánh mì sandwich,65000.0,1.3
2023-02-26,ABC Bakery,bánh croissant,32000.0,1.3
2023-02-26,ABC Bakery,bánh donut,29000.0,1.3
2023-02-26,Paris Baguette,bánh sinh nhật,497000.0,1.3
2023-02-26,Paris Baguette,bánh cupcake,54000.0,1.3
2023-02-26,Paris Baguette,bánh mì sandwich,65000.0,1.3
2023-02-26,Paris Baguette,bánh croissant,28000.0,1.3
2023-02-26,Paris Baguette,bánh donut,27000.0,1.3
2023-02-26,Local Bakery,bánh sinh nhật,437000.0,1.3
2023-02-26,Local Bakery,bánh cupcake,41000.0,1.3
2023-02-26,Local Bakery,bánh mì sandwich,67000.0,1.3
2023-02-26,Local Bakery,bánh croissant,32000.0,1.3
2023-02-26,Local Bakery,bánh donut,25000.0,1.3
2023-02-27,ABC Bakery,bánh sinh nhật,443000.0,1.3
2023-02-27,ABC Bakery,bánh cupcake,48000.0,1.3
2023-02-27,ABC Bakery,bánh mì sandwich,56000.0,1.3
2023-02-27,ABC Bakery,bánh croissant,32000.0,1.3
2023-02-27,ABC Bakery,bánh donut,27000.0,1.3
2023-02-27,Paris Baguette,bánh sinh nhật,407000.0,1.3
2023-02-27,Paris Baguette,bánh cupcake,44000.0,1.3
2023-02-27,Paris Baguette,bánh mì sandwich,58000.0,1.3
2023-02-27,Paris Baguette,bánh croissant,37000.0,1.3
2023-02-27,Paris Baguette,bánh donut,29000.0,1.3
2023-02-27,Local Bakery,bánh sinh nhật,396000.0,1.3
2023-02-27,Local Bakery,bánh cupcake,45000.0,1.3
2023-02-27,Local Bakery,bánh mì sandwich,60000.0,1.3
2023-02-27,Local Bakery,bánh croissant,35000.0,1.3
2023-02-27,Local Bakery,bánh donut,26000.0,1.3
2023-02-28,ABC Bakery,bánh sinh nhật,450000.0,1.3
2023-02-28,ABC Bakery,bánh cupcake,41000.0,1.3
2023-02-28,ABC Bakery,bánh mì sandwich,59000.0,1.3
2023-02-28,ABC Bakery,bánh croissant,34000.0,1.3
2023-02-28,ABC Bakery,bánh donut,25000.0,1.3
2023-02-28,Paris Baguette,bánh sinh nhật,454000.0,1.3
2023-02-28,Paris Baguette,bánh cupcake,43000.0,1.3
2023-02-28,Paris Baguette,bánh mì sandwich,57000.0,1.3
2023-02-28,Paris Baguette,bánh croissant,32000.0,1.3
2023-02-28,Paris Baguette,bánh donut,27000.0,1.3
2023-02-28,Local Bakery,bánh sinh nhật,392000.0,1.3
2023-02-28,Local Bakery,bánh cupcake,47000.0,1.3
2023-02-28,Local Bakery,bánh mì sandwich,57000.0,1.3
2023-02-28,Local Bakery,bánh croissant,33000.0,1.3
2023-02-28,Local Bakery,bánh donut,25000.0,1.3
2023-03-01,ABC Bakery,bánh sinh nhật,294000.0,1.0
2023-03-01,ABC Bakery,bánh cupcake,35000.0,1.0
2023-03-01,ABC Bakery,bánh mì sandwich,48000.0,1.0
2023-03-01,ABC Bakery,bánh croissant,24000.0,1.0
2023-03-01,ABC Bakery,bánh donut,22000.0,1.0
2023-03-01,Paris Baguette,bánh sinh nhật,238000.0,1.0
2023-03-01,Paris Baguette,bánh cupcake,35000.0,1.0
2023-03-01,Paris Baguette,bánh mì sandwich,46000.0,1.0
2023-03-01,Paris Baguette,bánh croissant,22000.0,1.0
2023-03-01,Paris Baguette,bánh donut,20000.0,1.0
2023-03-01,Local Bakery,bánh sinh nhật,345000.0,1.0
2023-03-01,Local Bakery,bánh cupcake,34000.0,1.0
2023-03-01,Local Bakery,bánh mì sandwich,40000.0,1.0
2023-03-01,Local Bakery,bánh croissant,27000.0,1.0
2023-03-01,Local Bakery,bánh donut,19000.0,1.0
2023-03-02,ABC Bakery,bánh sinh nhật,294000.0,1.0
2023-03-02,ABC Bakery,bánh cupcake,36000.0,1.0
2023-03-02,ABC Bakery,bánh mì sandwich,47000.0,1.0
2023-03-02,ABC Bakery,bánh croissant,23000.0,1.0
2023-03-02,ABC Bakery,bánh donut,20000.0,1.0
2023-03-02,Paris Baguette,bánh sinh nhật,301000.0,1.0
2023-03-02,Paris Baguette,bánh cupcake,35000.0,1.0
2023-03-02,Paris Baguette,bánh mì sandwich,44000.0,1.0
2023-03-02,Paris Baguette,bánh croissant,29000.0,1.0
2023-03-02,Paris Baguette,bánh donut,21000.0,1.0
2023-03-02,Local Bakery,bánh sinh nhật,345000.0,1.0
2023-03-02,Local Bakery,bánh cupcake,29000.0,1.0
2023-03-02,Local Bakery,bánh mì sandwich,42000.0,1.0
2023-03-02,Local Bakery,bánh croissant,28000.0,1.0
2023-03-02,Local Bakery,bánh donut,20000.0,1.0
2023-03-03,ABC Bakery,bánh sinh nhật,407000.0,1.0
2023-03-03,ABC Bakery,bánh cupcake,32000.0,1.0
2023-03-03,ABC Bakery,bánh mì sandwich,45000.0,1.0
2023-03-03,ABC Bakery,bánh croissant,30000.0,1.0
2023-03-03,ABC Bakery,bánh donut,19000.0,1.0
2023-03-03,Paris Baguette,bánh sinh nhật,393000.0,1.0
2023-03-03,Paris Baguette,bánh cupcake,23000.0,1.0
2023-03-03,Paris Baguette,bánh mì sandwich,48000.0,1.0
2023-03-03,Paris Baguette,bánh croissant,23000.0,1.0
2023-03-03,Paris Baguette,bánh donut,20000.0,1.0
2023-03-03,Local Bakery,bánh sinh nhật,389000.0,1.0
2023-03-03,Local Bakery,bánh cupcake,31000.0,1.0
2023-03-03,Local Bakery,bánh mì sandwich,42000.0,1.0
2023-03-03,Local Bakery,bánh croissant,23000.0,1.0
2023-03-03,Local Bakery,bánh donut,20000.0,1.0
2023-03-04,ABC Bakery,bánh sinh nhật,264000.0,1.0
2023-03-04,ABC Bakery,bánh cupcake,29000.0,1.0
2023-03-04,ABC Bakery,bánh mì sandwich,48000.0,1.0
2023-03-04,ABC Bakery,bánh croissant,23000.0,1.0
2023-03-04,ABC Bakery,bánh donut,23000.0,1.0
2023-03-04,Paris Baguette,bánh sinh nhật,369000.0,1.0
2023-03-04,Paris Baguette,bánh cupcake,41000.0,1.0
2023-03-04,Paris Baguette,bánh mì sandwich,42000.0,1.0
2023-03-04,Paris Baguette,bánh croissant,23000.0,1.0
2023-03-04,Paris Baguette,bánh donut,18000.0,1.0
2023-03-04,Local Bakery,bánh sinh nhật,396000.0,1.0
2023-03-04,Local Bakery,bánh cupcake,34000.0,1.0
2023-03-04,Local Bakery,bánh mì sandwich,42000.0,1.0
2023-03-04,Local Bakery,bánh croissant,23000.0,1.0
2023-03-04,Local Bakery,bánh donut,19000.0,1.0
2023-03-05,ABC Bakery,bánh sinh nhật,378000.0,1.0
2023-03-05,ABC Bakery,bánh cupcake,35000.0,1.0
2023-03-05,ABC Bakery,bánh mì sandwich,41000.0,1.0
2023-03-05,ABC Bakery,bánh croissant,23000.0,1.0
2023-03-05,ABC Bakery,bánh donut,20000.0,1.0
2023-03-05,Paris Baguette,bánh sinh nhật,337000.0,1.0
2023-03-05,Paris Baguette,bánh cupcake,35000.0,1.0
2023-03-05,Paris Baguette,bánh mì sandwich,48000.0,1.0
2023-03-05,Paris Baguette,bánh croissant,27000.0,1.0
2023-03-05,Paris Baguette,bánh donut,21000.0,1.0
2023-03-05,Local Bakery,bánh sinh nhật,387000.0,1.0
2023-03-05,Local Bakery,bánh cupcake,39000.0,1.0
2023-03-05,Local Bakery,bánh mì sandwich,50000.0,1.0
2023-03-05,Local Bakery,bánh croissant,28000.0,1.0
2023-03-05,Local Bakery,bánh donut,19000.0,1.0
2023-03-06,ABC Bakery,bánh sinh nhật,371000.0,1.0
2023-03-06,ABC Bakery,bánh cupcake,28000.0,1.0
2023-03-06,ABC Bakery,bánh mì sandwich,46000.0,1.0
2023-03-06,ABC Bakery,bánh croissant,20000.0,1.0
2023-03-06,ABC Bakery,bánh donut,23000.0,1.0
2023-03-06,Paris Baguette,bánh sinh nhật,340000.0,1.0
2023-03-06,Paris Baguette,bánh cupcake,41000.0,1.0
2023-03-06,Paris Baguette,bánh mì sandwich,40000.0,1.0
2023-03-06,Paris Baguette,bánh croissant,25000.0,1.0
2023-03-06,Paris Baguette,bánh donut,19000.0,1.0
2023-03-06,Local Bakery,bánh sinh nhật,394000.0,1.0
2023-03-06,Local Bakery,bánh cupcake,28000.0,1.0
2023-03-06,Local Bakery,bánh mì sandwich,42000.0,1.0
2023-03-06,Local Bakery,bánh croissant,24000.0,1.0
2023-03-06,Local Bakery,bánh donut,21000.0,1.0
2023-03-07,ABC Bakery,bánh sinh nhật,391000.0,1.0
2023-03-07,ABC Bakery,bánh cupcake,31000.0,1.0
2023-03-07,ABC Bakery,bánh mì sandwich,44000.0,1.0
2023-03-07,ABC Bakery,bánh croissant,25000.0,1.0
2023-03-07,ABC Bakery,bánh donut,21000.0,1.0
2023-03-07,Paris Baguette,bánh sinh nhật,326000.0,1.0
2023-03-07,Paris Baguette,bánh cupcake,40000.0,1.0
2023-03-07,Paris Baguette,bánh mì sandwich,42000.0,1.0
2023-03-07,Paris Baguette,bánh croissant,22000.0,1.0
2023-03-07,Paris Baguette,bánh donut,19000.0,1.0
2023-03-07,Local Bakery,bánh sinh nhật,294000.0,1.0
2023-03-07,Local Bakery,bánh cupcake,33000.0,1.0
2023-03-07,Local Bakery,bánh mì sandwich,42000.0,1.0
2023-03-07,Local Bakery,bánh croissant,24000.0,1.0
2023-03-07,Local Bakery,bánh donut,17000.0,1.0
2023-03-08,ABC Bakery,bánh sinh nhật,431000.0,1.0
2023-03-08,ABC Bakery,bánh cupcake,44000.0,1.0
2023-03-08,ABC Bakery,bánh mì sandwich,44000.0,1.0
2023-03-08,ABC Bakery,bánh croissant,26000.0,1.0
2023-03-08,ABC Bakery,bánh donut,21000.0,1.0
2023-03-08,Paris Baguette,bánh sinh nhật,257000.0,1.0
2023-03-08,Paris Baguette,bánh cupcake,44000.0,1.0
2023-03-08,Paris Baguette,bánh mì sandwich,45000.0,1.0
2023-03-08,Paris Baguette,bánh croissant,25000.0,1.0
2023-03-08,Paris Baguette,bánh donut,20000.0,1.0
2023-03-08,Local Bakery,bánh sinh nhật,277000.0,1.0
2023-03-08,Local Bakery,bánh cupcake,26000.0,1.0
2023-03-08,Local Bakery,bánh mì sandwich,44000.0,1.0
2023-03-08,Local Bakery,bánh croissant,27000.0,1.0
2023-03-08,Local Bakery,bánh donut,23000.0,1.0
2023-03-09,ABC Bakery,bánh sinh nhật,315000.0,1.0
2023-03-09,ABC Bakery,bánh cupcake,32000.0,1.0
2023-03-09,ABC Bakery,bánh mì sandwich,35000.0,1.0
2023-03-09,ABC Bakery,bánh croissant,24000.0,1.0
2023-03-09,ABC Bakery,bánh donut,22000.0,1.0
2023-03-09,Paris Baguette,bánh sinh nhật,301000.0,1.0
2023-03-09,Paris Baguette,bánh cupcake,36000.0,1.0
2023-03-09,Paris Baguette,bánh mì sandwich,40000.0,1.0
2023-03-09,Paris Baguette,bánh croissant,23000.0,1.0
2023-03-09,Paris Baguette,bánh donut,22000.0,1.0
2023-03-09,Local Bakery,bánh sinh nhật,311000.0,1.0
2023-03-09,Local Bakery,bánh cupcake,33000.0,1.0
2023-03-09,Local Bakery,bánh mì sandwich,43000.0,1.0
2023-03-09,Local Bakery,bánh croissant,26000.0,1.0
2023-03-09,Local Bakery,bánh donut,21000.0,1.0
2023-03-10,ABC Bakery,bánh sinh nhật,515000.0,1.0
2023-03-10,ABC Bakery,bánh cupcake,29000.0,1.0
2023-03-10,ABC Bakery,bánh mì sandwich,46000.0,1.0
2023-03-10,ABC Bakery,bánh croissant,26000.0,1.0
2023-03-10,ABC Bakery,bánh donut,21000.0,1.0
2023-03-10,Paris Baguette,bánh sinh nhật,391000.0,1.0
2023-03-10,Paris Baguette,bánh cupcake,36000.0,1.0
2023-03-10,Paris Baguette,bánh mì sandwich,42000.0,1.0
2023-03-10,Paris Baguette,bánh croissant,24000.0,1.0
2023-03-10,Paris Baguette,bánh donut,19000.0,1.0
2023-03-10,Local Bakery,bánh sinh nhật,356000.0,1.0
2023-03-10,Local Bakery,bánh cupcake,32000.0,1.0
2023-03-10,Local Bakery,bánh mì sandwich,51000.0,1.0
2023-03-10,Local Bakery,bánh croissant,24000.0,1.0
2023-03-10,Local Bakery,bánh donut,21000.0,1.0
2023-03-11,ABC Bakery,bánh sinh nhật,318000.0,1.0
2023-03-11,ABC Bakery,bánh cupcake,31000.0,1.0
2023-03-11,ABC Bakery,bánh mì sandwich,43000.0,1.0
2023-03-11,ABC Bakery,bánh croissant,25000.0,1.0
2023-03-11,ABC Bakery,bánh donut,21000.0,1.0
2023-03-11,Paris Baguette,bánh sinh nhật,281000.0,1.0
2023-03-11,Paris Baguette,bánh cupcake,33000.0,1.0
2023-03-11,Paris Baguette,bánh mì sandwich,43000.0,1.0
2023-03-11,Paris Baguette,bánh croissant,25000.0,1.0
2023-03-11,Paris Baguette,bánh donut,21000.0,1.0
2023-03-11,Local Bakery,bánh sinh nhật,401000.0,1.0
2023-03-11,Local Bakery,bánh cupcake,29000.0,1.0
2023-03-11,Local Bakery,bánh mì sandwich,52000.0,1.0
2023-03-11,Local Bakery,bánh croissant,26000.0,1.0
2023-03-11,Local Bakery,bánh donut,20000.0,1.0
2023-03-12,ABC Bakery,bánh sinh nhật,407000.0,1.0
2023-03-12,ABC Bakery,bánh cupcake,33000.0,1.0
2023-03-12,ABC Bakery,bánh mì sandwich,52000.0,1.0
2023-03-12,ABC Bakery,bánh croissant,24000.0,1.0
2023-03-12,ABC Bakery,bánh donut,24000.0,1.0
2023-03-12,Paris Baguette,bánh sinh nhật,323000.0,1.0
2023-03-12,Paris Baguette,bánh cupcake,34000.0,1.0
2023-03-12,Paris Baguette,bánh mì sandwich,47000.0,1.0
2023-03-12,Paris Baguette,bánh croissant,27000.0,1.0
2023-03-12,Paris Baguette,bánh donut,21000.0,1.0
2023-03-12,Local Bakery,bánh sinh nhật,284000.0,1.0
2023-03-12,Local Bakery,bánh cupcake,30000.0,1.0
2023-03-12,Local Bakery,bánh mì sandwich,39000.0,1.0
2023-03-12,Local Bakery,bánh croissant,25000.0,1.0
2023-03-12,Local Bakery,bánh donut,17000.0,1.0
2023-03-13,ABC Bakery,bánh sinh nhật,352000.0,1.0
2023-03-13,ABC Bakery,bánh cupcake,35000.0,1.0
2023-03-13,ABC Bakery,bánh mì sandwich,43000.0,1.0
2023-03-13,ABC Bakery,bánh croissant,25000.0,1.0
2023-03-13,ABC Bakery,bánh donut,21000.0,1.0
2023-03-13,Paris Baguette,bánh sinh nhật,310000.0,1.0
2023-03-13,Paris Baguette,bánh cupcake,38000.0,1.0
2023-03-13,Paris Baguette,bánh mì sandwich,49000.0,1.0
2023-03-13,Paris Baguette,bánh croissant,24000.0,1.0
2023-03-13,Paris Baguette,bánh donut,18000.0,1.0
2023-03-13,Local Bakery,bánh sinh nhật,354000.0,1.0
2023-03-13,Local Bakery,bánh cupcake,37000.0,1.0
2023-03-13,Local Bakery,bánh mì sandwich,41000.0,1.0
2023-03-13,Local Bakery,bánh croissant,23000.0,1.0
2023-03-13,Local Bakery,bánh donut,18000.0,1.0
2023-03-14,ABC Bakery,bánh sinh nhật,283000.0,1.0
2023-03-14,ABC Bakery,bánh cupcake,36000.0,1.0
2023-03-14,ABC Bakery,bánh mì sandwich,46000.0,1.0
2023-03-14,ABC Bakery,bánh croissant,23000.0,1.0
2023-03-14,ABC Bakery,bánh donut,21000.0,1.0
2023-03-14,Paris Baguette,bánh sinh nhật,376000.0,1.0
2023-03-14,Paris Baguette,bánh cupcake,39000.0,1.0
2023-03-14,Paris Baguette,bánh mì sandwich,42000.0,1.0
2023-03-14,Paris Baguette,bánh croissant,28000.0,1.0
2023-03-14,Paris Baguette,bánh donut,19000.0,1.0
2023-03-14,Local Bakery,bánh sinh nhật,300000.0,1.0
2023-03-14,Local Bakery,bánh cupcake,34000.0,1.0
2023-03-14,Local Bakery,bánh mì sandwich,49000.0,1.0
2023-03-14,Local Bakery,bánh croissant,25000.0,1.0
2023-03-14,Local Bakery,bánh donut,18000.0,1.0
2023-03-15,ABC Bakery,bánh sinh nhật,263000.0,1.0
2023-03-15,ABC Bakery,bánh cupcake,39000.0,1.0
2023-03-15,ABC Bakery,bánh mì sandwich,42000.0,1.0
2023-03-15,ABC Bakery,bánh croissant,23000.0,1.0
2023-03-15,ABC Bakery,bánh donut,20000.0,1.0
2023-03-15,Paris Baguette,bánh sinh nhật,370000.0,1.0
2023-03-15,Paris Baguette,bánh cupcake,33000.0,1.0
2023-03-15,Paris Baguette,bánh mì sandwich,50000.0,1.0
2023-03-15,Paris Baguette,bánh croissant,26000.0,1.0
2023-03-15,Paris Baguette,bánh donut,23000.0,1.0
2023-03-15,Local Bakery,bánh sinh nhật,390000.0,1.0
2023-03-15,Local Bakery,bánh cupcake,34000.0,1.0
2023-03-15,Local Bakery,bánh mì sandwich,44000.0,1.0
2023-03-15,Local Bakery,bánh croissant,22000.0,1.0
2023-03-15,Local Bakery,bánh donut,21000.0,1.0
2023-03-16,ABC Bakery,bánh sinh nhật,300000.0,1.0
2023-03-16,ABC Bakery,bánh cupcake,35000.0,1.0
2023-03-16,ABC Bakery,bánh mì sandwich,46000.0,1.0
2023-03-16,ABC Bakery,bánh croissant,31000.0,1.0
2023-03-16,ABC Bakery,bánh donut,21000.0,1.0
2023-03-16,Paris Baguette,bánh sinh nhật,301000.0,1.0
2023-03-16,Paris Baguette,bánh cupcake,37000.0,1.0
2023-03-16,Paris Baguette,bánh mì sandwich,41000.0,1.0
2023-03-16,Paris Baguette,bánh croissant,24000.0,1.0
2023-03-16,Paris Baguette,bánh donut,23000.0,1.0
2023-03-16,Local Bakery,bánh sinh nhật,409000.0,1.0
2023-03-16,Local Bakery,bánh cupcake,39000.0,1.0
2023-03-16,Local Bakery,bánh mì sandwich,44000.0,1.0
2023-03-16,Local Bakery,bánh croissant,24000.0,1.0
2023-03-16,Local Bakery,bánh donut,24000.0,1.0
2023-03-17,ABC Bakery,bánh sinh nhật,446000.0,1.0
2023-03-17,ABC Bakery,bánh cupcake,33000.0,1.0
2023-03-17,ABC Bakery,bánh mì sandwich,48000.0,1.0
2023-03-17,ABC Bakery,bánh croissant,28000.0,1.0
2023-03-17,ABC Bakery,bánh donut,21000.0,1.0
2023-03-17,Paris Baguette,bánh sinh nhật,353000.0,1.0
2023-03-17,Paris Baguette,bánh cupcake,35000.0,1.0
2023-03-17,Paris Baguette,bánh mì sandwich,50000.0,1.0
2023-03-17,Paris Baguette,bánh croissant,25000.0,1.0
2023-03-17,Paris Baguette,bánh donut,23000.0,1.0
2023-03-17,Local Bakery,bánh sinh nhật,357000.0,1.0
2023-03-17,Local Bakery,bánh cupcake,29000.0,1.0
2023-03-17,Local Bakery,bánh mì sandwich,46000.0,1.0
2023-03-17,Local Bakery,bánh croissant,23000.0,1.0
2023-03-17,Local Bakery,bánh donut,21000.0,1.0
2023-03-18,ABC Bakery,bánh sinh nhật,283000.0,1.0
2023-03-18,ABC Bakery,bánh cupcake,41000.0,1.0
2023-03-18,ABC Bakery,bánh mì sandwich,46000.0,1.0
2023-03-18,ABC Bakery,bánh croissant,25000.0,1.0
2023-03-18,ABC Bakery,bánh donut,20000.0,1.0
2023-03-18,Paris Baguette,bánh sinh nhật,395000.0,1.0
2023-03-18,Paris Baguette,bánh cupcake,39000.0,1.0
2023-03-18,Paris Baguette,bánh mì sandwich,47000.0,1.0
2023-03-18,Paris Baguette,bánh croissant,30000.0,1.0
2023-03-18,Paris Baguette,bánh donut,21000.0,1.0
2023-03-18,Local Bakery,bánh sinh nhật,354000.0,1.0
2023-03-18,Local Bakery,bánh cupcake,33000.0,1.0
2023-03-18,Local Bakery,bánh mì sandwich,51000.0,1.0
2023-03-18,Local Bakery,bánh croissant,24000.0,1.0
2023-03-18,Local Bakery,bánh donut,21000.0,1.0
2023-03-19,ABC Bakery,bánh sinh nhật,306000.0,1.0
2023-03-19,ABC Bakery,bánh cupcake,40000.0,1.0
2023-03-19,ABC Bakery,bánh mì sandwich,48000.0,1.0
2023-03-19,ABC Bakery,bánh croissant,22000.0,1.0
2023-03-19,ABC Bakery,bánh donut,22000.0,1.0
2023-03-19,Paris Baguette,bánh sinh nhật,342000.0,1.0
2023-03-19,Paris Baguette,bánh cupcake,32000.0,1.0
2023-03-19,Paris Baguette,bánh mì sandwich,44000.0,1.0
2023-03-19,Paris Baguette,bánh croissant,21000.0,1.0
2023-03-19,Paris Baguette,bánh donut,22000.0,1.0
2023-03-19,Local Bakery,bánh sinh nhật,373000.0,1.0
2023-03-19,Local Bakery,bánh cupcake,36000.0,1.0
2023-03-19,Local Bakery,bánh mì sandwich,52000.0,1.0
2023-03-19,Local Bakery,bánh croissant,28000.0,1.0
2023-03-19,Local Bakery,bánh donut,19000.0,1.0
2023-03-20,ABC Bakery,bánh sinh nhật,361000.0,1.0
2023-03-20,ABC Bakery,bánh cupcake,31000.0,1.0
2023-03-20,ABC Bakery,bánh mì sandwich,43000.0,1.0
2023-03-20,ABC Bakery,bánh croissant,22000.0,1.0
2023-03-20,ABC Bakery,bánh donut,19000.0,1.0
2023-03-20,Paris Baguette,bánh sinh nhật,291000.0,1.0
2023-03-20,Paris Baguette,bánh cupcake,35000.0,1.0
2023-03-20,Paris Baguette,bánh mì sandwich,44000.0,1.0
2023-03-20,Paris Baguette,bánh croissant,28000.0,1.0
2023-03-20,Paris Baguette,bánh donut,16000.0,1.0
2023-03-20,Local Bakery,bánh sinh nhật,358000.0,1.0
2023-03-20,Local Bakery,bánh cupcake,37000.0,1.0
2023-03-20,Local Bakery,bánh mì sandwich,41000.0,1.0
2023-03-20,Local Bakery,bánh croissant,28000.0,1.0
2023-03-20,Local Bakery,bánh donut,20000.0,1.0
2023-03-21,ABC Bakery,bánh sinh nhật,316000.0,1.0
2023-03-21,ABC Bakery,bánh cupcake,40000.0,1.0
2023-03-21,ABC Bakery,bánh mì sandwich,47000.0,1.0
2023-03-21,ABC Bakery,bánh croissant,28000.0,1.0
2023-03-21,ABC Bakery,bánh donut,20000.0,1.0
2023-03-21,Paris Baguette,bánh sinh nhật,327000.0,1.0
2023-03-21,Paris Baguette,bánh cupcake,31000.0,1.0
2023-03-21,Paris Baguette,bánh mì sandwich,48000.0,1.0
2023-03-21,Paris Baguette,bánh croissant,23000.0,1.0
2023-03-21,Paris Baguette,bánh donut,21000.0,1.0
2023-03-21,Local Bakery,bánh sinh nhật,356000.0,1.0
2023-03-21,Local Bakery,bánh cupcake,33000.0,1.0
2023-03-21,Local Bakery,bánh mì sandwich,46000.0,1.0
2023-03-21,Local Bakery,bánh croissant,26000.0,1.0
2023-03-21,Local Bakery,bánh donut,19000.0,1.0
2023-03-22,ABC Bakery,bánh sinh nhật,399000.0,1.0
2023-03-22,ABC Bakery,bánh cupcake,36000.0,1.0
2023-03-22,ABC Bakery,bánh mì sandwich,43000.0,1.0
2023-03-22,ABC Bakery,bánh croissant,24000.0,1.0
2023-03-22,ABC Bakery,bánh donut,16000.0,1.0
2023-03-22,Paris Baguette,bánh sinh nhật,342000.0,1.0
2023-03-22,Paris Baguette,bánh cupcake,35000.0,1.0
2023-03-22,Paris Baguette,bánh mì sandwich,51000.0,1.0
2023-03-22,Paris Baguette,bánh croissant,24000.0,1.0
2023-03-22,Paris Baguette,bánh donut,20000.0,1.0
2023-03-22,Local Bakery,bánh sinh nhật,343000.0,1.0
2023-03-22,Local Bakery,bánh cupcake,31000.0,1.0
2023-03-22,Local Bakery,bánh mì sandwich,46000.0,1.0
2023-03-22,Local Bakery,bánh croissant,23000.0,1.0
2023-03-22,Local Bakery,bánh donut,20000.0,1.0
2023-03-23,ABC Bakery,bánh sinh nhật,422000.0,1.0
2023-03-23,ABC Bakery,bánh cupcake,27000.0,1.0
2023-03-23,ABC Bakery,bánh mì sandwich,49000.0,1.0
2023-03-23,ABC Bakery,bánh croissant,27000.0,1.0
2023-03-23,ABC Bakery,bánh donut,19000.0,1.0
2023-03-23,Paris Baguette,bánh sinh nhật,286000.0,1.0
2023-03-23,Paris Baguette,bánh cupcake,34000.0,1.0
2023-03-23,Paris Baguette,bánh mì sandwich,49000.0,1.0
2023-03-23,Paris Baguette,bánh croissant,25000.0,1.0
2023-03-23,Paris Baguette,bánh donut,20000.0,1.0
2023-03-23,Local Bakery,bánh sinh nhật,378000.0,1.0
2023-03-23,Local Bakery,bánh cupcake,30000.0,1.0
2023-03-23,Local Bakery,bánh mì sandwich,38000.0,1.0
2023-03-23,Local Bakery,bánh croissant,22000.0,1.0
2023-03-23,Local Bakery,bánh donut,21000.0,1.0
2023-03-24,ABC Bakery,bánh sinh nhật,282000.0,1.0
2023-03-24,ABC Bakery,bánh cupcake,31000.0,1.0
2023-03-24,ABC Bakery,bánh mì sandwich,39000.0,1.0
2023-03-24,ABC Bakery,bánh croissant,24000.0,1.0
2023-03-24,ABC Bakery,bánh donut,15000.0,1.0
2023-03-24,Paris Baguette,bánh sinh nhật,400000.0,1.0
2023-03-24,Paris Baguette,bánh cupcake,29000.0,1.0
2023-03-24,Paris Baguette,bánh mì sandwich,51000.0,1.0
2023-03-24,Paris Baguette,bánh croissant,29000.0,1.0
2023-03-24,Paris Baguette,bánh donut,21000.0,1.0
2023-03-24,Local Bakery,bánh sinh nhật,316000.0,1.0
2023-03-24,Local Bakery,bánh cupcake,34000.0,1.0
2023-03-24,Local Bakery,bánh mì sandwich,44000.0,1.0
2023-03-24,Local Bakery,bánh croissant,23000.0,1.0
2023-03-24,Local Bakery,bánh donut,18000.0,1.0
2023-03-25,ABC Bakery,bánh sinh nhật,209000.0,1.0
2023-03-25,ABC Bakery,bánh cupcake,39000.0,1.0
2023-03-25,ABC Bakery,bánh mì sandwich,45000.0,1.0
2023-03-25,ABC Bakery,bánh croissant,22000.0,1.0
2023-03-25,ABC Bakery,bánh donut,17000.0,1.0
2023-03-25,Paris Baguette,bánh sinh nhật,295000.0,1.0
2023-03-25,Paris Baguette,bánh cupcake,31000.0,1.0
2023-03-25,Paris Baguette,bánh mì sandwich,44000.0,1.0
2023-03-25,Paris Baguette,bánh croissant,23000.0,1.0
2023-03-25,Paris Baguette,bánh donut,21000.0,1.0
2023-03-25,Local Bakery,bánh sinh nhật,301000.0,1.0
2023-03-25,Local Bakery,bánh cupcake,39000.0,1.0
2023-03-25,Local Bakery,bánh mì sandwich,43000.0,1.0
2023-03-25,Local Bakery,bánh croissant,22000.0,1.0
2023-03-25,Local Bakery,bánh donut,17000.0,1.0
2023-03-26,ABC Bakery,bánh sinh nhật,268000.0,1.0
2023-03-26,ABC Bakery,bánh cupcake,39000.0,1.0
2023-03-26,ABC Bakery,bánh mì sandwich,47000.0,1.0
2023-03-26,ABC Bakery,bánh croissant,21000.0,1.0
2023-03-26,ABC Bakery,bánh donut,20000.0,1.0
2023-03-26,Paris Baguette,bánh sinh nhật,340000.0,1.0
2023-03-26,Paris Baguette,bánh cupcake,27000.0,1.0
2023-03-26,Paris Baguette,bánh mì sandwich,47000.0,1.0
2023-03-26,Paris Baguette,bánh croissant,27000.0,1.0
2023-03-26,Paris Baguette,bánh donut,21000.0,1.0
2023-03-26,Local Bakery,bánh sinh nhật,301000.0,1.0
2023-03-26,Local Bakery,bánh cupcake,44000.0,1.0
2023-03-26,Local Bakery,bánh mì sandwich,50000.0,1.0
2023-03-26,Local Bakery,bánh croissant,24000.0,1.0
2023-03-26,Local Bakery,bánh donut,21000.0,1.0
2023-03-27,ABC Bakery,bánh sinh nhật,419000.0,1.0
2023-03-27,ABC Bakery,bánh cupcake,35000.0,1.0
2023-03-27,ABC Bakery,bánh mì sandwich,43000.0,1.0
2023-03-27,ABC Bakery,bánh croissant,27000.0,1.0
2023-03-27,ABC Bakery,bánh donut,17000.0,1.0
2023-03-27,Paris Baguette,bánh sinh nhật,332000.0,1.0
2023-03-27,Paris Baguette,bánh cupcake,29000.0,1.0
2023-03-27,Paris Baguette,bánh mì sandwich,45000.0,1.0
2023-03-27,Paris Baguette,bánh croissant,28000.0,1.0
2023-03-27,Paris Baguette,bánh donut,19000.0,1.0
2023-03-27,Local Bakery,bánh sinh nhật,381000.0,1.0
2023-03-27,Local Bakery,bánh cupcake,38000.0,1.0
2023-03-27,Local Bakery,bánh mì sandwich,39000.0,1.0
2023-03-27,Local Bakery,bánh croissant,27000.0,1.0
2023-03-27,Local Bakery,bánh donut,20000.0,1.0
2023-03-28,ABC Bakery,bánh sinh nhật,309000.0,1.0
2023-03-28,ABC Bakery,bánh cupcake,30000.0,1.0
2023-03-28,ABC Bakery,bánh mì sandwich,46000.0,1.0
2023-03-28,ABC Bakery,bánh croissant,23000.0,1.0
2023-03-28,ABC Bakery,bánh donut,19000.0,1.0
2023-03-28,Paris Baguette,bánh sinh nhật,397000.0,1.0
2023-03-28,Paris Baguette,bánh cupcake,33000.0,1.0
2023-03-28,Paris Baguette,bánh mì sandwich,46000.0,1.0
2023-03-28,Paris Baguette,bánh croissant,26000.0,1.0
2023-03-28,Paris Baguette,bánh donut,19000.0,1.0
2023-03-28,Local Bakery,bánh sinh nhật,378000.0,1.0
2023-03-28,Local Bakery,bánh cupcake,35000.0,1.0
2023-03-28,Local Bakery,bánh mì sandwich,47000.0,1.0
2023-03-28,Local Bakery,bánh croissant,24000.0,1.0
2023-03-28,Local Bakery,bánh donut,20000.0,1.0
2023-03-29,ABC Bakery,bánh sinh nhật,279000.0,1.0
2023-03-29,ABC Bakery,bánh cupcake,38000.0,1.0
2023-03-29,ABC Bakery,bánh mì sandwich,46000.0,1.0
2023-03-29,ABC Bakery,bánh croissant,20000.0,1.0
2023-03-29,ABC Bakery,bánh donut,16000.0,1.0
2023-03-29,Paris Baguette,bánh sinh nhật,308000.0,1.0
2023-03-29,Paris Baguette,bánh cupcake,37000.0,1.0
2023-03-29,Paris Baguette,bánh mì sandwich,52000.0,1.0
2023-03-29,Paris Baguette,bánh croissant,21000.0,1.0
2023-03-29,Paris Baguette,bánh donut,21000.0,1.0
2023-03-29,Local Bakery,bánh sinh nhật,359000.0,1.0
2023-03-29,Local Bakery,bánh cupcake,34000.0,1.0
2023-03-29,Local Bakery,bánh mì sandwich,44000.0,1.0
2023-03-29,Local Bakery,bánh croissant,20000.0,1.0
2023-03-29,Local Bakery,bánh donut,17000.0,1.0
2023-03-30,ABC Bakery,bánh sinh nhật,369000.0,1.0
2023-03-30,ABC Bakery,bánh cupcake,38000.0,1.0
2023-03-30,ABC Bakery,bánh mì sandwich,36000.0,1.0
2023-03-30,ABC Bakery,bánh croissant,21000.0,1.0
2023-03-30,ABC Bakery,bánh donut,18000.0,1.0
2023-03-30,Paris Baguette,bánh sinh nhật,328000.0,1.0
2023-03-30,Paris Baguette,bánh cupcake,35000.0,1.0
2023-03-30,Paris Baguette,bánh mì sandwich,47000.0,1.0
2023-03-30,Paris Baguette,bánh croissant,23000.0,1.0
2023-03-30,Paris Baguette,bánh donut,21000.0,1.0
2023-03-30,Local Bakery,bánh sinh nhật,500000.0,1.0
2023-03-30,Local Bakery,bánh cupcake,30000.0,1.0
2023-03-30,Local Bakery,bánh mì sandwich,38000.0,1.0
2023-03-30,Local Bakery,bánh croissant,24000.0,1.0
2023-03-30,Local Bakery,bánh donut,21000.0,1.0
2023-03-31,ABC Bakery,bánh sinh nhật,428000.0,1.0
2023-03-31,ABC Bakery,bánh cupcake,30000.0,1.0
2023-03-31,ABC Bakery,bánh mì sandwich,42000.0,1.0
2023-03-31,ABC Bakery,bánh croissant,23000.0,1.0
2023-03-31,ABC Bakery,bánh donut,22000.0,1.0
2023-03-31,Paris Baguette,bánh sinh nhật,367000.0,1.0
2023-03-31,Paris Baguette,bánh cupcake,39000.0,1.0
2023-03-31,Paris Baguette,bánh mì sandwich,44000.0,1.0
2023-03-31,Paris Baguette,bánh croissant,23000.0,1.0
2023-03-31,Paris Baguette,bánh donut,20000.0,1.0
2023-03-31,Local Bakery,bánh sinh nhật,355000.0,1.0
2023-03-31,Local Bakery,bánh cupcake,26000.0,1.0
2023-03-31,Local Bakery,bánh mì sandwich,42000.0,1.0
2023-03-31,Local Bakery,bánh croissant,25000.0,1.0
2023-03-31,Local Bakery,bánh donut,20000.0,1.0
2023-04-01,ABC Bakery,bánh sinh nhật,353000.0,1.0
2023-04-01,ABC Bakery,bánh cupcake,36000.0,1.0
2023-04-01,ABC Bakery,bánh mì sandwich,46000.0,1.0
2023-04-01,ABC Bakery,bánh croissant,27000.0,1.0
2023-04-01,ABC Bakery,bánh donut,21000.0,1.0
2023-04-01,Paris Baguette,bánh sinh nhật,221000.0,1.0
2023-04-01,Paris Baguette,bánh cupcake,43000.0,1.0
2023-04-01,Paris Baguette,bánh mì sandwich,40000.0,1.0
2023-04-01,Paris Baguette,bánh croissant,24000.0,1.0
2023-04-01,Paris Baguette,bánh donut,17000.0,1.0
2023-04-01,Local Bakery,bánh sinh nhật,278000.0,1.0
2023-04-01,Local Bakery,bánh cupcake,38000.0,1.0
2023-04-01,Local Bakery,bánh mì sandwich,49000.0,1.0
2023-04-01,Local Bakery,bánh croissant,25000.0,1.0
2023-04-01,Local Bakery,bánh donut,20000.0,1.0
2023-04-02,ABC Bakery,bánh sinh nhật,319000.0,1.0
2023-04-02,ABC Bakery,bánh cupcake,31000.0,1.0
2023-04-02,ABC Bakery,bánh mì sandwich,41000.0,1.0
2023-04-02,ABC Bakery,bánh croissant,27000.0,1.0
2023-04-02,ABC Bakery,bánh donut,20000.0,1.0
2023-04-02,Paris Baguette,bánh sinh nhật,361000.0,1.0
2023-04-02,Paris Baguette,bánh cupcake,35000.0,1.0
2023-04-02,Paris Baguette,bánh mì sandwich,46000.0,1.0
2023-04-02,Paris Baguette,bánh croissant,22000.0,1.0
2023-04-02,Paris Baguette,bánh donut,23000.0,1.0
2023-04-02,Local Bakery,bánh sinh nhật,361000.0,1.0
2023-04-02,Local Bakery,bánh cupcake,31000.0,1.0
2023-04-02,Local Bakery,bánh mì sandwich,42000.0,1.0
2023-04-02,Local Bakery,bánh croissant,21000.0,1.0
2023-04-02,Local Bakery,bánh donut,21000.0,1.0
2023-04-03,ABC Bakery,bánh sinh nhật,340000.0,1.0
2023-04-03,ABC Bakery,bánh cupcake,34000.0,1.0
2023-04-03,ABC Bakery,bánh mì sandwich,48000.0,1.0
2023-04-03,ABC Bakery,bánh croissant,23000.0,1.0
2023-04-03,ABC Bakery,bánh donut,20000.0,1.0
2023-04-03,Paris Baguette,bánh sinh nhật,276000.0,1.0
2023-04-03,Paris Baguette,bánh cupcake,44000.0,1.0
2023-04-03,Paris Baguette,bánh mì sandwich,42000.0,1.0
2023-04-03,Paris Baguette,bánh croissant,24000.0,1.0
2023-04-03,Paris Baguette,bánh donut,19000.0,1.0
2023-04-03,Local Bakery,bánh sinh nhật,375000.0,1.0
2023-04-03,Local Bakery,bánh cupcake,31000.0,1.0
2023-04-03,Local Bakery,bánh mì sandwich,47000.0,1.0
2023-04-03,Local Bakery,bánh croissant,25000.0,1.0
2023-04-03,Local Bakery,bánh donut,19000.0,1.0
2023-04-04,ABC Bakery,bánh sinh nhật,300000.0,1.0
2023-04-04,ABC Bakery,bánh cupcake,34000.0,1.0
2023-04-04,ABC Bakery,bánh mì sandwich,42000.0,1.0
2023-04-04,ABC Bakery,bánh croissant,22000.0,1.0
2023-04-04,ABC Bakery,bánh donut,23000.0,1.0
2023-04-04,Paris Baguette,bánh sinh nhật,407000.0,1.0
2023-04-04,Paris Baguette,bánh cupcake,35000.0,1.0
2023-04-04,Paris Baguette,bánh mì sandwich,43000.0,1.0
2023-04-04,Paris Baguette,bánh croissant,28000.0,1.0
2023-04-04,Paris Baguette,bánh donut,21000.0,1.0
2023-04-04,Local Bakery,bánh sinh nhật,351000.0,1.0
2023-04-04,Local Bakery,bánh cupcake,37000.0,1.0
2023-04-04,Local Bakery,bánh mì sandwich,44000.0,1.0
2023-04-04,Local Bakery,bánh croissant,20000.0,1.0
2023-04-04,Local Bakery,bánh donut,20000.0,1.0
2023-04-05,ABC Bakery,bánh sinh nhật,369000.0,1.0
2023-04-05,ABC Bakery,bánh cupcake,33000.0,1.0
2023-04-05,ABC Bakery,bánh mì sandwich,49000.0,1.0
2023-04-05,ABC Bakery,bánh croissant,23000.0,1.0
2023-04-05,ABC Bakery,bánh donut,23000.0,1.0
2023-04-05,Paris Baguette,bánh sinh nhật,315000.0,1.0
2023-04-05,Paris Baguette,bánh cupcake,32000.0,1.0
2023-04-05,Paris Baguette,bánh mì sandwich,46000.0,1.0
2023-04-05,Paris Baguette,bánh croissant,22000.0,1.0
2023-04-05,Paris Baguette,bánh donut,19000.0,1.0
2023-04-05,Local Bakery,bánh sinh nhật,442000.0,1.0
2023-04-05,Local Bakery,bánh cupcake,32000.0,1.0
2023-04-05,Local Bakery,bánh mì sandwich,44000.0,1.0
2023-04-05,Local Bakery,bánh croissant,27000.0,1.0
2023-04-05,Local Bakery,bánh donut,13000.0,1.0
2023-04-06,ABC Bakery,bánh sinh nhật,353000.0,1.0
2023-04-06,ABC Bakery,bánh cupcake,33000.0,1.0
2023-04-06,ABC Bakery,bánh mì sandwich,49000.0,1.0
2023-04-06,ABC Bakery,bánh croissant,16000.0,1.0
2023-04-06,ABC Bakery,bánh donut,20000.0,1.0
2023-04-06,Paris Baguette,bánh sinh nhật,334000.0,1.0
2023-04-06,Paris Baguette,bánh cupcake,35000.0,1.0
2023-04-06,Paris Baguette,bánh mì sandwich,42000.0,1.0
2023-04-06,Paris Baguette,bánh croissant,25000.0,1.0
2023-04-06,Paris Baguette,bánh donut,21000.0,1.0
2023-04-06,Local Bakery,bánh sinh nhật,365000.0,1.0
2023-04-06,Local Bakery,bánh cupcake,32000.0,1.0
2023-04-06,Local Bakery,bánh mì sandwich,44000.0,1.0
2023-04-06,Local Bakery,bánh croissant,27000.0,1.0
2023-04-06,Local Bakery,bánh donut,21000.0,1.0
2023-04-07,ABC Bakery,bánh sinh nhật,433000.0,1.0
2023-04-07,ABC Bakery,bánh cupcake,37000.0,1.0
2023-04-07,ABC Bakery,bánh mì sandwich,45000.0,1.0
2023-04-07,ABC Bakery,bánh croissant,25000.0,1.0
2023-04-07,ABC Bakery,bánh donut,18000.0,1.0
2023-04-07,Paris Baguette,bánh sinh nhật,363000.0,1.0
2023-04-07,Paris Baguette,bánh cupcake,34000.0,1.0
2023-04-07,Paris Baguette,bánh mì sandwich,47000.0,1.0
2023-04-07,Paris Baguette,bánh croissant,25000.0,1.0
2023-04-07,Paris Baguette,bánh donut,20000.0,1.0
2023-04-07,Local Bakery,bánh sinh nhật,376000.0,1.0
2023-04-07,Local Bakery,bánh cupcake,36000.0,1.0
2023-04-07,Local Bakery,bánh mì sandwich,47000.0,1.0
2023-04-07,Local Bakery,bánh croissant,23000.0,1.0
2023-04-07,Local Bakery,bánh donut,21000.0,1.0
2023-04-08,ABC Bakery,bánh sinh nhật,371000.0,1.0
2023-04-08,ABC Bakery,bánh cupcake,33000.0,1.0
2023-04-08,ABC Bakery,bánh mì sandwich,39000.0,1.0
2023-04-08,ABC Bakery,bánh croissant,22000.0,1.0
2023-04-08,ABC Bakery,bánh donut,18000.0,1.0
2023-04-08,Paris Baguette,bánh sinh nhật,329000.0,1.0
2023-04-08,Paris Baguette,bánh cupcake,26000.0,1.0
2023-04-08,Paris Baguette,bánh mì sandwich,47000.0,1.0
2023-04-08,Paris Baguette,bánh croissant,22000.0,1.0
2023-04-08,Paris Baguette,bánh donut,20000.0,1.0
2023-04-08,Local Bakery,bánh sinh nhật,319000.0,1.0
2023-04-08,Local Bakery,bánh cupcake,34000.0,1.0
2023-04-08,Local Bakery,bánh mì sandwich,41000.0,1.0
2023-04-08,Local Bakery,bánh croissant,23000.0,1.0
2023-04-08,Local Bakery,bánh donut,22000.0,1.0
2023-04-09,ABC Bakery,bánh sinh nhật,395000.0,1.0
2023-04-09,ABC Bakery,bánh cupcake,36000.0,1.0
2023-04-09,ABC Bakery,bánh mì sandwich,43000.0,1.0
2023-04-09,ABC Bakery,bánh croissant,25000.0,1.0
2023-04-09,ABC Bakery,bánh donut,20000.0,1.0
2023-04-09,Paris Baguette,bánh sinh nhật,300000.0,1.0
2023-04-09,Paris Baguette,bánh cupcake,32000.0,1.0
2023-04-09,Paris Baguette,bánh mì sandwich,41000.0,1.0
2023-04-09,Paris Baguette,bánh croissant,31000.0,1.0
2023-04-09,Paris Baguette,bánh donut,20000.0,1.0
2023-04-09,Local Bakery,bánh sinh nhật,400000.0,1.0
2023-04-09,Local Bakery,bánh cupcake,37000.0,1.0
2023-04-09,Local Bakery,bánh mì sandwich,50000.0,1.0
2023-04-09,Local Bakery,bánh croissant,26000.0,1.0
2023-04-09,Local Bakery,bánh donut,20000.0,1.0
2023-04-10,ABC Bakery,bánh sinh nhật,375000.0,1.0
2023-04-10,ABC Bakery,bánh cupcake,30000.0,1.0
2023-04-10,ABC Bakery,bánh mì sandwich,50000.0,1.0
2023-04-10,ABC Bakery,bánh croissant,29000.0,1.0
2023-04-10,ABC Bakery,bánh donut,20000.0,1.0
2023-04-10,Paris Baguette,bánh sinh nhật,318000.0,1.0
2023-04-10,Paris Baguette,bánh cupcake,39000.0,1.0
2023-04-10,Paris Baguette,bánh mì sandwich,43000.0,1.0
2023-04-10,Paris Baguette,bánh croissant,26000.0,1.0
2023-04-10,Paris Baguette,bánh donut,19000.0,1.0
2023-04-10,Local Bakery,bánh sinh nhật,296000.0,1.0
2023-04-10,Local Bakery,bánh cupcake,33000.0,1.0
2023-04-10,Local Bakery,bánh mì sandwich,46000.0,1.0
2023-04-10,Local Bakery,bánh croissant,29000.0,1.0
2023-04-10,Local Bakery,bánh donut,21000.0,1.0
2023-04-11,ABC Bakery,bánh sinh nhật,402000.0,1.0
2023-04-11,ABC Bakery,bánh cupcake,33000.0,1.0
2023-04-11,ABC Bakery,bánh mì sandwich,50000.0,1.0
2023-04-11,ABC Bakery,bánh croissant,23000.0,1.0
2023-04-11,ABC Bakery,bánh donut,22000.0,1.0
2023-04-11,Paris Baguette,bánh sinh nhật,313000.0,1.0
2023-04-11,Paris Baguette,bánh cupcake,32000.0,1.0
2023-04-11,Paris Baguette,bánh mì sandwich,46000.0,1.0
2023-04-11,Paris Baguette,bánh croissant,27000.0,1.0
2023-04-11,Paris Baguette,bánh donut,17000.0,1.0
2023-04-11,Local Bakery,bánh sinh nhật,391000.0,1.0
2023-04-11,Local Bakery,bánh cupcake,37000.0,1.0
2023-04-11,Local Bakery,bánh mì sandwich,49000.0,1.0
2023-04-11,Local Bakery,bánh croissant,25000.0,1.0
2023-04-11,Local Bakery,bánh donut,20000.0,1.0
2023-04-12,ABC Bakery,bánh sinh nhật,249000.0,1.0
2023-04-12,ABC Bakery,bánh cupcake,38000.0,1.0
2023-04-12,ABC Bakery,bánh mì sandwich,49000.0,1.0
2023-04-12,ABC Bakery,bánh croissant,23000.0,1.0
2023-04-12,ABC Bakery,bánh donut,22000.0,1.0
2023-04-12,Paris Baguette,bánh sinh nhật,414000.0,1.0
2023-04-12,Paris Baguette,bánh cupcake,34000.0,1.0
2023-04-12,Paris Baguette,bánh mì sandwich,42000.0,1.0
2023-04-12,Paris Baguette,bánh croissant,28000.0,1.0
2023-04-12,Paris Baguette,bánh donut,17000.0,1.0
2023-04-12,Local Bakery,bánh sinh nhật,346000.0,1.0
2023-04-12,Local Bakery,bánh cupcake,46000.0,1.0
2023-04-12,Local Bakery,bánh mì sandwich,47000.0,1.0
2023-04-12,Local Bakery,bánh croissant,27000.0,1.0
2023-04-12,Local Bakery,bánh donut,20000.0,1.0
2023-04-13,ABC Bakery,bánh sinh nhật,318000.0,1.0
2023-04-13,ABC Bakery,bánh cupcake,35000.0,1.0
2023-04-13,ABC Bakery,bánh mì sandwich,46000.0,1.0
2023-04-13,ABC Bakery,bánh croissant,26000.0,1.0
2023-04-13,ABC Bakery,bánh donut,23000.0,1.0
2023-04-13,Paris Baguette,bánh sinh nhật,405000.0,1.0
2023-04-13,Paris Baguette,bánh cupcake,39000.0,1.0
2023-04-13,Paris Baguette,bánh mì sandwich,49000.0,1.0
2023-04-13,Paris Baguette,bánh croissant,23000.0,1.0
2023-04-13,Paris Baguette,bánh donut,17000.0,1.0
2023-04-13,Local Bakery,bánh sinh nhật,354000.0,1.0
2023-04-13,Local Bakery,bánh cupcake,43000.0,1.0
2023-04-13,Local Bakery,bánh mì sandwich,46000.0,1.0
2023-04-13,Local Bakery,bánh croissant,25000.0,1.0
2023-04-13,Local Bakery,bánh donut,19000.0,1.0
2023-04-14,ABC Bakery,bánh sinh nhật,242000.0,1.0
2023-04-14,ABC Bakery,bánh cupcake,32000.0,1.0
2023-04-14,ABC Bakery,bánh mì sandwich,50000.0,1.0
2023-04-14,ABC Bakery,bánh croissant,26000.0,1.0
2023-04-14,ABC Bakery,bánh donut,21000.0,1.0
2023-04-14,Paris Baguette,bánh sinh nhật,371000.0,1.0
2023-04-14,Paris Baguette,bánh cupcake,39000.0,1.0
2023-04-14,Paris Baguette,bánh mì sandwich,51000.0,1.0
2023-04-14,Paris Baguette,bánh croissant,28000.0,1.0
2023-04-14,Paris Baguette,bánh donut,21000.0,1.0
2023-04-14,Local Bakery,bánh sinh nhật,301000.0,1.0
2023-04-14,Local Bakery,bánh cupcake,40000.0,1.0
2023-04-14,Local Bakery,bánh mì sandwich,48000.0,1.0
2023-04-14,Local Bakery,bánh croissant,24000.0,1.0
2023-04-14,Local Bakery,bánh donut,20000.0,1.0
2023-04-15,ABC Bakery,bánh sinh nhật,427000.0,1.0
2023-04-15,ABC Bakery,bánh cupcake,33000.0,1.0
2023-04-15,ABC Bakery,bánh mì sandwich,44000.0,1.0
2023-04-15,ABC Bakery,bánh croissant,26000.0,1.0
2023-04-15,ABC Bakery,bánh donut,19000.0,1.0
2023-04-15,Paris Baguette,bánh sinh nhật,420000.0,1.0
2023-04-15,Paris Baguette,bánh cupcake,31000.0,1.0
2023-04-15,Paris Baguette,bánh mì sandwich,55000.0,1.0
2023-04-15,Paris Baguette,bánh croissant,28000.0,1.0
2023-04-15,Paris Baguette,bánh donut,18000.0,1.0
2023-04-15,Local Bakery,bánh sinh nhật,352000.0,1.0
2023-04-15,Local Bakery,bánh cupcake,41000.0,1.0
2023-04-15,Local Bakery,bánh mì sandwich,45000.0,1.0
2023-04-15,Local Bakery,bánh croissant,24000.0,1.0
2023-04-15,Local Bakery,bánh donut,21000.0,1.0
2023-04-16,ABC Bakery,bánh sinh nhật,427000.0,1.0
2023-04-16,ABC Bakery,bánh cupcake,35000.0,1.0
2023-04-16,ABC Bakery,bánh mì sandwich,41000.0,1.0
2023-04-16,ABC Bakery,bánh croissant,26000.0,1.0
2023-04-16,ABC Bakery,bánh donut,21000.0,1.0
2023-04-16,Paris Baguette,bánh sinh nhật,389000.0,1.0
2023-04-16,Paris Baguette,bánh cupcake,33000.0,1.0
2023-04-16,Paris Baguette,bánh mì sandwich,41000.0,1.0
2023-04-16,Paris Baguette,bánh croissant,27000.0,1.0
2023-04-16,Paris Baguette,bánh donut,19000.0,1.0
2023-04-16,Local Bakery,bánh sinh nhật,395000.0,1.0
2023-04-16,Local Bakery,bánh cupcake,34000.0,1.0
2023-04-16,Local Bakery,bánh mì sandwich,44000.0,1.0
2023-04-16,Local Bakery,bánh croissant,27000.0,1.0
2023-04-16,Local Bakery,bánh donut,22000.0,1.0
2023-04-17,ABC Bakery,bánh sinh nhật,352000.0,1.0
2023-04-17,ABC Bakery,bánh cupcake,23000.0,1.0
2023-04-17,ABC Bakery,bánh mì sandwich,42000.0,1.0
2023-04-17,ABC Bakery,bánh croissant,25000.0,1.0
2023-04-17,ABC Bakery,bánh donut,21000.0,1.0
2023-04-17,Paris Baguette,bánh sinh nhật,367000.0,1.0
2023-04-17,Paris Baguette,bánh cupcake,36000.0,1.0
2023-04-17,Paris Baguette,bánh mì sandwich,46000.0,1.0
2023-04-17,Paris Baguette,bánh croissant,24000.0,1.0
2023-04-17,Paris Baguette,bánh donut,21000.0,1.0
2023-04-17,Local Bakery,bánh sinh nhật,283000.0,1.0
2023-04-17,Local Bakery,bánh cupcake,32000.0,1.0
2023-04-17,Local Bakery,bánh mì sandwich,45000.0,1.0
2023-04-17,Local Bakery,bánh croissant,22000.0,1.0
2023-04-17,Local Bakery,bánh donut,21000.0,1.0
2023-04-18,ABC Bakery,bánh sinh nhật,449000.0,1.0
2023-04-18,ABC Bakery,bánh cupcake,35000.0,1.0
2023-04-18,ABC Bakery,bánh mì sandwich,38000.0,1.0
2023-04-18,ABC Bakery,bánh croissant,26000.0,1.0
2023-04-18,ABC Bakery,bánh donut,18000.0,1.0
2023-04-18,Paris Baguette,bánh sinh nhật,357000.0,1.0
2023-04-18,Paris Baguette,bánh cupcake,37000.0,1.0
2023-04-18,Paris Baguette,bánh mì sandwich,45000.0,1.0
2023-04-18,Paris Baguette,bánh croissant,24000.0,1.0
2023-04-18,Paris Baguette,bánh donut,20000.0,1.0
2023-04-18,Local Bakery,bánh sinh nhật,275000.0,1.0
2023-04-18,Local Bakery,bánh cupcake,38000.0,1.0
2023-04-18,Local Bakery,bánh mì sandwich,44000.0,1.0
2023-04-18,Local Bakery,bánh croissant,27000.0,1.0
2023-04-18,Local Bakery,bánh donut,21000.0,1.0
2023-04-19,ABC Bakery,bánh sinh nhật,372000.0,1.0
2023-04-19,ABC Bakery,bánh cupcake,37000.0,1.0
2023-04-19,ABC Bakery,bánh mì sandwich,53000.0,1.0
2023-04-19,ABC Bakery,bánh croissant,27000.0,1.0
2023-04-19,ABC Bakery,bánh donut,22000.0,1.0
2023-04-19,Paris Baguette,bánh sinh nhật,400000.0,1.0
2023-04-19,Paris Baguette,bánh cupcake,37000.0,1.0
2023-04-19,Paris Baguette,bánh mì sandwich,46000.0,1.0
2023-04-19,Paris Baguette,bánh croissant,25000.0,1.0
2023-04-19,Paris Baguette,bánh donut,21000.0,1.0
2023-04-19,Local Bakery,bánh sinh nhật,371000.0,1.0
2023-04-19,Local Bakery,bánh cupcake,30000.0,1.0
2023-04-19,Local Bakery,bánh mì sandwich,47000.0,1.0
2023-04-19,Local Bakery,bánh croissant,24000.0,1.0
2023-04-19,Local Bakery,bánh donut,20000.0,1.0
2023-04-20,ABC Bakery,bánh sinh nhật,300000.0,1.0
2023-04-20,ABC Bakery,bánh cupcake,28000.0,1.0
2023-04-20,ABC Bakery,bánh mì sandwich,49000.0,1.0
2023-04-20,ABC Bakery,bánh croissant,23000.0,1.0
2023-04-20,ABC Bakery,bánh donut,20000.0,1.0
2023-04-20,Paris Baguette,bánh sinh nhật,390000.0,1.0
2023-04-20,Paris Baguette,bánh cupcake,38000.0,1.0
2023-04-20,Paris Baguette,bánh mì sandwich,47000.0,1.0
2023-04-20,Paris Baguette,bánh croissant,26000.0,1.0
2023-04-20,Paris Baguette,bánh donut,19000.0,1.0
2023-04-20,Local Bakery,bánh sinh nhật,383000.0,1.0
2023-04-20,Local Bakery,bánh cupcake,33000.0,1.0
2023-04-20,Local Bakery,bánh mì sandwich,36000.0,1.0
2023-04-20,Local Bakery,bánh croissant,30000.0,1.0
2023-04-20,Local Bakery,bánh donut,18000.0,1.0
2023-04-21,ABC Bakery,bánh sinh nhật,310000.0,1.0
2023-04-21,ABC Bakery,bánh cupcake,30000.0,1.0
2023-04-21,ABC Bakery,bánh mì sandwich,41000.0,1.0
2023-04-21,ABC Bakery,bánh croissant,25000.0,1.0
2023-04-21,ABC Bakery,bánh donut,18000.0,1.0
2023-04-21,Paris Baguette,bánh sinh nhật,346000.0,1.0
2023-04-21,Paris Baguette,bánh cupcake,35000.0,1.0
2023-04-21,Paris Baguette,bánh mì sandwich,56000.0,1.0
2023-04-21,Paris Baguette,bánh croissant,26000.0,1.0
2023-04-21,Paris Baguette,bánh donut,20000.0,1.0
2023-04-21,Local Bakery,bánh sinh nhật,343000.0,1.0
2023-04-21,Local Bakery,bánh cupcake,41000.0,1.0
2023-04-21,Local Bakery,bánh mì sandwich,45000.0,1.0
2023-04-21,Local Bakery,bánh croissant,27000.0,1.0
2023-04-21,Local Bakery,bánh donut,20000.0,1.0
2023-04-22,ABC Bakery,bánh sinh nhật,237000.0,1.0
2023-04-22,ABC Bakery,bánh cupcake,34000.0,1.0
2023-04-22,ABC Bakery,bánh mì sandwich,47000.0,1.0
2023-04-22,ABC Bakery,bánh croissant,27000.0,1.0
2023-04-22,ABC Bakery,bánh donut,17000.0,1.0
2023-04-22,Paris Baguette,bánh sinh nhật,349000.0,1.0
2023-04-22,Paris Baguette,bánh cupcake,31000.0,1.0
2023-04-22,Paris Baguette,bánh mì sandwich,38000.0,1.0
2023-04-22,Paris Baguette,bánh croissant,27000.0,1.0
2023-04-22,Paris Baguette,bánh donut,18000.0,1.0
2023-04-22,Local Bakery,bánh sinh nhật,358000.0,1.0
2023-04-22,Local Bakery,bánh cupcake,39000.0,1.0
2023-04-22,Local Bakery,bánh mì sandwich,46000.0,1.0
2023-04-22,Local Bakery,bánh croissant,30000.0,1.0
2023-04-22,Local Bakery,bánh donut,22000.0,1.0
2023-04-23,ABC Bakery,bánh sinh nhật,335000.0,1.0
2023-04-23,ABC Bakery,bánh cupcake,40000.0,1.0
2023-04-23,ABC Bakery,bánh mì sandwich,44000.0,1.0
2023-04-23,ABC Bakery,bánh croissant,23000.0,1.0
2023-04-23,ABC Bakery,bánh donut,22000.0,1.0
2023-04-23,Paris Baguette,bánh sinh nhật,435000.0,1.0
2023-04-23,Paris Baguette,bánh cupcake,40000.0,1.0
2023-04-23,Paris Baguette,bánh mì sandwich,43000.0,1.0
2023-04-23,Paris Baguette,bánh croissant,25000.0,1.0
2023-04-23,Paris Baguette,bánh donut,20000.0,1.0
2023-04-23,Local Bakery,bánh sinh nhật,216000.0,1.0
2023-04-23,Local Bakery,bánh cupcake,39000.0,1.0
2023-04-23,Local Bakery,bánh mì sandwich,49000.0,1.0
2023-04-23,Local Bakery,bánh croissant,26000.0,1.0
2023-04-23,Local Bakery,bánh donut,21000.0,1.0
2023-04-24,ABC Bakery,bánh sinh nhật,264000.0,1.0
2023-04-24,ABC Bakery,bánh cupcake,40000.0,1.0
2023-04-24,ABC Bakery,bánh mì sandwich,47000.0,1.0
2023-04-24,ABC Bakery,bánh croissant,25000.0,1.0
2023-04-24,ABC Bakery,bánh donut,22000.0,1.0
2023-04-24,Paris Baguette,bánh sinh nhật,322000.0,1.0
2023-04-24,Paris Baguette,bánh cupcake,36000.0,1.0
2023-04-24,Paris Baguette,bánh mì sandwich,41000.0,1.0
2023-04-24,Paris Baguette,bánh croissant,25000.0,1.0
2023-04-24,Paris Baguette,bánh donut,20000.0,1.0
2023-04-24,Local Bakery,bánh sinh nhật,481000.0,1.0
2023-04-24,Local Bakery,bánh cupcake,28000.0,1.0
2023-04-24,Local Bakery,bánh mì sandwich,49000.0,1.0
2023-04-24,Local Bakery,bánh croissant,26000.0,1.0
2023-04-24,Local Bakery,bánh donut,21000.0,1.0
2023-04-25,ABC Bakery,bánh sinh nhật,373000.0,1.0
2023-04-25,ABC Bakery,bánh cupcake,33000.0,1.0
2023-04-25,ABC Bakery,bánh mì sandwich,45000.0,1.0
2023-04-25,ABC Bakery,bánh croissant,26000.0,1.0
2023-04-25,ABC Bakery,bánh donut,22000.0,1.0
2023-04-25,Paris Baguette,bánh sinh nhật,397000.0,1.0
2023-04-25,Paris Baguette,bánh cupcake,41000.0,1.0
2023-04-25,Paris Baguette,bánh mì sandwich,34000.0,1.0
2023-04-25,Paris Baguette,bánh croissant,24000.0,1.0
2023-04-25,Paris Baguette,bánh donut,21000.0,1.0
2023-04-25,Local Bakery,bánh sinh nhật,285000.0,1.0
2023-04-25,Local Bakery,bánh cupcake,37000.0,1.0
2023-04-25,Local Bakery,bánh mì sandwich,40000.0,1.0
2023-04-25,Local Bakery,bánh croissant,20000.0,1.0
2023-04-25,Local Bakery,bánh donut,20000.0,1.0
2023-04-26,ABC Bakery,bánh sinh nhật,365000.0,1.0
2023-04-26,ABC Bakery,bánh cupcake,38000.0,1.0
2023-04-26,ABC Bakery,bánh mì sandwich,49000.0,1.0
2023-04-26,ABC Bakery,bánh croissant,22000.0,1.0
2023-04-26,ABC Bakery,bánh donut,18000.0,1.0
2023-04-26,Paris Baguette,bánh sinh nhật,358000.0,1.0
2023-04-26,Paris Baguette,bánh cupcake,30000.0,1.0
2023-04-26,Paris Baguette,bánh mì sandwich,42000.0,1.0
2023-04-26,Paris Baguette,bánh croissant,27000.0,1.0
2023-04-26,Paris Baguette,bánh donut,21000.0,1.0
2023-04-26,Local Bakery,bánh sinh nhật,365000.0,1.0
2023-04-26,Local Bakery,bánh cupcake,38000.0,1.0
2023-04-26,Local Bakery,bánh mì sandwich,50000.0,1.0
2023-04-26,Local Bakery,bánh croissant,24000.0,1.0
2023-04-26,Local Bakery,bánh donut,20000.0,1.0
2023-04-27,ABC Bakery,bánh sinh nhật,268000.0,1.0
2023-04-27,ABC Bakery,bánh cupcake,29000.0,1.0
2023-04-27,ABC Bakery,bánh mì sandwich,51000.0,1.0
2023-04-27,ABC Bakery,bánh croissant,22000.0,1.0
2023-04-27,ABC Bakery,bánh donut,19000.0,1.0
2023-04-27,Paris Baguette,bánh sinh nhật,331000.0,1.0
2023-04-27,Paris Baguette,bánh cupcake,40000.0,1.0
2023-04-27,Paris Baguette,bánh mì sandwich,49000.0,1.0
2023-04-27,Paris Baguette,bánh croissant,28000.0,1.0
2023-04-27,Paris Baguette,bánh donut,19000.0,1.0
2023-04-27,Local Bakery,bánh sinh nhật,442000.0,1.0
2023-04-27,Local Bakery,bánh cupcake,31000.0,1.0
2023-04-27,Local Bakery,bánh mì sandwich,49000.0,1.0
2023-04-27,Local Bakery,bánh croissant,24000.0,1.0
2023-04-27,Local Bakery,bánh donut,21000.0,1.0
2023-04-28,ABC Bakery,bánh sinh nhật,475000.0,1.0
2023-04-28,ABC Bakery,bánh cupcake,36000.0,1.0
2023-04-28,ABC Bakery,bánh mì sandwich,43000.0,1.0
2023-04-28,ABC Bakery,bánh croissant,22000.0,1.0
2023-04-28,ABC Bakery,bánh donut,23000.0,1.0
2023-04-28,Paris Baguette,bánh sinh nhật,276000.0,1.0
2023-04-28,Paris Baguette,bánh cupcake,41000.0,1.0
2023-04-28,Paris Baguette,bánh mì sandwich,45000.0,1.0
2023-04-28,Paris Baguette,bánh croissant,23000.0,1.0
2023-04-28,Paris Baguette,bánh donut,24000.0,1.0
2023-04-28,Local Bakery,bánh sinh nhật,371000.0,1.0
2023-04-28,Local Bakery,bánh cupcake,36000.0,1.0
2023-04-28,Local Bakery,bánh mì sandwich,43000.0,1.0
2023-04-28,Local Bakery,bánh croissant,24000.0,1.0
2023-04-28,Local Bakery,bánh donut,20000.0,1.0
2023-04-29,ABC Bakery,bánh sinh nhật,360000.0,1.0
2023-04-29,ABC Bakery,bánh cupcake,36000.0,1.0
2023-04-29,ABC Bakery,bánh mì sandwich,45000.0,1.0
2023-04-29,ABC Bakery,bánh croissant,26000.0,1.0
2023-04-29,ABC Bakery,bánh donut,19000.0,1.0
2023-04-29,Paris Baguette,bánh sinh nhật,394000.0,1.0
2023-04-29,Paris Baguette,bánh cupcake,27000.0,1.0
2023-04-29,Paris Baguette,bánh mì sandwich,43000.0,1.0
2023-04-29,Paris Baguette,bánh croissant,26000.0,1.0
2023-04-29,Paris Baguette,bánh donut,21000.0,1.0
2023-04-29,Local Bakery,bánh sinh nhật,422000.0,1.0
2023-04-29,Local Bakery,bánh cupcake,40000.0,1.0
2023-04-29,Local Bakery,bánh mì sandwich,43000.0,1.0
2023-04-29,Local Bakery,bánh croissant,25000.0,1.0
2023-04-29,Local Bakery,bánh donut,20000.0,1.0
2023-04-30,ABC Bakery,bánh sinh nhật,369000.0,1.0
2023-04-30,ABC Bakery,bánh cupcake,30000.0,1.0
2023-04-30,ABC Bakery,bánh mì sandwich,48000.0,1.0
2023-04-30,ABC Bakery,bánh croissant,24000.0,1.0
2023-04-30,ABC Bakery,bánh donut,22000.0,1.0
2023-04-30,Paris Baguette,bánh sinh nhật,320000.0,1.0
2023-04-30,Paris Baguette,bánh cupcake,38000.0,1.0
2023-04-30,Paris Baguette,bánh mì sandwich,41000.0,1.0
2023-04-30,Paris Baguette,bánh croissant,24000.0,1.0
2023-04-30,Paris Baguette,bánh donut,20000.0,1.0
2023-04-30,Local Bakery,bánh sinh nhật,311000.0,1.0
2023-04-30,Local Bakery,bánh cupcake,39000.0,1.0
2023-04-30,Local Bakery,bánh mì sandwich,45000.0,1.0
2023-04-30,Local Bakery,bánh croissant,26000.0,1.0
2023-04-30,Local Bakery,bánh donut,20000.0,1.0
2023-05-01,ABC Bakery,bánh sinh nhật,341000.0,1.0
2023-05-01,ABC Bakery,bánh cupcake,34000.0,1.0
2023-05-01,ABC Bakery,bánh mì sandwich,47000.0,1.0
2023-05-01,ABC Bakery,bánh croissant,29000.0,1.0
2023-05-01,ABC Bakery,bánh donut,16000.0,1.0
2023-05-01,Paris Baguette,bánh sinh nhật,335000.0,1.0
2023-05-01,Paris Baguette,bánh cupcake,26000.0,1.0
2023-05-01,Paris Baguette,bánh mì sandwich,45000.0,1.0
2023-05-01,Paris Baguette,bánh croissant,24000.0,1.0
2023-05-01,Paris Baguette,bánh donut,21000.0,1.0
2023-05-01,Local Bakery,bánh sinh nhật,274000.0,1.0
2023-05-01,Local Bakery,bánh cupcake,27000.0,1.0
2023-05-01,Local Bakery,bánh mì sandwich,46000.0,1.0
2023-05-01,Local Bakery,bánh croissant,24000.0,1.0
2023-05-01,Local Bakery,bánh donut,18000.0,1.0
2023-05-02,ABC Bakery,bánh sinh nhật,370000.0,1.0
2023-05-02,ABC Bakery,bánh cupcake,32000.0,1.0
2023-05-02,ABC Bakery,bánh mì sandwich,47000.0,1.0
2023-05-02,ABC Bakery,bánh croissant,29000.0,1.0
2023-05-02,ABC Bakery,bánh donut,20000.0,1.0
2023-05-02,Paris Baguette,bánh sinh nhật,326000.0,1.0
2023-05-02,Paris Baguette,bánh cupcake,34000.0,1.0
2023-05-02,Paris Baguette,bánh mì sandwich,46000.0,1.0
2023-05-02,Paris Baguette,bánh croissant,29000.0,1.0
2023-05-02,Paris Baguette,bánh donut,22000.0,1.0
2023-05-02,Local Bakery,bánh sinh nhật,420000.0,1.0
2023-05-02,Local Bakery,bánh cupcake,39000.0,1.0
2023-05-02,Local Bakery,bánh mì sandwich,48000.0,1.0
2023-05-02,Local Bakery,bánh croissant,22000.0,1.0
2023-05-02,Local Bakery,bánh donut,20000.0,1.0
2023-05-03,ABC Bakery,bánh sinh nhật,402000.0,1.0
2023-05-03,ABC Bakery,bánh cupcake,34000.0,1.0
2023-05-03,ABC Bakery,bánh mì sandwich,56000.0,1.0
2023-05-03,ABC Bakery,bánh croissant,29000.0,1.0
2023-05-03,ABC Bakery,bánh donut,21000.0,1.0
2023-05-03,Paris Baguette,bánh sinh nhật,374000.0,1.0
2023-05-03,Paris Baguette,bánh cupcake,37000.0,1.0
2023-05-03,Paris Baguette,bánh mì sandwich,49000.0,1.0
2023-05-03,Paris Baguette,bánh croissant,25000.0,1.0
2023-05-03,Paris Baguette,bánh donut,16000.0,1.0
2023-05-03,Local Bakery,bánh sinh nhật,311000.0,1.0
2023-05-03,Local Bakery,bánh cupcake,43000.0,1.0
2023-05-03,Local Bakery,bánh mì sandwich,45000.0,1.0
2023-05-03,Local Bakery,bánh croissant,24000.0,1.0
2023-05-03,Local Bakery,bánh donut,20000.0,1.0
2023-05-04,ABC Bakery,bánh sinh nhật,317000.0,1.0
2023-05-04,ABC Bakery,bánh cupcake,42000.0,1.0
2023-05-04,ABC Bakery,bánh mì sandwich,47000.0,1.0
2023-05-04,ABC Bakery,bánh croissant,27000.0,1.0
2023-05-04,ABC Bakery,bánh donut,18000.0,1.0
2023-05-04,Paris Baguette,bánh sinh nhật,192000.0,1.0
2023-05-04,Paris Baguette,bánh cupcake,37000.0,1.0
2023-05-04,Paris Baguette,bánh mì sandwich,43000.0,1.0
2023-05-04,Paris Baguette,bánh croissant,24000.0,1.0
2023-05-04,Paris Baguette,bánh donut,21000.0,1.0
2023-05-04,Local Bakery,bánh sinh nhật,435000.0,1.0
2023-05-04,Local Bakery,bánh cupcake,33000.0,1.0
2023-05-04,Local Bakery,bánh mì sandwich,42000.0,1.0
2023-05-04,Local Bakery,bánh croissant,27000.0,1.0
2023-05-04,Local Bakery,bánh donut,22000.0,1.0
2023-05-05,ABC Bakery,bánh sinh nhật,343000.0,1.0
2023-05-05,ABC Bakery,bánh cupcake,39000.0,1.0
2023-05-05,ABC Bakery,bánh mì sandwich,49000.0,1.0
2023-05-05,ABC Bakery,bánh croissant,27000.0,1.0
2023-05-05,ABC Bakery,bánh donut,20000.0,1.0
2023-05-05,Paris Baguette,bánh sinh nhật,303000.0,1.0
2023-05-05,Paris Baguette,bánh cupcake,26000.0,1.0
2023-05-05,Paris Baguette,bánh mì sandwich,53000.0,1.0
2023-05-05,Paris Baguette,bánh croissant,27000.0,1.0
2023-05-05,Paris Baguette,bánh donut,23000.0,1.0
2023-05-05,Local Bakery,bánh sinh nhật,258000.0,1.0
2023-05-05,Local Bakery,bánh cupcake,34000.0,1.0
2023-05-05,Local Bakery,bánh mì sandwich,51000.0,1.0
2023-05-05,Local Bakery,bánh croissant,25000.0,1.0
2023-05-05,Local Bakery,bánh donut,19000.0,1.0
2023-05-06,ABC Bakery,bánh sinh nhật,338000.0,1.0
2023-05-06,ABC Bakery,bánh cupcake,37000.0,1.0
2023-05-06,ABC Bakery,bánh mì sandwich,46000.0,1.0
2023-05-06,ABC Bakery,bánh croissant,26000.0,1.0
2023-05-06,ABC Bakery,bánh donut,20000.0,1.0
2023-05-06,Paris Baguette,bánh sinh nhật,376000.0,1.0
2023-05-06,Paris Baguette,bánh cupcake,31000.0,1.0
2023-05-06,Paris Baguette,bánh mì sandwich,44000.0,1.0
2023-05-06,Paris Baguette,bánh croissant,29000.0,1.0
2023-05-06,Paris Baguette,bánh donut,20000.0,1.0
2023-05-06,Local Bakery,bánh sinh nhật,267000.0,1.0
2023-05-06,Local Bakery,bánh cupcake,33000.0,1.0
2023-05-06,Local Bakery,bánh mì sandwich,49000.0,1.0
2023-05-06,Local Bakery,bánh croissant,22000.0,1.0
2023-05-06,Local Bakery,bánh donut,21000.0,1.0
2023-05-07,ABC Bakery,bánh sinh nhật,425000.0,1.0
2023-05-07,ABC Bakery,bánh cupcake,33000.0,1.0
2023-05-07,ABC Bakery,bánh mì sandwich,43000.0,1.0
2023-05-07,ABC Bakery,bánh croissant,24000.0,1.0
2023-05-07,ABC Bakery,bánh donut,22000.0,1.0
2023-05-07,Paris Baguette,bánh sinh nhật,340000.0,1.0
2023-05-07,Paris Baguette,bánh cupcake,32000.0,1.0
2023-05-07,Paris Baguette,bánh mì sandwich,45000.0,1.0
2023-05-07,Paris Baguette,bánh croissant,29000.0,1.0
2023-05-07,Paris Baguette,bánh donut,18000.0,1.0
2023-05-07,Local Bakery,bánh sinh nhật,335000.0,1.0
2023-05-07,Local Bakery,bánh cupcake,29000.0,1.0
2023-05-07,Local Bakery,bánh mì sandwich,50000.0,1.0
2023-05-07,Local Bakery,bánh croissant,24000.0,1.0
2023-05-07,Local Bakery,bánh donut,21000.0,1.0
2023-05-08,ABC Bakery,bánh sinh nhật,335000.0,1.0
2023-05-08,ABC Bakery,bánh cupcake,37000.0,1.0
2023-05-08,ABC Bakery,bánh mì sandwich,45000.0,1.0
2023-05-08,ABC Bakery,bánh croissant,24000.0,1.0
2023-05-08,ABC Bakery,bánh donut,23000.0,1.0
2023-05-08,Paris Baguette,bánh sinh nhật,366000.0,1.0
2023-05-08,Paris Baguette,bánh cupcake,42000.0,1.0
2023-05-08,Paris Baguette,bánh mì sandwich,46000.0,1.0
2023-05-08,Paris Baguette,bánh croissant,26000.0,1.0
2023-05-08,Paris Baguette,bánh donut,16000.0,1.0
2023-05-08,Local Bakery,bánh sinh nhật,306000.0,1.0
2023-05-08,Local Bakery,bánh cupcake,31000.0,1.0
2023-05-08,Local Bakery,bánh mì sandwich,39000.0,1.0
2023-05-08,Local Bakery,bánh croissant,26000.0,1.0
2023-05-08,Local Bakery,bánh donut,22000.0,1.0
2023-05-09,ABC Bakery,bánh sinh nhật,377000.0,1.0
2023-05-09,ABC Bakery,bánh cupcake,35000.0,1.0
2023-05-09,ABC Bakery,bánh mì sandwich,50000.0,1.0
2023-05-09,ABC Bakery,bánh croissant,26000.0,1.0
2023-05-09,ABC Bakery,bánh donut,20000.0,1.0
2023-05-09,Paris Baguette,bánh sinh nhật,343000.0,1.0
2023-05-09,Paris Baguette,bánh cupcake,33000.0,1.0
2023-05-09,Paris Baguette,bánh mì sandwich,41000.0,1.0
2023-05-09,Paris Baguette,bánh croissant,27000.0,1.0
2023-05-09,Paris Baguette,bánh donut,20000.0,1.0
2023-05-09,Local Bakery,bánh sinh nhật,425000.0,1.0
2023-05-09,Local Bakery,bánh cupcake,33000.0,1.0
2023-05-09,Local Bakery,bánh mì sandwich,38000.0,1.0
2023-05-09,Local Bakery,bánh croissant,25000.0,1.0
2023-05-09,Local Bakery,bánh donut,17000.0,1.0
2023-05-10,ABC Bakery,bánh sinh nhật,333000.0,1.0
2023-05-10,ABC Bakery,bánh cupcake,37000.0,1.0
2023-05-10,ABC Bakery,bánh mì sandwich,48000.0,1.0
2023-05-10,ABC Bakery,bánh croissant,27000.0,1.0
2023-05-10,ABC Bakery,bánh donut,20000.0,1.0
2023-05-10,Paris Baguette,bánh sinh nhật,368000.0,1.0
2023-05-10,Paris Baguette,bánh cupcake,39000.0,1.0
2023-05-10,Paris Baguette,bánh mì sandwich,50000.0,1.0
2023-05-10,Paris Baguette,bánh croissant,22000.0,1.0
2023-05-10,Paris Baguette,bánh donut,19000.0,1.0
2023-05-10,Local Bakery,bánh sinh nhật,376000.0,1.0
2023-05-10,Local Bakery,bánh cupcake,33000.0,1.0
2023-05-10,Local Bakery,bánh mì sandwich,46000.0,1.0
2023-05-10,Local Bakery,bánh croissant,27000.0,1.0
2023-05-10,Local Bakery,bánh donut,19000.0,1.0
2023-05-11,ABC Bakery,bánh sinh nhật,319000.0,1.0
2023-05-11,ABC Bakery,bánh cupcake,31000.0,1.0
2023-05-11,ABC Bakery,bánh mì sandwich,43000.0,1.0
2023-05-11,ABC Bakery,bánh croissant,29000.0,1.0
2023-05-11,ABC Bakery,bánh donut,21000.0,1.0
2023-05-11,Paris Baguette,bánh sinh nhật,385000.0,1.0
2023-05-11,Paris Baguette,bánh cupcake,29000.0,1.0
2023-05-11,Paris Baguette,bánh mì sandwich,46000.0,1.0
2023-05-11,Paris Baguette,bánh croissant,23000.0,1.0
2023-05-11,Paris Baguette,bánh donut,15000.0,1.0
2023-05-11,Local Bakery,bánh sinh nhật,230000.0,1.0
2023-05-11,Local Bakery,bánh cupcake,32000.0,1.0
2023-05-11,Local Bakery,bánh mì sandwich,47000.0,1.0
2023-05-11,Local Bakery,bánh croissant,25000.0,1.0
2023-05-11,Local Bakery,bánh donut,22000.0,1.0
2023-05-12,ABC Bakery,bánh sinh nhật,358000.0,1.0
2023-05-12,ABC Bakery,bánh cupcake,38000.0,1.0
2023-05-12,ABC Bakery,bánh mì sandwich,39000.0,1.0
2023-05-12,ABC Bakery,bánh croissant,19000.0,1.0
2023-05-12,ABC Bakery,bánh donut,22000.0,1.0
2023-05-12,Paris Baguette,bánh sinh nhật,348000.0,1.0
2023-05-12,Paris Baguette,bánh cupcake,40000.0,1.0
2023-05-12,Paris Baguette,bánh mì sandwich,50000.0,1.0
2023-05-12,Paris Baguette,bánh croissant,27000.0,1.0
2023-05-12,Paris Baguette,bánh donut,20000.0,1.0
2023-05-12,Local Bakery,bánh sinh nhật,282000.0,1.0
2023-05-12,Local Bakery,bánh cupcake,41000.0,1.0
2023-05-12,Local Bakery,bánh mì sandwich,39000.0,1.0
2023-05-12,Local Bakery,bánh croissant,25000.0,1.0
2023-05-12,Local Bakery,bánh donut,21000.0,1.0
2023-05-13,ABC Bakery,bánh sinh nhật,347000.0,1.0
2023-05-13,ABC Bakery,bánh cupcake,36000.0,1.0
2023-05-13,ABC Bakery,bánh mì sandwich,42000.0,1.0
2023-05-13,ABC Bakery,bánh croissant,25000.0,1.0
2023-05-13,ABC Bakery,bánh donut,21000.0,1.0
2023-05-13,Paris Baguette,bánh sinh nhật,275000.0,1.0
2023-05-13,Paris Baguette,bánh cupcake,38000.0,1.0
2023-05-13,Paris Baguette,bánh mì sandwich,51000.0,1.0
2023-05-13,Paris Baguette,bánh croissant,29000.0,1.0
2023-05-13,Paris Baguette,bánh donut,21000.0,1.0
2023-05-13,Local Bakery,bánh sinh nhật,374000.0,1.0
2023-05-13,Local Bakery,bánh cupcake,35000.0,1.0
2023-05-13,Local Bakery,bánh mì sandwich,43000.0,1.0
2023-05-13,Local Bakery,bánh croissant,25000.0,1.0
2023-05-13,Local Bakery,bánh donut,21000.0,1.0
2023-05-14,ABC Bakery,bánh sinh nhật,311000.0,1.0
2023-05-14,ABC Bakery,bánh cupcake,37000.0,1.0
2023-05-14,ABC Bakery,bánh mì sandwich,46000.0,1.0
2023-05-14,ABC Bakery,bánh croissant,25000.0,1.0
2023-05-14,ABC Bakery,bánh donut,20000.0,1.0
2023-05-14,Paris Baguette,bánh sinh nhật,387000.0,1.0
2023-05-14,Paris Baguette,bánh cupcake,35000.0,1.0
2023-05-14,Paris Baguette,bánh mì sandwich,51000.0,1.0
2023-05-14,Paris Baguette,bánh croissant,25000.0,1.0
2023-05-14,Paris Baguette,bánh donut,21000.0,1.0
2023-05-14,Local Bakery,bánh sinh nhật,373000.0,1.0
2023-05-14,Local Bakery,bánh cupcake,34000.0,1.0
2023-05-14,Local Bakery,bánh mì sandwich,47000.0,1.0
2023-05-14,Local Bakery,bánh croissant,25000.0,1.0
2023-05-14,Local Bakery,bánh donut,19000.0,1.0
2023-05-15,ABC Bakery,bánh sinh nhật,309000.0,1.0
2023-05-15,ABC Bakery,bánh cupcake,45000.0,1.0
2023-05-15,ABC Bakery,bánh mì sandwich,48000.0,1.0
2023-05-15,ABC Bakery,bánh croissant,23000.0,1.0
2023-05-15,ABC Bakery,bánh donut,17000.0,1.0
2023-05-15,Paris Baguette,bánh sinh nhật,333000.0,1.0
2023-05-15,Paris Baguette,bánh cupcake,35000.0,1.0
2023-05-15,Paris Baguette,bánh mì sandwich,44000.0,1.0
2023-05-15,Paris Baguette,bánh croissant,21000.0,1.0
2023-05-15,Paris Baguette,bánh donut,18000.0,1.0
2023-05-15,Local Bakery,bánh sinh nhật,406000.0,1.0
2023-05-15,Local Bakery,bánh cupcake,31000.0,1.0
2023-05-15,Local Bakery,bánh mì sandwich,44000.0,1.0
2023-05-15,Local Bakery,bánh croissant,28000.0,1.0
2023-05-15,Local Bakery,bánh donut,20000.0,1.0
2023-05-16,ABC Bakery,bánh sinh nhật,283000.0,1.0
2023-05-16,ABC Bakery,bánh cupcake,44000.0,1.0
2023-05-16,ABC Bakery,bánh mì sandwich,40000.0,1.0
2023-05-16,ABC Bakery,bánh croissant,25000.0,1.0
2023-05-16,ABC Bakery,bánh donut,20000.0,1.0
2023-05-16,Paris Baguette,bánh sinh nhật,392000.0,1.0
2023-05-16,Paris Baguette,bánh cupcake,32000.0,1.0
2023-05-16,Paris Baguette,bánh mì sandwich,49000.0,1.0
2023-05-16,Paris Baguette,bánh croissant,30000.0,1.0
2023-05-16,Paris Baguette,bánh donut,22000.0,1.0
2023-05-16,Local Bakery,bánh sinh nhật,363000.0,1.0
2023-05-16,Local Bakery,bánh cupcake,40000.0,1.0
2023-05-16,Local Bakery,bánh mì sandwich,43000.0,1.0
2023-05-16,Local Bakery,bánh croissant,25000.0,1.0
2023-05-16,Local Bakery,bánh donut,20000.0,1.0
2023-05-17,ABC Bakery,bánh sinh nhật,357000.0,1.0
2023-05-17,ABC Bakery,bánh cupcake,36000.0,1.0
2023-05-17,ABC Bakery,bánh mì sandwich,53000.0,1.0
2023-05-17,ABC Bakery,bánh croissant,24000.0,1.0
2023-05-17,ABC Bakery,bánh donut,20000.0,1.0
2023-05-17,Paris Baguette,bánh sinh nhật,396000.0,1.0
2023-05-17,Paris Baguette,bánh cupcake,33000.0,1.0
2023-05-17,Paris Baguette,bánh mì sandwich,43000.0,1.0
2023-05-17,Paris Baguette,bánh croissant,26000.0,1.0
2023-05-17,Paris Baguette,bánh donut,20000.0,1.0
2023-05-17,Local Bakery,bánh sinh nhật,459000.0,1.0
2023-05-17,Local Bakery,bánh cupcake,29000.0,1.0
2023-05-17,Local Bakery,bánh mì sandwich,45000.0,1.0
2023-05-17,Local Bakery,bánh croissant,21000.0,1.0
2023-05-17,Local Bakery,bánh donut,22000.0,1.0
2023-05-18,ABC Bakery,bánh sinh nhật,347000.0,1.0
2023-05-18,ABC Bakery,bánh cupcake,39000.0,1.0
2023-05-18,ABC Bakery,bánh mì sandwich,43000.0,1.0
2023-05-18,ABC Bakery,bánh croissant,25000.0,1.0
2023-05-18,ABC Bakery,bánh donut,20000.0,1.0
2023-05-18,Paris Baguette,bánh sinh nhật,323000.0,1.0
2023-05-18,Paris Baguette,bánh cupcake,29000.0,1.0
2023-05-18,Paris Baguette,bánh mì sandwich,42000.0,1.0
2023-05-18,Paris Baguette,bánh croissant,18000.0,1.0
2023-05-18,Paris Baguette,bánh donut,21000.0,1.0
2023-05-18,Local Bakery,bánh sinh nhật,298000.0,1.0
2023-05-18,Local Bakery,bánh cupcake,36000.0,1.0
2023-05-18,Local Bakery,bánh mì sandwich,46000.0,1.0
2023-05-18,Local Bakery,bánh croissant,29000.0,1.0
2023-05-18,Local Bakery,bánh donut,23000.0,1.0
2023-05-19,ABC Bakery,bánh sinh nhật,330000.0,1.0
2023-05-19,ABC Bakery,bánh cupcake,37000.0,1.0
2023-05-19,ABC Bakery,bánh mì sandwich,43000.0,1.0
2023-05-19,ABC Bakery,bánh croissant,29000.0,1.0
2023-05-19,ABC Bakery,bánh donut,20000.0,1.0
2023-05-19,Paris Baguette,bánh sinh nhật,305000.0,1.0
2023-05-19,Paris Baguette,bánh cupcake,39000.0,1.0
2023-05-19,Paris Baguette,bánh mì sandwich,43000.0,1.0
2023-05-19,Paris Baguette,bánh croissant,26000.0,1.0
2023-05-19,Paris Baguette,bánh donut,16000.0,1.0
2023-05-19,Local Bakery,bánh sinh nhật,357000.0,1.0
2023-05-19,Local Bakery,bánh cupcake,35000.0,1.0
2023-05-19,Local Bakery,bánh mì sandwich,45000.0,1.0
2023-05-19,Local Bakery,bánh croissant,29000.0,1.0
2023-05-19,Local Bakery,bánh donut,20000.0,1.0
2023-05-20,ABC Bakery,bánh sinh nhật,289000.0,1.0
2023-05-20,ABC Bakery,bánh cupcake,36000.0,1.0
2023-05-20,ABC Bakery,bánh mì sandwich,45000.0,1.0
2023-05-20,ABC Bakery,bánh croissant,24000.0,1.0
2023-05-20,ABC Bakery,bánh donut,21000.0,1.0
2023-05-20,Paris Baguette,bánh sinh nhật,401000.0,1.0
2023-05-20,Paris Baguette,bánh cupcake,28000.0,1.0
2023-05-20,Paris Baguette,bánh mì sandwich,44000.0,1.0
2023-05-20,Paris Baguette,bánh croissant,26000.0,1.0
2023-05-20,Paris Baguette,bánh donut,22000.0,1.0
2023-05-20,Local Bakery,bánh sinh nhật,413000.0,1.0
2023-05-20,Local Bakery,bánh cupcake,32000.0,1.0
2023-05-20,Local Bakery,bánh mì sandwich,42000.0,1.0
2023-05-20,Local Bakery,bánh croissant,20000.0,1.0
2023-05-20,Local Bakery,bánh donut,19000.0,1.0
2023-05-21,ABC Bakery,bánh sinh nhật,402000.0,1.0
2023-05-21,ABC Bakery,bánh cupcake,36000.0,1.0
2023-05-21,ABC Bakery,bánh mì sandwich,44000.0,1.0
2023-05-21,ABC Bakery,bánh croissant,26000.0,1.0
2023-05-21,ABC Bakery,bánh donut,18000.0,1.0
2023-05-21,Paris Baguette,bánh sinh nhật,406000.0,1.0
2023-05-21,Paris Baguette,bánh cupcake,45000.0,1.0
2023-05-21,Paris Baguette,bánh mì sandwich,47000.0,1.0
2023-05-21,Paris Baguette,bánh croissant,27000.0,1.0
2023-05-21,Paris Baguette,bánh donut,21000.0,1.0
2023-05-21,Local Bakery,bánh sinh nhật,331000.0,1.0
2023-05-21,Local Bakery,bánh cupcake,40000.0,1.0
2023-05-21,Local Bakery,bánh mì sandwich,44000.0,1.0
2023-05-21,Local Bakery,bánh croissant,25000.0,1.0
2023-05-21,Local Bakery,bánh donut,19000.0,1.0
2023-05-22,ABC Bakery,bánh sinh nhật,356000.0,1.0
2023-05-22,ABC Bakery,bánh cupcake,34000.0,1.0
2023-05-22,ABC Bakery,bánh mì sandwich,40000.0,1.0
2023-05-22,ABC Bakery,bánh croissant,27000.0,1.0
2023-05-22,ABC Bakery,bánh donut,18000.0,1.0
2023-05-22,Paris Baguette,bánh sinh nhật,257000.0,1.0
2023-05-22,Paris Baguette,bánh cupcake,44000.0,1.0
2023-05-22,Paris Baguette,bánh mì sandwich,46000.0,1.0
2023-05-22,Paris Baguette,bánh croissant,23000.0,1.0
2023-05-22,Paris Baguette,bánh donut,20000.0,1.0
2023-05-22,Local Bakery,bánh sinh nhật,270000.0,1.0
2023-05-22,Local Bakery,bánh cupcake,29000.0,1.0
2023-05-22,Local Bakery,bánh mì sandwich,45000.0,1.0
2023-05-22,Local Bakery,bánh croissant,25000.0,1.0
2023-05-22,Local Bakery,bánh donut,19000.0,1.0
2023-05-23,ABC Bakery,bánh sinh nhật,390000.0,1.0
2023-05-23,ABC Bakery,bánh cupcake,34000.0,1.0
2023-05-23,ABC Bakery,bánh mì sandwich,45000.0,1.0
2023-05-23,ABC Bakery,bánh croissant,22000.0,1.0
2023-05-23,ABC Bakery,bánh donut,18000.0,1.0
2023-05-23,Paris Baguette,bánh sinh nhật,403000.0,1.0
2023-05-23,Paris Baguette,bánh cupcake,37000.0,1.0
2023-05-23,Paris Baguette,bánh mì sandwich,42000.0,1.0
2023-05-23,Paris Baguette,bánh croissant,25000.0,1.0
2023-05-23,Paris Baguette,bánh donut,21000.0,1.0
2023-05-23,Local Bakery,bánh sinh nhật,420000.0,1.0
2023-05-23,Local Bakery,bánh cupcake,39000.0,1.0
2023-05-23,Local Bakery,bánh mì sandwich,48000.0,1.0
2023-05-23,Local Bakery,bánh croissant,24000.0,1.0
2023-05-23,Local Bakery,bánh donut,18000.0,1.0
2023-05-24,ABC Bakery,bánh sinh nhật,277000.0,1.0
2023-05-24,ABC Bakery,bánh cupcake,30000.0,1.0
2023-05-24,ABC Bakery,bánh mì sandwich,48000.0,1.0
2023-05-24,ABC Bakery,bánh croissant,21000.0,1.0
2023-05-24,ABC Bakery,bánh donut,21000.0,1.0
2023-05-24,Paris Baguette,bánh sinh nhật,473000.0,1.0
2023-05-24,Paris Baguette,bánh cupcake,30000.0,1.0
2023-05-24,Paris Baguette,bánh mì sandwich,36000.0,1.0
2023-05-24,Paris Baguette,bánh croissant,23000.0,1.0
2023-05-24,Paris Baguette,bánh donut,22000.0,1.0
2023-05-24,Local Bakery,bánh sinh nhật,389000.0,1.0
2023-05-24,Local Bakery,bánh cupcake,49000.0,1.0
2023-05-24,Local Bakery,bánh mì sandwich,45000.0,1.0
2023-05-24,Local Bakery,bánh croissant,29000.0,1.0
2023-05-24,Local Bakery,bánh donut,22000.0,1.0
2023-05-25,ABC Bakery,bánh sinh nhật,329000.0,1.0
2023-05-25,ABC Bakery,bánh cupcake,37000.0,1.0
2023-05-25,ABC Bakery,bánh mì sandwich,44000.0,1.0
2023-05-25,ABC Bakery,bánh croissant,25000.0,1.0
2023-05-25,ABC Bakery,bánh donut,21000.0,1.0
2023-05-25,Paris Baguette,bánh sinh nhật,395000.0,1.0
2023-05-25,Paris Baguette,bánh cupcake,33000.0,1.0
2023-05-25,Paris Baguette,bánh mì sandwich,45000.0,1.0
2023-05-25,Paris Baguette,bánh croissant,27000.0,1.0
2023-05-25,Paris Baguette,bánh donut,18000.0,1.0
2023-05-25,Local Bakery,bánh sinh nhật,297000.0,1.0
2023-05-25,Local Bakery,bánh cupcake,32000.0,1.0
2023-05-25,Local Bakery,bánh mì sandwich,46000.0,1.0
2023-05-25,Local Bakery,bánh croissant,24000.0,1.0
2023-05-25,Local Bakery,bánh donut,18000.0,1.0
2023-05-26,ABC Bakery,bánh sinh nhật,383000.0,1.0
2023-05-26,ABC Bakery,bánh cupcake,32000.0,1.0
2023-05-26,ABC Bakery,bánh mì sandwich,47000.0,1.0
2023-05-26,ABC Bakery,bánh croissant,24000.0,1.0
2023-05-26,ABC Bakery,bánh donut,21000.0,1.0
2023-05-26,Paris Baguette,bánh sinh nhật,380000.0,1.0
2023-05-26,Paris Baguette,bánh cupcake,35000.0,1.0
2023-05-26,Paris Baguette,bánh mì sandwich,43000.0,1.0
2023-05-26,Paris Baguette,bánh croissant,21000.0,1.0
2023-05-26,Paris Baguette,bánh donut,20000.0,1.0
2023-05-26,Local Bakery,bánh sinh nhật,384000.0,1.0
2023-05-26,Local Bakery,bánh cupcake,39000.0,1.0
2023-05-26,Local Bakery,bánh mì sandwich,47000.0,1.0
2023-05-26,Local Bakery,bánh croissant,24000.0,1.0
2023-05-26,Local Bakery,bánh donut,18000.0,1.0
2023-05-27,ABC Bakery,bánh sinh nhật,286000.0,1.0
2023-05-27,ABC Bakery,bánh cupcake,32000.0,1.0
2023-05-27,ABC Bakery,bánh mì sandwich,45000.0,1.0
2023-05-27,ABC Bakery,bánh croissant,29000.0,1.0
2023-05-27,ABC Bakery,bánh donut,20000.0,1.0
2023-05-27,Paris Baguette,bánh sinh nhật,347000.0,1.0
2023-05-27,Paris Baguette,bánh cupcake,32000.0,1.0
2023-05-27,Paris Baguette,bánh mì sandwich,48000.0,1.0
2023-05-27,Paris Baguette,bánh croissant,28000.0,1.0
2023-05-27,Paris Baguette,bánh donut,21000.0,1.0
2023-05-27,Local Bakery,bánh sinh nhật,410000.0,1.0
2023-05-27,Local Bakery,bánh cupcake,25000.0,1.0
2023-05-27,Local Bakery,bánh mì sandwich,39000.0,1.0
2023-05-27,Local Bakery,bánh croissant,21000.0,1.0
2023-05-27,Local Bakery,bánh donut,16000.0,1.0
2023-05-28,ABC Bakery,bánh sinh nhật,358000.0,1.0
2023-05-28,ABC Bakery,bánh cupcake,38000.0,1.0
2023-05-28,ABC Bakery,bánh mì sandwich,44000.0,1.0
2023-05-28,ABC Bakery,bánh croissant,31000.0,1.0
2023-05-28,ABC Bakery,bánh donut,20000.0,1.0
2023-05-28,Paris Baguette,bánh sinh nhật,342000.0,1.0
2023-05-28,Paris Baguette,bánh cupcake,36000.0,1.0
2023-05-28,Paris Baguette,bánh mì sandwich,46000.0,1.0
2023-05-28,Paris Baguette,bánh croissant,29000.0,1.0
2023-05-28,Paris Baguette,bánh donut,22000.0,1.0
2023-05-28,Local Bakery,bánh sinh nhật,320000.0,1.0
2023-05-28,Local Bakery,bánh cupcake,37000.0,1.0
2023-05-28,Local Bakery,bánh mì sandwich,44000.0,1.0
2023-05-28,Local Bakery,bánh croissant,22000.0,1.0
2023-05-28,Local Bakery,bánh donut,20000.0,1.0
2023-05-29,ABC Bakery,bánh sinh nhật,303000.0,1.0
2023-05-29,ABC Bakery,bánh cupcake,37000.0,1.0
2023-05-29,ABC Bakery,bánh mì sandwich,45000.0,1.0
2023-05-29,ABC Bakery,bánh croissant,28000.0,1.0
2023-05-29,ABC Bakery,bánh donut,19000.0,1.0
2023-05-29,Paris Baguette,bánh sinh nhật,483000.0,1.0
2023-05-29,Paris Baguette,bánh cupcake,38000.0,1.0
2023-05-29,Paris Baguette,bánh mì sandwich,42000.0,1.0
2023-05-29,Paris Baguette,bánh croissant,28000.0,1.0
2023-05-29,Paris Baguette,bánh donut,21000.0,1.0
2023-05-29,Local Bakery,bánh sinh nhật,366000.0,1.0
2023-05-29,Local Bakery,bánh cupcake,36000.0,1.0
2023-05-29,Local Bakery,bánh mì sandwich,46000.0,1.0
2023-05-29,Local Bakery,bánh croissant,24000.0,1.0
2023-05-29,Local Bakery,bánh donut,23000.0,1.0
2023-05-30,ABC Bakery,bánh sinh nhật,207000.0,1.0
2023-05-30,ABC Bakery,bánh cupcake,34000.0,1.0
2023-05-30,ABC Bakery,bánh mì sandwich,48000.0,1.0
2023-05-30,ABC Bakery,bánh croissant,26000.0,1.0
2023-05-30,ABC Bakery,bánh donut,24000.0,1.0
2023-05-30,Paris Baguette,bánh sinh nhật,273000.0,1.0
2023-05-30,Paris Baguette,bánh cupcake,38000.0,1.0
2023-05-30,Paris Baguette,bánh mì sandwich,47000.0,1.0
2023-05-30,Paris Baguette,bánh croissant,27000.0,1.0
2023-05-30,Paris Baguette,bánh donut,18000.0,1.0
2023-05-30,Local Bakery,bánh sinh nhật,417000.0,1.0
2023-05-30,Local Bakery,bánh cupcake,41000.0,1.0
2023-05-30,Local Bakery,bánh mì sandwich,40000.0,1.0
2023-05-30,Local Bakery,bánh croissant,28000.0,1.0
2023-05-30,Local Bakery,bánh donut,17000.0,1.0
2023-05-31,ABC Bakery,bánh sinh nhật,397000.0,1.0
2023-05-31,ABC Bakery,bánh cupcake,38000.0,1.0
2023-05-31,ABC Bakery,bánh mì sandwich,49000.0,1.0
2023-05-31,ABC Bakery,bánh croissant,23000.0,1.0
2023-05-31,ABC Bakery,bánh donut,22000.0,1.0
2023-05-31,Paris Baguette,bánh sinh nhật,215000.0,1.0
2023-05-31,Paris Baguette,bánh cupcake,33000.0,1.0
2023-05-31,Paris Baguette,bánh mì sandwich,38000.0,1.0
2023-05-31,Paris Baguette,bánh croissant,25000.0,1.0
2023-05-31,Paris Baguette,bánh donut,19000.0,1.0
2023-05-31,Local Bakery,bánh sinh nhật,346000.0,1.0
2023-05-31,Local Bakery,bánh cupcake,39000.0,1.0
2023-05-31,Local Bakery,bánh mì sandwich,50000.0,1.0
2023-05-31,Local Bakery,bánh croissant,29000.0,1.0
2023-05-31,Local Bakery,bánh donut,19000.0,1.0
2023-06-01,ABC Bakery,bánh sinh nhật,301000.0,1.0
2023-06-01,ABC Bakery,bánh cupcake,32000.0,1.0
2023-06-01,ABC Bakery,bánh mì sandwich,48000.0,1.0
2023-06-01,ABC Bakery,bánh croissant,26000.0,1.0
2023-06-01,ABC Bakery,bánh donut,21000.0,1.0
2023-06-01,Paris Baguette,bánh sinh nhật,359000.0,1.0
2023-06-01,Paris Baguette,bánh cupcake,36000.0,1.0
2023-06-01,Paris Baguette,bánh mì sandwich,45000.0,1.0
2023-06-01,Paris Baguette,bánh croissant,26000.0,1.0
2023-06-01,Paris Baguette,bánh donut,18000.0,1.0
2023-06-01,Local Bakery,bánh sinh nhật,440000.0,1.0
2023-06-01,Local Bakery,bánh cupcake,35000.0,1.0
2023-06-01,Local Bakery,bánh mì sandwich,50000.0,1.0
2023-06-01,Local Bakery,bánh croissant,22000.0,1.0
2023-06-01,Local Bakery,bánh donut,19000.0,1.0
2023-06-02,ABC Bakery,bánh sinh nhật,294000.0,1.0
2023-06-02,ABC Bakery,bánh cupcake,36000.0,1.0
2023-06-02,ABC Bakery,bánh mì sandwich,43000.0,1.0
2023-06-02,ABC Bakery,bánh croissant,27000.0,1.0
2023-06-02,ABC Bakery,bánh donut,23000.0,1.0
2023-06-02,Paris Baguette,bánh sinh nhật,423000.0,1.0
2023-06-02,Paris Baguette,bánh cupcake,33000.0,1.0
2023-06-02,Paris Baguette,bánh mì sandwich,47000.0,1.0
2023-06-02,Paris Baguette,bánh croissant,27000.0,1.0
2023-06-02,Paris Baguette,bánh donut,19000.0,1.0
2023-06-02,Local Bakery,bánh sinh nhật,240000.0,1.0
2023-06-02,Local Bakery,bánh cupcake,32000.0,1.0
2023-06-02,Local Bakery,bánh mì sandwich,48000.0,1.0
2023-06-02,Local Bakery,bánh croissant,25000.0,1.0
2023-06-02,Local Bakery,bánh donut,20000.0,1.0
2023-06-03,ABC Bakery,bánh sinh nhật,318000.0,1.0
2023-06-03,ABC Bakery,bánh cupcake,35000.0,1.0
2023-06-03,ABC Bakery,bánh mì sandwich,46000.0,1.0
2023-06-03,ABC Bakery,bánh croissant,22000.0,1.0
2023-06-03,ABC Bakery,bánh donut,18000.0,1.0
2023-06-03,Paris Baguette,bánh sinh nhật,320000.0,1.0
2023-06-03,Paris Baguette,bánh cupcake,39000.0,1.0
2023-06-03,Paris Baguette,bánh mì sandwich,53000.0,1.0
2023-06-03,Paris Baguette,bánh croissant,27000.0,1.0
2023-06-03,Paris Baguette,bánh donut,23000.0,1.0
2023-06-03,Local Bakery,bánh sinh nhật,337000.0,1.0
2023-06-03,Local Bakery,bánh cupcake,40000.0,1.0
2023-06-03,Local Bakery,bánh mì sandwich,44000.0,1.0
2023-06-03,Local Bakery,bánh croissant,26000.0,1.0
2023-06-03,Local Bakery,bánh donut,20000.0,1.0
2023-06-04,ABC Bakery,bánh sinh nhật,443000.0,1.0
2023-06-04,ABC Bakery,bánh cupcake,33000.0,1.0
2023-06-04,ABC Bakery,bánh mì sandwich,46000.0,1.0
2023-06-04,ABC Bakery,bánh croissant,24000.0,1.0
2023-06-04,ABC Bakery,bánh donut,21000.0,1.0
2023-06-04,Paris Baguette,bánh sinh nhật,340000.0,1.0
2023-06-04,Paris Baguette,bánh cupcake,36000.0,1.0
2023-06-04,Paris Baguette,bánh mì sandwich,41000.0,1.0
2023-06-04,Paris Baguette,bánh croissant,25000.0,1.0
2023-06-04,Paris Baguette,bánh donut,24000.0,1.0
2023-06-04,Local Bakery,bánh sinh nhật,466000.0,1.0
2023-06-04,Local Bakery,bánh cupcake,29000.0,1.0
2023-06-04,Local Bakery,bánh mì sandwich,45000.0,1.0
2023-06-04,Local Bakery,bánh croissant,19000.0,1.0
2023-06-04,Local Bakery,bánh donut,21000.0,1.0
2023-06-05,ABC Bakery,bánh sinh nhật,325000.0,1.0
2023-06-05,ABC Bakery,bánh cupcake,36000.0,1.0
2023-06-05,ABC Bakery,bánh mì sandwich,41000.0,1.0
2023-06-05,ABC Bakery,bánh croissant,27000.0,1.0
2023-06-05,ABC Bakery,bánh donut,19000.0,1.0
2023-06-05,Paris Baguette,bánh sinh nhật,374000.0,1.0
2023-06-05,Paris Baguette,bánh cupcake,30000.0,1.0
2023-06-05,Paris Baguette,bánh mì sandwich,46000.0,1.0
2023-06-05,Paris Baguette,bánh croissant,23000.0,1.0
2023-06-05,Paris Baguette,bánh donut,20000.0,1.0
2023-06-05,Local Bakery,bánh sinh nhật,389000.0,1.0
2023-06-05,Local Bakery,bánh cupcake,31000.0,1.0
2023-06-05,Local Bakery,bánh mì sandwich,45000.0,1.0
2023-06-05,Local Bakery,bánh croissant,26000.0,1.0
2023-06-05,Local Bakery,bánh donut,17000.0,1.0
2023-06-06,ABC Bakery,bánh sinh nhật,278000.0,1.0
2023-06-06,ABC Bakery,bánh cupcake,40000.0,1.0
2023-06-06,ABC Bakery,bánh mì sandwich,52000.0,1.0
2023-06-06,ABC Bakery,bánh croissant,28000.0,1.0
2023-06-06,ABC Bakery,bánh donut,19000.0,1.0
2023-06-06,Paris Baguette,bánh sinh nhật,483000.0,1.0
2023-06-06,Paris Baguette,bánh cupcake,38000.0,1.0
2023-06-06,Paris Baguette,bánh mì sandwich,41000.0,1.0
2023-06-06,Paris Baguette,bánh croissant,24000.0,1.0
2023-06-06,Paris Baguette,bánh donut,18000.0,1.0
2023-06-06,Local Bakery,bánh sinh nhật,364000.0,1.0
2023-06-06,Local Bakery,bánh cupcake,33000.0,1.0
2023-06-06,Local Bakery,bánh mì sandwich,38000.0,1.0
2023-06-06,Local Bakery,bánh croissant,24000.0,1.0
2023-06-06,Local Bakery,bánh donut,19000.0,1.0
2023-06-07,ABC Bakery,bánh sinh nhật,361000.0,1.0
2023-06-07,ABC Bakery,bánh cupcake,36000.0,1.0
2023-06-07,ABC Bakery,bánh mì sandwich,43000.0,1.0
2023-06-07,ABC Bakery,bánh croissant,25000.0,1.0
2023-06-07,ABC Bakery,bánh donut,20000.0,1.0
2023-06-07,Paris Baguette,bánh sinh nhật,255000.0,1.0
2023-06-07,Paris Baguette,bánh cupcake,35000.0,1.0
2023-06-07,Paris Baguette,bánh mì sandwich,48000.0,1.0
2023-06-07,Paris Baguette,bánh croissant,20000.0,1.0
2023-06-07,Paris Baguette,bánh donut,22000.0,1.0
2023-06-07,Local Bakery,bánh sinh nhật,389000.0,1.0
2023-06-07,Local Bakery,bánh cupcake,35000.0,1.0
2023-06-07,Local Bakery,bánh mì sandwich,46000.0,1.0
2023-06-07,Local Bakery,bánh croissant,25000.0,1.0
2023-06-07,Local Bakery,bánh donut,19000.0,1.0
2023-06-08,ABC Bakery,bánh sinh nhật,408000.0,1.0
2023-06-08,ABC Bakery,bánh cupcake,31000.0,1.0
2023-06-08,ABC Bakery,bánh mì sandwich,46000.0,1.0
2023-06-08,ABC Bakery,bánh croissant,18000.0,1.0
2023-06-08,ABC Bakery,bánh donut,20000.0,1.0
2023-06-08,Paris Baguette,bánh sinh nhật,344000.0,1.0
2023-06-08,Paris Baguette,bánh cupcake,41000.0,1.0
2023-06-08,Paris Baguette,bánh mì sandwich,42000.0,1.0
2023-06-08,Paris Baguette,bánh croissant,25000.0,1.0
2023-06-08,Paris Baguette,bánh donut,18000.0,1.0
2023-06-08,Local Bakery,bánh sinh nhật,348000.0,1.0
2023-06-08,Local Bakery,bánh cupcake,40000.0,1.0
2023-06-08,Local Bakery,bánh mì sandwich,52000.0,1.0
2023-06-08,Local Bakery,bánh croissant,25000.0,1.0
2023-06-08,Local Bakery,bánh donut,20000.0,1.0
2023-06-09,ABC Bakery,bánh sinh nhật,307000.0,1.0
2023-06-09,ABC Bakery,bánh cupcake,37000.0,1.0
2023-06-09,ABC Bakery,bánh mì sandwich,47000.0,1.0
2023-06-09,ABC Bakery,bánh croissant,23000.0,1.0
2023-06-09,ABC Bakery,bánh donut,17000.0,1.0
2023-06-09,Paris Baguette,bánh sinh nhật,376000.0,1.0
2023-06-09,Paris Baguette,bánh cupcake,36000.0,1.0
2023-06-09,Paris Baguette,bánh mì sandwich,51000.0,1.0
2023-06-09,Paris Baguette,bánh croissant,25000.0,1.0
2023-06-09,Paris Baguette,bánh donut,19000.0,1.0
2023-06-09,Local Bakery,bánh sinh nhật,347000.0,1.0
2023-06-09,Local Bakery,bánh cupcake,30000.0,1.0
2023-06-09,Local Bakery,bánh mì sandwich,36000.0,1.0
2023-06-09,Local Bakery,bánh croissant,23000.0,1.0
2023-06-09,Local Bakery,bánh donut,19000.0,1.0
2023-06-10,ABC Bakery,bánh sinh nhật,346000.0,1.0
2023-06-10,ABC Bakery,bánh cupcake,31000.0,1.0
2023-06-10,ABC Bakery,bánh mì sandwich,46000.0,1.0
2023-06-10,ABC Bakery,bánh croissant,28000.0,1.0
2023-06-10,ABC Bakery,bánh donut,18000.0,1.0
2023-06-10,Paris Baguette,bánh sinh nhật,347000.0,1.0
2023-06-10,Paris Baguette,bánh cupcake,38000.0,1.0
2023-06-10,Paris Baguette,bánh mì sandwich,42000.0,1.0
2023-06-10,Paris Baguette,bánh croissant,21000.0,1.0
2023-06-10,Paris Baguette,bánh donut,22000.0,1.0
2023-06-10,Local Bakery,bánh sinh nhật,288000.0,1.0
2023-06-10,Local Bakery,bánh cupcake,49000.0,1.0
2023-06-10,Local Bakery,bánh mì sandwich,44000.0,1.0
2023-06-10,Local Bakery,bánh croissant,21000.0,1.0
2023-06-10,Local Bakery,bánh donut,21000.0,1.0
2023-06-11,ABC Bakery,bánh sinh nhật,382000.0,1.0
2023-06-11,ABC Bakery,bánh cupcake,35000.0,1.0
2023-06-11,ABC Bakery,bánh mì sandwich,48000.0,1.0
2023-06-11,ABC Bakery,bánh croissant,25000.0,1.0
2023-06-11,ABC Bakery,bánh donut,23000.0,1.0
2023-06-11,Paris Baguette,bánh sinh nhật,366000.0,1.0
2023-06-11,Paris Baguette,bánh cupcake,36000.0,1.0
2023-06-11,Paris Baguette,bánh mì sandwich,43000.0,1.0
2023-06-11,Paris Baguette,bánh croissant,27000.0,1.0
2023-06-11,Paris Baguette,bánh donut,19000.0,1.0
2023-06-11,Local Bakery,bánh sinh nhật,328000.0,1.0
2023-06-11,Local Bakery,bánh cupcake,32000.0,1.0
2023-06-11,Local Bakery,bánh mì sandwich,39000.0,1.0
2023-06-11,Local Bakery,bánh croissant,24000.0,1.0
2023-06-11,Local Bakery,bánh donut,20000.0,1.0
2023-06-12,ABC Bakery,bánh sinh nhật,365000.0,1.0
2023-06-12,ABC Bakery,bánh cupcake,33000.0,1.0
2023-06-12,ABC Bakery,bánh mì sandwich,44000.0,1.0
2023-06-12,ABC Bakery,bánh croissant,23000.0,1.0
2023-06-12,ABC Bakery,bánh donut,18000.0,1.0
2023-06-12,Paris Baguette,bánh sinh nhật,392000.0,1.0
2023-06-12,Paris Baguette,bánh cupcake,36000.0,1.0
2023-06-12,Paris Baguette,bánh mì sandwich,46000.0,1.0
2023-06-12,Paris Baguette,bánh croissant,23000.0,1.0
2023-06-12,Paris Baguette,bánh donut,19000.0,1.0
2023-06-12,Local Bakery,bánh sinh nhật,382000.0,1.0
2023-06-12,Local Bakery,bánh cupcake,36000.0,1.0
2023-06-12,Local Bakery,bánh mì sandwich,43000.0,1.0
2023-06-12,Local Bakery,bánh croissant,22000.0,1.0
2023-06-12,Local Bakery,bánh donut,24000.0,1.0
2023-06-13,ABC Bakery,bánh sinh nhật,332000.0,1.0
2023-06-13,ABC Bakery,bánh cupcake,30000.0,1.0
2023-06-13,ABC Bakery,bánh mì sandwich,40000.0,1.0
2023-06-13,ABC Bakery,bánh croissant,25000.0,1.0
2023-06-13,ABC Bakery,bánh donut,21000.0,1.0
2023-06-13,Paris Baguette,bánh sinh nhật,283000.0,1.0
2023-06-13,Paris Baguette,bánh cupcake,33000.0,1.0
2023-06-13,Paris Baguette,bánh mì sandwich,50000.0,1.0
2023-06-13,Paris Baguette,bánh croissant,22000.0,1.0
2023-06-13,Paris Baguette,bánh donut,19000.0,1.0
2023-06-13,Local Bakery,bánh sinh nhật,367000.0,1.0
2023-06-13,Local Bakery,bánh cupcake,32000.0,1.0
2023-06-13,Local Bakery,bánh mì sandwich,40000.0,1.0
2023-06-13,Local Bakery,bánh croissant,27000.0,1.0
2023-06-13,Local Bakery,bánh donut,21000.0,1.0
2023-06-14,ABC Bakery,bánh sinh nhật,349000.0,1.0
2023-06-14,ABC Bakery,bánh cupcake,31000.0,1.0
2023-06-14,ABC Bakery,bánh mì sandwich,41000.0,1.0
2023-06-14,ABC Bakery,bánh croissant,27000.0,1.0
2023-06-14,ABC Bakery,bánh donut,23000.0,1.0
2023-06-14,Paris Baguette,bánh sinh nhật,387000.0,1.0
2023-06-14,Paris Baguette,bánh cupcake,37000.0,1.0
2023-06-14,Paris Baguette,bánh mì sandwich,47000.0,1.0
2023-06-14,Paris Baguette,bánh croissant,22000.0,1.0
2023-06-14,Paris Baguette,bánh donut,24000.0,1.0
2023-06-14,Local Bakery,bánh sinh nhật,322000.0,1.0
2023-06-14,Local Bakery,bánh cupcake,34000.0,1.0
2023-06-14,Local Bakery,bánh mì sandwich,46000.0,1.0
2023-06-14,Local Bakery,bánh croissant,23000.0,1.0
2023-06-14,Local Bakery,bánh donut,20000.0,1.0
2023-06-15,ABC Bakery,bánh sinh nhật,384000.0,1.0
2023-06-15,ABC Bakery,bánh cupcake,44000.0,1.0
2023-06-15,ABC Bakery,bánh mì sandwich,47000.0,1.0
2023-06-15,ABC Bakery,bánh croissant,24000.0,1.0
2023-06-15,ABC Bakery,bánh donut,21000.0,1.0
2023-06-15,Paris Baguette,bánh sinh nhật,297000.0,1.0
2023-06-15,Paris Baguette,bánh cupcake,36000.0,1.0
2023-06-15,Paris Baguette,bánh mì sandwich,44000.0,1.0
2023-06-15,Paris Baguette,bánh croissant,21000.0,1.0
2023-06-15,Paris Baguette,bánh donut,23000.0,1.0
2023-06-15,Local Bakery,bánh sinh nhật,444000.0,1.0
2023-06-15,Local Bakery,bánh cupcake,35000.0,1.0
2023-06-15,Local Bakery,bánh mì sandwich,48000.0,1.0
2023-06-15,Local Bakery,bánh croissant,23000.0,1.0
2023-06-15,Local Bakery,bánh donut,23000.0,1.0
2023-06-16,ABC Bakery,bánh sinh nhật,386000.0,1.0
2023-06-16,ABC Bakery,bánh cupcake,31000.0,1.0
2023-06-16,ABC Bakery,bánh mì sandwich,47000.0,1.0
2023-06-16,ABC Bakery,bánh croissant,25000.0,1.0
2023-06-16,ABC Bakery,bánh donut,20000.0,1.0
2023-06-16,Paris Baguette,bánh sinh nhật,336000.0,1.0
2023-06-16,Paris Baguette,bánh cupcake,29000.0,1.0
2023-06-16,Paris Baguette,bánh mì sandwich,50000.0,1.0
2023-06-16,Paris Baguette,bánh croissant,24000.0,1.0
2023-06-16,Paris Baguette,bánh donut,18000.0,1.0
2023-06-16,Local Bakery,bánh sinh nhật,228000.0,1.0
2023-06-16,Local Bakery,bánh cupcake,42000.0,1.0
2023-06-16,Local Bakery,bánh mì sandwich,45000.0,1.0
2023-06-16,Local Bakery,bánh croissant,26000.0,1.0
2023-06-16,Local Bakery,bánh donut,19000.0,1.0
2023-06-17,ABC Bakery,bánh sinh nhật,371000.0,1.0
2023-06-17,ABC Bakery,bánh cupcake,36000.0,1.0
2023-06-17,ABC Bakery,bánh mì sandwich,41000.0,1.0
2023-06-17,ABC Bakery,bánh croissant,31000.0,1.0
2023-06-17,ABC Bakery,bánh donut,21000.0,1.0
2023-06-17,Paris Baguette,bánh sinh nhật,363000.0,1.0
2023-06-17,Paris Baguette,bánh cupcake,41000.0,1.0
2023-06-17,Paris Baguette,bánh mì sandwich,45000.0,1.0
2023-06-17,Paris Baguette,bánh croissant,27000.0,1.0
2023-06-17,Paris Baguette,bánh donut,21000.0,1.0
2023-06-17,Local Bakery,bánh sinh nhật,350000.0,1.0
2023-06-17,Local Bakery,bánh cupcake,35000.0,1.0
2023-06-17,Local Bakery,bánh mì sandwich,41000.0,1.0
2023-06-17,Local Bakery,bánh croissant,25000.0,1.0
2023-06-17,Local Bakery,bánh donut,20000.0,1.0
2023-06-18,ABC Bakery,bánh sinh nhật,367000.0,1.0
2023-06-18,ABC Bakery,bánh cupcake,35000.0,1.0
2023-06-18,ABC Bakery,bánh mì sandwich,41000.0,1.0
2023-06-18,ABC Bakery,bánh croissant,24000.0,1.0
2023-06-18,ABC Bakery,bánh donut,22000.0,1.0
2023-06-18,Paris Baguette,bánh sinh nhật,330000.0,1.0
2023-06-18,Paris Baguette,bánh cupcake,39000.0,1.0
2023-06-18,Paris Baguette,bánh mì sandwich,46000.0,1.0
2023-06-18,Paris Baguette,bánh croissant,23000.0,1.0
2023-06-18,Paris Baguette,bánh donut,20000.0,1.0
2023-06-18,Local Bakery,bánh sinh nhật,293000.0,1.0
2023-06-18,Local Bakery,bánh cupcake,41000.0,1.0
2023-06-18,Local Bakery,bánh mì sandwich,51000.0,1.0
2023-06-18,Local Bakery,bánh croissant,29000.0,1.0
2023-06-18,Local Bakery,bánh donut,20000.0,1.0
2023-06-19,ABC Bakery,bánh sinh nhật,325000.0,1.0
2023-06-19,ABC Bakery,bánh cupcake,37000.0,1.0
2023-06-19,ABC Bakery,bánh mì sandwich,50000.0,1.0
2023-06-19,ABC Bakery,bánh croissant,27000.0,1.0
2023-06-19,ABC Bakery,bánh donut,23000.0,1.0
2023-06-19,Paris Baguette,bánh sinh nhật,404000.0,1.0
2023-06-19,Paris Baguette,bánh cupcake,33000.0,1.0
2023-06-19,Paris Baguette,bánh mì sandwich,48000.0,1.0
2023-06-19,Paris Baguette,bánh croissant,32000.0,1.0
2023-06-19,Paris Baguette,bánh donut,20000.0,1.0
2023-06-19,Local Bakery,bánh sinh nhật,351000.0,1.0
2023-06-19,Local Bakery,bánh cupcake,39000.0,1.0
2023-06-19,Local Bakery,bánh mì sandwich,47000.0,1.0
2023-06-19,Local Bakery,bánh croissant,28000.0,1.0
2023-06-19,Local Bakery,bánh donut,16000.0,1.0
2023-06-20,ABC Bakery,bánh sinh nhật,328000.0,1.0
2023-06-20,ABC Bakery,bánh cupcake,43000.0,1.0
2023-06-20,ABC Bakery,bánh mì sandwich,49000.0,1.0
2023-06-20,ABC Bakery,bánh croissant,22000.0,1.0
2023-06-20,ABC Bakery,bánh donut,20000.0,1.0
2023-06-20,Paris Baguette,bánh sinh nhật,350000.0,1.0
2023-06-20,Paris Baguette,bánh cupcake,44000.0,1.0
2023-06-20,Paris Baguette,bánh mì sandwich,42000.0,1.0
2023-06-20,Paris Baguette,bánh croissant,22000.0,1.0
2023-06-20,Paris Baguette,bánh donut,21000.0,1.0
2023-06-20,Local Bakery,bánh sinh nhật,349000.0,1.0
2023-06-20,Local Bakery,bánh cupcake,30000.0,1.0
2023-06-20,Local Bakery,bánh mì sandwich,40000.0,1.0
2023-06-20,Local Bakery,bánh croissant,24000.0,1.0
2023-06-20,Local Bakery,bánh donut,22000.0,1.0
2023-06-21,ABC Bakery,bánh sinh nhật,386000.0,1.0
2023-06-21,ABC Bakery,bánh cupcake,32000.0,1.0
2023-06-21,ABC Bakery,bánh mì sandwich,52000.0,1.0
2023-06-21,ABC Bakery,bánh croissant,31000.0,1.0
2023-06-21,ABC Bakery,bánh donut,20000.0,1.0
2023-06-21,Paris Baguette,bánh sinh nhật,399000.0,1.0
2023-06-21,Paris Baguette,bánh cupcake,37000.0,1.0
2023-06-21,Paris Baguette,bánh mì sandwich,46000.0,1.0
2023-06-21,Paris Baguette,bánh croissant,25000.0,1.0
2023-06-21,Paris Baguette,bánh donut,20000.0,1.0
2023-06-21,Local Bakery,bánh sinh nhật,305000.0,1.0
2023-06-21,Local Bakery,bánh cupcake,30000.0,1.0
2023-06-21,Local Bakery,bánh mì sandwich,42000.0,1.0
2023-06-21,Local Bakery,bánh croissant,24000.0,1.0
2023-06-21,Local Bakery,bánh donut,20000.0,1.0
2023-06-22,ABC Bakery,bánh sinh nhật,290000.0,1.0
2023-06-22,ABC Bakery,bánh cupcake,42000.0,1.0
2023-06-22,ABC Bakery,bánh mì sandwich,42000.0,1.0
2023-06-22,ABC Bakery,bánh croissant,23000.0,1.0
2023-06-22,ABC Bakery,bánh donut,21000.0,1.0
2023-06-22,Paris Baguette,bánh sinh nhật,384000.0,1.0
2023-06-22,Paris Baguette,bánh cupcake,41000.0,1.0
2023-06-22,Paris Baguette,bánh mì sandwich,45000.0,1.0
2023-06-22,Paris Baguette,bánh croissant,29000.0,1.0
2023-06-22,Paris Baguette,bánh donut,21000.0,1.0
2023-06-22,Local Bakery,bánh sinh nhật,357000.0,1.0
2023-06-22,Local Bakery,bánh cupcake,41000.0,1.0
2023-06-22,Local Bakery,bánh mì sandwich,48000.0,1.0
2023-06-22,Local Bakery,bánh croissant,25000.0,1.0
2023-06-22,Local Bakery,bánh donut,15000.0,1.0
2023-06-23,ABC Bakery,bánh sinh nhật,353000.0,1.0
2023-06-23,ABC Bakery,bánh cupcake,36000.0,1.0
2023-06-23,ABC Bakery,bánh mì sandwich,39000.0,1.0
2023-06-23,ABC Bakery,bánh croissant,28000.0,1.0
2023-06-23,ABC Bakery,bánh donut,20000.0,1.0
2023-06-23,Paris Baguette,bánh sinh nhật,387000.0,1.0
2023-06-23,Paris Baguette,bánh cupcake,35000.0,1.0
2023-06-23,Paris Baguette,bánh mì sandwich,46000.0,1.0
2023-06-23,Paris Baguette,bánh croissant,26000.0,1.0
2023-06-23,Paris Baguette,bánh donut,21000.0,1.0
2023-06-23,Local Bakery,bánh sinh nhật,349000.0,1.0
2023-06-23,Local Bakery,bánh cupcake,26000.0,1.0
2023-06-23,Local Bakery,bánh mì sandwich,46000.0,1.0
2023-06-23,Local Bakery,bánh croissant,26000.0,1.0
2023-06-23,Local Bakery,bánh donut,17000.0,1.0
2023-06-24,ABC Bakery,bánh sinh nhật,384000.0,1.0
2023-06-24,ABC Bakery,bánh cupcake,36000.0,1.0
2023-06-24,ABC Bakery,bánh mì sandwich,45000.0,1.0
2023-06-24,ABC Bakery,bánh croissant,26000.0,1.0
2023-06-24,ABC Bakery,bánh donut,20000.0,1.0
2023-06-24,Paris Baguette,bánh sinh nhật,299000.0,1.0
2023-06-24,Paris Baguette,bánh cupcake,37000.0,1.0
2023-06-24,Paris Baguette,bánh mì sandwich,42000.0,1.0
2023-06-24,Paris Baguette,bánh croissant,22000.0,1.0
2023-06-24,Paris Baguette,bánh donut,18000.0,1.0
2023-06-24,Local Bakery,bánh sinh nhật,277000.0,1.0
2023-06-24,Local Bakery,bánh cupcake,32000.0,1.0
2023-06-24,Local Bakery,bánh mì sandwich,46000.0,1.0
2023-06-24,Local Bakery,bánh croissant,25000.0,1.0
2023-06-24,Local Bakery,bánh donut,17000.0,1.0
2023-06-25,ABC Bakery,bánh sinh nhật,321000.0,1.0
2023-06-25,ABC Bakery,bánh cupcake,39000.0,1.0
2023-06-25,ABC Bakery,bánh mì sandwich,48000.0,1.0
2023-06-25,ABC Bakery,bánh croissant,24000.0,1.0
2023-06-25,ABC Bakery,bánh donut,19000.0,1.0
2023-06-25,Paris Baguette,bánh sinh nhật,381000.0,1.0
2023-06-25,Paris Baguette,bánh cupcake,42000.0,1.0
2023-06-25,Paris Baguette,bánh mì sandwich,44000.0,1.0
2023-06-25,Paris Baguette,bánh croissant,33000.0,1.0
2023-06-25,Paris Baguette,bánh donut,20000.0,1.0
2023-06-25,Local Bakery,bánh sinh nhật,307000.0,1.0
2023-06-25,Local Bakery,bánh cupcake,36000.0,1.0
2023-06-25,Local Bakery,bánh mì sandwich,48000.0,1.0
2023-06-25,Local Bakery,bánh croissant,26000.0,1.0
2023-06-25,Local Bakery,bánh donut,22000.0,1.0
2023-06-26,ABC Bakery,bánh sinh nhật,320000.0,1.0
2023-06-26,ABC Bakery,bánh cupcake,34000.0,1.0
2023-06-26,ABC Bakery,bánh mì sandwich,37000.0,1.0
2023-06-26,ABC Bakery,bánh croissant,21000.0,1.0
2023-06-26,ABC Bakery,bánh donut,20000.0,1.0
2023-06-26,Paris Baguette,bánh sinh nhật,363000.0,1.0
2023-06-26,Paris Baguette,bánh cupcake,34000.0,1.0
2023-06-26,Paris Baguette,bánh mì sandwich,42000.0,1.0
2023-06-26,Paris Baguette,bánh croissant,22000.0,1.0
2023-06-26,Paris Baguette,bánh donut,17000.0,1.0
2023-06-26,Local Bakery,bánh sinh nhật,271000.0,1.0
2023-06-26,Local Bakery,bánh cupcake,36000.0,1.0
2023-06-26,Local Bakery,bánh mì sandwich,46000.0,1.0
2023-06-26,Local Bakery,bánh croissant,26000.0,1.0
2023-06-26,Local Bakery,bánh donut,19000.0,1.0
2023-06-27,ABC Bakery,bánh sinh nhật,359000.0,1.0
2023-06-27,ABC Bakery,bánh cupcake,39000.0,1.0
2023-06-27,ABC Bakery,bánh mì sandwich,43000.0,1.0
2023-06-27,ABC Bakery,bánh croissant,24000.0,1.0
2023-06-27,ABC Bakery,bánh donut,20000.0,1.0
2023-06-27,Paris Baguette,bánh sinh nhật,360000.0,1.0
2023-06-27,Paris Baguette,bánh cupcake,31000.0,1.0
2023-06-27,Paris Baguette,bánh mì sandwich,42000.0,1.0
2023-06-27,Paris Baguette,bánh croissant,25000.0,1.0
2023-06-27,Paris Baguette,bánh donut,20000.0,1.0
2023-06-27,Local Bakery,bánh sinh nhật,392000.0,1.0
2023-06-27,Local Bakery,bánh cupcake,33000.0,1.0
2023-06-27,Local Bakery,bánh mì sandwich,47000.0,1.0
2023-06-27,Local Bakery,bánh croissant,29000.0,1.0
2023-06-27,Local Bakery,bánh donut,20000.0,1.0
2023-06-28,ABC Bakery,bánh sinh nhật,362000.0,1.0
2023-06-28,ABC Bakery,bánh cupcake,33000.0,1.0
2023-06-28,ABC Bakery,bánh mì sandwich,44000.0,1.0
2023-06-28,ABC Bakery,bánh croissant,21000.0,1.0
2023-06-28,ABC Bakery,bánh donut,22000.0,1.0
2023-06-28,Paris Baguette,bánh sinh nhật,450000.0,1.0
2023-06-28,Paris Baguette,bánh cupcake,36000.0,1.0
2023-06-28,Paris Baguette,bánh mì sandwich,43000.0,1.0
2023-06-28,Paris Baguette,bánh croissant,31000.0,1.0
2023-06-28,Paris Baguette,bánh donut,19000.0,1.0
2023-06-28,Local Bakery,bánh sinh nhật,415000.0,1.0
2023-06-28,Local Bakery,bánh cupcake,35000.0,1.0
2023-06-28,Local Bakery,bánh mì sandwich,39000.0,1.0
2023-06-28,Local Bakery,bánh croissant,29000.0,1.0
2023-06-28,Local Bakery,bánh donut,21000.0,1.0
2023-06-29,ABC Bakery,bánh sinh nhật,408000.0,1.0
2023-06-29,ABC Bakery,bánh cupcake,32000.0,1.0
2023-06-29,ABC Bakery,bánh mì sandwich,44000.0,1.0
2023-06-29,ABC Bakery,bánh croissant,23000.0,1.0
2023-06-29,ABC Bakery,bánh donut,17000.0,1.0
2023-06-29,Paris Baguette,bánh sinh nhật,304000.0,1.0
2023-06-29,Paris Baguette,bánh cupcake,31000.0,1.0
2023-06-29,Paris Baguette,bánh mì sandwich,40000.0,1.0
2023-06-29,Paris Baguette,bánh croissant,22000.0,1.0
2023-06-29,Paris Baguette,bánh donut,16000.0,1.0
2023-06-29,Local Bakery,bánh sinh nhật,337000.0,1.0
2023-06-29,Local Bakery,bánh cupcake,37000.0,1.0
2023-06-29,Local Bakery,bánh mì sandwich,43000.0,1.0
2023-06-29,Local Bakery,bánh croissant,28000.0,1.0
2023-06-29,Local Bakery,bánh donut,21000.0,1.0
2023-06-30,ABC Bakery,bánh sinh nhật,356000.0,1.0
2023-06-30,ABC Bakery,bánh cupcake,35000.0,1.0
2023-06-30,ABC Bakery,bánh mì sandwich,46000.0,1.0
2023-06-30,ABC Bakery,bánh croissant,25000.0,1.0
2023-06-30,ABC Bakery,bánh donut,20000.0,1.0
2023-06-30,Paris Baguette,bánh sinh nhật,415000.0,1.0
2023-06-30,Paris Baguette,bánh cupcake,37000.0,1.0
2023-06-30,Paris Baguette,bánh mì sandwich,47000.0,1.0
2023-06-30,Paris Baguette,bánh croissant,24000.0,1.0
2023-06-30,Paris Baguette,bánh donut,20000.0,1.0
2023-06-30,Local Bakery,bánh sinh nhật,421000.0,1.0
2023-06-30,Local Bakery,bánh cupcake,41000.0,1.0
2023-06-30,Local Bakery,bánh mì sandwich,45000.0,1.0
2023-06-30,Local Bakery,bánh croissant,26000.0,1.0
2023-06-30,Local Bakery,bánh donut,19000.0,1.0
2023-07-01,ABC Bakery,bánh sinh nhật,430000.0,1.0
2023-07-01,ABC Bakery,bánh cupcake,33000.0,1.0
2023-07-01,ABC Bakery,bánh mì sandwich,49000.0,1.0
2023-07-01,ABC Bakery,bánh croissant,24000.0,1.0
2023-07-01,ABC Bakery,bánh donut,19000.0,1.0
2023-07-01,Paris Baguette,bánh sinh nhật,309000.0,1.0
2023-07-01,Paris Baguette,bánh cupcake,38000.0,1.0
2023-07-01,Paris Baguette,bánh mì sandwich,43000.0,1.0
2023-07-01,Paris Baguette,bánh croissant,27000.0,1.0
2023-07-01,Paris Baguette,bánh donut,20000.0,1.0
2023-07-01,Local Bakery,bánh sinh nhật,366000.0,1.0
2023-07-01,Local Bakery,bánh cupcake,33000.0,1.0
2023-07-01,Local Bakery,bánh mì sandwich,44000.0,1.0
2023-07-01,Local Bakery,bánh croissant,25000.0,1.0
2023-07-01,Local Bakery,bánh donut,19000.0,1.0
2023-07-02,ABC Bakery,bánh sinh nhật,382000.0,1.0
2023-07-02,ABC Bakery,bánh cupcake,26000.0,1.0
2023-07-02,ABC Bakery,bánh mì sandwich,46000.0,1.0
2023-07-02,ABC Bakery,bánh croissant,28000.0,1.0
2023-07-02,ABC Bakery,bánh donut,23000.0,1.0
2023-07-02,Paris Baguette,bánh sinh nhật,425000.0,1.0
2023-07-02,Paris Baguette,bánh cupcake,37000.0,1.0
2023-07-02,Paris Baguette,bánh mì sandwich,44000.0,1.0
2023-07-02,Paris Baguette,bánh croissant,32000.0,1.0
2023-07-02,Paris Baguette,bánh donut,21000.0,1.0
2023-07-02,Local Bakery,bánh sinh nhật,312000.0,1.0
2023-07-02,Local Bakery,bánh cupcake,35000.0,1.0
2023-07-02,Local Bakery,bánh mì sandwich,38000.0,1.0
2023-07-02,Local Bakery,bánh croissant,29000.0,1.0
2023-07-02,Local Bakery,bánh donut,19000.0,1.0
2023-07-03,ABC Bakery,bánh sinh nhật,368000.0,1.0
2023-07-03,ABC Bakery,bánh cupcake,37000.0,1.0
2023-07-03,ABC Bakery,bánh mì sandwich,43000.0,1.0
2023-07-03,ABC Bakery,bánh croissant,25000.0,1.0
2023-07-03,ABC Bakery,bánh donut,20000.0,1.0
2023-07-03,Paris Baguette,bánh sinh nhật,336000.0,1.0
2023-07-03,Paris Baguette,bánh cupcake,34000.0,1.0
2023-07-03,Paris Baguette,bánh mì sandwich,42000.0,1.0
2023-07-03,Paris Baguette,bánh croissant,21000.0,1.0
2023-07-03,Paris Baguette,bánh donut,15000.0,1.0
2023-07-03,Local Bakery,bánh sinh nhật,334000.0,1.0
2023-07-03,Local Bakery,bánh cupcake,33000.0,1.0
2023-07-03,Local Bakery,bánh mì sandwich,41000.0,1.0
2023-07-03,Local Bakery,bánh croissant,23000.0,1.0
2023-07-03,Local Bakery,bánh donut,18000.0,1.0
2023-07-04,ABC Bakery,bánh sinh nhật,445000.0,1.0
2023-07-04,ABC Bakery,bánh cupcake,38000.0,1.0
2023-07-04,ABC Bakery,bánh mì sandwich,46000.0,1.0
2023-07-04,ABC Bakery,bánh croissant,23000.0,1.0
2023-07-04,ABC Bakery,bánh donut,20000.0,1.0
2023-07-04,Paris Baguette,bánh sinh nhật,324000.0,1.0
2023-07-04,Paris Baguette,bánh cupcake,29000.0,1.0
2023-07-04,Paris Baguette,bánh mì sandwich,47000.0,1.0
2023-07-04,Paris Baguette,bánh croissant,29000.0,1.0
2023-07-04,Paris Baguette,bánh donut,20000.0,1.0
2023-07-04,Local Bakery,bánh sinh nhật,374000.0,1.0
2023-07-04,Local Bakery,bánh cupcake,37000.0,1.0
2023-07-04,Local Bakery,bánh mì sandwich,49000.0,1.0
2023-07-04,Local Bakery,bánh croissant,25000.0,1.0
2023-07-04,Local Bakery,bánh donut,21000.0,1.0
2023-07-05,ABC Bakery,bánh sinh nhật,277000.0,1.0
2023-07-05,ABC Bakery,bánh cupcake,29000.0,1.0
2023-07-05,ABC Bakery,bánh mì sandwich,50000.0,1.0
2023-07-05,ABC Bakery,bánh croissant,27000.0,1.0
2023-07-05,ABC Bakery,bánh donut,17000.0,1.0
2023-07-05,Paris Baguette,bánh sinh nhật,338000.0,1.0
2023-07-05,Paris Baguette,bánh cupcake,29000.0,1.0
2023-07-05,Paris Baguette,bánh mì sandwich,48000.0,1.0
2023-07-05,Paris Baguette,bánh croissant,22000.0,1.0
2023-07-05,Paris Baguette,bánh donut,22000.0,1.0
2023-07-05,Local Bakery,bánh sinh nhật,314000.0,1.0
2023-07-05,Local Bakery,bánh cupcake,38000.0,1.0
2023-07-05,Local Bakery,bánh mì sandwich,46000.0,1.0
2023-07-05,Local Bakery,bánh croissant,28000.0,1.0
2023-07-05,Local Bakery,bánh donut,19000.0,1.0
2023-07-06,ABC Bakery,bánh sinh nhật,256000.0,1.0
2023-07-06,ABC Bakery,bánh cupcake,29000.0,1.0
2023-07-06,ABC Bakery,bánh mì sandwich,47000.0,1.0
2023-07-06,ABC Bakery,bánh croissant,26000.0,1.0
2023-07-06,ABC Bakery,bánh donut,23000.0,1.0
2023-07-06,Paris Baguette,bánh sinh nhật,372000.0,1.0
2023-07-06,Paris Baguette,bánh cupcake,32000.0,1.0
2023-07-06,Paris Baguette,bánh mì sandwich,45000.0,1.0
2023-07-06,Paris Baguette,bánh croissant,29000.0,1.0
2023-07-06,Paris Baguette,bánh donut,18000.0,1.0
2023-07-06,Local Bakery,bánh sinh nhật,340000.0,1.0
2023-07-06,Local Bakery,bánh cupcake,33000.0,1.0
2023-07-06,Local Bakery,bánh mì sandwich,48000.0,1.0
2023-07-06,Local Bakery,bánh croissant,25000.0,1.0
2023-07-06,Local Bakery,bánh donut,19000.0,1.0
2023-07-07,ABC Bakery,bánh sinh nhật,328000.0,1.0
2023-07-07,ABC Bakery,bánh cupcake,28000.0,1.0
2023-07-07,ABC Bakery,bánh mì sandwich,42000.0,1.0
2023-07-07,ABC Bakery,bánh croissant,27000.0,1.0
2023-07-07,ABC Bakery,bánh donut,20000.0,1.0
2023-07-07,Paris Baguette,bánh sinh nhật,241000.0,1.0
2023-07-07,Paris Baguette,bánh cupcake,32000.0,1.0
2023-07-07,Paris Baguette,bánh mì sandwich,48000.0,1.0
2023-07-07,Paris Baguette,bánh croissant,23000.0,1.0
2023-07-07,Paris Baguette,bánh donut,21000.0,1.0
2023-07-07,Local Bakery,bánh sinh nhật,486000.0,1.0
2023-07-07,Local Bakery,bánh cupcake,32000.0,1.0
2023-07-07,Local Bakery,bánh mì sandwich,46000.0,1.0
2023-07-07,Local Bakery,bánh croissant,27000.0,1.0
2023-07-07,Local Bakery,bánh donut,23000.0,1.0
2023-07-08,ABC Bakery,bánh sinh nhật,315000.0,1.0
2023-07-08,ABC Bakery,bánh cupcake,39000.0,1.0
2023-07-08,ABC Bakery,bánh mì sandwich,43000.0,1.0
2023-07-08,ABC Bakery,bánh croissant,24000.0,1.0
2023-07-08,ABC Bakery,bánh donut,20000.0,1.0
2023-07-08,Paris Baguette,bánh sinh nhật,359000.0,1.0
2023-07-08,Paris Baguette,bánh cupcake,40000.0,1.0
2023-07-08,Paris Baguette,bánh mì sandwich,40000.0,1.0
2023-07-08,Paris Baguette,bánh croissant,29000.0,1.0
2023-07-08,Paris Baguette,bánh donut,22000.0,1.0
2023-07-08,Local Bakery,bánh sinh nhật,350000.0,1.0
2023-07-08,Local Bakery,bánh cupcake,32000.0,1.0
2023-07-08,Local Bakery,bánh mì sandwich,50000.0,1.0
2023-07-08,Local Bakery,bánh croissant,22000.0,1.0
2023-07-08,Local Bakery,bánh donut,20000.0,1.0
2023-07-09,ABC Bakery,bánh sinh nhật,389000.0,1.0
2023-07-09,ABC Bakery,bánh cupcake,31000.0,1.0
2023-07-09,ABC Bakery,bánh mì sandwich,43000.0,1.0
2023-07-09,ABC Bakery,bánh croissant,24000.0,1.0
2023-07-09,ABC Bakery,bánh donut,19000.0,1.0
2023-07-09,Paris Baguette,bánh sinh nhật,293000.0,1.0
2023-07-09,Paris Baguette,bánh cupcake,38000.0,1.0
2023-07-09,Paris Baguette,bánh mì sandwich,46000.0,1.0
2023-07-09,Paris Baguette,bánh croissant,29000.0,1.0
2023-07-09,Paris Baguette,bánh donut,20000.0,1.0
2023-07-09,Local Bakery,bánh sinh nhật,350000.0,1.0
2023-07-09,Local Bakery,bánh cupcake,39000.0,1.0
2023-07-09,Local Bakery,bánh mì sandwich,48000.0,1.0
2023-07-09,Local Bakery,bánh croissant,23000.0,1.0
2023-07-09,Local Bakery,bánh donut,20000.0,1.0
2023-07-10,ABC Bakery,bánh sinh nhật,395000.0,1.0
2023-07-10,ABC Bakery,bánh cupcake,33000.0,1.0
2023-07-10,ABC Bakery,bánh mì sandwich,45000.0,1.0
2023-07-10,ABC Bakery,bánh croissant,25000.0,1.0
2023-07-10,ABC Bakery,bánh donut,21000.0,1.0
2023-07-10,Paris Baguette,bánh sinh nhật,329000.0,1.0
2023-07-10,Paris Baguette,bánh cupcake,36000.0,1.0
2023-07-10,Paris Baguette,bánh mì sandwich,48000.0,1.0
2023-07-10,Paris Baguette,bánh croissant,26000.0,1.0
2023-07-10,Paris Baguette,bánh donut,22000.0,1.0
2023-07-10,Local Bakery,bánh sinh nhật,337000.0,1.0
2023-07-10,Local Bakery,bánh cupcake,36000.0,1.0
2023-07-10,Local Bakery,bánh mì sandwich,34000.0,1.0
2023-07-10,Local Bakery,bánh croissant,22000.0,1.0
2023-07-10,Local Bakery,bánh donut,17000.0,1.0
2023-07-11,ABC Bakery,bánh sinh nhật,400000.0,1.0
2023-07-11,ABC Bakery,bánh cupcake,30000.0,1.0
2023-07-11,ABC Bakery,bánh mì sandwich,50000.0,1.0
2023-07-11,ABC Bakery,bánh croissant,22000.0,1.0
2023-07-11,ABC Bakery,bánh donut,18000.0,1.0
2023-07-11,Paris Baguette,bánh sinh nhật,276000.0,1.0
2023-07-11,Paris Baguette,bánh cupcake,33000.0,1.0
2023-07-11,Paris Baguette,bánh mì sandwich,49000.0,1.0
2023-07-11,Paris Baguette,bánh croissant,24000.0,1.0
2023-07-11,Paris Baguette,bánh donut,17000.0,1.0
2023-07-11,Local Bakery,bánh sinh nhật,198000.0,1.0
2023-07-11,Local Bakery,bánh cupcake,36000.0,1.0
2023-07-11,Local Bakery,bánh mì sandwich,38000.0,1.0
2023-07-11,Local Bakery,bánh croissant,22000.0,1.0
2023-07-11,Local Bakery,bánh donut,21000.0,1.0
2023-07-12,ABC Bakery,bánh sinh nhật,305000.0,1.0
2023-07-12,ABC Bakery,bánh cupcake,43000.0,1.0
2023-07-12,ABC Bakery,bánh mì sandwich,47000.0,1.0
2023-07-12,ABC Bakery,bánh croissant,23000.0,1.0
2023-07-12,ABC Bakery,bánh donut,21000.0,1.0
2023-07-12,Paris Baguette,bánh sinh nhật,397000.0,1.0
2023-07-12,Paris Baguette,bánh cupcake,28000.0,1.0
2023-07-12,Paris Baguette,bánh mì sandwich,45000.0,1.0
2023-07-12,Paris Baguette,bánh croissant,33000.0,1.0
2023-07-12,Paris Baguette,bánh donut,20000.0,1.0
2023-07-12,Local Bakery,bánh sinh nhật,291000.0,1.0
2023-07-12,Local Bakery,bánh cupcake,34000.0,1.0
2023-07-12,Local Bakery,bánh mì sandwich,47000.0,1.0
2023-07-12,Local Bakery,bánh croissant,27000.0,1.0
2023-07-12,Local Bakery,bánh donut,18000.0,1.0
2023-07-13,ABC Bakery,bánh sinh nhật,377000.0,1.0
2023-07-13,ABC Bakery,bánh cupcake,40000.0,1.0
2023-07-13,ABC Bakery,bánh mì sandwich,41000.0,1.0
2023-07-13,ABC Bakery,bánh croissant,25000.0,1.0
2023-07-13,ABC Bakery,bánh donut,22000.0,1.0
2023-07-13,Paris Baguette,bánh sinh nhật,394000.0,1.0
2023-07-13,Paris Baguette,bánh cupcake,37000.0,1.0
2023-07-13,Paris Baguette,bánh mì sandwich,51000.0,1.0
2023-07-13,Paris Baguette,bánh croissant,24000.0,1.0
2023-07-13,Paris Baguette,bánh donut,19000.0,1.0
2023-07-13,Local Bakery,bánh sinh nhật,298000.0,1.0
2023-07-13,Local Bakery,bánh cupcake,38000.0,1.0
2023-07-13,Local Bakery,bánh mì sandwich,51000.0,1.0
2023-07-13,Local Bakery,bánh croissant,26000.0,1.0
2023-07-13,Local Bakery,bánh donut,18000.0,1.0
2023-07-14,ABC Bakery,bánh sinh nhật,368000.0,1.0
2023-07-14,ABC Bakery,bánh cupcake,38000.0,1.0
2023-07-14,ABC Bakery,bánh mì sandwich,47000.0,1.0
2023-07-14,ABC Bakery,bánh croissant,27000.0,1.0
2023-07-14,ABC Bakery,bánh donut,22000.0,1.0
2023-07-14,Paris Baguette,bánh sinh nhật,383000.0,1.0
2023-07-14,Paris Baguette,bánh cupcake,34000.0,1.0
2023-07-14,Paris Baguette,bánh mì sandwich,46000.0,1.0
2023-07-14,Paris Baguette,bánh croissant,26000.0,1.0
2023-07-14,Paris Baguette,bánh donut,20000.0,1.0
2023-07-14,Local Bakery,bánh sinh nhật,420000.0,1.0
2023-07-14,Local Bakery,bánh cupcake,36000.0,1.0
2023-07-14,Local Bakery,bánh mì sandwich,47000.0,1.0
2023-07-14,Local Bakery,bánh croissant,24000.0,1.0
2023-07-14,Local Bakery,bánh donut,20000.0,1.0
2023-07-15,ABC Bakery,bánh sinh nhật,287000.0,1.0
2023-07-15,ABC Bakery,bánh cupcake,31000.0,1.0
2023-07-15,ABC Bakery,bánh mì sandwich,42000.0,1.0
2023-07-15,ABC Bakery,bánh croissant,25000.0,1.0
2023-07-15,ABC Bakery,bánh donut,19000.0,1.0
2023-07-15,Paris Baguette,bánh sinh nhật,285000.0,1.0
2023-07-15,Paris Baguette,bánh cupcake,38000.0,1.0
2023-07-15,Paris Baguette,bánh mì sandwich,46000.0,1.0
2023-07-15,Paris Baguette,bánh croissant,20000.0,1.0
2023-07-15,Paris Baguette,bánh donut,21000.0,1.0
2023-07-15,Local Bakery,bánh sinh nhật,319000.0,1.0
2023-07-15,Local Bakery,bánh cupcake,36000.0,1.0
2023-07-15,Local Bakery,bánh mì sandwich,46000.0,1.0
2023-07-15,Local Bakery,bánh croissant,27000.0,1.0
2023-07-15,Local Bakery,bánh donut,18000.0,1.0
2023-07-16,ABC Bakery,bánh sinh nhật,302000.0,1.0
2023-07-16,ABC Bakery,bánh cupcake,36000.0,1.0
2023-07-16,ABC Bakery,bánh mì sandwich,47000.0,1.0
2023-07-16,ABC Bakery,bánh croissant,27000.0,1.0
2023-07-16,ABC Bakery,bánh donut,20000.0,1.0
2023-07-16,Paris Baguette,bánh sinh nhật,376000.0,1.0
2023-07-16,Paris Baguette,bánh cupcake,36000.0,1.0
2023-07-16,Paris Baguette,bánh mì sandwich,44000.0,1.0
2023-07-16,Paris Baguette,bánh croissant,27000.0,1.0
2023-07-16,Paris Baguette,bánh donut,18000.0,1.0
2023-07-16,Local Bakery,bánh sinh nhật,451000.0,1.0
2023-07-16,Local Bakery,bánh cupcake,30000.0,1.0
2023-07-16,Local Bakery,bánh mì sandwich,43000.0,1.0
2023-07-16,Local Bakery,bánh croissant,24000.0,1.0
2023-07-16,Local Bakery,bánh donut,25000.0,1.0
2023-07-17,ABC Bakery,bánh sinh nhật,304000.0,1.0
2023-07-17,ABC Bakery,bánh cupcake,36000.0,1.0
2023-07-17,ABC Bakery,bánh mì sandwich,49000.0,1.0
2023-07-17,ABC Bakery,bánh croissant,24000.0,1.0
2023-07-17,ABC Bakery,bánh donut,23000.0,1.0
2023-07-17,Paris Baguette,bánh sinh nhật,351000.0,1.0
2023-07-17,Paris Baguette,bánh cupcake,33000.0,1.0
2023-07-17,Paris Baguette,bánh mì sandwich,37000.0,1.0
2023-07-17,Paris Baguette,bánh croissant,25000.0,1.0
2023-07-17,Paris Baguette,bánh donut,20000.0,1.0
2023-07-17,Local Bakery,bánh sinh nhật,338000.0,1.0
2023-07-17,Local Bakery,bánh cupcake,33000.0,1.0
2023-07-17,Local Bakery,bánh mì sandwich,46000.0,1.0
2023-07-17,Local Bakery,bánh croissant,21000.0,1.0
2023-07-17,Local Bakery,bánh donut,24000.0,1.0
2023-07-18,ABC Bakery,bánh sinh nhật,194000.0,1.0
2023-07-18,ABC Bakery,bánh cupcake,36000.0,1.0
2023-07-18,ABC Bakery,bánh mì sandwich,42000.0,1.0
2023-07-18,ABC Bakery,bánh croissant,25000.0,1.0
2023-07-18,ABC Bakery,bánh donut,21000.0,1.0
2023-07-18,Paris Baguette,bánh sinh nhật,319000.0,1.0
2023-07-18,Paris Baguette,bánh cupcake,36000.0,1.0
2023-07-18,Paris Baguette,bánh mì sandwich,43000.0,1.0
2023-07-18,Paris Baguette,bánh croissant,23000.0,1.0
2023-07-18,Paris Baguette,bánh donut,23000.0,1.0
2023-07-18,Local Bakery,bánh sinh nhật,391000.0,1.0
2023-07-18,Local Bakery,bánh cupcake,38000.0,1.0
2023-07-18,Local Bakery,bánh mì sandwich,52000.0,1.0
2023-07-18,Local Bakery,bánh croissant,26000.0,1.0
2023-07-18,Local Bakery,bánh donut,19000.0,1.0
2023-07-19,ABC Bakery,bánh sinh nhật,374000.0,1.0
2023-07-19,ABC Bakery,bánh cupcake,35000.0,1.0
2023-07-19,ABC Bakery,bánh mì sandwich,48000.0,1.0
2023-07-19,ABC Bakery,bánh croissant,19000.0,1.0
2023-07-19,ABC Bakery,bánh donut,17000.0,1.0
2023-07-19,Paris Baguette,bánh sinh nhật,261000.0,1.0
2023-07-19,Paris Baguette,bánh cupcake,42000.0,1.0
2023-07-19,Paris Baguette,bánh mì sandwich,45000.0,1.0
2023-07-19,Paris Baguette,bánh croissant,24000.0,1.0
2023-07-19,Paris Baguette,bánh donut,19000.0,1.0
2023-07-19,Local Bakery,bánh sinh nhật,276000.0,1.0
2023-07-19,Local Bakery,bánh cupcake,36000.0,1.0
2023-07-19,Local Bakery,bánh mì sandwich,47000.0,1.0
2023-07-19,Local Bakery,bánh croissant,27000.0,1.0
2023-07-19,Local Bakery,bánh donut,22000.0,1.0
2023-07-20,ABC Bakery,bánh sinh nhật,334000.0,1.0
2023-07-20,ABC Bakery,bánh cupcake,33000.0,1.0
2023-07-20,ABC Bakery,bánh mì sandwich,50000.0,1.0
2023-07-20,ABC Bakery,bánh croissant,26000.0,1.0
2023-07-20,ABC Bakery,bánh donut,19000.0,1.0
2023-07-20,Paris Baguette,bánh sinh nhật,290000.0,1.0
2023-07-20,Paris Baguette,bánh cupcake,35000.0,1.0
2023-07-20,Paris Baguette,bánh mì sandwich,49000.0,1.0
2023-07-20,Paris Baguette,bánh croissant,26000.0,1.0
2023-07-20,Paris Baguette,bánh donut,21000.0,1.0
2023-07-20,Local Bakery,bánh sinh nhật,381000.0,1.0
2023-07-20,Local Bakery,bánh cupcake,36000.0,1.0
2023-07-20,Local Bakery,bánh mì sandwich,48000.0,1.0
2023-07-20,Local Bakery,bánh croissant,24000.0,1.0
2023-07-20,Local Bakery,bánh donut,23000.0,1.0
2023-07-21,ABC Bakery,bánh sinh nhật,409000.0,1.0
2023-07-21,ABC Bakery,bánh cupcake,40000.0,1.0
2023-07-21,ABC Bakery,bánh mì sandwich,48000.0,1.0
2023-07-21,ABC Bakery,bánh croissant,23000.0,1.0
2023-07-21,ABC Bakery,bánh donut,21000.0,1.0
2023-07-21,Paris Baguette,bánh sinh nhật,338000.0,1.0
2023-07-21,Paris Baguette,bánh cupcake,31000.0,1.0
2023-07-21,Paris Baguette,bánh mì sandwich,46000.0,1.0
2023-07-21,Paris Baguette,bánh croissant,27000.0,1.0
2023-07-21,Paris Baguette,bánh donut,20000.0,1.0
2023-07-21,Local Bakery,bánh sinh nhật,286000.0,1.0
2023-07-21,Local Bakery,bánh cupcake,33000.0,1.0
2023-07-21,Local Bakery,bánh mì sandwich,47000.0,1.0
2023-07-21,Local Bakery,bánh croissant,27000.0,1.0
2023-07-21,Local Bakery,bánh donut,20000.0,1.0
2023-07-22,ABC Bakery,bánh sinh nhật,437000.0,1.0
2023-07-22,ABC Bakery,bánh cupcake,37000.0,1.0
2023-07-22,ABC Bakery,bánh mì sandwich,45000.0,1.0
2023-07-22,ABC Bakery,bánh croissant,26000.0,1.0
2023-07-22,ABC Bakery,bánh donut,20000.0,1.0
2023-07-22,Paris Baguette,bánh sinh nhật,367000.0,1.0
2023-07-22,Paris Baguette,bánh cupcake,30000.0,1.0
2023-07-22,Paris Baguette,bánh mì sandwich,44000.0,1.0
2023-07-22,Paris Baguette,bánh croissant,24000.0,1.0
2023-07-22,Paris Baguette,bánh donut,20000.0,1.0
2023-07-22,Local Bakery,bánh sinh nhật,313000.0,1.0
2023-07-22,Local Bakery,bánh cupcake,35000.0,1.0
2023-07-22,Local Bakery,bánh mì sandwich,46000.0,1.0
2023-07-22,Local Bakery,bánh croissant,29000.0,1.0
2023-07-22,Local Bakery,bánh donut,19000.0,1.0
2023-07-23,ABC Bakery,bánh sinh nhật,343000.0,1.0
2023-07-23,ABC Bakery,bánh cupcake,38000.0,1.0
2023-07-23,ABC Bakery,bánh mì sandwich,43000.0,1.0
2023-07-23,ABC Bakery,bánh croissant,27000.0,1.0
2023-07-23,ABC Bakery,bánh donut,23000.0,1.0
2023-07-23,Paris Baguette,bánh sinh nhật,288000.0,1.0
2023-07-23,Paris Baguette,bánh cupcake,38000.0,1.0
2023-07-23,Paris Baguette,bánh mì sandwich,45000.0,1.0
2023-07-23,Paris Baguette,bánh croissant,28000.0,1.0
2023-07-23,Paris Baguette,bánh donut,24000.0,1.0
2023-07-23,Local Bakery,bánh sinh nhật,311000.0,1.0
2023-07-23,Local Bakery,bánh cupcake,32000.0,1.0
2023-07-23,Local Bakery,bánh mì sandwich,41000.0,1.0
2023-07-23,Local Bakery,bánh croissant,27000.0,1.0
2023-07-23,Local Bakery,bánh donut,20000.0,1.0
2023-07-24,ABC Bakery,bánh sinh nhật,332000.0,1.0
2023-07-24,ABC Bakery,bánh cupcake,34000.0,1.0
2023-07-24,ABC Bakery,bánh mì sandwich,42000.0,1.0
2023-07-24,ABC Bakery,bánh croissant,24000.0,1.0
2023-07-24,ABC Bakery,bánh donut,19000.0,1.0
2023-07-24,Paris Baguette,bánh sinh nhật,361000.0,1.0
2023-07-24,Paris Baguette,bánh cupcake,23000.0,1.0
2023-07-24,Paris Baguette,bánh mì sandwich,48000.0,1.0
2023-07-24,Paris Baguette,bánh croissant,20000.0,1.0
2023-07-24,Paris Baguette,bánh donut,19000.0,1.0
2023-07-24,Local Bakery,bánh sinh nhật,333000.0,1.0
2023-07-24,Local Bakery,bánh cupcake,31000.0,1.0
2023-07-24,Local Bakery,bánh mì sandwich,45000.0,1.0
2023-07-24,Local Bakery,bánh croissant,23000.0,1.0
2023-07-24,Local Bakery,bánh donut,16000.0,1.0
2023-07-25,ABC Bakery,bánh sinh nhật,320000.0,1.0
2023-07-25,ABC Bakery,bánh cupcake,32000.0,1.0
2023-07-25,ABC Bakery,bánh mì sandwich,39000.0,1.0
2023-07-25,ABC Bakery,bánh croissant,25000.0,1.0
2023-07-25,ABC Bakery,bánh donut,21000.0,1.0
2023-07-25,Paris Baguette,bánh sinh nhật,385000.0,1.0
2023-07-25,Paris Baguette,bánh cupcake,33000.0,1.0
2023-07-25,Paris Baguette,bánh mì sandwich,48000.0,1.0
2023-07-25,Paris Baguette,bánh croissant,26000.0,1.0
2023-07-25,Paris Baguette,bánh donut,21000.0,1.0
2023-07-25,Local Bakery,bánh sinh nhật,415000.0,1.0
2023-07-25,Local Bakery,bánh cupcake,36000.0,1.0
2023-07-25,Local Bakery,bánh mì sandwich,39000.0,1.0
2023-07-25,Local Bakery,bánh croissant,26000.0,1.0
2023-07-25,Local Bakery,bánh donut,21000.0,1.0
2023-07-26,ABC Bakery,bánh sinh nhật,308000.0,1.0
2023-07-26,ABC Bakery,bánh cupcake,40000.0,1.0
2023-07-26,ABC Bakery,bánh mì sandwich,47000.0,1.0
2023-07-26,ABC Bakery,bánh croissant,28000.0,1.0
2023-07-26,ABC Bakery,bánh donut,19000.0,1.0
2023-07-26,Paris Baguette,bánh sinh nhật,430000.0,1.0
2023-07-26,Paris Baguette,bánh cupcake,41000.0,1.0
2023-07-26,Paris Baguette,bánh mì sandwich,49000.0,1.0
2023-07-26,Paris Baguette,bánh croissant,27000.0,1.0
2023-07-26,Paris Baguette,bánh donut,21000.0,1.0
2023-07-26,Local Bakery,bánh sinh nhật,287000.0,1.0
2023-07-26,Local Bakery,bánh cupcake,33000.0,1.0
2023-07-26,Local Bakery,bánh mì sandwich,45000.0,1.0
2023-07-26,Local Bakery,bánh croissant,23000.0,1.0
2023-07-26,Local Bakery,bánh donut,20000.0,1.0
2023-07-27,ABC Bakery,bánh sinh nhật,230000.0,1.0
2023-07-27,ABC Bakery,bánh cupcake,32000.0,1.0
2023-07-27,ABC Bakery,bánh mì sandwich,47000.0,1.0
2023-07-27,ABC Bakery,bánh croissant,26000.0,1.0
2023-07-27,ABC Bakery,bánh donut,16000.0,1.0
2023-07-27,Paris Baguette,bánh sinh nhật,379000.0,1.0
2023-07-27,Paris Baguette,bánh cupcake,30000.0,1.0
2023-07-27,Paris Baguette,bánh mì sandwich,43000.0,1.0
2023-07-27,Paris Baguette,bánh croissant,26000.0,1.0
2023-07-27,Paris Baguette,bánh donut,21000.0,1.0
2023-07-27,Local Bakery,bánh sinh nhật,291000.0,1.0
2023-07-27,Local Bakery,bánh cupcake,35000.0,1.0
2023-07-27,Local Bakery,bánh mì sandwich,45000.0,1.0
2023-07-27,Local Bakery,bánh croissant,28000.0,1.0
2023-07-27,Local Bakery,bánh donut,21000.0,1.0
2023-07-28,ABC Bakery,bánh sinh nhật,359000.0,1.0
2023-07-28,ABC Bakery,bánh cupcake,36000.0,1.0
2023-07-28,ABC Bakery,bánh mì sandwich,45000.0,1.0
2023-07-28,ABC Bakery,bánh croissant,26000.0,1.0
2023-07-28,ABC Bakery,bánh donut,20000.0,1.0
2023-07-28,Paris Baguette,bánh sinh nhật,315000.0,1.0
2023-07-28,Paris Baguette,bánh cupcake,31000.0,1.0
2023-07-28,Paris Baguette,bánh mì sandwich,43000.0,1.0
2023-07-28,Paris Baguette,bánh croissant,24000.0,1.0
2023-07-28,Paris Baguette,bánh donut,17000.0,1.0
2023-07-28,Local Bakery,bánh sinh nhật,356000.0,1.0
2023-07-28,Local Bakery,bánh cupcake,31000.0,1.0
2023-07-28,Local Bakery,bánh mì sandwich,48000.0,1.0
2023-07-28,Local Bakery,bánh croissant,29000.0,1.0
2023-07-28,Local Bakery,bánh donut,18000.0,1.0
2023-07-29,ABC Bakery,bánh sinh nhật,341000.0,1.0
2023-07-29,ABC Bakery,bánh cupcake,29000.0,1.0
2023-07-29,ABC Bakery,bánh mì sandwich,49000.0,1.0
2023-07-29,ABC Bakery,bánh croissant,26000.0,1.0
2023-07-29,ABC Bakery,bánh donut,22000.0,1.0
2023-07-29,Paris Baguette,bánh sinh nhật,364000.0,1.0
2023-07-29,Paris Baguette,bánh cupcake,33000.0,1.0
2023-07-29,Paris Baguette,bánh mì sandwich,45000.0,1.0
2023-07-29,Paris Baguette,bánh croissant,26000.0,1.0
2023-07-29,Paris Baguette,bánh donut,19000.0,1.0
2023-07-29,Local Bakery,bánh sinh nhật,424000.0,1.0
2023-07-29,Local Bakery,bánh cupcake,31000.0,1.0
2023-07-29,Local Bakery,bánh mì sandwich,54000.0,1.0
2023-07-29,Local Bakery,bánh croissant,24000.0,1.0
2023-07-29,Local Bakery,bánh donut,19000.0,1.0
2023-07-30,ABC Bakery,bánh sinh nhật,392000.0,1.0
2023-07-30,ABC Bakery,bánh cupcake,34000.0,1.0
2023-07-30,ABC Bakery,bánh mì sandwich,43000.0,1.0
2023-07-30,ABC Bakery,bánh croissant,24000.0,1.0
2023-07-30,ABC Bakery,bánh donut,19000.0,1.0
2023-07-30,Paris Baguette,bánh sinh nhật,390000.0,1.0
2023-07-30,Paris Baguette,bánh cupcake,41000.0,1.0
2023-07-30,Paris Baguette,bánh mì sandwich,45000.0,1.0
2023-07-30,Paris Baguette,bánh croissant,27000.0,1.0
2023-07-30,Paris Baguette,bánh donut,17000.0,1.0
2023-07-30,Local Bakery,bánh sinh nhật,360000.0,1.0
2023-07-30,Local Bakery,bánh cupcake,32000.0,1.0
2023-07-30,Local Bakery,bánh mì sandwich,52000.0,1.0
2023-07-30,Local Bakery,bánh croissant,24000.0,1.0
2023-07-30,Local Bakery,bánh donut,20000.0,1.0
2023-07-31,ABC Bakery,bánh sinh nhật,319000.0,1.0
2023-07-31,ABC Bakery,bánh cupcake,39000.0,1.0
2023-07-31,ABC Bakery,bánh mì sandwich,42000.0,1.0
2023-07-31,ABC Bakery,bánh croissant,23000.0,1.0
2023-07-31,ABC Bakery,bánh donut,23000.0,1.0
2023-07-31,Paris Baguette,bánh sinh nhật,363000.0,1.0
2023-07-31,Paris Baguette,bánh cupcake,39000.0,1.0
2023-07-31,Paris Baguette,bánh mì sandwich,35000.0,1.0
2023-07-31,Paris Baguette,bánh croissant,24000.0,1.0
2023-07-31,Paris Baguette,bánh donut,20000.0,1.0
2023-07-31,Local Bakery,bánh sinh nhật,298000.0,1.0
2023-07-31,Local Bakery,bánh cupcake,31000.0,1.0
2023-07-31,Local Bakery,bánh mì sandwich,46000.0,1.0
2023-07-31,Local Bakery,bánh croissant,26000.0,1.0
2023-07-31,Local Bakery,bánh donut,20000.0,1.0
2023-08-01,ABC Bakery,bánh sinh nhật,364000.0,1.0
2023-08-01,ABC Bakery,bánh cupcake,46000.0,1.0
2023-08-01,ABC Bakery,bánh mì sandwich,48000.0,1.0
2023-08-01,ABC Bakery,bánh croissant,22000.0,1.0
2023-08-01,ABC Bakery,bánh donut,21000.0,1.0
2023-08-01,Paris Baguette,bánh sinh nhật,366000.0,1.0
2023-08-01,Paris Baguette,bánh cupcake,34000.0,1.0
2023-08-01,Paris Baguette,bánh mì sandwich,45000.0,1.0
2023-08-01,Paris Baguette,bánh croissant,23000.0,1.0
2023-08-01,Paris Baguette,bánh donut,21000.0,1.0
2023-08-01,Local Bakery,bánh sinh nhật,376000.0,1.0
2023-08-01,Local Bakery,bánh cupcake,41000.0,1.0
2023-08-01,Local Bakery,bánh mì sandwich,44000.0,1.0
2023-08-01,Local Bakery,bánh croissant,22000.0,1.0
2023-08-01,Local Bakery,bánh donut,20000.0,1.0
2023-08-02,ABC Bakery,bánh sinh nhật,318000.0,1.0
2023-08-02,ABC Bakery,bánh cupcake,35000.0,1.0
2023-08-02,ABC Bakery,bánh mì sandwich,45000.0,1.0
2023-08-02,ABC Bakery,bánh croissant,21000.0,1.0
2023-08-02,ABC Bakery,bánh donut,17000.0,1.0
2023-08-02,Paris Baguette,bánh sinh nhật,343000.0,1.0
2023-08-02,Paris Baguette,bánh cupcake,38000.0,1.0
2023-08-02,Paris Baguette,bánh mì sandwich,42000.0,1.0
2023-08-02,Paris Baguette,bánh croissant,26000.0,1.0
2023-08-02,Paris Baguette,bánh donut,18000.0,1.0
2023-08-02,Local Bakery,bánh sinh nhật,355000.0,1.0
2023-08-02,Local Bakery,bánh cupcake,33000.0,1.0
2023-08-02,Local Bakery,bánh mì sandwich,39000.0,1.0
2023-08-02,Local Bakery,bánh croissant,24000.0,1.0
2023-08-02,Local Bakery,bánh donut,18000.0,1.0
2023-08-03,ABC Bakery,bánh sinh nhật,363000.0,1.0
2023-08-03,ABC Bakery,bánh cupcake,37000.0,1.0
2023-08-03,ABC Bakery,bánh mì sandwich,38000.0,1.0
2023-08-03,ABC Bakery,bánh croissant,25000.0,1.0
2023-08-03,ABC Bakery,bánh donut,20000.0,1.0
2023-08-03,Paris Baguette,bánh sinh nhật,324000.0,1.0
2023-08-03,Paris Baguette,bánh cupcake,36000.0,1.0
2023-08-03,Paris Baguette,bánh mì sandwich,41000.0,1.0
2023-08-03,Paris Baguette,bánh croissant,24000.0,1.0
2023-08-03,Paris Baguette,bánh donut,21000.0,1.0
2023-08-03,Local Bakery,bánh sinh nhật,280000.0,1.0
2023-08-03,Local Bakery,bánh cupcake,36000.0,1.0
2023-08-03,Local Bakery,bánh mì sandwich,42000.0,1.0
2023-08-03,Local Bakery,bánh croissant,30000.0,1.0
2023-08-03,Local Bakery,bánh donut,22000.0,1.0
2023-08-04,ABC Bakery,bánh sinh nhật,276000.0,1.0
2023-08-04,ABC Bakery,bánh cupcake,38000.0,1.0
2023-08-04,ABC Bakery,bánh mì sandwich,47000.0,1.0
2023-08-04,ABC Bakery,bánh croissant,28000.0,1.0
2023-08-04,ABC Bakery,bánh donut,21000.0,1.0
2023-08-04,Paris Baguette,bánh sinh nhật,369000.0,1.0
2023-08-04,Paris Baguette,bánh cupcake,40000.0,1.0
2023-08-04,Paris Baguette,bánh mì sandwich,46000.0,1.0
2023-08-04,Paris Baguette,bánh croissant,23000.0,1.0
2023-08-04,Paris Baguette,bánh donut,20000.0,1.0
2023-08-04,Local Bakery,bánh sinh nhật,296000.0,1.0
2023-08-04,Local Bakery,bánh cupcake,38000.0,1.0
2023-08-04,Local Bakery,bánh mì sandwich,44000.0,1.0
2023-08-04,Local Bakery,bánh croissant,25000.0,1.0
2023-08-04,Local Bakery,bánh donut,18000.0,1.0
2023-08-05,ABC Bakery,bánh sinh nhật,339000.0,1.0
2023-08-05,ABC Bakery,bánh cupcake,37000.0,1.0
2023-08-05,ABC Bakery,bánh mì sandwich,44000.0,1.0
2023-08-05,ABC Bakery,bánh croissant,30000.0,1.0
2023-08-05,ABC Bakery,bánh donut,22000.0,1.0
2023-08-05,Paris Baguette,bánh sinh nhật,309000.0,1.0
2023-08-05,Paris Baguette,bánh cupcake,36000.0,1.0
2023-08-05,Paris Baguette,bánh mì sandwich,50000.0,1.0
2023-08-05,Paris Baguette,bánh croissant,23000.0,1.0
2023-08-05,Paris Baguette,bánh donut,23000.0,1.0
2023-08-05,Local Bakery,bánh sinh nhật,384000.0,1.0
2023-08-05,Local Bakery,bánh cupcake,37000.0,1.0
2023-08-05,Local Bakery,bánh mì sandwich,44000.0,1.0
2023-08-05,Local Bakery,bánh croissant,24000.0,1.0
2023-08-05,Local Bakery,bánh donut,20000.0,1.0
2023-08-06,ABC Bakery,bánh sinh nhật,345000.0,1.0
2023-08-06,ABC Bakery,bánh cupcake,35000.0,1.0
2023-08-06,ABC Bakery,bánh mì sandwich,44000.0,1.0
2023-08-06,ABC Bakery,bánh croissant,27000.0,1.0
2023-08-06,ABC Bakery,bánh donut,21000.0,1.0
2023-08-06,Paris Baguette,bánh sinh nhật,336000.0,1.0
2023-08-06,Paris Baguette,bánh cupcake,29000.0,1.0
2023-08-06,Paris Baguette,bánh mì sandwich,43000.0,1.0
2023-08-06,Paris Baguette,bánh croissant,27000.0,1.0
2023-08-06,Paris Baguette,bánh donut,21000.0,1.0
2023-08-06,Local Bakery,bánh sinh nhật,331000.0,1.0
2023-08-06,Local Bakery,bánh cupcake,39000.0,1.0
2023-08-06,Local Bakery,bánh mì sandwich,48000.0,1.0
2023-08-06,Local Bakery,bánh croissant,22000.0,1.0
2023-08-06,Local Bakery,bánh donut,24000.0,1.0
2023-08-07,ABC Bakery,bánh sinh nhật,371000.0,1.0
2023-08-07,ABC Bakery,bánh cupcake,35000.0,1.0
2023-08-07,ABC Bakery,bánh mì sandwich,52000.0,1.0
2023-08-07,ABC Bakery,bánh croissant,25000.0,1.0
2023-08-07,ABC Bakery,bánh donut,21000.0,1.0
2023-08-07,Paris Baguette,bánh sinh nhật,474000.0,1.0
2023-08-07,Paris Baguette,bánh cupcake,34000.0,1.0
2023-08-07,Paris Baguette,bánh mì sandwich,45000.0,1.0
2023-08-07,Paris Baguette,bánh croissant,21000.0,1.0
2023-08-07,Paris Baguette,bánh donut,18000.0,1.0
2023-08-07,Local Bakery,bánh sinh nhật,272000.0,1.0
2023-08-07,Local Bakery,bánh cupcake,35000.0,1.0
2023-08-07,Local Bakery,bánh mì sandwich,39000.0,1.0
2023-08-07,Local Bakery,bánh croissant,23000.0,1.0
2023-08-07,Local Bakery,bánh donut,20000.0,1.0
2023-08-08,ABC Bakery,bánh sinh nhật,334000.0,1.0
2023-08-08,ABC Bakery,bánh cupcake,33000.0,1.0
2023-08-08,ABC Bakery,bánh mì sandwich,39000.0,1.0
2023-08-08,ABC Bakery,bánh croissant,23000.0,1.0
2023-08-08,ABC Bakery,bánh donut,22000.0,1.0
2023-08-08,Paris Baguette,bánh sinh nhật,308000.0,1.0
2023-08-08,Paris Baguette,bánh cupcake,42000.0,1.0
2023-08-08,Paris Baguette,bánh mì sandwich,48000.0,1.0
2023-08-08,Paris Baguette,bánh croissant,23000.0,1.0
2023-08-08,Paris Baguette,bánh donut,21000.0,1.0
2023-08-08,Local Bakery,bánh sinh nhật,407000.0,1.0
2023-08-08,Local Bakery,bánh cupcake,32000.0,1.0
2023-08-08,Local Bakery,bánh mì sandwich,48000.0,1.0
2023-08-08,Local Bakery,bánh croissant,26000.0,1.0
2023-08-08,Local Bakery,bánh donut,20000.0,1.0
2023-08-09,ABC Bakery,bánh sinh nhật,356000.0,1.0
2023-08-09,ABC Bakery,bánh cupcake,35000.0,1.0
2023-08-09,ABC Bakery,bánh mì sandwich,52000.0,1.0
2023-08-09,ABC Bakery,bánh croissant,21000.0,1.0
2023-08-09,ABC Bakery,bánh donut,19000.0,1.0
2023-08-09,Paris Baguette,bánh sinh nhật,283000.0,1.0
2023-08-09,Paris Baguette,bánh cupcake,32000.0,1.0
2023-08-09,Paris Baguette,bánh mì sandwich,43000.0,1.0
2023-08-09,Paris Baguette,bánh croissant,26000.0,1.0
2023-08-09,Paris Baguette,bánh donut,21000.0,1.0
2023-08-09,Local Bakery,bánh sinh nhật,351000.0,1.0
2023-08-09,Local Bakery,bánh cupcake,35000.0,1.0
2023-08-09,Local Bakery,bánh mì sandwich,50000.0,1.0
2023-08-09,Local Bakery,bánh croissant,24000.0,1.0
2023-08-09,Local Bakery,bánh donut,21000.0,1.0
2023-08-10,ABC Bakery,bánh sinh nhật,436000.0,1.0
2023-08-10,ABC Bakery,bánh cupcake,42000.0,1.0
2023-08-10,ABC Bakery,bánh mì sandwich,45000.0,1.0
2023-08-10,ABC Bakery,bánh croissant,29000.0,1.0
2023-08-10,ABC Bakery,bánh donut,16000.0,1.0
2023-08-10,Paris Baguette,bánh sinh nhật,318000.0,1.0
2023-08-10,Paris Baguette,bánh cupcake,36000.0,1.0
2023-08-10,Paris Baguette,bánh mì sandwich,47000.0,1.0
2023-08-10,Paris Baguette,bánh croissant,26000.0,1.0
2023-08-10,Paris Baguette,bánh donut,23000.0,1.0
2023-08-10,Local Bakery,bánh sinh nhật,443000.0,1.0
2023-08-10,Local Bakery,bánh cupcake,28000.0,1.0
2023-08-10,Local Bakery,bánh mì sandwich,50000.0,1.0
2023-08-10,Local Bakery,bánh croissant,22000.0,1.0
2023-08-10,Local Bakery,bánh donut,22000.0,1.0
2023-08-11,ABC Bakery,bánh sinh nhật,439000.0,1.0
2023-08-11,ABC Bakery,bánh cupcake,39000.0,1.0
2023-08-11,ABC Bakery,bánh mì sandwich,42000.0,1.0
2023-08-11,ABC Bakery,bánh croissant,24000.0,1.0
2023-08-11,ABC Bakery,bánh donut,20000.0,1.0
2023-08-11,Paris Baguette,bánh sinh nhật,257000.0,1.0
2023-08-11,Paris Baguette,bánh cupcake,36000.0,1.0
2023-08-11,Paris Baguette,bánh mì sandwich,46000.0,1.0
2023-08-11,Paris Baguette,bánh croissant,27000.0,1.0
2023-08-11,Paris Baguette,bánh donut,19000.0,1.0
2023-08-11,Local Bakery,bánh sinh nhật,333000.0,1.0
2023-08-11,Local Bakery,bánh cupcake,35000.0,1.0
2023-08-11,Local Bakery,bánh mì sandwich,48000.0,1.0
2023-08-11,Local Bakery,bánh croissant,20000.0,1.0
2023-08-11,Local Bakery,bánh donut,22000.0,1.0
2023-08-12,ABC Bakery,bánh sinh nhật,393000.0,1.0
2023-08-12,ABC Bakery,bánh cupcake,32000.0,1.0
2023-08-12,ABC Bakery,bánh mì sandwich,41000.0,1.0
2023-08-12,ABC Bakery,bánh croissant,24000.0,1.0
2023-08-12,ABC Bakery,bánh donut,15000.0,1.0
2023-08-12,Paris Baguette,bánh sinh nhật,312000.0,1.0
2023-08-12,Paris Baguette,bánh cupcake,31000.0,1.0
2023-08-12,Paris Baguette,bánh mì sandwich,44000.0,1.0
2023-08-12,Paris Baguette,bánh croissant,26000.0,1.0
2023-08-12,Paris Baguette,bánh donut,20000.0,1.0
2023-08-12,Local Bakery,bánh sinh nhật,398000.0,1.0
2023-08-12,Local Bakery,bánh cupcake,35000.0,1.0
2023-08-12,Local Bakery,bánh mì sandwich,39000.0,1.0
2023-08-12,Local Bakery,bánh croissant,23000.0,1.0
2023-08-12,Local Bakery,bánh donut,20000.0,1.0
2023-08-13,ABC Bakery,bánh sinh nhật,438000.0,1.0
2023-08-13,ABC Bakery,bánh cupcake,29000.0,1.0
2023-08-13,ABC Bakery,bánh mì sandwich,43000.0,1.0
2023-08-13,ABC Bakery,bánh croissant,24000.0,1.0
2023-08-13,ABC Bakery,bánh donut,19000.0,1.0
2023-08-13,Paris Baguette,bánh sinh nhật,324000.0,1.0
2023-08-13,Paris Baguette,bánh cupcake,40000.0,1.0
2023-08-13,Paris Baguette,bánh mì sandwich,44000.0,1.0
2023-08-13,Paris Baguette,bánh croissant,29000.0,1.0
2023-08-13,Paris Baguette,bánh donut,20000.0,1.0
2023-08-13,Local Bakery,bánh sinh nhật,347000.0,1.0
2023-08-13,Local Bakery,bánh cupcake,35000.0,1.0
2023-08-13,Local Bakery,bánh mì sandwich,45000.0,1.0
2023-08-13,Local Bakery,bánh croissant,30000.0,1.0
2023-08-13,Local Bakery,bánh donut,20000.0,1.0
2023-08-14,ABC Bakery,bánh sinh nhật,355000.0,1.0
2023-08-14,ABC Bakery,bánh cupcake,33000.0,1.0
2023-08-14,ABC Bakery,bánh mì sandwich,46000.0,1.0
2023-08-14,ABC Bakery,bánh croissant,28000.0,1.0
2023-08-14,ABC Bakery,bánh donut,16000.0,1.0
2023-08-14,Paris Baguette,bánh sinh nhật,280000.0,1.0
2023-08-14,Paris Baguette,bánh cupcake,39000.0,1.0
2023-08-14,Paris Baguette,bánh mì sandwich,42000.0,1.0
2023-08-14,Paris Baguette,bánh croissant,28000.0,1.0
2023-08-14,Paris Baguette,bánh donut,19000.0,1.0
2023-08-14,Local Bakery,bánh sinh nhật,341000.0,1.0
2023-08-14,Local Bakery,bánh cupcake,31000.0,1.0
2023-08-14,Local Bakery,bánh mì sandwich,43000.0,1.0
2023-08-14,Local Bakery,bánh croissant,24000.0,1.0
2023-08-14,Local Bakery,bánh donut,23000.0,1.0
2023-08-15,ABC Bakery,bánh sinh nhật,459000.0,1.0
2023-08-15,ABC Bakery,bánh cupcake,37000.0,1.0
2023-08-15,ABC Bakery,bánh mì sandwich,49000.0,1.0
2023-08-15,ABC Bakery,bánh croissant,18000.0,1.0
2023-08-15,ABC Bakery,bánh donut,19000.0,1.0
2023-08-15,Paris Baguette,bánh sinh nhật,328000.0,1.0
2023-08-15,Paris Baguette,bánh cupcake,29000.0,1.0
2023-08-15,Paris Baguette,bánh mì sandwich,45000.0,1.0
2023-08-15,Paris Baguette,bánh croissant,29000.0,1.0
2023-08-15,Paris Baguette,bánh donut,21000.0,1.0
2023-08-15,Local Bakery,bánh sinh nhật,445000.0,1.0
2023-08-15,Local Bakery,bánh cupcake,41000.0,1.0
2023-08-15,Local Bakery,bánh mì sandwich,47000.0,1.0
2023-08-15,Local Bakery,bánh croissant,19000.0,1.0
2023-08-15,Local Bakery,bánh donut,21000.0,1.0
2023-08-16,ABC Bakery,bánh sinh nhật,316000.0,1.0
2023-08-16,ABC Bakery,bánh cupcake,37000.0,1.0
2023-08-16,ABC Bakery,bánh mì sandwich,49000.0,1.0
2023-08-16,ABC Bakery,bánh croissant,25000.0,1.0
2023-08-16,ABC Bakery,bánh donut,20000.0,1.0
2023-08-16,Paris Baguette,bánh sinh nhật,457000.0,1.0
2023-08-16,Paris Baguette,bánh cupcake,34000.0,1.0
2023-08-16,Paris Baguette,bánh mì sandwich,52000.0,1.0
2023-08-16,Paris Baguette,bánh croissant,26000.0,1.0
2023-08-16,Paris Baguette,bánh donut,22000.0,1.0
2023-08-16,Local Bakery,bánh sinh nhật,323000.0,1.0
2023-08-16,Local Bakery,bánh cupcake,33000.0,1.0
2023-08-16,Local Bakery,bánh mì sandwich,47000.0,1.0
2023-08-16,Local Bakery,bánh croissant,28000.0,1.0
2023-08-16,Local Bakery,bánh donut,21000.0,1.0
2023-08-17,ABC Bakery,bánh sinh nhật,384000.0,1.0
2023-08-17,ABC Bakery,bánh cupcake,38000.0,1.0
2023-08-17,ABC Bakery,bánh mì sandwich,43000.0,1.0
2023-08-17,ABC Bakery,bánh croissant,23000.0,1.0
2023-08-17,ABC Bakery,bánh donut,18000.0,1.0
2023-08-17,Paris Baguette,bánh sinh nhật,357000.0,1.0
2023-08-17,Paris Baguette,bánh cupcake,30000.0,1.0
2023-08-17,Paris Baguette,bánh mì sandwich,56000.0,1.0
2023-08-17,Paris Baguette,bánh croissant,25000.0,1.0
2023-08-17,Paris Baguette,bánh donut,22000.0,1.0
2023-08-17,Local Bakery,bánh sinh nhật,320000.0,1.0
2023-08-17,Local Bakery,bánh cupcake,41000.0,1.0
2023-08-17,Local Bakery,bánh mì sandwich,43000.0,1.0
2023-08-17,Local Bakery,bánh croissant,26000.0,1.0
2023-08-17,Local Bakery,bánh donut,20000.0,1.0
2023-08-18,ABC Bakery,bánh sinh nhật,426000.0,1.0
2023-08-18,ABC Bakery,bánh cupcake,44000.0,1.0
2023-08-18,ABC Bakery,bánh mì sandwich,44000.0,1.0
2023-08-18,ABC Bakery,bánh croissant,20000.0,1.0
2023-08-18,ABC Bakery,bánh donut,22000.0,1.0
2023-08-18,Paris Baguette,bánh sinh nhật,304000.0,1.0
2023-08-18,Paris Baguette,bánh cupcake,31000.0,1.0
2023-08-18,Paris Baguette,bánh mì sandwich,50000.0,1.0
2023-08-18,Paris Baguette,bánh croissant,23000.0,1.0
2023-08-18,Paris Baguette,bánh donut,20000.0,1.0
2023-08-18,Local Bakery,bánh sinh nhật,362000.0,1.0
2023-08-18,Local Bakery,bánh cupcake,34000.0,1.0
2023-08-18,Local Bakery,bánh mì sandwich,44000.0,1.0
2023-08-18,Local Bakery,bánh croissant,25000.0,1.0
2023-08-18,Local Bakery,bánh donut,18000.0,1.0
2023-08-19,ABC Bakery,bánh sinh nhật,334000.0,1.0
2023-08-19,ABC Bakery,bánh cupcake,32000.0,1.0
2023-08-19,ABC Bakery,bánh mì sandwich,39000.0,1.0
2023-08-19,ABC Bakery,bánh croissant,26000.0,1.0
2023-08-19,ABC Bakery,bánh donut,23000.0,1.0
2023-08-19,Paris Baguette,bánh sinh nhật,302000.0,1.0
2023-08-19,Paris Baguette,bánh cupcake,35000.0,1.0
2023-08-19,Paris Baguette,bánh mì sandwich,48000.0,1.0
2023-08-19,Paris Baguette,bánh croissant,26000.0,1.0
2023-08-19,Paris Baguette,bánh donut,16000.0,1.0
2023-08-19,Local Bakery,bánh sinh nhật,345000.0,1.0
2023-08-19,Local Bakery,bánh cupcake,37000.0,1.0
2023-08-19,Local Bakery,bánh mì sandwich,45000.0,1.0
2023-08-19,Local Bakery,bánh croissant,24000.0,1.0
2023-08-19,Local Bakery,bánh donut,19000.0,1.0
2023-08-20,ABC Bakery,bánh sinh nhật,270000.0,1.0
2023-08-20,ABC Bakery,bánh cupcake,22000.0,1.0
2023-08-20,ABC Bakery,bánh mì sandwich,48000.0,1.0
2023-08-20,ABC Bakery,bánh croissant,27000.0,1.0
2023-08-20,ABC Bakery,bánh donut,17000.0,1.0
2023-08-20,Paris Baguette,bánh sinh nhật,229000.0,1.0
2023-08-20,Paris Baguette,bánh cupcake,36000.0,1.0
2023-08-20,Paris Baguette,bánh mì sandwich,49000.0,1.0
2023-08-20,Paris Baguette,bánh croissant,27000.0,1.0
2023-08-20,Paris Baguette,bánh donut,21000.0,1.0
2023-08-20,Local Bakery,bánh sinh nhật,428000.0,1.0
2023-08-20,Local Bakery,bánh cupcake,31000.0,1.0
2023-08-20,Local Bakery,bánh mì sandwich,49000.0,1.0
2023-08-20,Local Bakery,bánh croissant,25000.0,1.0
2023-08-20,Local Bakery,bánh donut,19000.0,1.0
2023-08-21,ABC Bakery,bánh sinh nhật,444000.0,1.0
2023-08-21,ABC Bakery,bánh cupcake,35000.0,1.0
2023-08-21,ABC Bakery,bánh mì sandwich,48000.0,1.0
2023-08-21,ABC Bakery,bánh croissant,24000.0,1.0
2023-08-21,ABC Bakery,bánh donut,18000.0,1.0
2023-08-21,Paris Baguette,bánh sinh nhật,388000.0,1.0
2023-08-21,Paris Baguette,bánh cupcake,35000.0,1.0
2023-08-21,Paris Baguette,bánh mì sandwich,46000.0,1.0
2023-08-21,Paris Baguette,bánh croissant,26000.0,1.0
2023-08-21,Paris Baguette,bánh donut,20000.0,1.0
2023-08-21,Local Bakery,bánh sinh nhật,316000.0,1.0
2023-08-21,Local Bakery,bánh cupcake,35000.0,1.0
2023-08-21,Local Bakery,bánh mì sandwich,45000.0,1.0
2023-08-21,Local Bakery,bánh croissant,27000.0,1.0
2023-08-21,Local Bakery,bánh donut,21000.0,1.0
2023-08-22,ABC Bakery,bánh sinh nhật,335000.0,1.0
2023-08-22,ABC Bakery,bánh cupcake,32000.0,1.0
2023-08-22,ABC Bakery,bánh mì sandwich,43000.0,1.0
2023-08-22,ABC Bakery,bánh croissant,24000.0,1.0
2023-08-22,ABC Bakery,bánh donut,20000.0,1.0
2023-08-22,Paris Baguette,bánh sinh nhật,346000.0,1.0
2023-08-22,Paris Baguette,bánh cupcake,32000.0,1.0
2023-08-22,Paris Baguette,bánh mì sandwich,43000.0,1.0
2023-08-22,Paris Baguette,bánh croissant,24000.0,1.0
2023-08-22,Paris Baguette,bánh donut,20000.0,1.0
2023-08-22,Local Bakery,bánh sinh nhật,464000.0,1.0
2023-08-22,Local Bakery,bánh cupcake,31000.0,1.0
2023-08-22,Local Bakery,bánh mì sandwich,44000.0,1.0
2023-08-22,Local Bakery,bánh croissant,24000.0,1.0
2023-08-22,Local Bakery,bánh donut,21000.0,1.0
2023-08-23,ABC Bakery,bánh sinh nhật,359000.0,1.0
2023-08-23,ABC Bakery,bánh cupcake,32000.0,1.0
2023-08-23,ABC Bakery,bánh mì sandwich,50000.0,1.0
2023-08-23,ABC Bakery,bánh croissant,22000.0,1.0
2023-08-23,ABC Bakery,bánh donut,19000.0,1.0
2023-08-23,Paris Baguette,bánh sinh nhật,345000.0,1.0
2023-08-23,Paris Baguette,bánh cupcake,42000.0,1.0
2023-08-23,Paris Baguette,bánh mì sandwich,45000.0,1.0
2023-08-23,Paris Baguette,bánh croissant,26000.0,1.0
2023-08-23,Paris Baguette,bánh donut,24000.0,1.0
2023-08-23,Local Bakery,bánh sinh nhật,339000.0,1.0
2023-08-23,Local Bakery,bánh cupcake,24000.0,1.0
2023-08-23,Local Bakery,bánh mì sandwich,48000.0,1.0
2023-08-23,Local Bakery,bánh croissant,21000.0,1.0
2023-08-23,Local Bakery,bánh donut,18000.0,1.0
2023-08-24,ABC Bakery,bánh sinh nhật,398000.0,1.0
2023-08-24,ABC Bakery,bánh cupcake,33000.0,1.0
2023-08-24,ABC Bakery,bánh mì sandwich,48000.0,1.0
2023-08-24,ABC Bakery,bánh croissant,26000.0,1.0
2023-08-24,ABC Bakery,bánh donut,21000.0,1.0
2023-08-24,Paris Baguette,bánh sinh nhật,226000.0,1.0
2023-08-24,Paris Baguette,bánh cupcake,34000.0,1.0
2023-08-24,Paris Baguette,bánh mì sandwich,48000.0,1.0
2023-08-24,Paris Baguette,bánh croissant,20000.0,1.0
2023-08-24,Paris Baguette,bánh donut,20000.0,1.0
2023-08-24,Local Bakery,bánh sinh nhật,306000.0,1.0
2023-08-24,Local Bakery,bánh cupcake,33000.0,1.0
2023-08-24,Local Bakery,bánh mì sandwich,45000.0,1.0
2023-08-24,Local Bakery,bánh croissant,26000.0,1.0
2023-08-24,Local Bakery,bánh donut,19000.0,1.0
2023-08-25,ABC Bakery,bánh sinh nhật,393000.0,1.0
2023-08-25,ABC Bakery,bánh cupcake,35000.0,1.0
2023-08-25,ABC Bakery,bánh mì sandwich,50000.0,1.0
2023-08-25,ABC Bakery,bánh croissant,26000.0,1.0
2023-08-25,ABC Bakery,bánh donut,23000.0,1.0
2023-08-25,Paris Baguette,bánh sinh nhật,330000.0,1.0
2023-08-25,Paris Baguette,bánh cupcake,36000.0,1.0
2023-08-25,Paris Baguette,bánh mì sandwich,51000.0,1.0
2023-08-25,Paris Baguette,bánh croissant,25000.0,1.0
2023-08-25,Paris Baguette,bánh donut,20000.0,1.0
2023-08-25,Local Bakery,bánh sinh nhật,363000.0,1.0
2023-08-25,Local Bakery,bánh cupcake,34000.0,1.0
2023-08-25,Local Bakery,bánh mì sandwich,42000.0,1.0
2023-08-25,Local Bakery,bánh croissant,25000.0,1.0
2023-08-25,Local Bakery,bánh donut,21000.0,1.0
2023-08-26,ABC Bakery,bánh sinh nhật,375000.0,1.0
2023-08-26,ABC Bakery,bánh cupcake,29000.0,1.0
2023-08-26,ABC Bakery,bánh mì sandwich,46000.0,1.0
2023-08-26,ABC Bakery,bánh croissant,26000.0,1.0
2023-08-26,ABC Bakery,bánh donut,21000.0,1.0
2023-08-26,Paris Baguette,bánh sinh nhật,305000.0,1.0
2023-08-26,Paris Baguette,bánh cupcake,36000.0,1.0
2023-08-26,Paris Baguette,bánh mì sandwich,47000.0,1.0
2023-08-26,Paris Baguette,bánh croissant,31000.0,1.0
2023-08-26,Paris Baguette,bánh donut,19000.0,1.0
2023-08-26,Local Bakery,bánh sinh nhật,338000.0,1.0
2023-08-26,Local Bakery,bánh cupcake,35000.0,1.0
2023-08-26,Local Bakery,bánh mì sandwich,42000.0,1.0
2023-08-26,Local Bakery,bánh croissant,33000.0,1.0
2023-08-26,Local Bakery,bánh donut,19000.0,1.0
2023-08-27,ABC Bakery,bánh sinh nhật,374000.0,1.0
2023-08-27,ABC Bakery,bánh cupcake,41000.0,1.0
2023-08-27,ABC Bakery,bánh mì sandwich,49000.0,1.0
2023-08-27,ABC Bakery,bánh croissant,23000.0,1.0
2023-08-27,ABC Bakery,bánh donut,21000.0,1.0
2023-08-27,Paris Baguette,bánh sinh nhật,386000.0,1.0
2023-08-27,Paris Baguette,bánh cupcake,33000.0,1.0
2023-08-27,Paris Baguette,bánh mì sandwich,40000.0,1.0
2023-08-27,Paris Baguette,bánh croissant,25000.0,1.0
2023-08-27,Paris Baguette,bánh donut,18000.0,1.0
2023-08-27,Local Bakery,bánh sinh nhật,333000.0,1.0
2023-08-27,Local Bakery,bánh cupcake,34000.0,1.0
2023-08-27,Local Bakery,bánh mì sandwich,39000.0,1.0
2023-08-27,Local Bakery,bánh croissant,26000.0,1.0
2023-08-27,Local Bakery,bánh donut,19000.0,1.0
2023-08-28,ABC Bakery,bánh sinh nhật,381000.0,1.0
2023-08-28,ABC Bakery,bánh cupcake,45000.0,1.0
2023-08-28,ABC Bakery,bánh mì sandwich,43000.0,1.0
2023-08-28,ABC Bakery,bánh croissant,26000.0,1.0
2023-08-28,ABC Bakery,bánh donut,18000.0,1.0
2023-08-28,Paris Baguette,bánh sinh nhật,420000.0,1.0
2023-08-28,Paris Baguette,bánh cupcake,39000.0,1.0
2023-08-28,Paris Baguette,bánh mì sandwich,44000.0,1.0
2023-08-28,Paris Baguette,bánh croissant,26000.0,1.0
2023-08-28,Paris Baguette,bánh donut,22000.0,1.0
2023-08-28,Local Bakery,bánh sinh nhật,431000.0,1.0
2023-08-28,Local Bakery,bánh cupcake,35000.0,1.0
2023-08-28,Local Bakery,bánh mì sandwich,38000.0,1.0
2023-08-28,Local Bakery,bánh croissant,24000.0,1.0
2023-08-28,Local Bakery,bánh donut,22000.0,1.0
2023-08-29,ABC Bakery,bánh sinh nhật,297000.0,1.0
2023-08-29,ABC Bakery,bánh cupcake,38000.0,1.0
2023-08-29,ABC Bakery,bánh mì sandwich,51000.0,1.0
2023-08-29,ABC Bakery,bánh croissant,28000.0,1.0
2023-08-29,ABC Bakery,bánh donut,20000.0,1.0
2023-08-29,Paris Baguette,bánh sinh nhật,374000.0,1.0
2023-08-29,Paris Baguette,bánh cupcake,37000.0,1.0
2023-08-29,Paris Baguette,bánh mì sandwich,44000.0,1.0
2023-08-29,Paris Baguette,bánh croissant,25000.0,1.0
2023-08-29,Paris Baguette,bánh donut,22000.0,1.0
2023-08-29,Local Bakery,bánh sinh nhật,348000.0,1.0
2023-08-29,Local Bakery,bánh cupcake,42000.0,1.0
2023-08-29,Local Bakery,bánh mì sandwich,48000.0,1.0
2023-08-29,Local Bakery,bánh croissant,24000.0,1.0
2023-08-29,Local Bakery,bánh donut,20000.0,1.0
2023-08-30,ABC Bakery,bánh sinh nhật,440000.0,1.0
2023-08-30,ABC Bakery,bánh cupcake,37000.0,1.0
2023-08-30,ABC Bakery,bánh mì sandwich,48000.0,1.0
2023-08-30,ABC Bakery,bánh croissant,25000.0,1.0
2023-08-30,ABC Bakery,bánh donut,20000.0,1.0
2023-08-30,Paris Baguette,bánh sinh nhật,342000.0,1.0
2023-08-30,Paris Baguette,bánh cupcake,37000.0,1.0
2023-08-30,Paris Baguette,bánh mì sandwich,44000.0,1.0
2023-08-30,Paris Baguette,bánh croissant,29000.0,1.0
2023-08-30,Paris Baguette,bánh donut,21000.0,1.0
2023-08-30,Local Bakery,bánh sinh nhật,414000.0,1.0
2023-08-30,Local Bakery,bánh cupcake,33000.0,1.0
2023-08-30,Local Bakery,bánh mì sandwich,43000.0,1.0
2023-08-30,Local Bakery,bánh croissant,24000.0,1.0
2023-08-30,Local Bakery,bánh donut,18000.0,1.0
2023-08-31,ABC Bakery,bánh sinh nhật,329000.0,1.0
2023-08-31,ABC Bakery,bánh cupcake,35000.0,1.0
2023-08-31,ABC Bakery,bánh mì sandwich,50000.0,1.0
2023-08-31,ABC Bakery,bánh croissant,26000.0,1.0
2023-08-31,ABC Bakery,bánh donut,21000.0,1.0
2023-08-31,Paris Baguette,bánh sinh nhật,418000.0,1.0
2023-08-31,Paris Baguette,bánh cupcake,36000.0,1.0
2023-08-31,Paris Baguette,bánh mì sandwich,42000.0,1.0
2023-08-31,Paris Baguette,bánh croissant,28000.0,1.0
2023-08-31,Paris Baguette,bánh donut,17000.0,1.0
2023-08-31,Local Bakery,bánh sinh nhật,304000.0,1.0
2023-08-31,Local Bakery,bánh cupcake,34000.0,1.0
2023-08-31,Local Bakery,bánh mì sandwich,44000.0,1.0
2023-08-31,Local Bakery,bánh croissant,23000.0,1.0
2023-08-31,Local Bakery,bánh donut,23000.0,1.0
2023-09-01,ABC Bakery,bánh sinh nhật,394000.0,1.25
2023-09-01,ABC Bakery,bánh cupcake,47000.0,1.25
2023-09-01,ABC Bakery,bánh mì sandwich,58000.0,1.25
2023-09-01,ABC Bakery,bánh croissant,32000.0,1.25
2023-09-01,ABC Bakery,bánh donut,27000.0,1.25
2023-09-01,Paris Baguette,bánh sinh nhật,405000.0,1.25
2023-09-01,Paris Baguette,bánh cupcake,46000.0,1.25
2023-09-01,Paris Baguette,bánh mì sandwich,52000.0,1.25
2023-09-01,Paris Baguette,bánh croissant,33000.0,1.25
2023-09-01,Paris Baguette,bánh donut,24000.0,1.25
2023-09-01,Local Bakery,bánh sinh nhật,429000.0,1.25
2023-09-01,Local Bakery,bánh cupcake,46000.0,1.25
2023-09-01,Local Bakery,bánh mì sandwich,59000.0,1.25
2023-09-01,Local Bakery,bánh croissant,32000.0,1.25
2023-09-01,Local Bakery,bánh donut,23000.0,1.25
2023-09-02,ABC Bakery,bánh sinh nhật,410000.0,1.25
2023-09-02,ABC Bakery,bánh cupcake,34000.0,1.25
2023-09-02,ABC Bakery,bánh mì sandwich,63000.0,1.25
2023-09-02,ABC Bakery,bánh croissant,28000.0,1.25
2023-09-02,ABC Bakery,bánh donut,27000.0,1.25
2023-09-02,Paris Baguette,bánh sinh nhật,445000.0,1.25
2023-09-02,Paris Baguette,bánh cupcake,36000.0,1.25
2023-09-02,Paris Baguette,bánh mì sandwich,57000.0,1.25
2023-09-02,Paris Baguette,bánh croissant,32000.0,1.25
2023-09-02,Paris Baguette,bánh donut,28000.0,1.25
2023-09-02,Local Bakery,bánh sinh nhật,416000.0,1.25
2023-09-02,Local Bakery,bánh cupcake,32000.0,1.25
2023-09-02,Local Bakery,bánh mì sandwich,56000.0,1.25
2023-09-02,Local Bakery,bánh croissant,27000.0,1.25
2023-09-02,Local Bakery,bánh donut,25000.0,1.25
2023-09-03,ABC Bakery,bánh sinh nhật,572000.0,1.25
2023-09-03,ABC Bakery,bánh cupcake,45000.0,1.25
2023-09-03,ABC Bakery,bánh mì sandwich,54000.0,1.25
2023-09-03,ABC Bakery,bánh croissant,33000.0,1.25
2023-09-03,ABC Bakery,bánh donut,28000.0,1.25
2023-09-03,Paris Baguette,bánh sinh nhật,371000.0,1.25
2023-09-03,Paris Baguette,bánh cupcake,35000.0,1.25
2023-09-03,Paris Baguette,bánh mì sandwich,55000.0,1.25
2023-09-03,Paris Baguette,bánh croissant,31000.0,1.25
2023-09-03,Paris Baguette,bánh donut,24000.0,1.25
2023-09-03,Local Bakery,bánh sinh nhật,410000.0,1.25
2023-09-03,Local Bakery,bánh cupcake,37000.0,1.25
2023-09-03,Local Bakery,bánh mì sandwich,64000.0,1.25
2023-09-03,Local Bakery,bánh croissant,33000.0,1.25
2023-09-03,Local Bakery,bánh donut,22000.0,1.25
2023-09-04,ABC Bakery,bánh sinh nhật,478000.0,1.25
2023-09-04,ABC Bakery,bánh cupcake,42000.0,1.25
2023-09-04,ABC Bakery,bánh mì sandwich,53000.0,1.25
2023-09-04,ABC Bakery,bánh croissant,34000.0,1.25
2023-09-04,ABC Bakery,bánh donut,23000.0,1.25
2023-09-04,Paris Baguette,bánh sinh nhật,449000.0,1.25
2023-09-04,Paris Baguette,bánh cupcake,36000.0,1.25
2023-09-04,Paris Baguette,bánh mì sandwich,54000.0,1.25
2023-09-04,Paris Baguette,bánh croissant,33000.0,1.25
2023-09-04,Paris Baguette,bánh donut,26000.0,1.25
2023-09-04,Local Bakery,bánh sinh nhật,596000.0,1.25
2023-09-04,Local Bakery,bánh cupcake,42000.0,1.25
2023-09-04,Local Bakery,bánh mì sandwich,55000.0,1.25
2023-09-04,Local Bakery,bánh croissant,29000.0,1.25
2023-09-04,Local Bakery,bánh donut,22000.0,1.25
2023-09-05,ABC Bakery,bánh sinh nhật,419000.0,1.25
2023-09-05,ABC Bakery,bánh cupcake,30000.0,1.25
2023-09-05,ABC Bakery,bánh mì sandwich,52000.0,1.25
2023-09-05,ABC Bakery,bánh croissant,31000.0,1.25
2023-09-05,ABC Bakery,bánh donut,23000.0,1.25
2023-09-05,Paris Baguette,bánh sinh nhật,346000.0,1.25
2023-09-05,Paris Baguette,bánh cupcake,46000.0,1.25
2023-09-05,Paris Baguette,bánh mì sandwich,64000.0,1.25
2023-09-05,Paris Baguette,bánh croissant,35000.0,1.25
2023-09-05,Paris Baguette,bánh donut,23000.0,1.25
2023-09-05,Local Bakery,bánh sinh nhật,347000.0,1.25
2023-09-05,Local Bakery,bánh cupcake,36000.0,1.25
2023-09-05,Local Bakery,bánh mì sandwich,59000.0,1.25
2023-09-05,Local Bakery,bánh croissant,28000.0,1.25
2023-09-05,Local Bakery,bánh donut,27000.0,1.25
2023-09-06,ABC Bakery,bánh sinh nhật,310000.0,1.25
2023-09-06,ABC Bakery,bánh cupcake,41000.0,1.25
2023-09-06,ABC Bakery,bánh mì sandwich,53000.0,1.25
2023-09-06,ABC Bakery,bánh croissant,29000.0,1.25
2023-09-06,ABC Bakery,bánh donut,28000.0,1.25
2023-09-06,Paris Baguette,bánh sinh nhật,479000.0,1.25
2023-09-06,Paris Baguette,bánh cupcake,49000.0,1.25
2023-09-06,Paris Baguette,bánh mì sandwich,63000.0,1.25
2023-09-06,Paris Baguette,bánh croissant,32000.0,1.25
2023-09-06,Paris Baguette,bánh donut,28000.0,1.25
2023-09-06,Local Bakery,bánh sinh nhật,484000.0,1.25
2023-09-06,Local Bakery,bánh cupcake,39000.0,1.25
2023-09-06,Local Bakery,bánh mì sandwich,57000.0,1.25
2023-09-06,Local Bakery,bánh croissant,27000.0,1.25
2023-09-06,Local Bakery,bánh donut,29000.0,1.25
2023-09-07,ABC Bakery,bánh sinh nhật,392000.0,1.25
2023-09-07,ABC Bakery,bánh cupcake,47000.0,1.25
2023-09-07,ABC Bakery,bánh mì sandwich,50000.0,1.25
2023-09-07,ABC Bakery,bánh croissant,32000.0,1.25
2023-09-07,ABC Bakery,bánh donut,28000.0,1.25
2023-09-07,Paris Baguette,bánh sinh nhật,399000.0,1.25
2023-09-07,Paris Baguette,bánh cupcake,39000.0,1.25
2023-09-07,Paris Baguette,bánh mì sandwich,56000.0,1.25
2023-09-07,Paris Baguette,bánh croissant,33000.0,1.25
2023-09-07,Paris Baguette,bánh donut,24000.0,1.25
2023-09-07,Local Bakery,bánh sinh nhật,385000.0,1.25
2023-09-07,Local Bakery,bánh cupcake,44000.0,1.25
2023-09-07,Local Bakery,bánh mì sandwich,56000.0,1.25
2023-09-07,Local Bakery,bánh croissant,31000.0,1.25
2023-09-07,Local Bakery,bánh donut,26000.0,1.25
2023-09-08,ABC Bakery,bánh sinh nhật,432000.0,1.25
2023-09-08,ABC Bakery,bánh cupcake,44000.0,1.25
2023-09-08,ABC Bakery,bánh mì sandwich,55000.0,1.25
2023-09-08,ABC Bakery,bánh croissant,36000.0,1.25
2023-09-08,ABC Bakery,bánh donut,26000.0,1.25
2023-09-08,Paris Baguette,bánh sinh nhật,353000.0,1.25
2023-09-08,Paris Baguette,bánh cupcake,40000.0,1.25
2023-09-08,Paris Baguette,bánh mì sandwich,59000.0,1.25
2023-09-08,Paris Baguette,bánh croissant,31000.0,1.25
2023-09-08,Paris Baguette,bánh donut,25000.0,1.25
2023-09-08,Local Bakery,bánh sinh nhật,399000.0,1.25
2023-09-08,Local Bakery,bánh cupcake,49000.0,1.25
2023-09-08,Local Bakery,bánh mì sandwich,61000.0,1.25
2023-09-08,Local Bakery,bánh croissant,32000.0,1.25
2023-09-08,Local Bakery,bánh donut,23000.0,1.25
2023-09-09,ABC Bakery,bánh sinh nhật,564000.0,1.25
2023-09-09,ABC Bakery,bánh cupcake,51000.0,1.25
2023-09-09,ABC Bakery,bánh mì sandwich,59000.0,1.25
2023-09-09,ABC Bakery,bánh croissant,34000.0,1.25
2023-09-09,ABC Bakery,bánh donut,25000.0,1.25
2023-09-09,Paris Baguette,bánh sinh nhật,488000.0,1.25
2023-09-09,Paris Baguette,bánh cupcake,49000.0,1.25
2023-09-09,Paris Baguette,bánh mì sandwich,56000.0,1.25
2023-09-09,Paris Baguette,bánh croissant,28000.0,1.25
2023-09-09,Paris Baguette,bánh donut,29000.0,1.25
2023-09-09,Local Bakery,bánh sinh nhật,435000.0,1.25
2023-09-09,Local Bakery,bánh cupcake,42000.0,1.25
2023-09-09,Local Bakery,bánh mì sandwich,59000.0,1.25
2023-09-09,Local Bakery,bánh croissant,26000.0,1.25
2023-09-09,Local Bakery,bánh donut,24000.0,1.25
2023-09-10,ABC Bakery,bánh sinh nhật,454000.0,1.25
2023-09-10,ABC Bakery,bánh cupcake,37000.0,1.25
2023-09-10,ABC Bakery,bánh mì sandwich,62000.0,1.25
2023-09-10,ABC Bakery,bánh croissant,32000.0,1.25
2023-09-10,ABC Bakery,bánh donut,25000.0,1.25
2023-09-10,Paris Baguette,bánh sinh nhật,474000.0,1.25
2023-09-10,Paris Baguette,bánh cupcake,47000.0,1.25
2023-09-10,Paris Baguette,bánh mì sandwich,52000.0,1.25
2023-09-10,Paris Baguette,bánh croissant,28000.0,1.25
2023-09-10,Paris Baguette,bánh donut,26000.0,1.25
2023-09-10,Local Bakery,bánh sinh nhật,403000.0,1.25
2023-09-10,Local Bakery,bánh cupcake,49000.0,1.25
2023-09-10,Local Bakery,bánh mì sandwich,57000.0,1.25
2023-09-10,Local Bakery,bánh croissant,35000.0,1.25
2023-09-10,Local Bakery,bánh donut,22000.0,1.25
2023-09-11,ABC Bakery,bánh sinh nhật,512000.0,1.25
2023-09-11,ABC Bakery,bánh cupcake,54000.0,1.25
2023-09-11,ABC Bakery,bánh mì sandwich,62000.0,1.25
2023-09-11,ABC Bakery,bánh croissant,31000.0,1.25
2023-09-11,ABC Bakery,bánh donut,24000.0,1.25
2023-09-11,Paris Baguette,bánh sinh nhật,462000.0,1.25
2023-09-11,Paris Baguette,bánh cupcake,42000.0,1.25
2023-09-11,Paris Baguette,bánh mì sandwich,64000.0,1.25
2023-09-11,Paris Baguette,bánh croissant,35000.0,1.25
2023-09-11,Paris Baguette,bánh donut,23000.0,1.25
2023-09-11,Local Bakery,bánh sinh nhật,377000.0,1.25
2023-09-11,Local Bakery,bánh cupcake,50000.0,1.25
2023-09-11,Local Bakery,bánh mì sandwich,56000.0,1.25
2023-09-11,Local Bakery,bánh croissant,30000.0,1.25
2023-09-11,Local Bakery,bánh donut,26000.0,1.25
2023-09-12,ABC Bakery,bánh sinh nhật,354000.0,1.25
2023-09-12,ABC Bakery,bánh cupcake,49000.0,1.25
2023-09-12,ABC Bakery,bánh mì sandwich,62000.0,1.25
2023-09-12,ABC Bakery,bánh croissant,30000.0,1.25
2023-09-12,ABC Bakery,bánh donut,24000.0,1.25
2023-09-12,Paris Baguette,bánh sinh nhật,462000.0,1.25
2023-09-12,Paris Baguette,bánh cupcake,51000.0,1.25
2023-09-12,Paris Baguette,bánh mì sandwich,50000.0,1.25
2023-09-12,Paris Baguette,bánh croissant,30000.0,1.25
2023-09-12,Paris Baguette,bánh donut,25000.0,1.25
2023-09-12,Local Bakery,bánh sinh nhật,326000.0,1.25
2023-09-12,Local Bakery,bánh cupcake,41000.0,1.25
2023-09-12,Local Bakery,bánh mì sandwich,56000.0,1.25
2023-09-12,Local Bakery,bánh croissant,28000.0,1.25
2023-09-12,Local Bakery,bánh donut,23000.0,1.25
2023-09-13,ABC Bakery,bánh sinh nhật,358000.0,1.25
2023-09-13,ABC Bakery,bánh cupcake,43000.0,1.25
2023-09-13,ABC Bakery,bánh mì sandwich,56000.0,1.25
2023-09-13,ABC Bakery,bánh croissant,29000.0,1.25
2023-09-13,ABC Bakery,bánh donut,29000.0,1.25
2023-09-13,Paris Baguette,bánh sinh nhật,376000.0,1.25
2023-09-13,Paris Baguette,bánh cupcake,30000.0,1.25
2023-09-13,Paris Baguette,bánh mì sandwich,53000.0,1.25
2023-09-13,Paris Baguette,bánh croissant,32000.0,1.25
2023-09-13,Paris Baguette,bánh donut,21000.0,1.25
2023-09-13,Local Bakery,bánh sinh nhật,484000.0,1.25
2023-09-13,Local Bakery,bánh cupcake,48000.0,1.25
2023-09-13,Local Bakery,bánh mì sandwich,60000.0,1.25
2023-09-13,Local Bakery,bánh croissant,27000.0,1.25
2023-09-13,Local Bakery,bánh donut,25000.0,1.25
2023-09-14,ABC Bakery,bánh sinh nhật,438000.0,1.25
2023-09-14,ABC Bakery,bánh cupcake,45000.0,1.25
2023-09-14,ABC Bakery,bánh mì sandwich,55000.0,1.25
2023-09-14,ABC Bakery,bánh croissant,33000.0,1.25
2023-09-14,ABC Bakery,bánh donut,27000.0,1.25
2023-09-14,Paris Baguette,bánh sinh nhật,367000.0,1.25
2023-09-14,Paris Baguette,bánh cupcake,47000.0,1.25
2023-09-14,Paris Baguette,bánh mì sandwich,56000.0,1.25
2023-09-14,Paris Baguette,bánh croissant,29000.0,1.25
2023-09-14,Paris Baguette,bánh donut,26000.0,1.25
2023-09-14,Local Bakery,bánh sinh nhật,459000.0,1.25
2023-09-14,Local Bakery,bánh cupcake,42000.0,1.25
2023-09-14,Local Bakery,bánh mì sandwich,54000.0,1.25
2023-09-14,Local Bakery,bánh croissant,33000.0,1.25
2023-09-14,Local Bakery,bánh donut,23000.0,1.25
2023-09-15,ABC Bakery,bánh sinh nhật,290000.0,1.25
2023-09-15,ABC Bakery,bánh cupcake,43000.0,1.25
2023-09-15,ABC Bakery,bánh mì sandwich,49000.0,1.25
2023-09-15,ABC Bakery,bánh croissant,32000.0,1.25
2023-09-15,ABC Bakery,bánh donut,25000.0,1.25
2023-09-15,Paris Baguette,bánh sinh nhật,504000.0,1.25
2023-09-15,Paris Baguette,bánh cupcake,55000.0,1.25
2023-09-15,Paris Baguette,bánh mì sandwich,60000.0,1.25
2023-09-15,Paris Baguette,bánh croissant,28000.0,1.25
2023-09-15,Paris Baguette,bánh donut,24000.0,1.25
2023-09-15,Local Bakery,bánh sinh nhật,386000.0,1.25
2023-09-15,Local Bakery,bánh cupcake,37000.0,1.25
2023-09-15,Local Bakery,bánh mì sandwich,54000.0,1.25
2023-09-15,Local Bakery,bánh croissant,28000.0,1.25
2023-09-15,Local Bakery,bánh donut,27000.0,1.25
2023-09-16,ABC Bakery,bánh sinh nhật,510000.0,1.25
2023-09-16,ABC Bakery,bánh cupcake,51000.0,1.25
2023-09-16,ABC Bakery,bánh mì sandwich,55000.0,1.25
2023-09-16,ABC Bakery,bánh croissant,27000.0,1.25
2023-09-16,ABC Bakery,bánh donut,27000.0,1.25
2023-09-16,Paris Baguette,bánh sinh nhật,479000.0,1.25
2023-09-16,Paris Baguette,bánh cupcake,38000.0,1.25
2023-09-16,Paris Baguette,bánh mì sandwich,62000.0,1.25
2023-09-16,Paris Baguette,bánh croissant,28000.0,1.25
2023-09-16,Paris Baguette,bánh donut,24000.0,1.25
2023-09-16,Local Bakery,bánh sinh nhật,479000.0,1.25
2023-09-16,Local Bakery,bánh cupcake,45000.0,1.25
2023-09-16,Local Bakery,bánh mì sandwich,55000.0,1.25
2023-09-16,Local Bakery,bánh croissant,34000.0,1.25
2023-09-16,Local Bakery,bánh donut,23000.0,1.25
2023-09-17,ABC Bakery,bánh sinh nhật,463000.0,1.25
2023-09-17,ABC Bakery,bánh cupcake,47000.0,1.25
2023-09-17,ABC Bakery,bánh mì sandwich,58000.0,1.25
2023-09-17,ABC Bakery,bánh croissant,29000.0,1.25
2023-09-17,ABC Bakery,bánh donut,24000.0,1.25
2023-09-17,Paris Baguette,bánh sinh nhật,490000.0,1.25
2023-09-17,Paris Baguette,bánh cupcake,49000.0,1.25
2023-09-17,Paris Baguette,bánh mì sandwich,55000.0,1.25
2023-09-17,Paris Baguette,bánh croissant,32000.0,1.25
2023-09-17,Paris Baguette,bánh donut,24000.0,1.25
2023-09-17,Local Bakery,bánh sinh nhật,495000.0,1.25
2023-09-17,Local Bakery,bánh cupcake,48000.0,1.25
2023-09-17,Local Bakery,bánh mì sandwich,52000.0,1.25
2023-09-17,Local Bakery,bánh croissant,32000.0,1.25
2023-09-17,Local Bakery,bánh donut,24000.0,1.25
2023-09-18,ABC Bakery,bánh sinh nhật,457000.0,1.25
2023-09-18,ABC Bakery,bánh cupcake,34000.0,1.25
2023-09-18,ABC Bakery,bánh mì sandwich,51000.0,1.25
2023-09-18,ABC Bakery,bánh croissant,30000.0,1.25
2023-09-18,ABC Bakery,bánh donut,20000.0,1.25
2023-09-18,Paris Baguette,bánh sinh nhật,447000.0,1.25
2023-09-18,Paris Baguette,bánh cupcake,41000.0,1.25
2023-09-18,Paris Baguette,bánh mì sandwich,51000.0,1.25
2023-09-18,Paris Baguette,bánh croissant,32000.0,1.25
2023-09-18,Paris Baguette,bánh donut,24000.0,1.25
2023-09-18,Local Bakery,bánh sinh nhật,437000.0,1.25
2023-09-18,Local Bakery,bánh cupcake,41000.0,1.25
2023-09-18,Local Bakery,bánh mì sandwich,58000.0,1.25
2023-09-18,Local Bakery,bánh croissant,29000.0,1.25
2023-09-18,Local Bakery,bánh donut,25000.0,1.25
2023-09-19,ABC Bakery,bánh sinh nhật,321000.0,1.25
2023-09-19,ABC Bakery,bánh cupcake,41000.0,1.25
2023-09-19,ABC Bakery,bánh mì sandwich,52000.0,1.25
2023-09-19,ABC Bakery,bánh croissant,26000.0,1.25
2023-09-19,ABC Bakery,bánh donut,23000.0,1.25
2023-09-19,Paris Baguette,bánh sinh nhật,393000.0,1.25
2023-09-19,Paris Baguette,bánh cupcake,41000.0,1.25
2023-09-19,Paris Baguette,bánh mì sandwich,60000.0,1.25
2023-09-19,Paris Baguette,bánh croissant,32000.0,1.25
2023-09-19,Paris Baguette,bánh donut,25000.0,1.25
2023-09-19,Local Bakery,bánh sinh nhật,448000.0,1.25
2023-09-19,Local Bakery,bánh cupcake,30000.0,1.25
2023-09-19,Local Bakery,bánh mì sandwich,52000.0,1.25
2023-09-19,Local Bakery,bánh croissant,30000.0,1.25
2023-09-19,Local Bakery,bánh donut,26000.0,1.25
2023-09-20,ABC Bakery,bánh sinh nhật,390000.0,1.25
2023-09-20,ABC Bakery,bánh cupcake,37000.0,1.25
2023-09-20,ABC Bakery,bánh mì sandwich,59000.0,1.25
2023-09-20,ABC Bakery,bánh croissant,29000.0,1.25
2023-09-20,ABC Bakery,bánh donut,25000.0,1.25
2023-09-20,Paris Baguette,bánh sinh nhật,450000.0,1.25
2023-09-20,Paris Baguette,bánh cupcake,47000.0,1.25
2023-09-20,Paris Baguette,bánh mì sandwich,56000.0,1.25
2023-09-20,Paris Baguette,bánh croissant,32000.0,1.25
2023-09-20,Paris Baguette,bánh donut,24000.0,1.25
2023-09-20,Local Bakery,bánh sinh nhật,459000.0,1.25
2023-09-20,Local Bakery,bánh cupcake,46000.0,1.25
2023-09-20,Local Bakery,bánh mì sandwich,54000.0,1.25
2023-09-20,Local Bakery,bánh croissant,29000.0,1.25
2023-09-20,Local Bakery,bánh donut,22000.0,1.25
2023-09-21,ABC Bakery,bánh sinh nhật,389000.0,1.25
2023-09-21,ABC Bakery,bánh cupcake,51000.0,1.25
2023-09-21,ABC Bakery,bánh mì sandwich,56000.0,1.25
2023-09-21,ABC Bakery,bánh croissant,29000.0,1.25
2023-09-21,ABC Bakery,bánh donut,28000.0,1.25
2023-09-21,Paris Baguette,bánh sinh nhật,400000.0,1.25
2023-09-21,Paris Baguette,bánh cupcake,38000.0,1.25
2023-09-21,Paris Baguette,bánh mì sandwich,58000.0,1.25
2023-09-21,Paris Baguette,bánh croissant,32000.0,1.25
2023-09-21,Paris Baguette,bánh donut,26000.0,1.25
2023-09-21,Local Bakery,bánh sinh nhật,361000.0,1.25
2023-09-21,Local Bakery,bánh cupcake,41000.0,1.25
2023-09-21,Local Bakery,bánh mì sandwich,60000.0,1.25
2023-09-21,Local Bakery,bánh croissant,31000.0,1.25
2023-09-21,Local Bakery,bánh donut,27000.0,1.25
2023-09-22,ABC Bakery,bánh sinh nhật,418000.0,1.25
2023-09-22,ABC Bakery,bánh cupcake,49000.0,1.25
2023-09-22,ABC Bakery,bánh mì sandwich,54000.0,1.25
2023-09-22,ABC Bakery,bánh croissant,29000.0,1.25
2023-09-22,ABC Bakery,bánh donut,26000.0,1.25
2023-09-22,Paris Baguette,bánh sinh nhật,394000.0,1.25
2023-09-22,Paris Baguette,bánh cupcake,52000.0,1.25
2023-09-22,Paris Baguette,bánh mì sandwich,52000.0,1.25
2023-09-22,Paris Baguette,bánh croissant,29000.0,1.25
2023-09-22,Paris Baguette,bánh donut,25000.0,1.25
2023-09-22,Local Bakery,bánh sinh nhật,382000.0,1.25
2023-09-22,Local Bakery,bánh cupcake,45000.0,1.25
2023-09-22,Local Bakery,bánh mì sandwich,59000.0,1.25
2023-09-22,Local Bakery,bánh croissant,32000.0,1.25
2023-09-22,Local Bakery,bánh donut,25000.0,1.25
2023-09-23,ABC Bakery,bánh sinh nhật,469000.0,1.25
2023-09-23,ABC Bakery,bánh cupcake,42000.0,1.25
2023-09-23,ABC Bakery,bánh mì sandwich,58000.0,1.25
2023-09-23,ABC Bakery,bánh croissant,26000.0,1.25
2023-09-23,ABC Bakery,bánh donut,23000.0,1.25
2023-09-23,Paris Baguette,bánh sinh nhật,323000.0,1.25
2023-09-23,Paris Baguette,bánh cupcake,45000.0,1.25
2023-09-23,Paris Baguette,bánh mì sandwich,59000.0,1.25
2023-09-23,Paris Baguette,bánh croissant,26000.0,1.25
2023-09-23,Paris Baguette,bánh donut,24000.0,1.25
2023-09-23,Local Bakery,bánh sinh nhật,363000.0,1.25
2023-09-23,Local Bakery,bánh cupcake,48000.0,1.25
2023-09-23,Local Bakery,bánh mì sandwich,67000.0,1.25
2023-09-23,Local Bakery,bánh croissant,34000.0,1.25
2023-09-23,Local Bakery,bánh donut,26000.0,1.25
2023-09-24,ABC Bakery,bánh sinh nhật,476000.0,1.25
2023-09-24,ABC Bakery,bánh cupcake,52000.0,1.25
2023-09-24,ABC Bakery,bánh mì sandwich,55000.0,1.25
2023-09-24,ABC Bakery,bánh croissant,29000.0,1.25
2023-09-24,ABC Bakery,bánh donut,23000.0,1.25
2023-09-24,Paris Baguette,bánh sinh nhật,400000.0,1.25
2023-09-24,Paris Baguette,bánh cupcake,39000.0,1.25
2023-09-24,Paris Baguette,bánh mì sandwich,62000.0,1.25
2023-09-24,Paris Baguette,bánh croissant,29000.0,1.25
2023-09-24,Paris Baguette,bánh donut,25000.0,1.25
2023-09-24,Local Bakery,bánh sinh nhật,420000.0,1.25
2023-09-24,Local Bakery,bánh cupcake,49000.0,1.25
2023-09-24,Local Bakery,bánh mì sandwich,53000.0,1.25
2023-09-24,Local Bakery,bánh croissant,32000.0,1.25
2023-09-24,Local Bakery,bánh donut,26000.0,1.25
2023-09-25,ABC Bakery,bánh sinh nhật,527000.0,1.25
2023-09-25,ABC Bakery,bánh cupcake,43000.0,1.25
2023-09-25,ABC Bakery,bánh mì sandwich,61000.0,1.25
2023-09-25,ABC Bakery,bánh croissant,28000.0,1.25
2023-09-25,ABC Bakery,bánh donut,27000.0,1.25
2023-09-25,Paris Baguette,bánh sinh nhật,419000.0,1.25
2023-09-25,Paris Baguette,bánh cupcake,52000.0,1.25
2023-09-25,Paris Baguette,bánh mì sandwich,50000.0,1.25
2023-09-25,Paris Baguette,bánh croissant,34000.0,1.25
2023-09-25,Paris Baguette,bánh donut,25000.0,1.25
2023-09-25,Local Bakery,bánh sinh nhật,423000.0,1.25
2023-09-25,Local Bakery,bánh cupcake,45000.0,1.25
2023-09-25,Local Bakery,bánh mì sandwich,52000.0,1.25
2023-09-25,Local Bakery,bánh croissant,31000.0,1.25
2023-09-25,Local Bakery,bánh donut,29000.0,1.25
2023-09-26,ABC Bakery,bánh sinh nhật,484000.0,1.25
2023-09-26,ABC Bakery,bánh cupcake,52000.0,1.25
2023-09-26,ABC Bakery,bánh mì sandwich,55000.0,1.25
2023-09-26,ABC Bakery,bánh croissant,34000.0,1.25
2023-09-26,ABC Bakery,bánh donut,27000.0,1.25
2023-09-26,Paris Baguette,bánh sinh nhật,507000.0,1.25
2023-09-26,Paris Baguette,bánh cupcake,39000.0,1.25
2023-09-26,Paris Baguette,bánh mì sandwich,54000.0,1.25
2023-09-26,Paris Baguette,bánh croissant,29000.0,1.25
2023-09-26,Paris Baguette,bánh donut,27000.0,1.25
2023-09-26,Local Bakery,bánh sinh nhật,412000.0,1.25
2023-09-26,Local Bakery,bánh cupcake,41000.0,1.25
2023-09-26,Local Bakery,bánh mì sandwich,58000.0,1.25
2023-09-26,Local Bakery,bánh croissant,27000.0,1.25
2023-09-26,Local Bakery,bánh donut,24000.0,1.25
2023-09-27,ABC Bakery,bánh sinh nhật,493000.0,1.25
2023-09-27,ABC Bakery,bánh cupcake,40000.0,1.25
2023-09-27,ABC Bakery,bánh mì sandwich,57000.0,1.25
2023-09-27,ABC Bakery,bánh croissant,30000.0,1.25
2023-09-27,ABC Bakery,bánh donut,26000.0,1.25
2023-09-27,Paris Baguette,bánh sinh nhật,468000.0,1.25
2023-09-27,Paris Baguette,bánh cupcake,41000.0,1.25
2023-09-27,Paris Baguette,bánh mì sandwich,49000.0,1.25
2023-09-27,Paris Baguette,bánh croissant,29000.0,1.25
2023-09-27,Paris Baguette,bánh donut,25000.0,1.25
2023-09-27,Local Bakery,bánh sinh nhật,528000.0,1.25
2023-09-27,Local Bakery,bánh cupcake,44000.0,1.25
2023-09-27,Local Bakery,bánh mì sandwich,57000.0,1.25
2023-09-27,Local Bakery,bánh croissant,32000.0,1.25
2023-09-27,Local Bakery,bánh donut,25000.0,1.25
2023-09-28,ABC Bakery,bánh sinh nhật,408000.0,1.25
2023-09-28,ABC Bakery,bánh cupcake,50000.0,1.25
2023-09-28,ABC Bakery,bánh mì sandwich,62000.0,1.25
2023-09-28,ABC Bakery,bánh croissant,30000.0,1.25
2023-09-28,ABC Bakery,bánh donut,22000.0,1.25
2023-09-28,Paris Baguette,bánh sinh nhật,530000.0,1.25
2023-09-28,Paris Baguette,bánh cupcake,39000.0,1.25
2023-09-28,Paris Baguette,bánh mì sandwich,59000.0,1.25
2023-09-28,Paris Baguette,bánh croissant,34000.0,1.25
2023-09-28,Paris Baguette,bánh donut,26000.0,1.25
2023-09-28,Local Bakery,bánh sinh nhật,524000.0,1.25
2023-09-28,Local Bakery,bánh cupcake,43000.0,1.25
2023-09-28,Local Bakery,bánh mì sandwich,48000.0,1.25
2023-09-28,Local Bakery,bánh croissant,29000.0,1.25
2023-09-28,Local Bakery,bánh donut,22000.0,1.25
2023-09-29,ABC Bakery,bánh sinh nhật,485000.0,1.25
2023-09-29,ABC Bakery,bánh cupcake,45000.0,1.25
2023-09-29,ABC Bakery,bánh mì sandwich,62000.0,1.25
2023-09-29,ABC Bakery,bánh croissant,31000.0,1.25
2023-09-29,ABC Bakery,bánh donut,27000.0,1.25
2023-09-29,Paris Baguette,bánh sinh nhật,444000.0,1.25
2023-09-29,Paris Baguette,bánh cupcake,47000.0,1.25
2023-09-29,Paris Baguette,bánh mì sandwich,60000.0,1.25
2023-09-29,Paris Baguette,bánh croissant,32000.0,1.25
2023-09-29,Paris Baguette,bánh donut,22000.0,1.25
2023-09-29,Local Bakery,bánh sinh nhật,349000.0,1.25
2023-09-29,Local Bakery,bánh cupcake,44000.0,1.25
2023-09-29,Local Bakery,bánh mì sandwich,54000.0,1.25
2023-09-29,Local Bakery,bánh croissant,33000.0,1.25
2023-09-29,Local Bakery,bánh donut,22000.0,1.25
2023-09-30,ABC Bakery,bánh sinh nhật,448000.0,1.25
2023-09-30,ABC Bakery,bánh cupcake,48000.0,1.25
2023-09-30,ABC Bakery,bánh mì sandwich,55000.0,1.25
2023-09-30,ABC Bakery,bánh croissant,34000.0,1.25
2023-09-30,ABC Bakery,bánh donut,22000.0,1.25
2023-09-30,Paris Baguette,bánh sinh nhật,493000.0,1.25
2023-09-30,Paris Baguette,bánh cupcake,40000.0,1.25
2023-09-30,Paris Baguette,bánh mì sandwich,58000.0,1.25
2023-09-30,Paris Baguette,bánh croissant,33000.0,1.25
2023-09-30,Paris Baguette,bánh donut,23000.0,1.25
2023-09-30,Local Bakery,bánh sinh nhật,326000.0,1.25
2023-09-30,Local Bakery,bánh cupcake,39000.0,1.25
2023-09-30,Local Bakery,bánh mì sandwich,55000.0,1.25
2023-09-30,Local Bakery,bánh croissant,30000.0,1.25
2023-09-30,Local Bakery,bánh donut,25000.0,1.25
2023-10-01,ABC Bakery,bánh sinh nhật,395000.0,1.25
2023-10-01,ABC Bakery,bánh cupcake,32000.0,1.25
2023-10-01,ABC Bakery,bánh mì sandwich,54000.0,1.25
2023-10-01,ABC Bakery,bánh croissant,36000.0,1.25
2023-10-01,ABC Bakery,bánh donut,26000.0,1.25
2023-10-01,Paris Baguette,bánh sinh nhật,348000.0,1.25
2023-10-01,Paris Baguette,bánh cupcake,46000.0,1.25
2023-10-01,Paris Baguette,bánh mì sandwich,64000.0,1.25
2023-10-01,Paris Baguette,bánh croissant,31000.0,1.25
2023-10-01,Paris Baguette,bánh donut,21000.0,1.25
2023-10-01,Local Bakery,bánh sinh nhật,361000.0,1.25
2023-10-01,Local Bakery,bánh cupcake,44000.0,1.25
2023-10-01,Local Bakery,bánh mì sandwich,54000.0,1.25
2023-10-01,Local Bakery,bánh croissant,27000.0,1.25
2023-10-01,Local Bakery,bánh donut,23000.0,1.25
2023-10-02,ABC Bakery,bánh sinh nhật,492000.0,1.25
2023-10-02,ABC Bakery,bánh cupcake,49000.0,1.25
2023-10-02,ABC Bakery,bánh mì sandwich,49000.0,1.25
2023-10-02,ABC Bakery,bánh croissant,31000.0,1.25
2023-10-02,ABC Bakery,bánh donut,24000.0,1.25
2023-10-02,Paris Baguette,bánh sinh nhật,441000.0,1.25
2023-10-02,Paris Baguette,bánh cupcake,44000.0,1.25
2023-10-02,Paris Baguette,bánh mì sandwich,61000.0,1.25
2023-10-02,Paris Baguette,bánh croissant,34000.0,1.25
2023-10-02,Paris Baguette,bánh donut,24000.0,1.25
2023-10-02,Local Bakery,bánh sinh nhật,395000.0,1.25
2023-10-02,Local Bakery,bánh cupcake,41000.0,1.25
2023-10-02,Local Bakery,bánh mì sandwich,55000.0,1.25
2023-10-02,Local Bakery,bánh croissant,32000.0,1.25
2023-10-02,Local Bakery,bánh donut,24000.0,1.25
2023-10-03,ABC Bakery,bánh sinh nhật,423000.0,1.25
2023-10-03,ABC Bakery,bánh cupcake,46000.0,1.25
2023-10-03,ABC Bakery,bánh mì sandwich,63000.0,1.25
2023-10-03,ABC Bakery,bánh croissant,33000.0,1.25
2023-10-03,ABC Bakery,bánh donut,24000.0,1.25
2023-10-03,Paris Baguette,bánh sinh nhật,447000.0,1.25
2023-10-03,Paris Baguette,bánh cupcake,43000.0,1.25
2023-10-03,Paris Baguette,bánh mì sandwich,59000.0,1.25
2023-10-03,Paris Baguette,bánh croissant,30000.0,1.25
2023-10-03,Paris Baguette,bánh donut,24000.0,1.25
2023-10-03,Local Bakery,bánh sinh nhật,408000.0,1.25
2023-10-03,Local Bakery,bánh cupcake,41000.0,1.25
2023-10-03,Local Bakery,bánh mì sandwich,57000.0,1.25
2023-10-03,Local Bakery,bánh croissant,28000.0,1.25
2023-10-03,Local Bakery,bánh donut,26000.0,1.25
2023-10-04,ABC Bakery,bánh sinh nhật,344000.0,1.25
2023-10-04,ABC Bakery,bánh cupcake,43000.0,1.25
2023-10-04,ABC Bakery,bánh mì sandwich,54000.0,1.25
2023-10-04,ABC Bakery,bánh croissant,32000.0,1.25
2023-10-04,ABC Bakery,bánh donut,24000.0,1.25
2023-10-04,Paris Baguette,bánh sinh nhật,581000.0,1.25
2023-10-04,Paris Baguette,bánh cupcake,37000.0,1.25
2023-10-04,Paris Baguette,bánh mì sandwich,49000.0,1.25
2023-10-04,Paris Baguette,bánh croissant,31000.0,1.25
2023-10-04,Paris Baguette,bánh donut,26000.0,1.25
2023-10-04,Local Bakery,bánh sinh nhật,362000.0,1.25
2023-10-04,Local Bakery,bánh cupcake,36000.0,1.25
2023-10-04,Local Bakery,bánh mì sandwich,62000.0,1.25
2023-10-04,Local Bakery,bánh croissant,27000.0,1.25
2023-10-04,Local Bakery,bánh donut,22000.0,1.25
2023-10-05,ABC Bakery,bánh sinh nhật,514000.0,1.25
2023-10-05,ABC Bakery,bánh cupcake,41000.0,1.25
2023-10-05,ABC Bakery,bánh mì sandwich,58000.0,1.25
2023-10-05,ABC Bakery,bánh croissant,32000.0,1.25
2023-10-05,ABC Bakery,bánh donut,25000.0,1.25
2023-10-05,Paris Baguette,bánh sinh nhật,380000.0,1.25
2023-10-05,Paris Baguette,bánh cupcake,48000.0,1.25
2023-10-05,Paris Baguette,bánh mì sandwich,54000.0,1.25
2023-10-05,Paris Baguette,bánh croissant,30000.0,1.25
2023-10-05,Paris Baguette,bánh donut,25000.0,1.25
2023-10-05,Local Bakery,bánh sinh nhật,405000.0,1.25
2023-10-05,Local Bakery,bánh cupcake,43000.0,1.25
2023-10-05,Local Bakery,bánh mì sandwich,50000.0,1.25
2023-10-05,Local Bakery,bánh croissant,35000.0,1.25
2023-10-05,Local Bakery,bánh donut,23000.0,1.25
2023-10-06,ABC Bakery,bánh sinh nhật,408000.0,1.25
2023-10-06,ABC Bakery,bánh cupcake,44000.0,1.25
2023-10-06,ABC Bakery,bánh mì sandwich,58000.0,1.25
2023-10-06,ABC Bakery,bánh croissant,29000.0,1.25
2023-10-06,ABC Bakery,bánh donut,23000.0,1.25
2023-10-06,Paris Baguette,bánh sinh nhật,377000.0,1.25
2023-10-06,Paris Baguette,bánh cupcake,54000.0,1.25
2023-10-06,Paris Baguette,bánh mì sandwich,52000.0,1.25
2023-10-06,Paris Baguette,bánh croissant,28000.0,1.25
2023-10-06,Paris Baguette,bánh donut,28000.0,1.25
2023-10-06,Local Bakery,bánh sinh nhật,489000.0,1.25
2023-10-06,Local Bakery,bánh cupcake,42000.0,1.25
2023-10-06,Local Bakery,bánh mì sandwich,55000.0,1.25
2023-10-06,Local Bakery,bánh croissant,37000.0,1.25
2023-10-06,Local Bakery,bánh donut,27000.0,1.25
2023-10-07,ABC Bakery,bánh sinh nhật,423000.0,1.25
2023-10-07,ABC Bakery,bánh cupcake,38000.0,1.25
2023-10-07,ABC Bakery,bánh mì sandwich,63000.0,1.25
2023-10-07,ABC Bakery,bánh croissant,34000.0,1.25
2023-10-07,ABC Bakery,bánh donut,27000.0,1.25
2023-10-07,Paris Baguette,bánh sinh nhật,450000.0,1.25
2023-10-07,Paris Baguette,bánh cupcake,43000.0,1.25
2023-10-07,Paris Baguette,bánh mì sandwich,64000.0,1.25
2023-10-07,Paris Baguette,bánh croissant,31000.0,1.25
2023-10-07,Paris Baguette,bánh donut,24000.0,1.25
2023-10-07,Local Bakery,bánh sinh nhật,465000.0,1.25
2023-10-07,Local Bakery,bánh cupcake,42000.0,1.25
2023-10-07,Local Bakery,bánh mì sandwich,51000.0,1.25
2023-10-07,Local Bakery,bánh croissant,32000.0,1.25
2023-10-07,Local Bakery,bánh donut,22000.0,1.25
2023-10-08,ABC Bakery,bánh sinh nhật,378000.0,1.25
2023-10-08,ABC Bakery,bánh cupcake,51000.0,1.25
2023-10-08,ABC Bakery,bánh mì sandwich,48000.0,1.25
2023-10-08,ABC Bakery,bánh croissant,33000.0,1.25
2023-10-08,ABC Bakery,bánh donut,25000.0,1.25
2023-10-08,Paris Baguette,bánh sinh nhật,465000.0,1.25
2023-10-08,Paris Baguette,bánh cupcake,49000.0,1.25
2023-10-08,Paris Baguette,bánh mì sandwich,51000.0,1.25
2023-10-08,Paris Baguette,bánh croissant,37000.0,1.25
2023-10-08,Paris Baguette,bánh donut,25000.0,1.25
2023-10-08,Local Bakery,bánh sinh nhật,402000.0,1.25
2023-10-08,Local Bakery,bánh cupcake,43000.0,1.25
2023-10-08,Local Bakery,bánh mì sandwich,58000.0,1.25
2023-10-08,Local Bakery,bánh croissant,28000.0,1.25
2023-10-08,Local Bakery,bánh donut,27000.0,1.25
2023-10-09,ABC Bakery,bánh sinh nhật,364000.0,1.25
2023-10-09,ABC Bakery,bánh cupcake,45000.0,1.25
2023-10-09,ABC Bakery,bánh mì sandwich,60000.0,1.25
2023-10-09,ABC Bakery,bánh croissant,34000.0,1.25
2023-10-09,ABC Bakery,bánh donut,24000.0,1.25
2023-10-09,Paris Baguette,bánh sinh nhật,333000.0,1.25
2023-10-09,Paris Baguette,bánh cupcake,40000.0,1.25
2023-10-09,Paris Baguette,bánh mì sandwich,51000.0,1.25
2023-10-09,Paris Baguette,bánh croissant,31000.0,1.25
2023-10-09,Paris Baguette,bánh donut,29000.0,1.25
2023-10-09,Local Bakery,bánh sinh nhật,497000.0,1.25
2023-10-09,Local Bakery,bánh cupcake,41000.0,1.25
2023-10-09,Local Bakery,bánh mì sandwich,53000.0,1.25
2023-10-09,Local Bakery,bánh croissant,30000.0,1.25
2023-10-09,Local Bakery,bánh donut,27000.0,1.25
2023-10-10,ABC Bakery,bánh sinh nhật,276000.0,1.25
2023-10-10,ABC Bakery,bánh cupcake,48000.0,1.25
2023-10-10,ABC Bakery,bánh mì sandwich,57000.0,1.25
2023-10-10,ABC Bakery,bánh croissant,32000.0,1.25
2023-10-10,ABC Bakery,bánh donut,27000.0,1.25
2023-10-10,Paris Baguette,bánh sinh nhật,411000.0,1.25
2023-10-10,Paris Baguette,bánh cupcake,48000.0,1.25
2023-10-10,Paris Baguette,bánh mì sandwich,54000.0,1.25
2023-10-10,Paris Baguette,bánh croissant,27000.0,1.25
2023-10-10,Paris Baguette,bánh donut,23000.0,1.25
2023-10-10,Local Bakery,bánh sinh nhật,570000.0,1.25
2023-10-10,Local Bakery,bánh cupcake,39000.0,1.25
2023-10-10,Local Bakery,bánh mì sandwich,50000.0,1.25
2023-10-10,Local Bakery,bánh croissant,34000.0,1.25
2023-10-10,Local Bakery,bánh donut,28000.0,1.25
2023-10-11,ABC Bakery,bánh sinh nhật,476000.0,1.25
2023-10-11,ABC Bakery,bánh cupcake,44000.0,1.25
2023-10-11,ABC Bakery,bánh mì sandwich,52000.0,1.25
2023-10-11,ABC Bakery,bánh croissant,31000.0,1.25
2023-10-11,ABC Bakery,bánh donut,22000.0,1.25
2023-10-11,Paris Baguette,bánh sinh nhật,564000.0,1.25
2023-10-11,Paris Baguette,bánh cupcake,46000.0,1.25
2023-10-11,Paris Baguette,bánh mì sandwich,57000.0,1.25
2023-10-11,Paris Baguette,bánh croissant,36000.0,1.25
2023-10-11,Paris Baguette,bánh donut,21000.0,1.25
2023-10-11,Local Bakery,bánh sinh nhật,413000.0,1.25
2023-10-11,Local Bakery,bánh cupcake,46000.0,1.25
2023-10-11,Local Bakery,bánh mì sandwich,51000.0,1.25
2023-10-11,Local Bakery,bánh croissant,35000.0,1.25
2023-10-11,Local Bakery,bánh donut,29000.0,1.25
2023-10-12,ABC Bakery,bánh sinh nhật,501000.0,1.25
2023-10-12,ABC Bakery,bánh cupcake,35000.0,1.25
2023-10-12,ABC Bakery,bánh mì sandwich,57000.0,1.25
2023-10-12,ABC Bakery,bánh croissant,20000.0,1.25
2023-10-12,ABC Bakery,bánh donut,27000.0,1.25
2023-10-12,Paris Baguette,bánh sinh nhật,456000.0,1.25
2023-10-12,Paris Baguette,bánh cupcake,48000.0,1.25
2023-10-12,Paris Baguette,bánh mì sandwich,59000.0,1.25
2023-10-12,Paris Baguette,bánh croissant,35000.0,1.25
2023-10-12,Paris Baguette,bánh donut,27000.0,1.25
2023-10-12,Local Bakery,bánh sinh nhật,344000.0,1.25
2023-10-12,Local Bakery,bánh cupcake,45000.0,1.25
2023-10-12,Local Bakery,bánh mì sandwich,55000.0,1.25
2023-10-12,Local Bakery,bánh croissant,28000.0,1.25
2023-10-12,Local Bakery,bánh donut,27000.0,1.25
2023-10-13,ABC Bakery,bánh sinh nhật,452000.0,1.25
2023-10-13,ABC Bakery,bánh cupcake,44000.0,1.25
2023-10-13,ABC Bakery,bánh mì sandwich,64000.0,1.25
2023-10-13,ABC Bakery,bánh croissant,34000.0,1.25
2023-10-13,ABC Bakery,bánh donut,31000.0,1.25
2023-10-13,Paris Baguette,bánh sinh nhật,430000.0,1.25
2023-10-13,Paris Baguette,bánh cupcake,42000.0,1.25
2023-10-13,Paris Baguette,bánh mì sandwich,58000.0,1.25
2023-10-13,Paris Baguette,bánh croissant,28000.0,1.25
2023-10-13,Paris Baguette,bánh donut,26000.0,1.25
2023-10-13,Local Bakery,bánh sinh nhật,469000.0,1.25
2023-10-13,Local Bakery,bánh cupcake,44000.0,1.25
2023-10-13,Local Bakery,bánh mì sandwich,63000.0,1.25
2023-10-13,Local Bakery,bánh croissant,34000.0,1.25
2023-10-13,Local Bakery,bánh donut,24000.0,1.25
2023-10-14,ABC Bakery,bánh sinh nhật,517000.0,1.25
2023-10-14,ABC Bakery,bánh cupcake,53000.0,1.25
2023-10-14,ABC Bakery,bánh mì sandwich,60000.0,1.25
2023-10-14,ABC Bakery,bánh croissant,28000.0,1.25
2023-10-14,ABC Bakery,bánh donut,26000.0,1.25
2023-10-14,Paris Baguette,bánh sinh nhật,409000.0,1.25
2023-10-14,Paris Baguette,bánh cupcake,49000.0,1.25
2023-10-14,Paris Baguette,bánh mì sandwich,51000.0,1.25
2023-10-14,Paris Baguette,bánh croissant,30000.0,1.25
2023-10-14,Paris Baguette,bánh donut,22000.0,1.25
2023-10-14,Local Bakery,bánh sinh nhật,428000.0,1.25
2023-10-14,Local Bakery,bánh cupcake,40000.0,1.25
2023-10-14,Local Bakery,bánh mì sandwich,69000.0,1.25
2023-10-14,Local Bakery,bánh croissant,30000.0,1.25
2023-10-14,Local Bakery,bánh donut,27000.0,1.25
2023-10-15,ABC Bakery,bánh sinh nhật,389000.0,1.25
2023-10-15,ABC Bakery,bánh cupcake,38000.0,1.25
2023-10-15,ABC Bakery,bánh mì sandwich,58000.0,1.25
2023-10-15,ABC Bakery,bánh croissant,34000.0,1.25
2023-10-15,ABC Bakery,bánh donut,22000.0,1.25
2023-10-15,Paris Baguette,bánh sinh nhật,394000.0,1.25
2023-10-15,Paris Baguette,bánh cupcake,47000.0,1.25
2023-10-15,Paris Baguette,bánh mì sandwich,57000.0,1.25
2023-10-15,Paris Baguette,bánh croissant,25000.0,1.25
2023-10-15,Paris Baguette,bánh donut,21000.0,1.25
2023-10-15,Local Bakery,bánh sinh nhật,338000.0,1.25
2023-10-15,Local Bakery,bánh cupcake,48000.0,1.25
2023-10-15,Local Bakery,bánh mì sandwich,53000.0,1.25
2023-10-15,Local Bakery,bánh croissant,28000.0,1.25
2023-10-15,Local Bakery,bánh donut,21000.0,1.25
2023-10-16,ABC Bakery,bánh sinh nhật,404000.0,1.25
2023-10-16,ABC Bakery,bánh cupcake,41000.0,1.25
2023-10-16,ABC Bakery,bánh mì sandwich,57000.0,1.25
2023-10-16,ABC Bakery,bánh croissant,36000.0,1.25
2023-10-16,ABC Bakery,bánh donut,30000.0,1.25
2023-10-16,Paris Baguette,bánh sinh nhật,376000.0,1.25
2023-10-16,Paris Baguette,bánh cupcake,30000.0,1.25
2023-10-16,Paris Baguette,bánh mì sandwich,57000.0,1.25
2023-10-16,Paris Baguette,bánh croissant,36000.0,1.25
2023-10-16,Paris Baguette,bánh donut,29000.0,1.25
2023-10-16,Local Bakery,bánh sinh nhật,574000.0,1.25
2023-10-16,Local Bakery,bánh cupcake,42000.0,1.25
2023-10-16,Local Bakery,bánh mì sandwich,51000.0,1.25
2023-10-16,Local Bakery,bánh croissant,29000.0,1.25
2023-10-16,Local Bakery,bánh donut,23000.0,1.25
2023-10-17,ABC Bakery,bánh sinh nhật,365000.0,1.25
2023-10-17,ABC Bakery,bánh cupcake,39000.0,1.25
2023-10-17,ABC Bakery,bánh mì sandwich,52000.0,1.25
2023-10-17,ABC Bakery,bánh croissant,32000.0,1.25
2023-10-17,ABC Bakery,bánh donut,29000.0,1.25
2023-10-17,Paris Baguette,bánh sinh nhật,583000.0,1.25
2023-10-17,Paris Baguette,bánh cupcake,42000.0,1.25
2023-10-17,Paris Baguette,bánh mì sandwich,53000.0,1.25
2023-10-17,Paris Baguette,bánh croissant,29000.0,1.25
2023-10-17,Paris Baguette,bánh donut,24000.0,1.25
2023-10-17,Local Bakery,bánh sinh nhật,514000.0,1.25
2023-10-17,Local Bakery,bánh cupcake,48000.0,1.25
2023-10-17,Local Bakery,bánh mì sandwich,57000.0,1.25
2023-10-17,Local Bakery,bánh croissant,30000.0,1.25
2023-10-17,Local Bakery,bánh donut,24000.0,1.25
2023-10-18,ABC Bakery,bánh sinh nhật,403000.0,1.25
2023-10-18,ABC Bakery,bánh cupcake,42000.0,1.25
2023-10-18,ABC Bakery,bánh mì sandwich,58000.0,1.25
2023-10-18,ABC Bakery,bánh croissant,32000.0,1.25
2023-10-18,ABC Bakery,bánh donut,23000.0,1.25
2023-10-18,Paris Baguette,bánh sinh nhật,311000.0,1.25
2023-10-18,Paris Baguette,bánh cupcake,53000.0,1.25
2023-10-18,Paris Baguette,bánh mì sandwich,57000.0,1.25
2023-10-18,Paris Baguette,bánh croissant,30000.0,1.25
2023-10-18,Paris Baguette,bánh donut,20000.0,1.25
2023-10-18,Local Bakery,bánh sinh nhật,449000.0,1.25
2023-10-18,Local Bakery,bánh cupcake,50000.0,1.25
2023-10-18,Local Bakery,bánh mì sandwich,51000.0,1.25
2023-10-18,Local Bakery,bánh croissant,31000.0,1.25
2023-10-18,Local Bakery,bánh donut,21000.0,1.25
2023-10-19,ABC Bakery,bánh sinh nhật,420000.0,1.25
2023-10-19,ABC Bakery,bánh cupcake,48000.0,1.25
2023-10-19,ABC Bakery,bánh mì sandwich,61000.0,1.25
2023-10-19,ABC Bakery,bánh croissant,34000.0,1.25
2023-10-19,ABC Bakery,bánh donut,29000.0,1.25
2023-10-19,Paris Baguette,bánh sinh nhật,524000.0,1.25
2023-10-19,Paris Baguette,bánh cupcake,34000.0,1.25
2023-10-19,Paris Baguette,bánh mì sandwich,47000.0,1.25
2023-10-19,Paris Baguette,bánh croissant,36000.0,1.25
2023-10-19,Paris Baguette,bánh donut,23000.0,1.25
2023-10-19,Local Bakery,bánh sinh nhật,448000.0,1.25
2023-10-19,Local Bakery,bánh cupcake,47000.0,1.25
2023-10-19,Local Bakery,bánh mì sandwich,49000.0,1.25
2023-10-19,Local Bakery,bánh croissant,32000.0,1.25
2023-10-19,Local Bakery,bánh donut,23000.0,1.25
2023-10-20,ABC Bakery,bánh sinh nhật,508000.0,1.25
2023-10-20,ABC Bakery,bánh cupcake,47000.0,1.25
2023-10-20,ABC Bakery,bánh mì sandwich,66000.0,1.25
2023-10-20,ABC Bakery,bánh croissant,31000.0,1.25
2023-10-20,ABC Bakery,bánh donut,27000.0,1.25
2023-10-20,Paris Baguette,bánh sinh nhật,383000.0,1.25
2023-10-20,Paris Baguette,bánh cupcake,43000.0,1.25
2023-10-20,Paris Baguette,bánh mì sandwich,61000.0,1.25
2023-10-20,Paris Baguette,bánh croissant,27000.0,1.25
2023-10-20,Paris Baguette,bánh donut,25000.0,1.25
2023-10-20,Local Bakery,bánh sinh nhật,341000.0,1.25
2023-10-20,Local Bakery,bánh cupcake,43000.0,1.25
2023-10-20,Local Bakery,bánh mì sandwich,50000.0,1.25
2023-10-20,Local Bakery,bánh croissant,33000.0,1.25
2023-10-20,Local Bakery,bánh donut,26000.0,1.25
2023-10-21,ABC Bakery,bánh sinh nhật,363000.0,1.25
2023-10-21,ABC Bakery,bánh cupcake,48000.0,1.25
2023-10-21,ABC Bakery,bánh mì sandwich,57000.0,1.25
2023-10-21,ABC Bakery,bánh croissant,32000.0,1.25
2023-10-21,ABC Bakery,bánh donut,25000.0,1.25
2023-10-21,Paris Baguette,bánh sinh nhật,452000.0,1.25
2023-10-21,Paris Baguette,bánh cupcake,44000.0,1.25
2023-10-21,Paris Baguette,bánh mì sandwich,63000.0,1.25
2023-10-21,Paris Baguette,bánh croissant,29000.0,1.25
2023-10-21,Paris Baguette,bánh donut,23000.0,1.25
2023-10-21,Local Bakery,bánh sinh nhật,442000.0,1.25
2023-10-21,Local Bakery,bánh cupcake,40000.0,1.25
2023-10-21,Local Bakery,bánh mì sandwich,54000.0,1.25
2023-10-21,Local Bakery,bánh croissant,32000.0,1.25
2023-10-21,Local Bakery,bánh donut,22000.0,1.25
2023-10-22,ABC Bakery,bánh sinh nhật,454000.0,1.25
2023-10-22,ABC Bakery,bánh cupcake,36000.0,1.25
2023-10-22,ABC Bakery,bánh mì sandwich,55000.0,1.25
2023-10-22,ABC Bakery,bánh croissant,29000.0,1.25
2023-10-22,ABC Bakery,bánh donut,27000.0,1.25
2023-10-22,Paris Baguette,bánh sinh nhật,400000.0,1.25
2023-10-22,Paris Baguette,bánh cupcake,50000.0,1.25
2023-10-22,Paris Baguette,bánh mì sandwich,54000.0,1.25
2023-10-22,Paris Baguette,bánh croissant,31000.0,1.25
2023-10-22,Paris Baguette,bánh donut,24000.0,1.25
2023-10-22,Local Bakery,bánh sinh nhật,396000.0,1.25
2023-10-22,Local Bakery,bánh cupcake,51000.0,1.25
2023-10-22,Local Bakery,bánh mì sandwich,54000.0,1.25
2023-10-22,Local Bakery,bánh croissant,30000.0,1.25
2023-10-22,Local Bakery,bánh donut,28000.0,1.25
2023-10-23,ABC Bakery,bánh sinh nhật,498000.0,1.25
2023-10-23,ABC Bakery,bánh cupcake,43000.0,1.25
2023-10-23,ABC Bakery,bánh mì sandwich,52000.0,1.25
2023-10-23,ABC Bakery,bánh croissant,29000.0,1.25
2023-10-23,ABC Bakery,bánh donut,22000.0,1.25
2023-10-23,Paris Baguette,bánh sinh nhật,461000.0,1.25
2023-10-23,Paris Baguette,bánh cupcake,32000.0,1.25
2023-10-23,Paris Baguette,bánh mì sandwich,56000.0,1.25
2023-10-23,Paris Baguette,bánh croissant,34000.0,1.25
2023-10-23,Paris Baguette,bánh donut,24000.0,1.25
2023-10-23,Local Bakery,bánh sinh nhật,459000.0,1.25
2023-10-23,Local Bakery,bánh cupcake,51000.0,1.25
2023-10-23,Local Bakery,bánh mì sandwich,63000.0,1.25
2023-10-23,Local Bakery,bánh croissant,29000.0,1.25
2023-10-23,Local Bakery,bánh donut,26000.0,1.25
2023-10-24,ABC Bakery,bánh sinh nhật,340000.0,1.25
2023-10-24,ABC Bakery,bánh cupcake,40000.0,1.25
2023-10-24,ABC Bakery,bánh mì sandwich,50000.0,1.25
2023-10-24,ABC Bakery,bánh croissant,25000.0,1.25
2023-10-24,ABC Bakery,bánh donut,24000.0,1.25
2023-10-24,Paris Baguette,bánh sinh nhật,449000.0,1.25
2023-10-24,Paris Baguette,bánh cupcake,42000.0,1.25
2023-10-24,Paris Baguette,bánh mì sandwich,54000.0,1.25
2023-10-24,Paris Baguette,bánh croissant,35000.0,1.25
2023-10-24,Paris Baguette,bánh donut,23000.0,1.25
2023-10-24,Local Bakery,bánh sinh nhật,480000.0,1.25
2023-10-24,Local Bakery,bánh cupcake,35000.0,1.25
2023-10-24,Local Bakery,bánh mì sandwich,49000.0,1.25
2023-10-24,Local Bakery,bánh croissant,35000.0,1.25
2023-10-24,Local Bakery,bánh donut,27000.0,1.25
2023-10-25,ABC Bakery,bánh sinh nhật,348000.0,1.25
2023-10-25,ABC Bakery,bánh cupcake,36000.0,1.25
2023-10-25,ABC Bakery,bánh mì sandwich,58000.0,1.25
2023-10-25,ABC Bakery,bánh croissant,32000.0,1.25
2023-10-25,ABC Bakery,bánh donut,24000.0,1.25
2023-10-25,Paris Baguette,bánh sinh nhật,407000.0,1.25
2023-10-25,Paris Baguette,bánh cupcake,42000.0,1.25
2023-10-25,Paris Baguette,bánh mì sandwich,56000.0,1.25
2023-10-25,Paris Baguette,bánh croissant,36000.0,1.25
2023-10-25,Paris Baguette,bánh donut,24000.0,1.25
2023-10-25,Local Bakery,bánh sinh nhật,414000.0,1.25
2023-10-25,Local Bakery,bánh cupcake,46000.0,1.25
2023-10-25,Local Bakery,bánh mì sandwich,51000.0,1.25
2023-10-25,Local Bakery,bánh croissant,31000.0,1.25
2023-10-25,Local Bakery,bánh donut,26000.0,1.25
2023-10-26,ABC Bakery,bánh sinh nhật,386000.0,1.25
2023-10-26,ABC Bakery,bánh cupcake,43000.0,1.25
2023-10-26,ABC Bakery,bánh mì sandwich,61000.0,1.25
2023-10-26,ABC Bakery,bánh croissant,31000.0,1.25
2023-10-26,ABC Bakery,bánh donut,27000.0,1.25
2023-10-26,Paris Baguette,bánh sinh nhật,488000.0,1.25
2023-10-26,Paris Baguette,bánh cupcake,49000.0,1.25
2023-10-26,Paris Baguette,bánh mì sandwich,62000.0,1.25
2023-10-26,Paris Baguette,bánh croissant,29000.0,1.25
2023-10-26,Paris Baguette,bánh donut,20000.0,1.25
2023-10-26,Local Bakery,bánh sinh nhật,350000.0,1.25
2023-10-26,Local Bakery,bánh cupcake,32000.0,1.25
2023-10-26,Local Bakery,bánh mì sandwich,53000.0,1.25
2023-10-26,Local Bakery,bánh croissant,30000.0,1.25
2023-10-26,Local Bakery,bánh donut,22000.0,1.25
2023-10-27,ABC Bakery,bánh sinh nhật,391000.0,1.25
2023-10-27,ABC Bakery,bánh cupcake,49000.0,1.25
2023-10-27,ABC Bakery,bánh mì sandwich,50000.0,1.25
2023-10-27,ABC Bakery,bánh croissant,32000.0,1.25
2023-10-27,ABC Bakery,bánh donut,25000.0,1.25
2023-10-27,Paris Baguette,bánh sinh nhật,582000.0,1.25
2023-10-27,Paris Baguette,bánh cupcake,48000.0,1.25
2023-10-27,Paris Baguette,bánh mì sandwich,65000.0,1.25
2023-10-27,Paris Baguette,bánh croissant,31000.0,1.25
2023-10-27,Paris Baguette,bánh donut,27000.0,1.25
2023-10-27,Local Bakery,bánh sinh nhật,478000.0,1.25
2023-10-27,Local Bakery,bánh cupcake,49000.0,1.25
2023-10-27,Local Bakery,bánh mì sandwich,52000.0,1.25
2023-10-27,Local Bakery,bánh croissant,32000.0,1.25
2023-10-27,Local Bakery,bánh donut,28000.0,1.25
2023-10-28,ABC Bakery,bánh sinh nhật,469000.0,1.25
2023-10-28,ABC Bakery,bánh cupcake,44000.0,1.25
2023-10-28,ABC Bakery,bánh mì sandwich,57000.0,1.25
2023-10-28,ABC Bakery,bánh croissant,35000.0,1.25
2023-10-28,ABC Bakery,bánh donut,22000.0,1.25
2023-10-28,Paris Baguette,bánh sinh nhật,490000.0,1.25
2023-10-28,Paris Baguette,bánh cupcake,37000.0,1.25
2023-10-28,Paris Baguette,bánh mì sandwich,57000.0,1.25
2023-10-28,Paris Baguette,bánh croissant,35000.0,1.25
2023-10-28,Paris Baguette,bánh donut,27000.0,1.25
2023-10-28,Local Bakery,bánh sinh nhật,415000.0,1.25
2023-10-28,Local Bakery,bánh cupcake,42000.0,1.25
2023-10-28,Local Bakery,bánh mì sandwich,55000.0,1.25
2023-10-28,Local Bakery,bánh croissant,31000.0,1.25
2023-10-28,Local Bakery,bánh donut,26000.0,1.25
2023-10-29,ABC Bakery,bánh sinh nhật,511000.0,1.25
2023-10-29,ABC Bakery,bánh cupcake,43000.0,1.25
2023-10-29,ABC Bakery,bánh mì sandwich,54000.0,1.25
2023-10-29,ABC Bakery,bánh croissant,23000.0,1.25
2023-10-29,ABC Bakery,bánh donut,22000.0,1.25
2023-10-29,Paris Baguette,bánh sinh nhật,458000.0,1.25
2023-10-29,Paris Baguette,bánh cupcake,39000.0,1.25
2023-10-29,Paris Baguette,bánh mì sandwich,55000.0,1.25
2023-10-29,Paris Baguette,bánh croissant,29000.0,1.25
2023-10-29,Paris Baguette,bánh donut,26000.0,1.25
2023-10-29,Local Bakery,bánh sinh nhật,508000.0,1.25
2023-10-29,Local Bakery,bánh cupcake,43000.0,1.25
2023-10-29,Local Bakery,bánh mì sandwich,56000.0,1.25
2023-10-29,Local Bakery,bánh croissant,36000.0,1.25
2023-10-29,Local Bakery,bánh donut,24000.0,1.25
2023-10-30,ABC Bakery,bánh sinh nhật,473000.0,1.25
2023-10-30,ABC Bakery,bánh cupcake,44000.0,1.25
2023-10-30,ABC Bakery,bánh mì sandwich,61000.0,1.25
2023-10-30,ABC Bakery,bánh croissant,35000.0,1.25
2023-10-30,ABC Bakery,bánh donut,25000.0,1.25
2023-10-30,Paris Baguette,bánh sinh nhật,396000.0,1.25
2023-10-30,Paris Baguette,bánh cupcake,43000.0,1.25
2023-10-30,Paris Baguette,bánh mì sandwich,50000.0,1.25
2023-10-30,Paris Baguette,bánh croissant,31000.0,1.25
2023-10-30,Paris Baguette,bánh donut,26000.0,1.25
2023-10-30,Local Bakery,bánh sinh nhật,366000.0,1.25
2023-10-30,Local Bakery,bánh cupcake,38000.0,1.25
2023-10-30,Local Bakery,bánh mì sandwich,58000.0,1.25
2023-10-30,Local Bakery,bánh croissant,31000.0,1.25
2023-10-30,Local Bakery,bánh donut,22000.0,1.25
2023-10-31,ABC Bakery,bánh sinh nhật,532000.0,1.25
2023-10-31,ABC Bakery,bánh cupcake,35000.0,1.25
2023-10-31,ABC Bakery,bánh mì sandwich,56000.0,1.25
2023-10-31,ABC Bakery,bánh croissant,30000.0,1.25
2023-10-31,ABC Bakery,bánh donut,22000.0,1.25
2023-10-31,Paris Baguette,bánh sinh nhật,432000.0,1.25
2023-10-31,Paris Baguette,bánh cupcake,37000.0,1.25
2023-10-31,Paris Baguette,bánh mì sandwich,51000.0,1.25
2023-10-31,Paris Baguette,bánh croissant,31000.0,1.25
2023-10-31,Paris Baguette,bánh donut,26000.0,1.25
2023-10-31,Local Bakery,bánh sinh nhật,409000.0,1.25
2023-10-31,Local Bakery,bánh cupcake,38000.0,1.25
2023-10-31,Local Bakery,bánh mì sandwich,60000.0,1.25
2023-10-31,Local Bakery,bánh croissant,32000.0,1.25
2023-10-31,Local Bakery,bánh donut,20000.0,1.25
2023-11-01,ABC Bakery,bánh sinh nhật,353000.0,1.0
2023-11-01,ABC Bakery,bánh cupcake,29000.0,1.0
2023-11-01,ABC Bakery,bánh mì sandwich,44000.0,1.0
2023-11-01,ABC Bakery,bánh croissant,29000.0,1.0
2023-11-01,ABC Bakery,bánh donut,22000.0,1.0
2023-11-01,Paris Baguette,bánh sinh nhật,438000.0,1.0
2023-11-01,Paris Baguette,bánh cupcake,37000.0,1.0
2023-11-01,Paris Baguette,bánh mì sandwich,37000.0,1.0
2023-11-01,Paris Baguette,bánh croissant,24000.0,1.0
2023-11-01,Paris Baguette,bánh donut,17000.0,1.0
2023-11-01,Local Bakery,bánh sinh nhật,406000.0,1.0
2023-11-01,Local Bakery,bánh cupcake,31000.0,1.0
2023-11-01,Local Bakery,bánh mì sandwich,47000.0,1.0
2023-11-01,Local Bakery,bánh croissant,26000.0,1.0
2023-11-01,Local Bakery,bánh donut,23000.0,1.0
2023-11-02,ABC Bakery,bánh sinh nhật,292000.0,1.0
2023-11-02,ABC Bakery,bánh cupcake,34000.0,1.0
2023-11-02,ABC Bakery,bánh mì sandwich,45000.0,1.0
2023-11-02,ABC Bakery,bánh croissant,28000.0,1.0
2023-11-02,ABC Bakery,bánh donut,19000.0,1.0
2023-11-02,Paris Baguette,bánh sinh nhật,369000.0,1.0
2023-11-02,Paris Baguette,bánh cupcake,37000.0,1.0
2023-11-02,Paris Baguette,bánh mì sandwich,48000.0,1.0
2023-11-02,Paris Baguette,bánh croissant,25000.0,1.0
2023-11-02,Paris Baguette,bánh donut,22000.0,1.0
2023-11-02,Local Bakery,bánh sinh nhật,315000.0,1.0
2023-11-02,Local Bakery,bánh cupcake,32000.0,1.0
2023-11-02,Local Bakery,bánh mì sandwich,46000.0,1.0
2023-11-02,Local Bakery,bánh croissant,27000.0,1.0
2023-11-02,Local Bakery,bánh donut,16000.0,1.0
2023-11-03,ABC Bakery,bánh sinh nhật,294000.0,1.0
2023-11-03,ABC Bakery,bánh cupcake,35000.0,1.0
2023-11-03,ABC Bakery,bánh mì sandwich,38000.0,1.0
2023-11-03,ABC Bakery,bánh croissant,22000.0,1.0
2023-11-03,ABC Bakery,bánh donut,19000.0,1.0
2023-11-03,Paris Baguette,bánh sinh nhật,298000.0,1.0
2023-11-03,Paris Baguette,bánh cupcake,34000.0,1.0
2023-11-03,Paris Baguette,bánh mì sandwich,45000.0,1.0
2023-11-03,Paris Baguette,bánh croissant,27000.0,1.0
2023-11-03,Paris Baguette,bánh donut,20000.0,1.0
2023-11-03,Local Bakery,bánh sinh nhật,304000.0,1.0
2023-11-03,Local Bakery,bánh cupcake,31000.0,1.0
2023-11-03,Local Bakery,bánh mì sandwich,43000.0,1.0
2023-11-03,Local Bakery,bánh croissant,26000.0,1.0
2023-11-03,Local Bakery,bánh donut,20000.0,1.0
2023-11-04,ABC Bakery,bánh sinh nhật,356000.0,1.0
2023-11-04,ABC Bakery,bánh cupcake,29000.0,1.0
2023-11-04,ABC Bakery,bánh mì sandwich,49000.0,1.0
2023-11-04,ABC Bakery,bánh croissant,27000.0,1.0
2023-11-04,ABC Bakery,bánh donut,18000.0,1.0
2023-11-04,Paris Baguette,bánh sinh nhật,376000.0,1.0
2023-11-04,Paris Baguette,bánh cupcake,27000.0,1.0
2023-11-04,Paris Baguette,bánh mì sandwich,44000.0,1.0
2023-11-04,Paris Baguette,bánh croissant,28000.0,1.0
2023-11-04,Paris Baguette,bánh donut,16000.0,1.0
2023-11-04,Local Bakery,bánh sinh nhật,386000.0,1.0
2023-11-04,Local Bakery,bánh cupcake,40000.0,1.0
2023-11-04,Local Bakery,bánh mì sandwich,46000.0,1.0
2023-11-04,Local Bakery,bánh croissant,25000.0,1.0
2023-11-04,Local Bakery,bánh donut,23000.0,1.0
2023-11-05,ABC Bakery,bánh sinh nhật,310000.0,1.0
2023-11-05,ABC Bakery,bánh cupcake,33000.0,1.0
2023-11-05,ABC Bakery,bánh mì sandwich,45000.0,1.0
2023-11-05,ABC Bakery,bánh croissant,26000.0,1.0
2023-11-05,ABC Bakery,bánh donut,20000.0,1.0
2023-11-05,Paris Baguette,bánh sinh nhật,326000.0,1.0
2023-11-05,Paris Baguette,bánh cupcake,39000.0,1.0
2023-11-05,Paris Baguette,bánh mì sandwich,48000.0,1.0
2023-11-05,Paris Baguette,bánh croissant,25000.0,1.0
2023-11-05,Paris Baguette,bánh donut,22000.0,1.0
2023-11-05,Local Bakery,bánh sinh nhật,422000.0,1.0
2023-11-05,Local Bakery,bánh cupcake,33000.0,1.0
2023-11-05,Local Bakery,bánh mì sandwich,45000.0,1.0
2023-11-05,Local Bakery,bánh croissant,23000.0,1.0
2023-11-05,Local Bakery,bánh donut,21000.0,1.0
2023-11-06,ABC Bakery,bánh sinh nhật,336000.0,1.0
2023-11-06,ABC Bakery,bánh cupcake,33000.0,1.0
2023-11-06,ABC Bakery,bánh mì sandwich,44000.0,1.0
2023-11-06,ABC Bakery,bánh croissant,27000.0,1.0
2023-11-06,ABC Bakery,bánh donut,20000.0,1.0
2023-11-06,Paris Baguette,bánh sinh nhật,379000.0,1.0
2023-11-06,Paris Baguette,bánh cupcake,37000.0,1.0
2023-11-06,Paris Baguette,bánh mì sandwich,44000.0,1.0
2023-11-06,Paris Baguette,bánh croissant,26000.0,1.0
2023-11-06,Paris Baguette,bánh donut,21000.0,1.0
2023-11-06,Local Bakery,bánh sinh nhật,271000.0,1.0
2023-11-06,Local Bakery,bánh cupcake,39000.0,1.0
2023-11-06,Local Bakery,bánh mì sandwich,37000.0,1.0
2023-11-06,Local Bakery,bánh croissant,25000.0,1.0
2023-11-06,Local Bakery,bánh donut,21000.0,1.0
2023-11-07,ABC Bakery,bánh sinh nhật,364000.0,1.0
2023-11-07,ABC Bakery,bánh cupcake,31000.0,1.0
2023-11-07,ABC Bakery,bánh mì sandwich,53000.0,1.0
2023-11-07,ABC Bakery,bánh croissant,29000.0,1.0
2023-11-07,ABC Bakery,bánh donut,24000.0,1.0
2023-11-07,Paris Baguette,bánh sinh nhật,333000.0,1.0
2023-11-07,Paris Baguette,bánh cupcake,38000.0,1.0
2023-11-07,Paris Baguette,bánh mì sandwich,47000.0,1.0
2023-11-07,Paris Baguette,bánh croissant,27000.0,1.0
2023-11-07,Paris Baguette,bánh donut,22000.0,1.0
2023-11-07,Local Bakery,bánh sinh nhật,288000.0,1.0
2023-11-07,Local Bakery,bánh cupcake,39000.0,1.0
2023-11-07,Local Bakery,bánh mì sandwich,40000.0,1.0
2023-11-07,Local Bakery,bánh croissant,30000.0,1.0
2023-11-07,Local Bakery,bánh donut,19000.0,1.0
2023-11-08,ABC Bakery,bánh sinh nhật,375000.0,1.0
2023-11-08,ABC Bakery,bánh cupcake,36000.0,1.0
2023-11-08,ABC Bakery,bánh mì sandwich,48000.0,1.0
2023-11-08,ABC Bakery,bánh croissant,22000.0,1.0
2023-11-08,ABC Bakery,bánh donut,22000.0,1.0
2023-11-08,Paris Baguette,bánh sinh nhật,295000.0,1.0
2023-11-08,Paris Baguette,bánh cupcake,41000.0,1.0
2023-11-08,Paris Baguette,bánh mì sandwich,48000.0,1.0
2023-11-08,Paris Baguette,bánh croissant,23000.0,1.0
2023-11-08,Paris Baguette,bánh donut,19000.0,1.0
2023-11-08,Local Bakery,bánh sinh nhật,366000.0,1.0
2023-11-08,Local Bakery,bánh cupcake,34000.0,1.0
2023-11-08,Local Bakery,bánh mì sandwich,51000.0,1.0
2023-11-08,Local Bakery,bánh croissant,28000.0,1.0
2023-11-08,Local Bakery,bánh donut,20000.0,1.0
2023-11-09,ABC Bakery,bánh sinh nhật,393000.0,1.0
2023-11-09,ABC Bakery,bánh cupcake,46000.0,1.0
2023-11-09,ABC Bakery,bánh mì sandwich,45000.0,1.0
2023-11-09,ABC Bakery,bánh croissant,21000.0,1.0
2023-11-09,ABC Bakery,bánh donut,19000.0,1.0
2023-11-09,Paris Baguette,bánh sinh nhật,355000.0,1.0
2023-11-09,Paris Baguette,bánh cupcake,35000.0,1.0
2023-11-09,Paris Baguette,bánh mì sandwich,44000.0,1.0
2023-11-09,Paris Baguette,bánh croissant,25000.0,1.0
2023-11-09,Paris Baguette,bánh donut,19000.0,1.0
2023-11-09,Local Bakery,bánh sinh nhật,352000.0,1.0
2023-11-09,Local Bakery,bánh cupcake,39000.0,1.0
2023-11-09,Local Bakery,bánh mì sandwich,50000.0,1.0
2023-11-09,Local Bakery,bánh croissant,23000.0,1.0
2023-11-09,Local Bakery,bánh donut,20000.0,1.0
2023-11-10,ABC Bakery,bánh sinh nhật,411000.0,1.0
2023-11-10,ABC Bakery,bánh cupcake,32000.0,1.0
2023-11-10,ABC Bakery,bánh mì sandwich,46000.0,1.0
2023-11-10,ABC Bakery,bánh croissant,28000.0,1.0
2023-11-10,ABC Bakery,bánh donut,19000.0,1.0
2023-11-10,Paris Baguette,bánh sinh nhật,373000.0,1.0
2023-11-10,Paris Baguette,bánh cupcake,44000.0,1.0
2023-11-10,Paris Baguette,bánh mì sandwich,40000.0,1.0
2023-11-10,Paris Baguette,bánh croissant,27000.0,1.0
2023-11-10,Paris Baguette,bánh donut,20000.0,1.0
2023-11-10,Local Bakery,bánh sinh nhật,354000.0,1.0
2023-11-10,Local Bakery,bánh cupcake,32000.0,1.0
2023-11-10,Local Bakery,bánh mì sandwich,54000.0,1.0
2023-11-10,Local Bakery,bánh croissant,26000.0,1.0
2023-11-10,Local Bakery,bánh donut,22000.0,1.0
2023-11-11,ABC Bakery,bánh sinh nhật,432000.0,1.0
2023-11-11,ABC Bakery,bánh cupcake,35000.0,1.0
2023-11-11,ABC Bakery,bánh mì sandwich,42000.0,1.0
2023-11-11,ABC Bakery,bánh croissant,27000.0,1.0
2023-11-11,ABC Bakery,bánh donut,21000.0,1.0
2023-11-11,Paris Baguette,bánh sinh nhật,276000.0,1.0
2023-11-11,Paris Baguette,bánh cupcake,34000.0,1.0
2023-11-11,Paris Baguette,bánh mì sandwich,46000.0,1.0
2023-11-11,Paris Baguette,bánh croissant,26000.0,1.0
2023-11-11,Paris Baguette,bánh donut,19000.0,1.0
2023-11-11,Local Bakery,bánh sinh nhật,353000.0,1.0
2023-11-11,Local Bakery,bánh cupcake,32000.0,1.0
2023-11-11,Local Bakery,bánh mì sandwich,44000.0,1.0
2023-11-11,Local Bakery,bánh croissant,30000.0,1.0
2023-11-11,Local Bakery,bánh donut,22000.0,1.0
2023-11-12,ABC Bakery,bánh sinh nhật,365000.0,1.0
2023-11-12,ABC Bakery,bánh cupcake,33000.0,1.0
2023-11-12,ABC Bakery,bánh mì sandwich,47000.0,1.0
2023-11-12,ABC Bakery,bánh croissant,25000.0,1.0
2023-11-12,ABC Bakery,bánh donut,23000.0,1.0
2023-11-12,Paris Baguette,bánh sinh nhật,444000.0,1.0
2023-11-12,Paris Baguette,bánh cupcake,35000.0,1.0
2023-11-12,Paris Baguette,bánh mì sandwich,46000.0,1.0
2023-11-12,Paris Baguette,bánh croissant,22000.0,1.0
2023-11-12,Paris Baguette,bánh donut,15000.0,1.0
2023-11-12,Local Bakery,bánh sinh nhật,284000.0,1.0
2023-11-12,Local Bakery,bánh cupcake,31000.0,1.0
2023-11-12,Local Bakery,bánh mì sandwich,48000.0,1.0
2023-11-12,Local Bakery,bánh croissant,23000.0,1.0
2023-11-12,Local Bakery,bánh donut,21000.0,1.0
2023-11-13,ABC Bakery,bánh sinh nhật,321000.0,1.0
2023-11-13,ABC Bakery,bánh cupcake,35000.0,1.0
2023-11-13,ABC Bakery,bánh mì sandwich,46000.0,1.0
2023-11-13,ABC Bakery,bánh croissant,23000.0,1.0
2023-11-13,ABC Bakery,bánh donut,18000.0,1.0
2023-11-13,Paris Baguette,bánh sinh nhật,454000.0,1.0
2023-11-13,Paris Baguette,bánh cupcake,37000.0,1.0
2023-11-13,Paris Baguette,bánh mì sandwich,40000.0,1.0
2023-11-13,Paris Baguette,bánh croissant,22000.0,1.0
2023-11-13,Paris Baguette,bánh donut,22000.0,1.0
2023-11-13,Local Bakery,bánh sinh nhật,316000.0,1.0
2023-11-13,Local Bakery,bánh cupcake,30000.0,1.0
2023-11-13,Local Bakery,bánh mì sandwich,45000.0,1.0
2023-11-13,Local Bakery,bánh croissant,24000.0,1.0
2023-11-13,Local Bakery,bánh donut,20000.0,1.0
2023-11-14,ABC Bakery,bánh sinh nhật,321000.0,1.0
2023-11-14,ABC Bakery,bánh cupcake,31000.0,1.0
2023-11-14,ABC Bakery,bánh mì sandwich,47000.0,1.0
2023-11-14,ABC Bakery,bánh croissant,23000.0,1.0
2023-11-14,ABC Bakery,bánh donut,21000.0,1.0
2023-11-14,Paris Baguette,bánh sinh nhật,393000.0,1.0
2023-11-14,Paris Baguette,bánh cupcake,36000.0,1.0
2023-11-14,Paris Baguette,bánh mì sandwich,48000.0,1.0
2023-11-14,Paris Baguette,bánh croissant,27000.0,1.0
2023-11-14,Paris Baguette,bánh donut,18000.0,1.0
2023-11-14,Local Bakery,bánh sinh nhật,370000.0,1.0
2023-11-14,Local Bakery,bánh cupcake,36000.0,1.0
2023-11-14,Local Bakery,bánh mì sandwich,51000.0,1.0
2023-11-14,Local Bakery,bánh croissant,27000.0,1.0
2023-11-14,Local Bakery,bánh donut,19000.0,1.0
2023-11-15,ABC Bakery,bánh sinh nhật,349000.0,1.0
2023-11-15,ABC Bakery,bánh cupcake,36000.0,1.0
2023-11-15,ABC Bakery,bánh mì sandwich,46000.0,1.0
2023-11-15,ABC Bakery,bánh croissant,25000.0,1.0
2023-11-15,ABC Bakery,bánh donut,20000.0,1.0
2023-11-15,Paris Baguette,bánh sinh nhật,324000.0,1.0
2023-11-15,Paris Baguette,bánh cupcake,36000.0,1.0
2023-11-15,Paris Baguette,bánh mì sandwich,40000.0,1.0
2023-11-15,Paris Baguette,bánh croissant,30000.0,1.0
2023-11-15,Paris Baguette,bánh donut,21000.0,1.0
2023-11-15,Local Bakery,bánh sinh nhật,333000.0,1.0
2023-11-15,Local Bakery,bánh cupcake,26000.0,1.0
2023-11-15,Local Bakery,bánh mì sandwich,40000.0,1.0
2023-11-15,Local Bakery,bánh croissant,25000.0,1.0
2023-11-15,Local Bakery,bánh donut,19000.0,1.0
2023-11-16,ABC Bakery,bánh sinh nhật,274000.0,1.0
2023-11-16,ABC Bakery,bánh cupcake,29000.0,1.0
2023-11-16,ABC Bakery,bánh mì sandwich,45000.0,1.0
2023-11-16,ABC Bakery,bánh croissant,23000.0,1.0
2023-11-16,ABC Bakery,bánh donut,22000.0,1.0
2023-11-16,Paris Baguette,bánh sinh nhật,269000.0,1.0
2023-11-16,Paris Baguette,bánh cupcake,35000.0,1.0
2023-11-16,Paris Baguette,bánh mì sandwich,47000.0,1.0
2023-11-16,Paris Baguette,bánh croissant,24000.0,1.0
2023-11-16,Paris Baguette,bánh donut,18000.0,1.0
2023-11-16,Local Bakery,bánh sinh nhật,448000.0,1.0
2023-11-16,Local Bakery,bánh cupcake,35000.0,1.0
2023-11-16,Local Bakery,bánh mì sandwich,42000.0,1.0
2023-11-16,Local Bakery,bánh croissant,26000.0,1.0
2023-11-16,Local Bakery,bánh donut,18000.0,1.0
2023-11-17,ABC Bakery,bánh sinh nhật,413000.0,1.0
2023-11-17,ABC Bakery,bánh cupcake,30000.0,1.0
2023-11-17,ABC Bakery,bánh mì sandwich,42000.0,1.0
2023-11-17,ABC Bakery,bánh croissant,18000.0,1.0
2023-11-17,ABC Bakery,bánh donut,19000.0,1.0
2023-11-17,Paris Baguette,bánh sinh nhật,344000.0,1.0
2023-11-17,Paris Baguette,bánh cupcake,33000.0,1.0
2023-11-17,Paris Baguette,bánh mì sandwich,45000.0,1.0
2023-11-17,Paris Baguette,bánh croissant,27000.0,1.0
2023-11-17,Paris Baguette,bánh donut,22000.0,1.0
2023-11-17,Local Bakery,bánh sinh nhật,342000.0,1.0
2023-11-17,Local Bakery,bánh cupcake,34000.0,1.0
2023-11-17,Local Bakery,bánh mì sandwich,45000.0,1.0
2023-11-17,Local Bakery,bánh croissant,26000.0,1.0
2023-11-17,Local Bakery,bánh donut,19000.0,1.0
2023-11-18,ABC Bakery,bánh sinh nhật,344000.0,1.0
2023-11-18,ABC Bakery,bánh cupcake,35000.0,1.0
2023-11-18,ABC Bakery,bánh mì sandwich,41000.0,1.0
2023-11-18,ABC Bakery,bánh croissant,22000.0,1.0
2023-11-18,ABC Bakery,bánh donut,18000.0,1.0
2023-11-18,Paris Baguette,bánh sinh nhật,398000.0,1.0
2023-11-18,Paris Baguette,bánh cupcake,33000.0,1.0
2023-11-18,Paris Baguette,bánh mì sandwich,42000.0,1.0
2023-11-18,Paris Baguette,bánh croissant,26000.0,1.0
2023-11-18,Paris Baguette,bánh donut,19000.0,1.0
2023-11-18,Local Bakery,bánh sinh nhật,390000.0,1.0
2023-11-18,Local Bakery,bánh cupcake,36000.0,1.0
2023-11-18,Local Bakery,bánh mì sandwich,42000.0,1.0
2023-11-18,Local Bakery,bánh croissant,27000.0,1.0
2023-11-18,Local Bakery,bánh donut,17000.0,1.0
2023-11-19,ABC Bakery,bánh sinh nhật,381000.0,1.0
2023-11-19,ABC Bakery,bánh cupcake,34000.0,1.0
2023-11-19,ABC Bakery,bánh mì sandwich,47000.0,1.0
2023-11-19,ABC Bakery,bánh croissant,27000.0,1.0
2023-11-19,ABC Bakery,bánh donut,22000.0,1.0
2023-11-19,Paris Baguette,bánh sinh nhật,258000.0,1.0
2023-11-19,Paris Baguette,bánh cupcake,33000.0,1.0
2023-11-19,Paris Baguette,bánh mì sandwich,41000.0,1.0
2023-11-19,Paris Baguette,bánh croissant,24000.0,1.0
2023-11-19,Paris Baguette,bánh donut,22000.0,1.0
2023-11-19,Local Bakery,bánh sinh nhật,355000.0,1.0
2023-11-19,Local Bakery,bánh cupcake,36000.0,1.0
2023-11-19,Local Bakery,bánh mì sandwich,51000.0,1.0
2023-11-19,Local Bakery,bánh croissant,24000.0,1.0
2023-11-19,Local Bakery,bánh donut,21000.0,1.0
2023-11-20,ABC Bakery,bánh sinh nhật,360000.0,1.0
2023-11-20,ABC Bakery,bánh cupcake,35000.0,1.0
2023-11-20,ABC Bakery,bánh mì sandwich,47000.0,1.0
2023-11-20,ABC Bakery,bánh croissant,23000.0,1.0
2023-11-20,ABC Bakery,bánh donut,17000.0,1.0
2023-11-20,Paris Baguette,bánh sinh nhật,245000.0,1.0
2023-11-20,Paris Baguette,bánh cupcake,46000.0,1.0
2023-11-20,Paris Baguette,bánh mì sandwich,44000.0,1.0
2023-11-20,Paris Baguette,bánh croissant,24000.0,1.0
2023-11-20,Paris Baguette,bánh donut,20000.0,1.0
2023-11-20,Local Bakery,bánh sinh nhật,340000.0,1.0
2023-11-20,Local Bakery,bánh cupcake,28000.0,1.0
2023-11-20,Local Bakery,bánh mì sandwich,41000.0,1.0
2023-11-20,Local Bakery,bánh croissant,30000.0,1.0
2023-11-20,Local Bakery,bánh donut,18000.0,1.0
2023-11-21,ABC Bakery,bánh sinh nhật,373000.0,1.0
2023-11-21,ABC Bakery,bánh cupcake,35000.0,1.0
2023-11-21,ABC Bakery,bánh mì sandwich,51000.0,1.0
2023-11-21,ABC Bakery,bánh croissant,27000.0,1.0
2023-11-21,ABC Bakery,bánh donut,18000.0,1.0
2023-11-21,Paris Baguette,bánh sinh nhật,464000.0,1.0
2023-11-21,Paris Baguette,bánh cupcake,34000.0,1.0
2023-11-21,Paris Baguette,bánh mì sandwich,46000.0,1.0
2023-11-21,Paris Baguette,bánh croissant,30000.0,1.0
2023-11-21,Paris Baguette,bánh donut,17000.0,1.0
2023-11-21,Local Bakery,bánh sinh nhật,472000.0,1.0
2023-11-21,Local Bakery,bánh cupcake,38000.0,1.0
2023-11-21,Local Bakery,bánh mì sandwich,43000.0,1.0
2023-11-21,Local Bakery,bánh croissant,27000.0,1.0
2023-11-21,Local Bakery,bánh donut,15000.0,1.0
2023-11-22,ABC Bakery,bánh sinh nhật,330000.0,1.0
2023-11-22,ABC Bakery,bánh cupcake,30000.0,1.0
2023-11-22,ABC Bakery,bánh mì sandwich,47000.0,1.0
2023-11-22,ABC Bakery,bánh croissant,23000.0,1.0
2023-11-22,ABC Bakery,bánh donut,22000.0,1.0
2023-11-22,Paris Baguette,bánh sinh nhật,354000.0,1.0
2023-11-22,Paris Baguette,bánh cupcake,40000.0,1.0
2023-11-22,Paris Baguette,bánh mì sandwich,48000.0,1.0
2023-11-22,Paris Baguette,bánh croissant,27000.0,1.0
2023-11-22,Paris Baguette,bánh donut,20000.0,1.0
2023-11-22,Local Bakery,bánh sinh nhật,294000.0,1.0
2023-11-22,Local Bakery,bánh cupcake,31000.0,1.0
2023-11-22,Local Bakery,bánh mì sandwich,45000.0,1.0
2023-11-22,Local Bakery,bánh croissant,23000.0,1.0
2023-11-22,Local Bakery,bánh donut,22000.0,1.0
2023-11-23,ABC Bakery,bánh sinh nhật,430000.0,1.0
2023-11-23,ABC Bakery,bánh cupcake,38000.0,1.0
2023-11-23,ABC Bakery,bánh mì sandwich,41000.0,1.0
2023-11-23,ABC Bakery,bánh croissant,29000.0,1.0
2023-11-23,ABC Bakery,bánh donut,18000.0,1.0
2023-11-23,Paris Baguette,bánh sinh nhật,386000.0,1.0
2023-11-23,Paris Baguette,bánh cupcake,42000.0,1.0
2023-11-23,Paris Baguette,bánh mì sandwich,44000.0,1.0
2023-11-23,Paris Baguette,bánh croissant,28000.0,1.0
2023-11-23,Paris Baguette,bánh donut,19000.0,1.0
2023-11-23,Local Bakery,bánh sinh nhật,394000.0,1.0
2023-11-23,Local Bakery,bánh cupcake,32000.0,1.0
2023-11-23,Local Bakery,bánh mì sandwich,43000.0,1.0
2023-11-23,Local Bakery,bánh croissant,23000.0,1.0
2023-11-23,Local Bakery,bánh donut,20000.0,1.0
2023-11-24,ABC Bakery,bánh sinh nhật,359000.0,1.0
2023-11-24,ABC Bakery,bánh cupcake,26000.0,1.0
2023-11-24,ABC Bakery,bánh mì sandwich,47000.0,1.0
2023-11-24,ABC Bakery,bánh croissant,30000.0,1.0
2023-11-24,ABC Bakery,bánh donut,22000.0,1.0
2023-11-24,Paris Baguette,bánh sinh nhật,309000.0,1.0
2023-11-24,Paris Baguette,bánh cupcake,34000.0,1.0
2023-11-24,Paris Baguette,bánh mì sandwich,47000.0,1.0
2023-11-24,Paris Baguette,bánh croissant,27000.0,1.0
2023-11-24,Paris Baguette,bánh donut,20000.0,1.0
2023-11-24,Local Bakery,bánh sinh nhật,252000.0,1.0
2023-11-24,Local Bakery,bánh cupcake,34000.0,1.0
2023-11-24,Local Bakery,bánh mì sandwich,41000.0,1.0
2023-11-24,Local Bakery,bánh croissant,23000.0,1.0
2023-11-24,Local Bakery,bánh donut,19000.0,1.0
2023-11-25,ABC Bakery,bánh sinh nhật,422000.0,1.0
2023-11-25,ABC Bakery,bánh cupcake,33000.0,1.0
2023-11-25,ABC Bakery,bánh mì sandwich,38000.0,1.0
2023-11-25,ABC Bakery,bánh croissant,30000.0,1.0
2023-11-25,ABC Bakery,bánh donut,20000.0,1.0
2023-11-25,Paris Baguette,bánh sinh nhật,331000.0,1.0
2023-11-25,Paris Baguette,bánh cupcake,30000.0,1.0
2023-11-25,Paris Baguette,bánh mì sandwich,40000.0,1.0
2023-11-25,Paris Baguette,bánh croissant,28000.0,1.0
2023-11-25,Paris Baguette,bánh donut,21000.0,1.0
2023-11-25,Local Bakery,bánh sinh nhật,344000.0,1.0
2023-11-25,Local Bakery,bánh cupcake,40000.0,1.0
2023-11-25,Local Bakery,bánh mì sandwich,37000.0,1.0
2023-11-25,Local Bakery,bánh croissant,25000.0,1.0
2023-11-25,Local Bakery,bánh donut,20000.0,1.0
2023-11-26,ABC Bakery,bánh sinh nhật,275000.0,1.0
2023-11-26,ABC Bakery,bánh cupcake,33000.0,1.0
2023-11-26,ABC Bakery,bánh mì sandwich,38000.0,1.0
2023-11-26,ABC Bakery,bánh croissant,24000.0,1.0
2023-11-26,ABC Bakery,bánh donut,16000.0,1.0
2023-11-26,Paris Baguette,bánh sinh nhật,388000.0,1.0
2023-11-26,Paris Baguette,bánh cupcake,34000.0,1.0
2023-11-26,Paris Baguette,bánh mì sandwich,49000.0,1.0
2023-11-26,Paris Baguette,bánh croissant,26000.0,1.0
2023-11-26,Paris Baguette,bánh donut,21000.0,1.0
2023-11-26,Local Bakery,bánh sinh nhật,380000.0,1.0
2023-11-26,Local Bakery,bánh cupcake,30000.0,1.0
2023-11-26,Local Bakery,bánh mì sandwich,47000.0,1.0
2023-11-26,Local Bakery,bánh croissant,27000.0,1.0
2023-11-26,Local Bakery,bánh donut,20000.0,1.0
2023-11-27,ABC Bakery,bánh sinh nhật,399000.0,1.0
2023-11-27,ABC Bakery,bánh cupcake,36000.0,1.0
2023-11-27,ABC Bakery,bánh mì sandwich,44000.0,1.0
2023-11-27,ABC Bakery,bánh croissant,28000.0,1.0
2023-11-27,ABC Bakery,bánh donut,22000.0,1.0
2023-11-27,Paris Baguette,bánh sinh nhật,320000.0,1.0
2023-11-27,Paris Baguette,bánh cupcake,38000.0,1.0
2023-11-27,Paris Baguette,bánh mì sandwich,50000.0,1.0
2023-11-27,Paris Baguette,bánh croissant,25000.0,1.0
2023-11-27,Paris Baguette,bánh donut,20000.0,1.0
2023-11-27,Local Bakery,bánh sinh nhật,331000.0,1.0
2023-11-27,Local Bakery,bánh cupcake,32000.0,1.0
2023-11-27,Local Bakery,bánh mì sandwich,40000.0,1.0
2023-11-27,Local Bakery,bánh croissant,26000.0,1.0
2023-11-27,Local Bakery,bánh donut,19000.0,1.0
2023-11-28,ABC Bakery,bánh sinh nhật,236000.0,1.0
2023-11-28,ABC Bakery,bánh cupcake,38000.0,1.0
2023-11-28,ABC Bakery,bánh mì sandwich,39000.0,1.0
2023-11-28,ABC Bakery,bánh croissant,25000.0,1.0
2023-11-28,ABC Bakery,bánh donut,18000.0,1.0
2023-11-28,Paris Baguette,bánh sinh nhật,457000.0,1.0
2023-11-28,Paris Baguette,bánh cupcake,35000.0,1.0
2023-11-28,Paris Baguette,bánh mì sandwich,41000.0,1.0
2023-11-28,Paris Baguette,bánh croissant,27000.0,1.0
2023-11-28,Paris Baguette,bánh donut,18000.0,1.0
2023-11-28,Local Bakery,bánh sinh nhật,347000.0,1.0
2023-11-28,Local Bakery,bánh cupcake,43000.0,1.0
2023-11-28,Local Bakery,bánh mì sandwich,41000.0,1.0
2023-11-28,Local Bakery,bánh croissant,27000.0,1.0
2023-11-28,Local Bakery,bánh donut,20000.0,1.0
2023-11-29,ABC Bakery,bánh sinh nhật,304000.0,1.0
2023-11-29,ABC Bakery,bánh cupcake,36000.0,1.0
2023-11-29,ABC Bakery,bánh mì sandwich,41000.0,1.0
2023-11-29,ABC Bakery,bánh croissant,26000.0,1.0
2023-11-29,ABC Bakery,bánh donut,19000.0,1.0
2023-11-29,Paris Baguette,bánh sinh nhật,335000.0,1.0
2023-11-29,Paris Baguette,bánh cupcake,44000.0,1.0
2023-11-29,Paris Baguette,bánh mì sandwich,47000.0,1.0
2023-11-29,Paris Baguette,bánh croissant,26000.0,1.0
2023-11-29,Paris Baguette,bánh donut,21000.0,1.0
2023-11-29,Local Bakery,bánh sinh nhật,359000.0,1.0
2023-11-29,Local Bakery,bánh cupcake,37000.0,1.0
2023-11-29,Local Bakery,bánh mì sandwich,47000.0,1.0
2023-11-29,Local Bakery,bánh croissant,23000.0,1.0
2023-11-29,Local Bakery,bánh donut,19000.0,1.0
2023-11-30,ABC Bakery,bánh sinh nhật,364000.0,1.0
2023-11-30,ABC Bakery,bánh cupcake,36000.0,1.0
2023-11-30,ABC Bakery,bánh mì sandwich,46000.0,1.0
2023-11-30,ABC Bakery,bánh croissant,23000.0,1.0
2023-11-30,ABC Bakery,bánh donut,21000.0,1.0
2023-11-30,Paris Baguette,bánh sinh nhật,467000.0,1.0
2023-11-30,Paris Baguette,bánh cupcake,33000.0,1.0
2023-11-30,Paris Baguette,bánh mì sandwich,50000.0,1.0
2023-11-30,Paris Baguette,bánh croissant,27000.0,1.0
2023-11-30,Paris Baguette,bánh donut,21000.0,1.0
2023-11-30,Local Bakery,bánh sinh nhật,360000.0,1.0
2023-11-30,Local Bakery,bánh cupcake,33000.0,1.0
2023-11-30,Local Bakery,bánh mì sandwich,41000.0,1.0
2023-11-30,Local Bakery,bánh croissant,25000.0,1.0
2023-11-30,Local Bakery,bánh donut,21000.0,1.0
2023-12-01,ABC Bakery,bánh sinh nhật,448000.0,1.15
2023-12-01,ABC Bakery,bánh cupcake,41000.0,1.15
2023-12-01,ABC Bakery,bánh mì sandwich,55000.0,1.15
2023-12-01,ABC Bakery,bánh croissant,29000.0,1.15
2023-12-01,ABC Bakery,bánh donut,25000.0,1.15
2023-12-01,Paris Baguette,bánh sinh nhật,498000.0,1.15
2023-12-01,Paris Baguette,bánh cupcake,35000.0,1.15
2023-12-01,Paris Baguette,bánh mì sandwich,51000.0,1.15
2023-12-01,Paris Baguette,bánh croissant,32000.0,1.15
2023-12-01,Paris Baguette,bánh donut,25000.0,1.15
2023-12-01,Local Bakery,bánh sinh nhật,455000.0,1.15
2023-12-01,Local Bakery,bánh cupcake,41000.0,1.15
2023-12-01,Local Bakery,bánh mì sandwich,53000.0,1.15
2023-12-01,Local Bakery,bánh croissant,25000.0,1.15
2023-12-01,Local Bakery,bánh donut,22000.0,1.15
2023-12-02,ABC Bakery,bánh sinh nhật,368000.0,1.15
2023-12-02,ABC Bakery,bánh cupcake,48000.0,1.15
2023-12-02,ABC Bakery,bánh mì sandwich,53000.0,1.15
2023-12-02,ABC Bakery,bánh croissant,27000.0,1.15
2023-12-02,ABC Bakery,bánh donut,21000.0,1.15
2023-12-02,Paris Baguette,bánh sinh nhật,350000.0,1.15
2023-12-02,Paris Baguette,bánh cupcake,35000.0,1.15
2023-12-02,Paris Baguette,bánh mì sandwich,50000.0,1.15
2023-12-02,Paris Baguette,bánh croissant,29000.0,1.15
2023-12-02,Paris Baguette,bánh donut,24000.0,1.15
2023-12-02,Local Bakery,bánh sinh nhật,403000.0,1.15
2023-12-02,Local Bakery,bánh cupcake,40000.0,1.15
2023-12-02,Local Bakery,bánh mì sandwich,50000.0,1.15
2023-12-02,Local Bakery,bánh croissant,29000.0,1.15
2023-12-02,Local Bakery,bánh donut,20000.0,1.15
2023-12-03,ABC Bakery,bánh sinh nhật,433000.0,1.15
2023-12-03,ABC Bakery,bánh cupcake,43000.0,1.15
2023-12-03,ABC Bakery,bánh mì sandwich,47000.0,1.15
2023-12-03,ABC Bakery,bánh croissant,25000.0,1.15
2023-12-03,ABC Bakery,bánh donut,24000.0,1.15
2023-12-03,Paris Baguette,bánh sinh nhật,363000.0,1.15
2023-12-03,Paris Baguette,bánh cupcake,48000.0,1.15
2023-12-03,Paris Baguette,bánh mì sandwich,54000.0,1.15
2023-12-03,Paris Baguette,bánh croissant,29000.0,1.15
2023-12-03,Paris Baguette,bánh donut,24000.0,1.15
2023-12-03,Local Bakery,bánh sinh nhật,467000.0,1.15
2023-12-03,Local Bakery,bánh cupcake,43000.0,1.15
2023-12-03,Local Bakery,bánh mì sandwich,47000.0,1.15
2023-12-03,Local Bakery,bánh croissant,32000.0,1.15
2023-12-03,Local Bakery,bánh donut,24000.0,1.15
2023-12-04,ABC Bakery,bánh sinh nhật,521000.0,1.15
2023-12-04,ABC Bakery,bánh cupcake,35000.0,1.15
2023-12-04,ABC Bakery,bánh mì sandwich,53000.0,1.15
2023-12-04,ABC Bakery,bánh croissant,27000.0,1.15
2023-12-04,ABC Bakery,bánh donut,24000.0,1.15
2023-12-04,Paris Baguette,bánh sinh nhật,479000.0,1.15
2023-12-04,Paris Baguette,bánh cupcake,38000.0,1.15
2023-12-04,Paris Baguette,bánh mì sandwich,54000.0,1.15
2023-12-04,Paris Baguette,bánh croissant,26000.0,1.15
2023-12-04,Paris Baguette,bánh donut,22000.0,1.15
2023-12-04,Local Bakery,bánh sinh nhật,382000.0,1.15
2023-12-04,Local Bakery,bánh cupcake,32000.0,1.15
2023-12-04,Local Bakery,bánh mì sandwich,57000.0,1.15
2023-12-04,Local Bakery,bánh croissant,28000.0,1.15
2023-12-04,Local Bakery,bánh donut,25000.0,1.15
2023-12-05,ABC Bakery,bánh sinh nhật,501000.0,1.15
2023-12-05,ABC Bakery,bánh cupcake,42000.0,1.15
2023-12-05,ABC Bakery,bánh mì sandwich,50000.0,1.15
2023-12-05,ABC Bakery,bánh croissant,28000.0,1.15
2023-12-05,ABC Bakery,bánh donut,23000.0,1.15
2023-12-05,Paris Baguette,bánh sinh nhật,418000.0,1.15
2023-12-05,Paris Baguette,bánh cupcake,43000.0,1.15
2023-12-05,Paris Baguette,bánh mì sandwich,61000.0,1.15
2023-12-05,Paris Baguette,bánh croissant,29000.0,1.15
2023-12-05,Paris Baguette,bánh donut,24000.0,1.15
2023-12-05,Local Bakery,bánh sinh nhật,410000.0,1.15
2023-12-05,Local Bakery,bánh cupcake,36000.0,1.15
2023-12-05,Local Bakery,bánh mì sandwich,43000.0,1.15
2023-12-05,Local Bakery,bánh croissant,30000.0,1.15
2023-12-05,Local Bakery,bánh donut,24000.0,1.15
2023-12-06,ABC Bakery,bánh sinh nhật,465000.0,1.15
2023-12-06,ABC Bakery,bánh cupcake,26000.0,1.15
2023-12-06,ABC Bakery,bánh mì sandwich,52000.0,1.15
2023-12-06,ABC Bakery,bánh croissant,26000.0,1.15
2023-12-06,ABC Bakery,bánh donut,24000.0,1.15
2023-12-06,Paris Baguette,bánh sinh nhật,336000.0,1.15
2023-12-06,Paris Baguette,bánh cupcake,49000.0,1.15
2023-12-06,Paris Baguette,bánh mì sandwich,54000.0,1.15
2023-12-06,Paris Baguette,bánh croissant,28000.0,1.15
2023-12-06,Paris Baguette,bánh donut,26000.0,1.15
2023-12-06,Local Bakery,bánh sinh nhật,464000.0,1.15
2023-12-06,Local Bakery,bánh cupcake,39000.0,1.15
2023-12-06,Local Bakery,bánh mì sandwich,56000.0,1.15
2023-12-06,Local Bakery,bánh croissant,34000.0,1.15
2023-12-06,Local Bakery,bánh donut,26000.0,1.15
2023-12-07,ABC Bakery,bánh sinh nhật,454000.0,1.15
2023-12-07,ABC Bakery,bánh cupcake,37000.0,1.15
2023-12-07,ABC Bakery,bánh mì sandwich,50000.0,1.15
2023-12-07,ABC Bakery,bánh croissant,28000.0,1.15
2023-12-07,ABC Bakery,bánh donut,20000.0,1.15
2023-12-07,Paris Baguette,bánh sinh nhật,401000.0,1.15
2023-12-07,Paris Baguette,bánh cupcake,35000.0,1.15
2023-12-07,Paris Baguette,bánh mì sandwich,59000.0,1.15
2023-12-07,Paris Baguette,bánh croissant,29000.0,1.15
2023-12-07,Paris Baguette,bánh donut,19000.0,1.15
2023-12-07,Local Bakery,bánh sinh nhật,471000.0,1.15
2023-12-07,Local Bakery,bánh cupcake,29000.0,1.15
2023-12-07,Local Bakery,bánh mì sandwich,51000.0,1.15
2023-12-07,Local Bakery,bánh croissant,35000.0,1.15
2023-12-07,Local Bakery,bánh donut,26000.0,1.15
2023-12-08,ABC Bakery,bánh sinh nhật,394000.0,1.15
2023-12-08,ABC Bakery,bánh cupcake,36000.0,1.15
2023-12-08,ABC Bakery,bánh mì sandwich,56000.0,1.15
2023-12-08,ABC Bakery,bánh croissant,25000.0,1.15
2023-12-08,ABC Bakery,bánh donut,28000.0,1.15
2023-12-08,Paris Baguette,bánh sinh nhật,278000.0,1.15
2023-12-08,Paris Baguette,bánh cupcake,42000.0,1.15
2023-12-08,Paris Baguette,bánh mì sandwich,54000.0,1.15
2023-12-08,Paris Baguette,bánh croissant,24000.0,1.15
2023-12-08,Paris Baguette,bánh donut,23000.0,1.15
2023-12-08,Local Bakery,bánh sinh nhật,434000.0,1.15
2023-12-08,Local Bakery,bánh cupcake,46000.0,1.15
2023-12-08,Local Bakery,bánh mì sandwich,54000.0,1.15
2023-12-08,Local Bakery,bánh croissant,31000.0,1.15
2023-12-08,Local Bakery,bánh donut,21000.0,1.15
2023-12-09,ABC Bakery,bánh sinh nhật,380000.0,1.15
2023-12-09,ABC Bakery,bánh cupcake,34000.0,1.15
2023-12-09,ABC Bakery,bánh mì sandwich,56000.0,1.15
2023-12-09,ABC Bakery,bánh croissant,30000.0,1.15
2023-12-09,ABC Bakery,bánh donut,22000.0,1.15
2023-12-09,Paris Baguette,bánh sinh nhật,354000.0,1.15
2023-12-09,Paris Baguette,bánh cupcake,37000.0,1.15
2023-12-09,Paris Baguette,bánh mì sandwich,58000.0,1.15
2023-12-09,Paris Baguette,bánh croissant,26000.0,1.15
2023-12-09,Paris Baguette,bánh donut,25000.0,1.15
2023-12-09,Local Bakery,bánh sinh nhật,409000.0,1.15
2023-12-09,Local Bakery,bánh cupcake,41000.0,1.15
2023-12-09,Local Bakery,bánh mì sandwich,53000.0,1.15
2023-12-09,Local Bakery,bánh croissant,30000.0,1.15
2023-12-09,Local Bakery,bánh donut,22000.0,1.15
2023-12-10,ABC Bakery,bánh sinh nhật,429000.0,1.15
2023-12-10,ABC Bakery,bánh cupcake,47000.0,1.15
2023-12-10,ABC Bakery,bánh mì sandwich,53000.0,1.15
2023-12-10,ABC Bakery,bánh croissant,31000.0,1.15
2023-12-10,ABC Bakery,bánh donut,17000.0,1.15
2023-12-10,Paris Baguette,bánh sinh nhật,334000.0,1.15
2023-12-10,Paris Baguette,bánh cupcake,41000.0,1.15
2023-12-10,Paris Baguette,bánh mì sandwich,54000.0,1.15
2023-12-10,Paris Baguette,bánh croissant,28000.0,1.15
2023-12-10,Paris Baguette,bánh donut,23000.0,1.15
2023-12-10,Local Bakery,bánh sinh nhật,442000.0,1.15
2023-12-10,Local Bakery,bánh cupcake,32000.0,1.15
2023-12-10,Local Bakery,bánh mì sandwich,54000.0,1.15
2023-12-10,Local Bakery,bánh croissant,29000.0,1.15
2023-12-10,Local Bakery,bánh donut,21000.0,1.15
2023-12-11,ABC Bakery,bánh sinh nhật,352000.0,1.15
2023-12-11,ABC Bakery,bánh cupcake,37000.0,1.15
2023-12-11,ABC Bakery,bánh mì sandwich,48000.0,1.15
2023-12-11,ABC Bakery,bánh croissant,26000.0,1.15
2023-12-11,ABC Bakery,bánh donut,23000.0,1.15
2023-12-11,Paris Baguette,bánh sinh nhật,384000.0,1.15
2023-12-11,Paris Baguette,bánh cupcake,42000.0,1.15
2023-12-11,Paris Baguette,bánh mì sandwich,48000.0,1.15
2023-12-11,Paris Baguette,bánh croissant,26000.0,1.15
2023-12-11,Paris Baguette,bánh donut,23000.0,1.15
2023-12-11,Local Bakery,bánh sinh nhật,383000.0,1.15
2023-12-11,Local Bakery,bánh cupcake,38000.0,1.15
2023-12-11,Local Bakery,bánh mì sandwich,47000.0,1.15
2023-12-11,Local Bakery,bánh croissant,28000.0,1.15
2023-12-11,Local Bakery,bánh donut,19000.0,1.15
2023-12-12,ABC Bakery,bánh sinh nhật,416000.0,1.15
2023-12-12,ABC Bakery,bánh cupcake,33000.0,1.15
2023-12-12,ABC Bakery,bánh mì sandwich,47000.0,1.15
2023-12-12,ABC Bakery,bánh croissant,29000.0,1.15
2023-12-12,ABC Bakery,bánh donut,21000.0,1.15
2023-12-12,Paris Baguette,bánh sinh nhật,328000.0,1.15
2023-12-12,Paris Baguette,bánh cupcake,36000.0,1.15
2023-12-12,Paris Baguette,bánh mì sandwich,52000.0,1.15
2023-12-12,Paris Baguette,bánh croissant,26000.0,1.15
2023-12-12,Paris Baguette,bánh donut,24000.0,1.15
2023-12-12,Local Bakery,bánh sinh nhật,371000.0,1.15
2023-12-12,Local Bakery,bánh cupcake,45000.0,1.15
2023-12-12,Local Bakery,bánh mì sandwich,48000.0,1.15
2023-12-12,Local Bakery,bánh croissant,31000.0,1.15
2023-12-12,Local Bakery,bánh donut,26000.0,1.15
2023-12-13,ABC Bakery,bánh sinh nhật,315000.0,1.15
2023-12-13,ABC Bakery,bánh cupcake,44000.0,1.15
2023-12-13,ABC Bakery,bánh mì sandwich,57000.0,1.15
2023-12-13,ABC Bakery,bánh croissant,25000.0,1.15
2023-12-13,ABC Bakery,bánh donut,24000.0,1.15
2023-12-13,Paris Baguette,bánh sinh nhật,382000.0,1.15
2023-12-13,Paris Baguette,bánh cupcake,39000.0,1.15
2023-12-13,Paris Baguette,bánh mì sandwich,50000.0,1.15
2023-12-13,Paris Baguette,bánh croissant,29000.0,1.15
2023-12-13,Paris Baguette,bánh donut,23000.0,1.15
2023-12-13,Local Bakery,bánh sinh nhật,437000.0,1.15
2023-12-13,Local Bakery,bánh cupcake,40000.0,1.15
2023-12-13,Local Bakery,bánh mì sandwich,45000.0,1.15
2023-12-13,Local Bakery,bánh croissant,22000.0,1.15
2023-12-13,Local Bakery,bánh donut,24000.0,1.15
2023-12-14,ABC Bakery,bánh sinh nhật,430000.0,1.15
2023-12-14,ABC Bakery,bánh cupcake,33000.0,1.15
2023-12-14,ABC Bakery,bánh mì sandwich,53000.0,1.15
2023-12-14,ABC Bakery,bánh croissant,28000.0,1.15
2023-12-14,ABC Bakery,bánh donut,22000.0,1.15
2023-12-14,Paris Baguette,bánh sinh nhật,380000.0,1.15
2023-12-14,Paris Baguette,bánh cupcake,35000.0,1.15
2023-12-14,Paris Baguette,bánh mì sandwich,54000.0,1.15
2023-12-14,Paris Baguette,bánh croissant,30000.0,1.15
2023-12-14,Paris Baguette,bánh donut,22000.0,1.15
2023-12-14,Local Bakery,bánh sinh nhật,386000.0,1.15
2023-12-14,Local Bakery,bánh cupcake,34000.0,1.15
2023-12-14,Local Bakery,bánh mì sandwich,60000.0,1.15
2023-12-14,Local Bakery,bánh croissant,24000.0,1.15
2023-12-14,Local Bakery,bánh donut,23000.0,1.15
2023-12-15,ABC Bakery,bánh sinh nhật,435000.0,1.15
2023-12-15,ABC Bakery,bánh cupcake,35000.0,1.15
2023-12-15,ABC Bakery,bánh mì sandwich,52000.0,1.15
2023-12-15,ABC Bakery,bánh croissant,24000.0,1.15
2023-12-15,ABC Bakery,bánh donut,26000.0,1.15
2023-12-15,Paris Baguette,bánh sinh nhật,491000.0,1.15
2023-12-15,Paris Baguette,bánh cupcake,38000.0,1.15
2023-12-15,Paris Baguette,bánh mì sandwich,50000.0,1.15
2023-12-15,Paris Baguette,bánh croissant,23000.0,1.15
2023-12-15,Paris Baguette,bánh donut,24000.0,1.15
2023-12-15,Local Bakery,bánh sinh nhật,314000.0,1.15
2023-12-15,Local Bakery,bánh cupcake,34000.0,1.15
2023-12-15,Local Bakery,bánh mì sandwich,59000.0,1.15
2023-12-15,Local Bakery,bánh croissant,36000.0,1.15
2023-12-15,Local Bakery,bánh donut,24000.0,1.15
2023-12-16,ABC Bakery,bánh sinh nhật,348000.0,1.15
2023-12-16,ABC Bakery,bánh cupcake,39000.0,1.15
2023-12-16,ABC Bakery,bánh mì sandwich,56000.0,1.15
2023-12-16,ABC Bakery,bánh croissant,28000.0,1.15
2023-12-16,ABC Bakery,bánh donut,23000.0,1.15
2023-12-16,Paris Baguette,bánh sinh nhật,463000.0,1.15
2023-12-16,Paris Baguette,bánh cupcake,32000.0,1.15
2023-12-16,Paris Baguette,bánh mì sandwich,48000.0,1.15
2023-12-16,Paris Baguette,bánh croissant,32000.0,1.15
2023-12-16,Paris Baguette,bánh donut,22000.0,1.15
2023-12-16,Local Bakery,bánh sinh nhật,410000.0,1.15
2023-12-16,Local Bakery,bánh cupcake,46000.0,1.15
2023-12-16,Local Bakery,bánh mì sandwich,52000.0,1.15
2023-12-16,Local Bakery,bánh croissant,29000.0,1.15
2023-12-16,Local Bakery,bánh donut,20000.0,1.15
2023-12-17,ABC Bakery,bánh sinh nhật,306000.0,1.15
2023-12-17,ABC Bakery,bánh cupcake,51000.0,1.15
2023-12-17,ABC Bakery,bánh mì sandwich,62000.0,1.15
2023-12-17,ABC Bakery,bánh croissant,32000.0,1.15
2023-12-17,ABC Bakery,bánh donut,23000.0,1.15
2023-12-17,Paris Baguette,bánh sinh nhật,456000.0,1.15
2023-12-17,Paris Baguette,bánh cupcake,44000.0,1.15
2023-12-17,Paris Baguette,bánh mì sandwich,56000.0,1.15
2023-12-17,Paris Baguette,bánh croissant,28000.0,1.15
2023-12-17,Paris Baguette,bánh donut,25000.0,1.15
2023-12-17,Local Bakery,bánh sinh nhật,347000.0,1.15
2023-12-17,Local Bakery,bánh cupcake,40000.0,1.15
2023-12-17,Local Bakery,bánh mì sandwich,59000.0,1.15
2023-12-17,Local Bakery,bánh croissant,31000.0,1.15
2023-12-17,Local Bakery,bánh donut,22000.0,1.15
2023-12-18,ABC Bakery,bánh sinh nhật,304000.0,1.15
2023-12-18,ABC Bakery,bánh cupcake,38000.0,1.15
2023-12-18,ABC Bakery,bánh mì sandwich,52000.0,1.15
2023-12-18,ABC Bakery,bánh croissant,30000.0,1.15
2023-12-18,ABC Bakery,bánh donut,26000.0,1.15
2023-12-18,Paris Baguette,bánh sinh nhật,494000.0,1.15
2023-12-18,Paris Baguette,bánh cupcake,40000.0,1.15
2023-12-18,Paris Baguette,bánh mì sandwich,46000.0,1.15
2023-12-18,Paris Baguette,bánh croissant,31000.0,1.15
2023-12-18,Paris Baguette,bánh donut,23000.0,1.15
2023-12-18,Local Bakery,bánh sinh nhật,411000.0,1.15
2023-12-18,Local Bakery,bánh cupcake,36000.0,1.15
2023-12-18,Local Bakery,bánh mì sandwich,58000.0,1.15
2023-12-18,Local Bakery,bánh croissant,27000.0,1.15
2023-12-18,Local Bakery,bánh donut,20000.0,1.15
2023-12-19,ABC Bakery,bánh sinh nhật,290000.0,1.15
2023-12-19,ABC Bakery,bánh cupcake,42000.0,1.15
2023-12-19,ABC Bakery,bánh mì sandwich,53000.0,1.15
2023-12-19,ABC Bakery,bánh croissant,31000.0,1.15
2023-12-19,ABC Bakery,bánh donut,27000.0,1.15
2023-12-19,Paris Baguette,bánh sinh nhật,431000.0,1.15
2023-12-19,Paris Baguette,bánh cupcake,47000.0,1.15
2023-12-19,Paris Baguette,bánh mì sandwich,56000.0,1.15
2023-12-19,Paris Baguette,bánh croissant,29000.0,1.15
2023-12-19,Paris Baguette,bánh donut,22000.0,1.15
2023-12-19,Local Bakery,bánh sinh nhật,375000.0,1.15
2023-12-19,Local Bakery,bánh cupcake,39000.0,1.15
2023-12-19,Local Bakery,bánh mì sandwich,54000.0,1.15
2023-12-19,Local Bakery,bánh croissant,30000.0,1.15
2023-12-19,Local Bakery,bánh donut,23000.0,1.15
2023-12-20,ABC Bakery,bánh sinh nhật,329000.0,1.15
2023-12-20,ABC Bakery,bánh cupcake,35000.0,1.15
2023-12-20,ABC Bakery,bánh mì sandwich,47000.0,1.15
2023-12-20,ABC Bakery,bánh croissant,30000.0,1.15
2023-12-20,ABC Bakery,bánh donut,22000.0,1.15
2023-12-20,Paris Baguette,bánh sinh nhật,406000.0,1.15
2023-12-20,Paris Baguette,bánh cupcake,33000.0,1.15
2023-12-20,Paris Baguette,bánh mì sandwich,52000.0,1.15
2023-12-20,Paris Baguette,bánh croissant,30000.0,1.15
2023-12-20,Paris Baguette,bánh donut,20000.0,1.15
2023-12-20,Local Bakery,bánh sinh nhật,501000.0,1.15
2023-12-20,Local Bakery,bánh cupcake,46000.0,1.15
2023-12-20,Local Bakery,bánh mì sandwich,47000.0,1.15
2023-12-20,Local Bakery,bánh croissant,30000.0,1.15
2023-12-20,Local Bakery,bánh donut,22000.0,1.15
2023-12-21,ABC Bakery,bánh sinh nhật,403000.0,1.15
2023-12-21,ABC Bakery,bánh cupcake,38000.0,1.15
2023-12-21,ABC Bakery,bánh mì sandwich,49000.0,1.15
2023-12-21,ABC Bakery,bánh croissant,28000.0,1.15
2023-12-21,ABC Bakery,bánh donut,26000.0,1.15
2023-12-21,Paris Baguette,bánh sinh nhật,378000.0,1.15
2023-12-21,Paris Baguette,bánh cupcake,34000.0,1.15
2023-12-21,Paris Baguette,bánh mì sandwich,46000.0,1.15
2023-12-21,Paris Baguette,bánh croissant,27000.0,1.15
2023-12-21,Paris Baguette,bánh donut,21000.0,1.15
2023-12-21,Local Bakery,bánh sinh nhật,432000.0,1.15
2023-12-21,Local Bakery,bánh cupcake,40000.0,1.15
2023-12-21,Local Bakery,bánh mì sandwich,51000.0,1.15
2023-12-21,Local Bakery,bánh croissant,26000.0,1.15
2023-12-21,Local Bakery,bánh donut,29000.0,1.15
2023-12-22,ABC Bakery,bánh sinh nhật,403000.0,1.15
2023-12-22,ABC Bakery,bánh cupcake,35000.0,1.15
2023-12-22,ABC Bakery,bánh mì sandwich,57000.0,1.15
2023-12-22,ABC Bakery,bánh croissant,28000.0,1.15
2023-12-22,ABC Bakery,bánh donut,19000.0,1.15
2023-12-22,Paris Baguette,bánh sinh nhật,400000.0,1.15
2023-12-22,Paris Baguette,bánh cupcake,38000.0,1.15
2023-12-22,Paris Baguette,bánh mì sandwich,53000.0,1.15
2023-12-22,Paris Baguette,bánh croissant,26000.0,1.15
2023-12-22,Paris Baguette,bánh donut,21000.0,1.15
2023-12-22,Local Bakery,bánh sinh nhật,391000.0,1.15
2023-12-22,Local Bakery,bánh cupcake,39000.0,1.15
2023-12-22,Local Bakery,bánh mì sandwich,48000.0,1.15
2023-12-22,Local Bakery,bánh croissant,27000.0,1.15
2023-12-22,Local Bakery,bánh donut,26000.0,1.15
2023-12-23,ABC Bakery,bánh sinh nhật,457000.0,1.15
2023-12-23,ABC Bakery,bánh cupcake,42000.0,1.15
2023-12-23,ABC Bakery,bánh mì sandwich,53000.0,1.15
2023-12-23,ABC Bakery,bánh croissant,32000.0,1.15
2023-12-23,ABC Bakery,bánh donut,19000.0,1.15
2023-12-23,Paris Baguette,bánh sinh nhật,405000.0,1.15
2023-12-23,Paris Baguette,bánh cupcake,37000.0,1.15
2023-12-23,Paris Baguette,bánh mì sandwich,51000.0,1.15
2023-12-23,Paris Baguette,bánh croissant,29000.0,1.15
2023-12-23,Paris Baguette,bánh donut,21000.0,1.15
2023-12-23,Local Bakery,bánh sinh nhật,432000.0,1.15
2023-12-23,Local Bakery,bánh cupcake,28000.0,1.15
2023-12-23,Local Bakery,bánh mì sandwich,49000.0,1.15
2023-12-23,Local Bakery,bánh croissant,31000.0,1.15
2023-12-23,Local Bakery,bánh donut,24000.0,1.15
2023-12-24,ABC Bakery,bánh sinh nhật,421000.0,1.15
2023-12-24,ABC Bakery,bánh cupcake,46000.0,1.15
2023-12-24,ABC Bakery,bánh mì sandwich,57000.0,1.15
2023-12-24,ABC Bakery,bánh croissant,23000.0,1.15
2023-12-24,ABC Bakery,bánh donut,26000.0,1.15
2023-12-24,Paris Baguette,bánh sinh nhật,364000.0,1.15
2023-12-24,Paris Baguette,bánh cupcake,44000.0,1.15
2023-12-24,Paris Baguette,bánh mì sandwich,51000.0,1.15
2023-12-24,Paris Baguette,bánh croissant,33000.0,1.15
2023-12-24,Paris Baguette,bánh donut,19000.0,1.15
2023-12-24,Local Bakery,bánh sinh nhật,350000.0,1.15
2023-12-24,Local Bakery,bánh cupcake,33000.0,1.15
2023-12-24,Local Bakery,bánh mì sandwich,56000.0,1.15
2023-12-24,Local Bakery,bánh croissant,26000.0,1.15
2023-12-24,Local Bakery,bánh donut,25000.0,1.15
2023-12-25,ABC Bakery,bánh sinh nhật,378000.0,1.15
2023-12-25,ABC Bakery,bánh cupcake,47000.0,1.15
2023-12-25,ABC Bakery,bánh mì sandwich,45000.0,1.15
2023-12-25,ABC Bakery,bánh croissant,28000.0,1.15
2023-12-25,ABC Bakery,bánh donut,21000.0,1.15
2023-12-25,Paris Baguette,bánh sinh nhật,400000.0,1.15
2023-12-25,Paris Baguette,bánh cupcake,40000.0,1.15
2023-12-25,Paris Baguette,bánh mì sandwich,50000.0,1.15
2023-12-25,Paris Baguette,bánh croissant,28000.0,1.15
2023-12-25,Paris Baguette,bánh donut,23000.0,1.15
2023-12-25,Local Bakery,bánh sinh nhật,427000.0,1.15
2023-12-25,Local Bakery,bánh cupcake,41000.0,1.15
2023-12-25,Local Bakery,bánh mì sandwich,54000.0,1.15
2023-12-25,Local Bakery,bánh croissant,22000.0,1.15
2023-12-25,Local Bakery,bánh donut,25000.0,1.15
2023-12-26,ABC Bakery,bánh sinh nhật,353000.0,1.15
2023-12-26,ABC Bakery,bánh cupcake,40000.0,1.15
2023-12-26,ABC Bakery,bánh mì sandwich,49000.0,1.15
2023-12-26,ABC Bakery,bánh croissant,25000.0,1.15
2023-12-26,ABC Bakery,bánh donut,22000.0,1.15
2023-12-26,Paris Baguette,bánh sinh nhật,316000.0,1.15
2023-12-26,Paris Baguette,bánh cupcake,34000.0,1.15
2023-12-26,Paris Baguette,bánh mì sandwich,49000.0,1.15
2023-12-26,Paris Baguette,bánh croissant,27000.0,1.15
2023-12-26,Paris Baguette,bánh donut,24000.0,1.15
2023-12-26,Local Bakery,bánh sinh nhật,497000.0,1.15
2023-12-26,Local Bakery,bánh cupcake,40000.0,1.15
2023-12-26,Local Bakery,bánh mì sandwich,48000.0,1.15
2023-12-26,Local Bakery,bánh croissant,26000.0,1.15
2023-12-26,Local Bakery,bánh donut,26000.0,1.15
2023-12-27,ABC Bakery,bánh sinh nhật,301000.0,1.15
2023-12-27,ABC Bakery,bánh cupcake,46000.0,1.15
2023-12-27,ABC Bakery,bánh mì sandwich,46000.0,1.15
2023-12-27,ABC Bakery,bánh croissant,32000.0,1.15
2023-12-27,ABC Bakery,bánh donut,22000.0,1.15
2023-12-27,Paris Baguette,bánh sinh nhật,430000.0,1.15
2023-12-27,Paris Baguette,bánh cupcake,32000.0,1.15
2023-12-27,Paris Baguette,bánh mì sandwich,47000.0,1.15
2023-12-27,Paris Baguette,bánh croissant,23000.0,1.15
2023-12-27,Paris Baguette,bánh donut,25000.0,1.15
2023-12-27,Local Bakery,bánh sinh nhật,348000.0,1.15
2023-12-27,Local Bakery,bánh cupcake,52000.0,1.15
2023-12-27,Local Bakery,bánh mì sandwich,52000.0,1.15
2023-12-27,Local Bakery,bánh croissant,27000.0,1.15
2023-12-27,Local Bakery,bánh donut,21000.0,1.15
2023-12-28,ABC Bakery,bánh sinh nhật,409000.0,1.15
2023-12-28,ABC Bakery,bánh cupcake,32000.0,1.15
2023-12-28,ABC Bakery,bánh mì sandwich,44000.0,1.15
2023-12-28,ABC Bakery,bánh croissant,26000.0,1.15
2023-12-28,ABC Bakery,bánh donut,24000.0,1.15
2023-12-28,Paris Baguette,bánh sinh nhật,286000.0,1.15
2023-12-28,Paris Baguette,bánh cupcake,39000.0,1.15
2023-12-28,Paris Baguette,bánh mì sandwich,47000.0,1.15
2023-12-28,Paris Baguette,bánh croissant,26000.0,1.15
2023-12-28,Paris Baguette,bánh donut,22000.0,1.15
2023-12-28,Local Bakery,bánh sinh nhật,369000.0,1.15
2023-12-28,Local Bakery,bánh cupcake,28000.0,1.15
2023-12-28,Local Bakery,bánh mì sandwich,48000.0,1.15
2023-12-28,Local Bakery,bánh croissant,25000.0,1.15
2023-12-28,Local Bakery,bánh donut,22000.0,1.15
2023-12-29,ABC Bakery,bánh sinh nhật,331000.0,1.15
2023-12-29,ABC Bakery,bánh cupcake,37000.0,1.15
2023-12-29,ABC Bakery,bánh mì sandwich,52000.0,1.15
2023-12-29,ABC Bakery,bánh croissant,29000.0,1.15
2023-12-29,ABC Bakery,bánh donut,23000.0,1.15
2023-12-29,Paris Baguette,bánh sinh nhật,375000.0,1.15
2023-12-29,Paris Baguette,bánh cupcake,43000.0,1.15
2023-12-29,Paris Baguette,bánh mì sandwich,51000.0,1.15
2023-12-29,Paris Baguette,bánh croissant,29000.0,1.15
2023-12-29,Paris Baguette,bánh donut,23000.0,1.15
2023-12-29,Local Bakery,bánh sinh nhật,405000.0,1.15
2023-12-29,Local Bakery,bánh cupcake,33000.0,1.15
2023-12-29,Local Bakery,bánh mì sandwich,48000.0,1.15
2023-12-29,Local Bakery,bánh croissant,28000.0,1.15
2023-12-29,Local Bakery,bánh donut,23000.0,1.15
2023-12-30,ABC Bakery,bánh sinh nhật,421000.0,1.15
2023-12-30,ABC Bakery,bánh cupcake,37000.0,1.15
2023-12-30,ABC Bakery,bánh mì sandwich,57000.0,1.15
2023-12-30,ABC Bakery,bánh croissant,29000.0,1.15
2023-12-30,ABC Bakery,bánh donut,25000.0,1.15
2023-12-30,Paris Baguette,bánh sinh nhật,487000.0,1.15
2023-12-30,Paris Baguette,bánh cupcake,41000.0,1.15
2023-12-30,Paris Baguette,bánh mì sandwich,53000.0,1.15
2023-12-30,Paris Baguette,bánh croissant,27000.0,1.15
2023-12-30,Paris Baguette,bánh donut,23000.0,1.15
2023-12-30,Local Bakery,bánh sinh nhật,383000.0,1.15
2023-12-30,Local Bakery,bánh cupcake,40000.0,1.15
2023-12-30,Local Bakery,bánh mì sandwich,56000.0,1.15
2023-12-30,Local Bakery,bánh croissant,29000.0,1.15
2023-12-30,Local Bakery,bánh donut,23000.0,1.15
2023-12-31,ABC Bakery,bánh sinh nhật,384000.0,1.15
2023-12-31,ABC Bakery,bánh cupcake,42000.0,1.15
2023-12-31,ABC Bakery,bánh mì sandwich,53000.0,1.15
2023-12-31,ABC Bakery,bánh croissant,32000.0,1.15
2023-12-31,ABC Bakery,bánh donut,20000.0,1.15
2023-12-31,Paris Baguette,bánh sinh nhật,441000.0,1.15
2023-12-31,Paris Baguette,bánh cupcake,40000.0,1.15
2023-12-31,Paris Baguette,bánh mì sandwich,49000.0,1.15
2023-12-31,Paris Baguette,bánh croissant,31000.0,1.15
2023-12-31,Paris Baguette,bánh donut,22000.0,1.15
2023-12-31,Local Bakery,bánh sinh nhật,365000.0,1.15
2023-12-31,Local Bakery,bánh cupcake,42000.0,1.15
2023-12-31,Local Bakery,bánh mì sandwich,53000.0,1.15
2023-12-31,Local Bakery,bánh croissant,29000.0,1.15
2023-12-31,Local Bakery,bánh donut,25000.0,1.15
2024-01-01,ABC Bakery,bánh sinh nhật,456000.0,1.3
2024-01-01,ABC Bakery,bánh cupcake,40000.0,1.3
2024-01-01,ABC Bakery,bánh mì sandwich,52000.0,1.3
2024-01-01,ABC Bakery,bánh croissant,29000.0,1.3
2024-01-01,ABC Bakery,bánh donut,26000.0,1.3
2024-01-01,Paris Baguette,bánh sinh nhật,449000.0,1.3
2024-01-01,Paris Baguette,bánh cupcake,41000.0,1.3
2024-01-01,Paris Baguette,bánh mì sandwich,58000.0,1.3
2024-01-01,Paris Baguette,bánh croissant,30000.0,1.3
2024-01-01,Paris Baguette,bánh donut,26000.0,1.3
2024-01-01,Local Bakery,bánh sinh nhật,494000.0,1.3
2024-01-01,Local Bakery,bánh cupcake,44000.0,1.3
2024-01-01,Local Bakery,bánh mì sandwich,51000.0,1.3
2024-01-01,Local Bakery,bánh croissant,29000.0,1.3
2024-01-01,Local Bakery,bánh donut,25000.0,1.3
2024-01-02,ABC Bakery,bánh sinh nhật,485000.0,1.3
2024-01-02,ABC Bakery,bánh cupcake,45000.0,1.3
2024-01-02,ABC Bakery,bánh mì sandwich,59000.0,1.3
2024-01-02,ABC Bakery,bánh croissant,37000.0,1.3
2024-01-02,ABC Bakery,bánh donut,27000.0,1.3
2024-01-02,Paris Baguette,bánh sinh nhật,372000.0,1.3
2024-01-02,Paris Baguette,bánh cupcake,46000.0,1.3
2024-01-02,Paris Baguette,bánh mì sandwich,59000.0,1.3
2024-01-02,Paris Baguette,bánh croissant,31000.0,1.3
2024-01-02,Paris Baguette,bánh donut,28000.0,1.3
2024-01-02,Local Bakery,bánh sinh nhật,507000.0,1.3
2024-01-02,Local Bakery,bánh cupcake,52000.0,1.3
2024-01-02,Local Bakery,bánh mì sandwich,63000.0,1.3
2024-01-02,Local Bakery,bánh croissant,32000.0,1.3
2024-01-02,Local Bakery,bánh donut,23000.0,1.3
2024-01-03,ABC Bakery,bánh sinh nhật,469000.0,1.3
2024-01-03,ABC Bakery,bánh cupcake,47000.0,1.3
2024-01-03,ABC Bakery,bánh mì sandwich,57000.0,1.3
2024-01-03,ABC Bakery,bánh croissant,29000.0,1.3
2024-01-03,ABC Bakery,bánh donut,30000.0,1.3
2024-01-03,Paris Baguette,bánh sinh nhật,446000.0,1.3
2024-01-03,Paris Baguette,bánh cupcake,50000.0,1.3
2024-01-03,Paris Baguette,bánh mì sandwich,68000.0,1.3
2024-01-03,Paris Baguette,bánh croissant,38000.0,1.3
2024-01-03,Paris Baguette,bánh donut,23000.0,1.3
2024-01-03,Local Bakery,bánh sinh nhật,515000.0,1.3
2024-01-03,Local Bakery,bánh cupcake,47000.0,1.3
2024-01-03,Local Bakery,bánh mì sandwich,54000.0,1.3
2024-01-03,Local Bakery,bánh croissant,32000.0,1.3
2024-01-03,Local Bakery,bánh donut,25000.0,1.3
2024-01-04,ABC Bakery,bánh sinh nhật,507000.0,1.3
2024-01-04,ABC Bakery,bánh cupcake,53000.0,1.3
2024-01-04,ABC Bakery,bánh mì sandwich,60000.0,1.3
2024-01-04,ABC Bakery,bánh croissant,32000.0,1.3
2024-01-04,ABC Bakery,bánh donut,25000.0,1.3
2024-01-04,Paris Baguette,bánh sinh nhật,492000.0,1.3
2024-01-04,Paris Baguette,bánh cupcake,45000.0,1.3
2024-01-04,Paris Baguette,bánh mì sandwich,58000.0,1.3
2024-01-04,Paris Baguette,bánh croissant,34000.0,1.3
2024-01-04,Paris Baguette,bánh donut,31000.0,1.3
2024-01-04,Local Bakery,bánh sinh nhật,500000.0,1.3
2024-01-04,Local Bakery,bánh cupcake,40000.0,1.3
2024-01-04,Local Bakery,bánh mì sandwich,58000.0,1.3
2024-01-04,Local Bakery,bánh croissant,34000.0,1.3
2024-01-04,Local Bakery,bánh donut,29000.0,1.3
2024-01-05,ABC Bakery,bánh sinh nhật,507000.0,1.3
2024-01-05,ABC Bakery,bánh cupcake,46000.0,1.3
2024-01-05,ABC Bakery,bánh mì sandwich,60000.0,1.3
2024-01-05,ABC Bakery,bánh croissant,27000.0,1.3
2024-01-05,ABC Bakery,bánh donut,24000.0,1.3
2024-01-05,Paris Baguette,bánh sinh nhật,395000.0,1.3
2024-01-05,Paris Baguette,bánh cupcake,43000.0,1.3
2024-01-05,Paris Baguette,bánh mì sandwich,53000.0,1.3
2024-01-05,Paris Baguette,bánh croissant,31000.0,1.3
2024-01-05,Paris Baguette,bánh donut,23000.0,1.3
2024-01-05,Local Bakery,bánh sinh nhật,481000.0,1.3
2024-01-05,Local Bakery,bánh cupcake,50000.0,1.3
2024-01-05,Local Bakery,bánh mì sandwich,59000.0,1.3
2024-01-05,Local Bakery,bánh croissant,33000.0,1.3
2024-01-05,Local Bakery,bánh donut,26000.0,1.3
2024-01-06,ABC Bakery,bánh sinh nhật,509000.0,1.3
2024-01-06,ABC Bakery,bánh cupcake,52000.0,1.3
2024-01-06,ABC Bakery,bánh mì sandwich,58000.0,1.3
2024-01-06,ABC Bakery,bánh croissant,29000.0,1.3
2024-01-06,ABC Bakery,bánh donut,27000.0,1.3
2024-01-06,Paris Baguette,bánh sinh nhật,327000.0,1.3
2024-01-06,Paris Baguette,bánh cupcake,44000.0,1.3
2024-01-06,Paris Baguette,bánh mì sandwich,59000.0,1.3
2024-01-06,Paris Baguette,bánh croissant,38000.0,1.3
2024-01-06,Paris Baguette,bánh donut,25000.0,1.3
2024-01-06,Local Bakery,bánh sinh nhật,525000.0,1.3
2024-01-06,Local Bakery,bánh cupcake,55000.0,1.3
2024-01-06,Local Bakery,bánh mì sandwich,55000.0,1.3
2024-01-06,Local Bakery,bánh croissant,33000.0,1.3
2024-01-06,Local Bakery,bánh donut,29000.0,1.3
2024-01-07,ABC Bakery,bánh sinh nhật,539000.0,1.3
2024-01-07,ABC Bakery,bánh cupcake,41000.0,1.3
2024-01-07,ABC Bakery,bánh mì sandwich,58000.0,1.3
2024-01-07,ABC Bakery,bánh croissant,31000.0,1.3
2024-01-07,ABC Bakery,bánh donut,23000.0,1.3
2024-01-07,Paris Baguette,bánh sinh nhật,430000.0,1.3
2024-01-07,Paris Baguette,bánh cupcake,39000.0,1.3
2024-01-07,Paris Baguette,bánh mì sandwich,55000.0,1.3
2024-01-07,Paris Baguette,bánh croissant,33000.0,1.3
2024-01-07,Paris Baguette,bánh donut,28000.0,1.3
2024-01-07,Local Bakery,bánh sinh nhật,415000.0,1.3
2024-01-07,Local Bakery,bánh cupcake,47000.0,1.3
2024-01-07,Local Bakery,bánh mì sandwich,68000.0,1.3
2024-01-07,Local Bakery,bánh croissant,32000.0,1.3
2024-01-07,Local Bakery,bánh donut,27000.0,1.3
2024-01-08,ABC Bakery,bánh sinh nhật,470000.0,1.3
2024-01-08,ABC Bakery,bánh cupcake,45000.0,1.3
2024-01-08,ABC Bakery,bánh mì sandwich,61000.0,1.3
2024-01-08,ABC Bakery,bánh croissant,37000.0,1.3
2024-01-08,ABC Bakery,bánh donut,26000.0,1.3
2024-01-08,Paris Baguette,bánh sinh nhật,573000.0,1.3
2024-01-08,Paris Baguette,bánh cupcake,37000.0,1.3
2024-01-08,Paris Baguette,bánh mì sandwich,59000.0,1.3
2024-01-08,Paris Baguette,bánh croissant,29000.0,1.3
2024-01-08,Paris Baguette,bánh donut,25000.0,1.3
2024-01-08,Local Bakery,bánh sinh nhật,465000.0,1.3
2024-01-08,Local Bakery,bánh cupcake,38000.0,1.3
2024-01-08,Local Bakery,bánh mì sandwich,63000.0,1.3
2024-01-08,Local Bakery,bánh croissant,30000.0,1.3
2024-01-08,Local Bakery,bánh donut,23000.0,1.3
2024-01-09,ABC Bakery,bánh sinh nhật,451000.0,1.3
2024-01-09,ABC Bakery,bánh cupcake,46000.0,1.3
2024-01-09,ABC Bakery,bánh mì sandwich,66000.0,1.3
2024-01-09,ABC Bakery,bánh croissant,35000.0,1.3
2024-01-09,ABC Bakery,bánh donut,28000.0,1.3
2024-01-09,Paris Baguette,bánh sinh nhật,434000.0,1.3
2024-01-09,Paris Baguette,bánh cupcake,38000.0,1.3
2024-01-09,Paris Baguette,bánh mì sandwich,63000.0,1.3
2024-01-09,Paris Baguette,bánh croissant,30000.0,1.3
2024-01-09,Paris Baguette,bánh donut,23000.0,1.3
2024-01-09,Local Bakery,bánh sinh nhật,519000.0,1.3
2024-01-09,Local Bakery,bánh cupcake,40000.0,1.3
2024-01-09,Local Bakery,bánh mì sandwich,50000.0,1.3
2024-01-09,Local Bakery,bánh croissant,31000.0,1.3
2024-01-09,Local Bakery,bánh donut,22000.0,1.3
2024-01-10,ABC Bakery,bánh sinh nhật,521000.0,1.3
2024-01-10,ABC Bakery,bánh cupcake,50000.0,1.3
2024-01-10,ABC Bakery,bánh mì sandwich,53000.0,1.3
2024-01-10,ABC Bakery,bánh croissant,30000.0,1.3
2024-01-10,ABC Bakery,bánh donut,25000.0,1.3
2024-01-10,Paris Baguette,bánh sinh nhật,408000.0,1.3
2024-01-10,Paris Baguette,bánh cupcake,47000.0,1.3
2024-01-10,Paris Baguette,bánh mì sandwich,64000.0,1.3
2024-01-10,Paris Baguette,bánh croissant,33000.0,1.3
2024-01-10,Paris Baguette,bánh donut,27000.0,1.3
2024-01-10,Local Bakery,bánh sinh nhật,576000.0,1.3
2024-01-10,Local Bakery,bánh cupcake,47000.0,1.3
2024-01-10,Local Bakery,bánh mì sandwich,60000.0,1.3
2024-01-10,Local Bakery,bánh croissant,30000.0,1.3
2024-01-10,Local Bakery,bánh donut,25000.0,1.3
2024-01-11,ABC Bakery,bánh sinh nhật,484000.0,1.3
2024-01-11,ABC Bakery,bánh cupcake,43000.0,1.3
2024-01-11,ABC Bakery,bánh mì sandwich,55000.0,1.3
2024-01-11,ABC Bakery,bánh croissant,32000.0,1.3
2024-01-11,ABC Bakery,bánh donut,23000.0,1.3
2024-01-11,Paris Baguette,bánh sinh nhật,354000.0,1.3
2024-01-11,Paris Baguette,bánh cupcake,43000.0,1.3
2024-01-11,Paris Baguette,bánh mì sandwich,58000.0,1.3
2024-01-11,Paris Baguette,bánh croissant,32000.0,1.3
2024-01-11,Paris Baguette,bánh donut,32000.0,1.3
2024-01-11,Local Bakery,bánh sinh nhật,368000.0,1.3
2024-01-11,Local Bakery,bánh cupcake,44000.0,1.3
2024-01-11,Local Bakery,bánh mì sandwich,62000.0,1.3
2024-01-11,Local Bakery,bánh croissant,29000.0,1.3
2024-01-11,Local Bakery,bánh donut,28000.0,1.3
2024-01-12,ABC Bakery,bánh sinh nhật,498000.0,1.3
2024-01-12,ABC Bakery,bánh cupcake,49000.0,1.3
2024-01-12,ABC Bakery,bánh mì sandwich,65000.0,1.3
2024-01-12,ABC Bakery,bánh croissant,32000.0,1.3
2024-01-12,ABC Bakery,bánh donut,25000.0,1.3
2024-01-12,Paris Baguette,bánh sinh nhật,502000.0,1.3
2024-01-12,Paris Baguette,bánh cupcake,46000.0,1.3
2024-01-12,Paris Baguette,bánh mì sandwich,59000.0,1.3
2024-01-12,Paris Baguette,bánh croissant,31000.0,1.3
2024-01-12,Paris Baguette,bánh donut,26000.0,1.3
2024-01-12,Local Bakery,bánh sinh nhật,523000.0,1.3
2024-01-12,Local Bakery,bánh cupcake,46000.0,1.3
2024-01-12,Local Bakery,bánh mì sandwich,63000.0,1.3
2024-01-12,Local Bakery,bánh croissant,32000.0,1.3
2024-01-12,Local Bakery,bánh donut,26000.0,1.3
2024-01-13,ABC Bakery,bánh sinh nhật,477000.0,1.3
2024-01-13,ABC Bakery,bánh cupcake,46000.0,1.3
2024-01-13,ABC Bakery,bánh mì sandwich,65000.0,1.3
2024-01-13,ABC Bakery,bánh croissant,34000.0,1.3
2024-01-13,ABC Bakery,bánh donut,28000.0,1.3
2024-01-13,Paris Baguette,bánh sinh nhật,488000.0,1.3
2024-01-13,Paris Baguette,bánh cupcake,54000.0,1.3
2024-01-13,Paris Baguette,bánh mì sandwich,60000.0,1.3
2024-01-13,Paris Baguette,bánh croissant,33000.0,1.3
2024-01-13,Paris Baguette,bánh donut,23000.0,1.3
2024-01-13,Local Bakery,bánh sinh nhật,425000.0,1.3
2024-01-13,Local Bakery,bánh cupcake,43000.0,1.3
2024-01-13,Local Bakery,bánh mì sandwich,64000.0,1.3
2024-01-13,Local Bakery,bánh croissant,29000.0,1.3
2024-01-13,Local Bakery,bánh donut,26000.0,1.3
2024-01-14,ABC Bakery,bánh sinh nhật,541000.0,1.3
2024-01-14,ABC Bakery,bánh cupcake,53000.0,1.3
2024-01-14,ABC Bakery,bánh mì sandwich,53000.0,1.3
2024-01-14,ABC Bakery,bánh croissant,34000.0,1.3
2024-01-14,ABC Bakery,bánh donut,29000.0,1.3
2024-01-14,Paris Baguette,bánh sinh nhật,515000.0,1.3
2024-01-14,Paris Baguette,bánh cupcake,36000.0,1.3
2024-01-14,Paris Baguette,bánh mì sandwich,53000.0,1.3
2024-01-14,Paris Baguette,bánh croissant,33000.0,1.3
2024-01-14,Paris Baguette,bánh donut,26000.0,1.3
2024-01-14,Local Bakery,bánh sinh nhật,410000.0,1.3
2024-01-14,Local Bakery,bánh cupcake,45000.0,1.3
2024-01-14,Local Bakery,bánh mì sandwich,60000.0,1.3
2024-01-14,Local Bakery,bánh croissant,35000.0,1.3
2024-01-14,Local Bakery,bánh donut,23000.0,1.3
2024-01-15,ABC Bakery,bánh sinh nhật,453000.0,1.3
2024-01-15,ABC Bakery,bánh cupcake,37000.0,1.3
2024-01-15,ABC Bakery,bánh mì sandwich,65000.0,1.3
2024-01-15,ABC Bakery,bánh croissant,30000.0,1.3
2024-01-15,ABC Bakery,bánh donut,25000.0,1.3
2024-01-15,Paris Baguette,bánh sinh nhật,483000.0,1.3
2024-01-15,Paris Baguette,bánh cupcake,48000.0,1.3
2024-01-15,Paris Baguette,bánh mì sandwich,54000.0,1.3
2024-01-15,Paris Baguette,bánh croissant,35000.0,1.3
2024-01-15,Paris Baguette,bánh donut,25000.0,1.3
2024-01-15,Local Bakery,bánh sinh nhật,453000.0,1.3
2024-01-15,Local Bakery,bánh cupcake,35000.0,1.3
2024-01-15,Local Bakery,bánh mì sandwich,62000.0,1.3
2024-01-15,Local Bakery,bánh croissant,34000.0,1.3
2024-01-15,Local Bakery,bánh donut,29000.0,1.3
2024-01-16,ABC Bakery,bánh sinh nhật,447000.0,1.3
2024-01-16,ABC Bakery,bánh cupcake,50000.0,1.3
2024-01-16,ABC Bakery,bánh mì sandwich,61000.0,1.3
2024-01-16,ABC Bakery,bánh croissant,36000.0,1.3
2024-01-16,ABC Bakery,bánh donut,26000.0,1.3
2024-01-16,Paris Baguette,bánh sinh nhật,410000.0,1.3
2024-01-16,Paris Baguette,bánh cupcake,41000.0,1.3
2024-01-16,Paris Baguette,bánh mì sandwich,64000.0,1.3
2024-01-16,Paris Baguette,bánh croissant,32000.0,1.3
2024-01-16,Paris Baguette,bánh donut,27000.0,1.3
2024-01-16,Local Bakery,bánh sinh nhật,474000.0,1.3
2024-01-16,Local Bakery,bánh cupcake,35000.0,1.3
2024-01-16,Local Bakery,bánh mì sandwich,63000.0,1.3
2024-01-16,Local Bakery,bánh croissant,32000.0,1.3
2024-01-16,Local Bakery,bánh donut,23000.0,1.3
2024-01-17,ABC Bakery,bánh sinh nhật,509000.0,1.3
2024-01-17,ABC Bakery,bánh cupcake,44000.0,1.3
2024-01-17,ABC Bakery,bánh mì sandwich,62000.0,1.3
2024-01-17,ABC Bakery,bánh croissant,36000.0,1.3
2024-01-17,ABC Bakery,bánh donut,23000.0,1.3
2024-01-17,Paris Baguette,bánh sinh nhật,436000.0,1.3
2024-01-17,Paris Baguette,bánh cupcake,38000.0,1.3
2024-01-17,Paris Baguette,bánh mì sandwich,61000.0,1.3
2024-01-17,Paris Baguette,bánh croissant,31000.0,1.3
2024-01-17,Paris Baguette,bánh donut,25000.0,1.3
2024-01-17,Local Bakery,bánh sinh nhật,435000.0,1.3
2024-01-17,Local Bakery,bánh cupcake,55000.0,1.3
2024-01-17,Local Bakery,bánh mì sandwich,67000.0,1.3
2024-01-17,Local Bakery,bánh croissant,30000.0,1.3
2024-01-17,Local Bakery,bánh donut,25000.0,1.3
2024-01-18,ABC Bakery,bánh sinh nhật,447000.0,1.3
2024-01-18,ABC Bakery,bánh cupcake,46000.0,1.3
2024-01-18,ABC Bakery,bánh mì sandwich,64000.0,1.3
2024-01-18,ABC Bakery,bánh croissant,32000.0,1.3
2024-01-18,ABC Bakery,bánh donut,26000.0,1.3
2024-01-18,Paris Baguette,bánh sinh nhật,413000.0,1.3
2024-01-18,Paris Baguette,bánh cupcake,45000.0,1.3
2024-01-18,Paris Baguette,bánh mì sandwich,50000.0,1.3
2024-01-18,Paris Baguette,bánh croissant,31000.0,1.3
2024-01-18,Paris Baguette,bánh donut,26000.0,1.3
2024-01-18,Local Bakery,bánh sinh nhật,497000.0,1.3
2024-01-18,Local Bakery,bánh cupcake,58000.0,1.3
2024-01-18,Local Bakery,bánh mì sandwich,49000.0,1.3
2024-01-18,Local Bakery,bánh croissant,35000.0,1.3
2024-01-18,Local Bakery,bánh donut,28000.0,1.3
2024-01-19,ABC Bakery,bánh sinh nhật,390000.0,1.3
2024-01-19,ABC Bakery,bánh cupcake,50000.0,1.3
2024-01-19,ABC Bakery,bánh mì sandwich,59000.0,1.3
2024-01-19,ABC Bakery,bánh croissant,31000.0,1.3
2024-01-19,ABC Bakery,bánh donut,26000.0,1.3
2024-01-19,Paris Baguette,bánh sinh nhật,601000.0,1.3
2024-01-19,Paris Baguette,bánh cupcake,51000.0,1.3
2024-01-19,Paris Baguette,bánh mì sandwich,62000.0,1.3
2024-01-19,Paris Baguette,bánh croissant,31000.0,1.3
2024-01-19,Paris Baguette,bánh donut,25000.0,1.3
2024-01-19,Local Bakery,bánh sinh nhật,570000.0,1.3
2024-01-19,Local Bakery,bánh cupcake,47000.0,1.3
2024-01-19,Local Bakery,bánh mì sandwich,55000.0,1.3
2024-01-19,Local Bakery,bánh croissant,36000.0,1.3
2024-01-19,Local Bakery,bánh donut,28000.0,1.3
2024-01-20,ABC Bakery,bánh sinh nhật,399000.0,1.3
2024-01-20,ABC Bakery,bánh cupcake,43000.0,1.3
2024-01-20,ABC Bakery,bánh mì sandwich,55000.0,1.3
2024-01-20,ABC Bakery,bánh croissant,30000.0,1.3
2024-01-20,ABC Bakery,bánh donut,25000.0,1.3
2024-01-20,Paris Baguette,bánh sinh nhật,503000.0,1.3
2024-01-20,Paris Baguette,bánh cupcake,48000.0,1.3
2024-01-20,Paris Baguette,bánh mì sandwich,52000.0,1.3
2024-01-20,Paris Baguette,bánh croissant,30000.0,1.3
2024-01-20,Paris Baguette,bánh donut,30000.0,1.3
2024-01-20,Local Bakery,bánh sinh nhật,424000.0,1.3
2024-01-20,Local Bakery,bánh cupcake,51000.0,1.3
2024-01-20,Local Bakery,bánh mì sandwich,54000.0,1.3
2024-01-20,Local Bakery,bánh croissant,33000.0,1.3
2024-01-20,Local Bakery,bánh donut,25000.0,1.3
2024-01-21,ABC Bakery,bánh sinh nhật,472000.0,1.3
2024-01-21,ABC Bakery,bánh cupcake,46000.0,1.3
2024-01-21,ABC Bakery,bánh mì sandwich,70000.0,1.3
2024-01-21,ABC Bakery,bánh croissant,34000.0,1.3
2024-01-21,ABC Bakery,bánh donut,28000.0,1.3
2024-01-21,Paris Baguette,bánh sinh nhật,477000.0,1.3
2024-01-21,Paris Baguette,bánh cupcake,42000.0,1.3
2024-01-21,Paris Baguette,bánh mì sandwich,64000.0,1.3
2024-01-21,Paris Baguette,bánh croissant,36000.0,1.3
2024-01-21,Paris Baguette,bánh donut,24000.0,1.3
2024-01-21,Local Bakery,bánh sinh nhật,420000.0,1.3
2024-01-21,Local Bakery,bánh cupcake,40000.0,1.3
2024-01-21,Local Bakery,bánh mì sandwich,53000.0,1.3
2024-01-21,Local Bakery,bánh croissant,29000.0,1.3
2024-01-21,Local Bakery,bánh donut,29000.0,1.3
2024-01-22,ABC Bakery,bánh sinh nhật,628000.0,1.3
2024-01-22,ABC Bakery,bánh cupcake,40000.0,1.3
2024-01-22,ABC Bakery,bánh mì sandwich,63000.0,1.3
2024-01-22,ABC Bakery,bánh croissant,28000.0,1.3
2024-01-22,ABC Bakery,bánh donut,26000.0,1.3
2024-01-22,Paris Baguette,bánh sinh nhật,533000.0,1.3
2024-01-22,Paris Baguette,bánh cupcake,39000.0,1.3
2024-01-22,Paris Baguette,bánh mì sandwich,61000.0,1.3
2024-01-22,Paris Baguette,bánh croissant,31000.0,1.3
2024-01-22,Paris Baguette,bánh donut,23000.0,1.3
2024-01-22,Local Bakery,bánh sinh nhật,478000.0,1.3
2024-01-22,Local Bakery,bánh cupcake,47000.0,1.3
2024-01-22,Local Bakery,bánh mì sandwich,46000.0,1.3
2024-01-22,Local Bakery,bánh croissant,37000.0,1.3
2024-01-22,Local Bakery,bánh donut,29000.0,1.3
2024-01-23,ABC Bakery,bánh sinh nhật,438000.0,1.3
2024-01-23,ABC Bakery,bánh cupcake,46000.0,1.3
2024-01-23,ABC Bakery,bánh mì sandwich,58000.0,1.3
2024-01-23,ABC Bakery,bánh croissant,35000.0,1.3
2024-01-23,ABC Bakery,bánh donut,27000.0,1.3
2024-01-23,Paris Baguette,bánh sinh nhật,483000.0,1.3
2024-01-23,Paris Baguette,bánh cupcake,61000.0,1.3
2024-01-23,Paris Baguette,bánh mì sandwich,59000.0,1.3
2024-01-23,Paris Baguette,bánh croissant,35000.0,1.3
2024-01-23,Paris Baguette,bánh donut,26000.0,1.3
2024-01-23,Local Bakery,bánh sinh nhật,370000.0,1.3
2024-01-23,Local Bakery,bánh cupcake,56000.0,1.3
2024-01-23,Local Bakery,bánh mì sandwich,65000.0,1.3
2024-01-23,Local Bakery,bánh croissant,32000.0,1.3
2024-01-23,Local Bakery,bánh donut,24000.0,1.3
2024-01-24,ABC Bakery,bánh sinh nhật,363000.0,1.3
2024-01-24,ABC Bakery,bánh cupcake,55000.0,1.3
2024-01-24,ABC Bakery,bánh mì sandwich,53000.0,1.3
2024-01-24,ABC Bakery,bánh croissant,33000.0,1.3
2024-01-24,ABC Bakery,bánh donut,27000.0,1.3
2024-01-24,Paris Baguette,bánh sinh nhật,497000.0,1.3
2024-01-24,Paris Baguette,bánh cupcake,46000.0,1.3
2024-01-24,Paris Baguette,bánh mì sandwich,60000.0,1.3
2024-01-24,Paris Baguette,bánh croissant,36000.0,1.3
2024-01-24,Paris Baguette,bánh donut,24000.0,1.3
2024-01-24,Local Bakery,bánh sinh nhật,393000.0,1.3
2024-01-24,Local Bakery,bánh cupcake,46000.0,1.3
2024-01-24,Local Bakery,bánh mì sandwich,61000.0,1.3
2024-01-24,Local Bakery,bánh croissant,25000.0,1.3
2024-01-24,Local Bakery,bánh donut,27000.0,1.3
2024-01-25,ABC Bakery,bánh sinh nhật,422000.0,1.3
2024-01-25,ABC Bakery,bánh cupcake,42000.0,1.3
2024-01-25,ABC Bakery,bánh mì sandwich,59000.0,1.3
2024-01-25,ABC Bakery,bánh croissant,32000.0,1.3
2024-01-25,ABC Bakery,bánh donut,25000.0,1.3
2024-01-25,Paris Baguette,bánh sinh nhật,356000.0,1.3
2024-01-25,Paris Baguette,bánh cupcake,41000.0,1.3
2024-01-25,Paris Baguette,bánh mì sandwich,54000.0,1.3
2024-01-25,Paris Baguette,bánh croissant,33000.0,1.3
2024-01-25,Paris Baguette,bánh donut,22000.0,1.3
2024-01-25,Local Bakery,bánh sinh nhật,493000.0,1.3
2024-01-25,Local Bakery,bánh cupcake,54000.0,1.3
2024-01-25,Local Bakery,bánh mì sandwich,63000.0,1.3
2024-01-25,Local Bakery,bánh croissant,32000.0,1.3
2024-01-25,Local Bakery,bánh donut,25000.0,1.3
2024-01-26,ABC Bakery,bánh sinh nhật,470000.0,1.3
2024-01-26,ABC Bakery,bánh cupcake,48000.0,1.3
2024-01-26,ABC Bakery,bánh mì sandwich,61000.0,1.3
2024-01-26,ABC Bakery,bánh croissant,30000.0,1.3
2024-01-26,ABC Bakery,bánh donut,24000.0,1.3
2024-01-26,Paris Baguette,bánh sinh nhật,490000.0,1.3
2024-01-26,Paris Baguette,bánh cupcake,43000.0,1.3
2024-01-26,Paris Baguette,bánh mì sandwich,63000.0,1.3
2024-01-26,Paris Baguette,bánh croissant,32000.0,1.3
2024-01-26,Paris Baguette,bánh donut,28000.0,1.3
2024-01-26,Local Bakery,bánh sinh nhật,544000.0,1.3
2024-01-26,Local Bakery,bánh cupcake,46000.0,1.3
2024-01-26,Local Bakery,bánh mì sandwich,48000.0,1.3
2024-01-26,Local Bakery,bánh croissant,27000.0,1.3
2024-01-26,Local Bakery,bánh donut,29000.0,1.3
2024-01-27,ABC Bakery,bánh sinh nhật,506000.0,1.3
2024-01-27,ABC Bakery,bánh cupcake,51000.0,1.3
2024-01-27,ABC Bakery,bánh mì sandwich,56000.0,1.3
2024-01-27,ABC Bakery,bánh croissant,34000.0,1.3
2024-01-27,ABC Bakery,bánh donut,27000.0,1.3
2024-01-27,Paris Baguette,bánh sinh nhật,512000.0,1.3
2024-01-27,Paris Baguette,bánh cupcake,43000.0,1.3
2024-01-27,Paris Baguette,bánh mì sandwich,58000.0,1.3
2024-01-27,Paris Baguette,bánh croissant,32000.0,1.3
2024-01-27,Paris Baguette,bánh donut,24000.0,1.3
2024-01-27,Local Bakery,bánh sinh nhật,516000.0,1.3
2024-01-27,Local Bakery,bánh cupcake,44000.0,1.3
2024-01-27,Local Bakery,bánh mì sandwich,62000.0,1.3
2024-01-27,Local Bakery,bánh croissant,37000.0,1.3
2024-01-27,Local Bakery,bánh donut,24000.0,1.3
2024-01-28,ABC Bakery,bánh sinh nhật,503000.0,1.3
2024-01-28,ABC Bakery,bánh cupcake,44000.0,1.3
2024-01-28,ABC Bakery,bánh mì sandwich,62000.0,1.3
2024-01-28,ABC Bakery,bánh croissant,30000.0,1.3
2024-01-28,ABC Bakery,bánh donut,26000.0,1.3
2024-01-28,Paris Baguette,bánh sinh nhật,493000.0,1.3
2024-01-28,Paris Baguette,bánh cupcake,46000.0,1.3
2024-01-28,Paris Baguette,bánh mì sandwich,61000.0,1.3
2024-01-28,Paris Baguette,bánh croissant,29000.0,1.3
2024-01-28,Paris Baguette,bánh donut,27000.0,1.3
2024-01-28,Local Bakery,bánh sinh nhật,544000.0,1.3
2024-01-28,Local Bakery,bánh cupcake,36000.0,1.3
2024-01-28,Local Bakery,bánh mì sandwich,53000.0,1.3
2024-01-28,Local Bakery,bánh croissant,32000.0,1.3
2024-01-28,Local Bakery,bánh donut,25000.0,1.3
2024-01-29,ABC Bakery,bánh sinh nhật,327000.0,1.3
2024-01-29,ABC Bakery,bánh cupcake,48000.0,1.3
2024-01-29,ABC Bakery,bánh mì sandwich,58000.0,1.3
2024-01-29,ABC Bakery,bánh croissant,35000.0,1.3
2024-01-29,ABC Bakery,bánh donut,28000.0,1.3
2024-01-29,Paris Baguette,bánh sinh nhật,382000.0,1.3
2024-01-29,Paris Baguette,bánh cupcake,47000.0,1.3
2024-01-29,Paris Baguette,bánh mì sandwich,53000.0,1.3
2024-01-29,Paris Baguette,bánh croissant,36000.0,1.3
2024-01-29,Paris Baguette,bánh donut,28000.0,1.3
2024-01-29,Local Bakery,bánh sinh nhật,538000.0,1.3
2024-01-29,Local Bakery,bánh cupcake,44000.0,1.3
2024-01-29,Local Bakery,bánh mì sandwich,50000.0,1.3
2024-01-29,Local Bakery,bánh croissant,33000.0,1.3
2024-01-29,Local Bakery,bánh donut,25000.0,1.3
2024-01-30,ABC Bakery,bánh sinh nhật,357000.0,1.3
2024-01-30,ABC Bakery,bánh cupcake,55000.0,1.3
2024-01-30,ABC Bakery,bánh mì sandwich,58000.0,1.3
2024-01-30,ABC Bakery,bánh croissant,32000.0,1.3
2024-01-30,ABC Bakery,bánh donut,23000.0,1.3
2024-01-30,Paris Baguette,bánh sinh nhật,359000.0,1.3
2024-01-30,Paris Baguette,bánh cupcake,42000.0,1.3
2024-01-30,Paris Baguette,bánh mì sandwich,58000.0,1.3
2024-01-30,Paris Baguette,bánh croissant,31000.0,1.3
2024-01-30,Paris Baguette,bánh donut,27000.0,1.3
2024-01-30,Local Bakery,bánh sinh nhật,528000.0,1.3
2024-01-30,Local Bakery,bánh cupcake,46000.0,1.3
2024-01-30,Local Bakery,bánh mì sandwich,55000.0,1.3
2024-01-30,Local Bakery,bánh croissant,37000.0,1.3
2024-01-30,Local Bakery,bánh donut,23000.0,1.3
2024-01-31,ABC Bakery,bánh sinh nhật,533000.0,1.3
2024-01-31,ABC Bakery,bánh cupcake,46000.0,1.3
2024-01-31,ABC Bakery,bánh mì sandwich,58000.0,1.3
2024-01-31,ABC Bakery,bánh croissant,27000.0,1.3
2024-01-31,ABC Bakery,bánh donut,27000.0,1.3
2024-01-31,Paris Baguette,bánh sinh nhật,380000.0,1.3
2024-01-31,Paris Baguette,bánh cupcake,38000.0,1.3
2024-01-31,Paris Baguette,bánh mì sandwich,51000.0,1.3
2024-01-31,Paris Baguette,bánh croissant,36000.0,1.3
2024-01-31,Paris Baguette,bánh donut,29000.0,1.3
2024-01-31,Local Bakery,bánh sinh nhật,374000.0,1.3
2024-01-31,Local Bakery,bánh cupcake,43000.0,1.3
2024-01-31,Local Bakery,bánh mì sandwich,74000.0,1.3
2024-01-31,Local Bakery,bánh croissant,37000.0,1.3
2024-01-31,Local Bakery,bánh donut,30000.0,1.3
2024-02-01,ABC Bakery,bánh sinh nhật,528000.0,1.3
2024-02-01,ABC Bakery,bánh cupcake,45000.0,1.3
2024-02-01,ABC Bakery,bánh mì sandwich,60000.0,1.3
2024-02-01,ABC Bakery,bánh croissant,32000.0,1.3
2024-02-01,ABC Bakery,bánh donut,28000.0,1.3
2024-02-01,Paris Baguette,bánh sinh nhật,621000.0,1.3
2024-02-01,Paris Baguette,bánh cupcake,40000.0,1.3
2024-02-01,Paris Baguette,bánh mì sandwich,61000.0,1.3
2024-02-01,Paris Baguette,bánh croissant,33000.0,1.3
2024-02-01,Paris Baguette,bánh donut,25000.0,1.3
2024-02-01,Local Bakery,bánh sinh nhật,406000.0,1.3
2024-02-01,Local Bakery,bánh cupcake,42000.0,1.3
2024-02-01,Local Bakery,bánh mì sandwich,57000.0,1.3
2024-02-01,Local Bakery,bánh croissant,32000.0,1.3
2024-02-01,Local Bakery,bánh donut,23000.0,1.3
2024-02-02,ABC Bakery,bánh sinh nhật,384000.0,1.3
2024-02-02,ABC Bakery,bánh cupcake,38000.0,1.3
2024-02-02,ABC Bakery,bánh mì sandwich,57000.0,1.3
2024-02-02,ABC Bakery,bánh croissant,28000.0,1.3
2024-02-02,ABC Bakery,bánh donut,23000.0,1.3
2024-02-02,Paris Baguette,bánh sinh nhật,381000.0,1.3
2024-02-02,Paris Baguette,bánh cupcake,36000.0,1.3
2024-02-02,Paris Baguette,bánh mì sandwich,53000.0,1.3
2024-02-02,Paris Baguette,bánh croissant,37000.0,1.3
2024-02-02,Paris Baguette,bánh donut,22000.0,1.3
2024-02-02,Local Bakery,bánh sinh nhật,356000.0,1.3
2024-02-02,Local Bakery,bánh cupcake,42000.0,1.3
2024-02-02,Local Bakery,bánh mì sandwich,50000.0,1.3
2024-02-02,Local Bakery,bánh croissant,31000.0,1.3
2024-02-02,Local Bakery,bánh donut,27000.0,1.3
2024-02-03,ABC Bakery,bánh sinh nhật,474000.0,1.3
2024-02-03,ABC Bakery,bánh cupcake,44000.0,1.3
2024-02-03,ABC Bakery,bánh mì sandwich,64000.0,1.3
2024-02-03,ABC Bakery,bánh croissant,32000.0,1.3
2024-02-03,ABC Bakery,bánh donut,29000.0,1.3
2024-02-03,Paris Baguette,bánh sinh nhật,419000.0,1.3
2024-02-03,Paris Baguette,bánh cupcake,43000.0,1.3
2024-02-03,Paris Baguette,bánh mì sandwich,54000.0,1.3
2024-02-03,Paris Baguette,bánh croissant,33000.0,1.3
2024-02-03,Paris Baguette,bánh donut,29000.0,1.3
2024-02-03,Local Bakery,bánh sinh nhật,353000.0,1.3
2024-02-03,Local Bakery,bánh cupcake,50000.0,1.3
2024-02-03,Local Bakery,bánh mì sandwich,54000.0,1.3
2024-02-03,Local Bakery,bánh croissant,31000.0,1.3
2024-02-03,Local Bakery,bánh donut,24000.0,1.3
2024-02-04,ABC Bakery,bánh sinh nhật,562000.0,1.3
2024-02-04,ABC Bakery,bánh cupcake,42000.0,1.3
2024-02-04,ABC Bakery,bánh mì sandwich,55000.0,1.3
2024-02-04,ABC Bakery,bánh croissant,35000.0,1.3
2024-02-04,ABC Bakery,bánh donut,30000.0,1.3
2024-02-04,Paris Baguette,bánh sinh nhật,521000.0,1.3
2024-02-04,Paris Baguette,bánh cupcake,49000.0,1.3
2024-02-04,Paris Baguette,bánh mì sandwich,56000.0,1.3
2024-02-04,Paris Baguette,bánh croissant,41000.0,1.3
2024-02-04,Paris Baguette,bánh donut,26000.0,1.3
2024-02-04,Local Bakery,bánh sinh nhật,330000.0,1.3
2024-02-04,Local Bakery,bánh cupcake,40000.0,1.3
2024-02-04,Local Bakery,bánh mì sandwich,59000.0,1.3
2024-02-04,Local Bakery,bánh croissant,34000.0,1.3
2024-02-04,Local Bakery,bánh donut,23000.0,1.3
2024-02-05,ABC Bakery,bánh sinh nhật,575000.0,1.3
2024-02-05,ABC Bakery,bánh cupcake,52000.0,1.3
2024-02-05,ABC Bakery,bánh mì sandwich,55000.0,1.3
2024-02-05,ABC Bakery,bánh croissant,33000.0,1.3
2024-02-05,ABC Bakery,bánh donut,24000.0,1.3
2024-02-05,Paris Baguette,bánh sinh nhật,311000.0,1.3
2024-02-05,Paris Baguette,bánh cupcake,43000.0,1.3
2024-02-05,Paris Baguette,bánh mì sandwich,66000.0,1.3
2024-02-05,Paris Baguette,bánh croissant,33000.0,1.3
2024-02-05,Paris Baguette,bánh donut,28000.0,1.3
2024-02-05,Local Bakery,bánh sinh nhật,421000.0,1.3
2024-02-05,Local Bakery,bánh cupcake,46000.0,1.3
2024-02-05,Local Bakery,bánh mì sandwich,61000.0,1.3
2024-02-05,Local Bakery,bánh croissant,33000.0,1.3
2024-02-05,Local Bakery,bánh donut,26000.0,1.3
2024-02-06,ABC Bakery,bánh sinh nhật,441000.0,1.3
2024-02-06,ABC Bakery,bánh cupcake,36000.0,1.3
2024-02-06,ABC Bakery,bánh mì sandwich,59000.0,1.3
2024-02-06,ABC Bakery,bánh croissant,37000.0,1.3
2024-02-06,ABC Bakery,bánh donut,27000.0,1.3
2024-02-06,Paris Baguette,bánh sinh nhật,449000.0,1.3
2024-02-06,Paris Baguette,bánh cupcake,49000.0,1.3
2024-02-06,Paris Baguette,bánh mì sandwich,69000.0,1.3
2024-02-06,Paris Baguette,bánh croissant,37000.0,1.3
2024-02-06,Paris Baguette,bánh donut,28000.0,1.3
2024-02-06,Local Bakery,bánh sinh nhật,395000.0,1.3
2024-02-06,Local Bakery,bánh cupcake,41000.0,1.3
2024-02-06,Local Bakery,bánh mì sandwich,58000.0,1.3
2024-02-06,Local Bakery,bánh croissant,31000.0,1.3
2024-02-06,Local Bakery,bánh donut,26000.0,1.3
2024-02-07,ABC Bakery,bánh sinh nhật,442000.0,1.3
2024-02-07,ABC Bakery,bánh cupcake,45000.0,1.3
2024-02-07,ABC Bakery,bánh mì sandwich,63000.0,1.3
2024-02-07,ABC Bakery,bánh croissant,36000.0,1.3
2024-02-07,ABC Bakery,bánh donut,25000.0,1.3
2024-02-07,Paris Baguette,bánh sinh nhật,521000.0,1.3
2024-02-07,Paris Baguette,bánh cupcake,46000.0,1.3
2024-02-07,Paris Baguette,bánh mì sandwich,58000.0,1.3
2024-02-07,Paris Baguette,bánh croissant,36000.0,1.3
2024-02-07,Paris Baguette,bánh donut,24000.0,1.3
2024-02-07,Local Bakery,bánh sinh nhật,448000.0,1.3
2024-02-07,Local Bakery,bánh cupcake,53000.0,1.3
2024-02-07,Local Bakery,bánh mì sandwich,60000.0,1.3
2024-02-07,Local Bakery,bánh croissant,31000.0,1.3
2024-02-07,Local Bakery,bánh donut,29000.0,1.3
2024-02-08,ABC Bakery,bánh sinh nhật,474000.0,1.3
2024-02-08,ABC Bakery,bánh cupcake,45000.0,1.3
2024-02-08,ABC Bakery,bánh mì sandwich,60000.0,1.3
2024-02-08,ABC Bakery,bánh croissant,37000.0,1.3
2024-02-08,ABC Bakery,bánh donut,27000.0,1.3
2024-02-08,Paris Baguette,bánh sinh nhật,382000.0,1.3
2024-02-08,Paris Baguette,bánh cupcake,46000.0,1.3
2024-02-08,Paris Baguette,bánh mì sandwich,63000.0,1.3
2024-02-08,Paris Baguette,bánh croissant,31000.0,1.3
2024-02-08,Paris Baguette,bánh donut,27000.0,1.3
2024-02-08,Local Bakery,bánh sinh nhật,423000.0,1.3
2024-02-08,Local Bakery,bánh cupcake,48000.0,1.3
2024-02-08,Local Bakery,bánh mì sandwich,58000.0,1.3
2024-02-08,Local Bakery,bánh croissant,27000.0,1.3
2024-02-08,Local Bakery,bánh donut,28000.0,1.3
2024-02-09,ABC Bakery,bánh sinh nhật,496000.0,1.3
2024-02-09,ABC Bakery,bánh cupcake,40000.0,1.3
2024-02-09,ABC Bakery,bánh mì sandwich,55000.0,1.3
2024-02-09,ABC Bakery,bánh croissant,31000.0,1.3
2024-02-09,ABC Bakery,bánh donut,28000.0,1.3
2024-02-09,Paris Baguette,bánh sinh nhật,356000.0,1.3
2024-02-09,Paris Baguette,bánh cupcake,52000.0,1.3
2024-02-09,Paris Baguette,bánh mì sandwich,57000.0,1.3
2024-02-09,Paris Baguette,bánh croissant,31000.0,1.3
2024-02-09,Paris Baguette,bánh donut,30000.0,1.3
2024-02-09,Local Bakery,bánh sinh nhật,540000.0,1.3
2024-02-09,Local Bakery,bánh cupcake,47000.0,1.3
2024-02-09,Local Bakery,bánh mì sandwich,56000.0,1.3
2024-02-09,Local Bakery,bánh croissant,31000.0,1.3
2024-02-09,Local Bakery,bánh donut,32000.0,1.3
2024-02-10,ABC Bakery,bánh sinh nhật,494000.0,1.3
2024-02-10,ABC Bakery,bánh cupcake,54000.0,1.3
2024-02-10,ABC Bakery,bánh mì sandwich,56000.0,1.3
2024-02-10,ABC Bakery,bánh croissant,32000.0,1.3
2024-02-10,ABC Bakery,bánh donut,22000.0,1.3
2024-02-10,Paris Baguette,bánh sinh nhật,493000.0,1.3
2024-02-10,Paris Baguette,bánh cupcake,52000.0,1.3
2024-02-10,Paris Baguette,bánh mì sandwich,53000.0,1.3
2024-02-10,Paris Baguette,bánh croissant,34000.0,1.3
2024-02-10,Paris Baguette,bánh donut,27000.0,1.3
2024-02-10,Local Bakery,bánh sinh nhật,448000.0,1.3
2024-02-10,Local Bakery,bánh cupcake,47000.0,1.3
2024-02-10,Local Bakery,bánh mì sandwich,54000.0,1.3
2024-02-10,Local Bakery,bánh croissant,30000.0,1.3
2024-02-10,Local Bakery,bánh donut,25000.0,1.3
2024-02-11,ABC Bakery,bánh sinh nhật,267000.0,1.3
2024-02-11,ABC Bakery,bánh cupcake,44000.0,1.3
2024-02-11,ABC Bakery,bánh mì sandwich,57000.0,1.3
2024-02-11,ABC Bakery,bánh croissant,32000.0,1.3
2024-02-11,ABC Bakery,bánh donut,26000.0,1.3
2024-02-11,Paris Baguette,bánh sinh nhật,419000.0,1.3
2024-02-11,Paris Baguette,bánh cupcake,49000.0,1.3
2024-02-11,Paris Baguette,bánh mì sandwich,60000.0,1.3
2024-02-11,Paris Baguette,bánh croissant,36000.0,1.3
2024-02-11,Paris Baguette,bánh donut,27000.0,1.3
2024-02-11,Local Bakery,bánh sinh nhật,511000.0,1.3
2024-02-11,Local Bakery,bánh cupcake,51000.0,1.3
2024-02-11,Local Bakery,bánh mì sandwich,57000.0,1.3
2024-02-11,Local Bakery,bánh croissant,27000.0,1.3
2024-02-11,Local Bakery,bánh donut,24000.0,1.3
2024-02-12,ABC Bakery,bánh sinh nhật,453000.0,1.3
2024-02-12,ABC Bakery,bánh cupcake,45000.0,1.3
2024-02-12,ABC Bakery,bánh mì sandwich,53000.0,1.3
2024-02-12,ABC Bakery,bánh croissant,32000.0,1.3
2024-02-12,ABC Bakery,bánh donut,29000.0,1.3
2024-02-12,Paris Baguette,bánh sinh nhật,355000.0,1.3
2024-02-12,Paris Baguette,bánh cupcake,45000.0,1.3
2024-02-12,Paris Baguette,bánh mì sandwich,58000.0,1.3
2024-02-12,Paris Baguette,bánh croissant,30000.0,1.3
2024-02-12,Paris Baguette,bánh donut,27000.0,1.3
2024-02-12,Local Bakery,bánh sinh nhật,437000.0,1.3
2024-02-12,Local Bakery,bánh cupcake,54000.0,1.3
2024-02-12,Local Bakery,bánh mì sandwich,57000.0,1.3
2024-02-12,Local Bakery,bánh croissant,34000.0,1.3
2024-02-12,Local Bakery,bánh donut,27000.0,1.3
2024-02-13,ABC Bakery,bánh sinh nhật,512000.0,1.3
2024-02-13,ABC Bakery,bánh cupcake,31000.0,1.3
2024-02-13,ABC Bakery,bánh mì sandwich,59000.0,1.3
2024-02-13,ABC Bakery,bánh croissant,32000.0,1.3
2024-02-13,ABC Bakery,bánh donut,25000.0,1.3
2024-02-13,Paris Baguette,bánh sinh nhật,324000.0,1.3
2024-02-13,Paris Baguette,bánh cupcake,47000.0,1.3
2024-02-13,Paris Baguette,bánh mì sandwich,64000.0,1.3
2024-02-13,Paris Baguette,bánh croissant,36000.0,1.3
2024-02-13,Paris Baguette,bánh donut,26000.0,1.3
2024-02-13,Local Bakery,bánh sinh nhật,453000.0,1.3
2024-02-13,Local Bakery,bánh cupcake,41000.0,1.3
2024-02-13,Local Bakery,bánh mì sandwich,60000.0,1.3
2024-02-13,Local Bakery,bánh croissant,33000.0,1.3
2024-02-13,Local Bakery,bánh donut,22000.0,1.3
2024-02-14,ABC Bakery,bánh sinh nhật,467000.0,1.3
2024-02-14,ABC Bakery,bánh cupcake,50000.0,1.3
2024-02-14,ABC Bakery,bánh mì sandwich,47000.0,1.3
2024-02-14,ABC Bakery,bánh croissant,32000.0,1.3
2024-02-14,ABC Bakery,bánh donut,22000.0,1.3
2024-02-14,Paris Baguette,bánh sinh nhật,488000.0,1.3
2024-02-14,Paris Baguette,bánh cupcake,46000.0,1.3
2024-02-14,Paris Baguette,bánh mì sandwich,55000.0,1.3
2024-02-14,Paris Baguette,bánh croissant,37000.0,1.3
2024-02-14,Paris Baguette,bánh donut,27000.0,1.3
2024-02-14,Local Bakery,bánh sinh nhật,572000.0,1.3
2024-02-14,Local Bakery,bánh cupcake,46000.0,1.3
2024-02-14,Local Bakery,bánh mì sandwich,60000.0,1.3
2024-02-14,Local Bakery,bánh croissant,37000.0,1.3
2024-02-14,Local Bakery,bánh donut,24000.0,1.3
2024-02-15,ABC Bakery,bánh sinh nhật,379000.0,1.3
2024-02-15,ABC Bakery,bánh cupcake,47000.0,1.3
2024-02-15,ABC Bakery,bánh mì sandwich,61000.0,1.3
2024-02-15,ABC Bakery,bánh croissant,32000.0,1.3
2024-02-15,ABC Bakery,bánh donut,24000.0,1.3
2024-02-15,Paris Baguette,bánh sinh nhật,346000.0,1.3
2024-02-15,Paris Baguette,bánh cupcake,46000.0,1.3
2024-02-15,Paris Baguette,bánh mì sandwich,51000.0,1.3
2024-02-15,Paris Baguette,bánh croissant,31000.0,1.3
2024-02-15,Paris Baguette,bánh donut,25000.0,1.3
2024-02-15,Local Bakery,bánh sinh nhật,442000.0,1.3
2024-02-15,Local Bakery,bánh cupcake,48000.0,1.3
2024-02-15,Local Bakery,bánh mì sandwich,62000.0,1.3
2024-02-15,Local Bakery,bánh croissant,33000.0,1.3
2024-02-15,Local Bakery,bánh donut,30000.0,1.3
2024-02-16,ABC Bakery,bánh sinh nhật,388000.0,1.3
2024-02-16,ABC Bakery,bánh cupcake,36000.0,1.3
2024-02-16,ABC Bakery,bánh mì sandwich,62000.0,1.3
2024-02-16,ABC Bakery,bánh croissant,30000.0,1.3
2024-02-16,ABC Bakery,bánh donut,24000.0,1.3
2024-02-16,Paris Baguette,bánh sinh nhật,565000.0,1.3
2024-02-16,Paris Baguette,bánh cupcake,45000.0,1.3
2024-02-16,Paris Baguette,bánh mì sandwich,57000.0,1.3
2024-02-16,Paris Baguette,bánh croissant,36000.0,1.3
2024-02-16,Paris Baguette,bánh donut,27000.0,1.3
2024-02-16,Local Bakery,bánh sinh nhật,592000.0,1.3
2024-02-16,Local Bakery,bánh cupcake,42000.0,1.3
2024-02-16,Local Bakery,bánh mì sandwich,60000.0,1.3
2024-02-16,Local Bakery,bánh croissant,37000.0,1.3
2024-02-16,Local Bakery,bánh donut,28000.0,1.3
2024-02-17,ABC Bakery,bánh sinh nhật,327000.0,1.3
2024-02-17,ABC Bakery,bánh cupcake,45000.0,1.3
2024-02-17,ABC Bakery,bánh mì sandwich,59000.0,1.3
2024-02-17,ABC Bakery,bánh croissant,32000.0,1.3
2024-02-17,ABC Bakery,bánh donut,27000.0,1.3
2024-02-17,Paris Baguette,bánh sinh nhật,401000.0,1.3
2024-02-17,Paris Baguette,bánh cupcake,49000.0,1.3
2024-02-17,Paris Baguette,bánh mì sandwich,51000.0,1.3
2024-02-17,Paris Baguette,bánh croissant,27000.0,1.3
2024-02-17,Paris Baguette,bánh donut,24000.0,1.3
2024-02-17,Local Bakery,bánh sinh nhật,460000.0,1.3
2024-02-17,Local Bakery,bánh cupcake,58000.0,1.3
2024-02-17,Local Bakery,bánh mì sandwich,61000.0,1.3
2024-02-17,Local Bakery,bánh croissant,34000.0,1.3
2024-02-17,Local Bakery,bánh donut,30000.0,1.3
2024-02-18,ABC Bakery,bánh sinh nhật,466000.0,1.3
2024-02-18,ABC Bakery,bánh cupcake,44000.0,1.3
2024-02-18,ABC Bakery,bánh mì sandwich,59000.0,1.3
2024-02-18,ABC Bakery,bánh croissant,31000.0,1.3
2024-02-18,ABC Bakery,bánh donut,23000.0,1.3
2024-02-18,Paris Baguette,bánh sinh nhật,447000.0,1.3
2024-02-18,Paris Baguette,bánh cupcake,46000.0,1.3
2024-02-18,Paris Baguette,bánh mì sandwich,55000.0,1.3
2024-02-18,Paris Baguette,bánh croissant,32000.0,1.3
2024-02-18,Paris Baguette,bánh donut,23000.0,1.3
2024-02-18,Local Bakery,bánh sinh nhật,475000.0,1.3
2024-02-18,Local Bakery,bánh cupcake,35000.0,1.3
2024-02-18,Local Bakery,bánh mì sandwich,66000.0,1.3
2024-02-18,Local Bakery,bánh croissant,38000.0,1.3
2024-02-18,Local Bakery,bánh donut,25000.0,1.3
2024-02-19,ABC Bakery,bánh sinh nhật,440000.0,1.3
2024-02-19,ABC Bakery,bánh cupcake,38000.0,1.3
2024-02-19,ABC Bakery,bánh mì sandwich,73000.0,1.3
2024-02-19,ABC Bakery,bánh croissant,30000.0,1.3
2024-02-19,ABC Bakery,bánh donut,25000.0,1.3
2024-02-19,Paris Baguette,bánh sinh nhật,594000.0,1.3
2024-02-19,Paris Baguette,bánh cupcake,51000.0,1.3
2024-02-19,Paris Baguette,bánh mì sandwich,55000.0,1.3
2024-02-19,Paris Baguette,bánh croissant,39000.0,1.3
2024-02-19,Paris Baguette,bánh donut,26000.0,1.3
2024-02-19,Local Bakery,bánh sinh nhật,477000.0,1.3
2024-02-19,Local Bakery,bánh cupcake,54000.0,1.3
2024-02-19,Local Bakery,bánh mì sandwich,56000.0,1.3
2024-02-19,Local Bakery,bánh croissant,30000.0,1.3
2024-02-19,Local Bakery,bánh donut,21000.0,1.3
2024-02-20,ABC Bakery,bánh sinh nhật,492000.0,1.3
2024-02-20,ABC Bakery,bánh cupcake,42000.0,1.3
2024-02-20,ABC Bakery,bánh mì sandwich,60000.0,1.3
2024-02-20,ABC Bakery,bánh croissant,33000.0,1.3
2024-02-20,ABC Bakery,bánh donut,30000.0,1.3
2024-02-20,Paris Baguette,bánh sinh nhật,518000.0,1.3
2024-02-20,Paris Baguette,bánh cupcake,52000.0,1.3
2024-02-20,Paris Baguette,bánh mì sandwich,56000.0,1.3
2024-02-20,Paris Baguette,bánh croissant,34000.0,1.3
2024-02-20,Paris Baguette,bánh donut,26000.0,1.3
2024-02-20,Local Bakery,bánh sinh nhật,473000.0,1.3
2024-02-20,Local Bakery,bánh cupcake,48000.0,1.3
2024-02-20,Local Bakery,bánh mì sandwich,60000.0,1.3
2024-02-20,Local Bakery,bánh croissant,37000.0,1.3
2024-02-20,Local Bakery,bánh donut,28000.0,1.3
2024-02-21,ABC Bakery,bánh sinh nhật,541000.0,1.3
2024-02-21,ABC Bakery,bánh cupcake,44000.0,1.3
2024-02-21,ABC Bakery,bánh mì sandwich,54000.0,1.3
2024-02-21,ABC Bakery,bánh croissant,36000.0,1.3
2024-02-21,ABC Bakery,bánh donut,27000.0,1.3
2024-02-21,Paris Baguette,bánh sinh nhật,497000.0,1.3
2024-02-21,Paris Baguette,bánh cupcake,49000.0,1.3
2024-02-21,Paris Baguette,bánh mì sandwich,65000.0,1.3
2024-02-21,Paris Baguette,bánh croissant,25000.0,1.3
2024-02-21,Paris Baguette,bánh donut,26000.0,1.3
2024-02-21,Local Bakery,bánh sinh nhật,502000.0,1.3
2024-02-21,Local Bakery,bánh cupcake,43000.0,1.3
2024-02-21,Local Bakery,bánh mì sandwich,69000.0,1.3
2024-02-21,Local Bakery,bánh croissant,35000.0,1.3
2024-02-21,Local Bakery,bánh donut,24000.0,1.3
2024-02-22,ABC Bakery,bánh sinh nhật,530000.0,1.3
2024-02-22,ABC Bakery,bánh cupcake,47000.0,1.3
2024-02-22,ABC Bakery,bánh mì sandwich,57000.0,1.3
2024-02-22,ABC Bakery,bánh croissant,30000.0,1.3
2024-02-22,ABC Bakery,bánh donut,26000.0,1.3
2024-02-22,Paris Baguette,bánh sinh nhật,491000.0,1.3
2024-02-22,Paris Baguette,bánh cupcake,40000.0,1.3
2024-02-22,Paris Baguette,bánh mì sandwich,52000.0,1.3
2024-02-22,Paris Baguette,bánh croissant,27000.0,1.3
2024-02-22,Paris Baguette,bánh donut,28000.0,1.3
2024-02-22,Local Bakery,bánh sinh nhật,360000.0,1.3
2024-02-22,Local Bakery,bánh cupcake,49000.0,1.3
2024-02-22,Local Bakery,bánh mì sandwich,58000.0,1.3
2024-02-22,Local Bakery,bánh croissant,35000.0,1.3
2024-02-22,Local Bakery,bánh donut,28000.0,1.3
2024-02-23,ABC Bakery,bánh sinh nhật,464000.0,1.3
2024-02-23,ABC Bakery,bánh cupcake,42000.0,1.3
2024-02-23,ABC Bakery,bánh mì sandwich,60000.0,1.3
2024-02-23,ABC Bakery,bánh croissant,29000.0,1.3
2024-02-23,ABC Bakery,bánh donut,26000.0,1.3
2024-02-23,Paris Baguette,bánh sinh nhật,475000.0,1.3
2024-02-23,Paris Baguette,bánh cupcake,41000.0,1.3
2024-02-23,Paris Baguette,bánh mì sandwich,53000.0,1.3
2024-02-23,Paris Baguette,bánh croissant,28000.0,1.3
2024-02-23,Paris Baguette,bánh donut,28000.0,1.3
2024-02-23,Local Bakery,bánh sinh nhật,462000.0,1.3
2024-02-23,Local Bakery,bánh cupcake,43000.0,1.3
2024-02-23,Local Bakery,bánh mì sandwich,65000.0,1.3
2024-02-23,Local Bakery,bánh croissant,29000.0,1.3
2024-02-23,Local Bakery,bánh donut,29000.0,1.3
2024-02-24,ABC Bakery,bánh sinh nhật,409000.0,1.3
2024-02-24,ABC Bakery,bánh cupcake,38000.0,1.3
2024-02-24,ABC Bakery,bánh mì sandwich,60000.0,1.3
2024-02-24,ABC Bakery,bánh croissant,39000.0,1.3
2024-02-24,ABC Bakery,bánh donut,25000.0,1.3
2024-02-24,Paris Baguette,bánh sinh nhật,497000.0,1.3
2024-02-24,Paris Baguette,bánh cupcake,50000.0,1.3
2024-02-24,Paris Baguette,bánh mì sandwich,61000.0,1.3
2024-02-24,Paris Baguette,bánh croissant,30000.0,1.3
2024-02-24,Paris Baguette,bánh donut,25000.0,1.3
2024-02-24,Local Bakery,bánh sinh nhật,439000.0,1.3
2024-02-24,Local Bakery,bánh cupcake,49000.0,1.3
2024-02-24,Local Bakery,bánh mì sandwich,58000.0,1.3
2024-02-24,Local Bakery,bánh croissant,35000.0,1.3
2024-02-24,Local Bakery,bánh donut,24000.0,1.3
2024-02-25,ABC Bakery,bánh sinh nhật,514000.0,1.3
2024-02-25,ABC Bakery,bánh cupcake,45000.0,1.3
2024-02-25,ABC Bakery,bánh mì sandwich,62000.0,1.3
2024-02-25,ABC Bakery,bánh croissant,29000.0,1.3
2024-02-25,ABC Bakery,bánh donut,30000.0,1.3
2024-02-25,Paris Baguette,bánh sinh nhật,419000.0,1.3
2024-02-25,Paris Baguette,bánh cupcake,47000.0,1.3
2024-02-25,Paris Baguette,bánh mì sandwich,65000.0,1.3
2024-02-25,Paris Baguette,bánh croissant,36000.0,1.3
2024-02-25,Paris Baguette,bánh donut,26000.0,1.3
2024-02-25,Local Bakery,bánh sinh nhật,530000.0,1.3
2024-02-25,Local Bakery,bánh cupcake,42000.0,1.3
2024-02-25,Local Bakery,bánh mì sandwich,66000.0,1.3
2024-02-25,Local Bakery,bánh croissant,34000.0,1.3
2024-02-25,Local Bakery,bánh donut,25000.0,1.3
2024-02-26,ABC Bakery,bánh sinh nhật,402000.0,1.3
2024-02-26,ABC Bakery,bánh cupcake,49000.0,1.3
2024-02-26,ABC Bakery,bánh mì sandwich,70000.0,1.3
2024-02-26,ABC Bakery,bánh croissant,32000.0,1.3
2024-02-26,ABC Bakery,bánh donut,25000.0,1.3
2024-02-26,Paris Baguette,bánh sinh nhật,406000.0,1.3
2024-02-26,Paris Baguette,bánh cupcake,46000.0,1.3
2024-02-26,Paris Baguette,bánh mì sandwich,52000.0,1.3
2024-02-26,Paris Baguette,bánh croissant,32000.0,1.3
2024-02-26,Paris Baguette,bánh donut,23000.0,1.3
2024-02-26,Local Bakery,bánh sinh nhật,552000.0,1.3
2024-02-26,Local Bakery,bánh cupcake,44000.0,1.3
2024-02-26,Local Bakery,bánh mì sandwich,61000.0,1.3
2024-02-26,Local Bakery,bánh croissant,41000.0,1.3
2024-02-26,Local Bakery,bánh donut,27000.0,1.3
2024-02-27,ABC Bakery,bánh sinh nhật,622000.0,1.3
2024-02-27,ABC Bakery,bánh cupcake,43000.0,1.3
2024-02-27,ABC Bakery,bánh mì sandwich,60000.0,1.3
2024-02-27,ABC Bakery,bánh croissant,30000.0,1.3
2024-02-27,ABC Bakery,bánh donut,28000.0,1.3
2024-02-27,Paris Baguette,bánh sinh nhật,512000.0,1.3
2024-02-27,Paris Baguette,bánh cupcake,49000.0,1.3
2024-02-27,Paris Baguette,bánh mì sandwich,55000.0,1.3
2024-02-27,Paris Baguette,bánh croissant,35000.0,1.3
2024-02-27,Paris Baguette,bánh donut,27000.0,1.3
2024-02-27,Local Bakery,bánh sinh nhật,499000.0,1.3
2024-02-27,Local Bakery,bánh cupcake,38000.0,1.3
2024-02-27,Local Bakery,bánh mì sandwich,56000.0,1.3
2024-02-27,Local Bakery,bánh croissant,30000.0,1.3
2024-02-27,Local Bakery,bánh donut,25000.0,1.3
2024-02-28,ABC Bakery,bánh sinh nhật,519000.0,1.3
2024-02-28,ABC Bakery,bánh cupcake,38000.0,1.3
2024-02-28,ABC Bakery,bánh mì sandwich,54000.0,1.3
2024-02-28,ABC Bakery,bánh croissant,33000.0,1.3
2024-02-28,ABC Bakery,bánh donut,31000.0,1.3
2024-02-28,Paris Baguette,bánh sinh nhật,373000.0,1.3
2024-02-28,Paris Baguette,bánh cupcake,42000.0,1.3
2024-02-28,Paris Baguette,bánh mì sandwich,58000.0,1.3
2024-02-28,Paris Baguette,bánh croissant,28000.0,1.3
2024-02-28,Paris Baguette,bánh donut,25000.0,1.3
2024-02-28,Local Bakery,bánh sinh nhật,442000.0,1.3
2024-02-28,Local Bakery,bánh cupcake,48000.0,1.3
2024-02-28,Local Bakery,bánh mì sandwich,53000.0,1.3
2024-02-28,Local Bakery,bánh croissant,33000.0,1.3
2024-02-28,Local Bakery,bánh donut,24000.0,1.3
2024-02-29,ABC Bakery,bánh sinh nhật,473000.0,1.3
2024-02-29,ABC Bakery,bánh cupcake,60000.0,1.3
2024-02-29,ABC Bakery,bánh mì sandwich,64000.0,1.3
2024-02-29,ABC Bakery,bánh croissant,31000.0,1.3
2024-02-29,ABC Bakery,bánh donut,24000.0,1.3
2024-02-29,Paris Baguette,bánh sinh nhật,408000.0,1.3
2024-02-29,Paris Baguette,bánh cupcake,43000.0,1.3
2024-02-29,Paris Baguette,bánh mì sandwich,66000.0,1.3
2024-02-29,Paris Baguette,bánh croissant,24000.0,1.3
2024-02-29,Paris Baguette,bánh donut,26000.0,1.3
2024-02-29,Local Bakery,bánh sinh nhật,610000.0,1.3
2024-02-29,Local Bakery,bánh cupcake,47000.0,1.3
2024-02-29,Local Bakery,bánh mì sandwich,62000.0,1.3
2024-02-29,Local Bakery,bánh croissant,32000.0,1.3
2024-02-29,Local Bakery,bánh donut,31000.0,1.3
2024-03-01,ABC Bakery,bánh sinh nhật,312000.0,1.0
2024-03-01,ABC Bakery,bánh cupcake,33000.0,1.0
2024-03-01,ABC Bakery,bánh mì sandwich,50000.0,1.0
2024-03-01,ABC Bakery,bánh croissant,22000.0,1.0
2024-03-01,ABC Bakery,bánh donut,22000.0,1.0
2024-03-01,Paris Baguette,bánh sinh nhật,251000.0,1.0
2024-03-01,Paris Baguette,bánh cupcake,29000.0,1.0
2024-03-01,Paris Baguette,bánh mì sandwich,52000.0,1.0
2024-03-01,Paris Baguette,bánh croissant,25000.0,1.0
2024-03-01,Paris Baguette,bánh donut,18000.0,1.0
2024-03-01,Local Bakery,bánh sinh nhật,271000.0,1.0
2024-03-01,Local Bakery,bánh cupcake,33000.0,1.0
2024-03-01,Local Bakery,bánh mì sandwich,51000.0,1.0
2024-03-01,Local Bakery,bánh croissant,25000.0,1.0
2024-03-01,Local Bakery,bánh donut,21000.0,1.0
2024-03-02,ABC Bakery,bánh sinh nhật,347000.0,1.0
2024-03-02,ABC Bakery,bánh cupcake,39000.0,1.0
2024-03-02,ABC Bakery,bánh mì sandwich,43000.0,1.0
2024-03-02,ABC Bakery,bánh croissant,23000.0,1.0
2024-03-02,ABC Bakery,bánh donut,18000.0,1.0
2024-03-02,Paris Baguette,bánh sinh nhật,335000.0,1.0
2024-03-02,Paris Baguette,bánh cupcake,37000.0,1.0
2024-03-02,Paris Baguette,bánh mì sandwich,42000.0,1.0
2024-03-02,Paris Baguette,bánh croissant,24000.0,1.0
2024-03-02,Paris Baguette,bánh donut,19000.0,1.0
2024-03-02,Local Bakery,bánh sinh nhật,296000.0,1.0
2024-03-02,Local Bakery,bánh cupcake,34000.0,1.0
2024-03-02,Local Bakery,bánh mì sandwich,41000.0,1.0
2024-03-02,Local Bakery,bánh croissant,23000.0,1.0
2024-03-02,Local Bakery,bánh donut,21000.0,1.0
2024-03-03,ABC Bakery,bánh sinh nhật,330000.0,1.0
2024-03-03,ABC Bakery,bánh cupcake,39000.0,1.0
2024-03-03,ABC Bakery,bánh mì sandwich,42000.0,1.0
2024-03-03,ABC Bakery,bánh croissant,30000.0,1.0
2024-03-03,ABC Bakery,bánh donut,21000.0,1.0
2024-03-03,Paris Baguette,bánh sinh nhật,299000.0,1.0
2024-03-03,Paris Baguette,bánh cupcake,28000.0,1.0
2024-03-03,Paris Baguette,bánh mì sandwich,46000.0,1.0
2024-03-03,Paris Baguette,bánh croissant,22000.0,1.0
2024-03-03,Paris Baguette,bánh donut,18000.0,1.0
2024-03-03,Local Bakery,bánh sinh nhật,427000.0,1.0
2024-03-03,Local Bakery,bánh cupcake,34000.0,1.0
2024-03-03,Local Bakery,bánh mì sandwich,42000.0,1.0
2024-03-03,Local Bakery,bánh croissant,24000.0,1.0
2024-03-03,Local Bakery,bánh donut,21000.0,1.0
2024-03-04,ABC Bakery,bánh sinh nhật,382000.0,1.0
2024-03-04,ABC Bakery,bánh cupcake,34000.0,1.0
2024-03-04,ABC Bakery,bánh mì sandwich,44000.0,1.0
2024-03-04,ABC Bakery,bánh croissant,25000.0,1.0
2024-03-04,ABC Bakery,bánh donut,16000.0,1.0
2024-03-04,Paris Baguette,bánh sinh nhật,384000.0,1.0
2024-03-04,Paris Baguette,bánh cupcake,39000.0,1.0
2024-03-04,Paris Baguette,bánh mì sandwich,48000.0,1.0
2024-03-04,Paris Baguette,bánh croissant,26000.0,1.0
2024-03-04,Paris Baguette,bánh donut,19000.0,1.0
2024-03-04,Local Bakery,bánh sinh nhật,301000.0,1.0
2024-03-04,Local Bakery,bánh cupcake,35000.0,1.0
2024-03-04,Local Bakery,bánh mì sandwich,39000.0,1.0
2024-03-04,Local Bakery,bánh croissant,24000.0,1.0
2024-03-04,Local Bakery,bánh donut,19000.0,1.0
2024-03-05,ABC Bakery,bánh sinh nhật,327000.0,1.0
2024-03-05,ABC Bakery,bánh cupcake,38000.0,1.0
2024-03-05,ABC Bakery,bánh mì sandwich,46000.0,1.0
2024-03-05,ABC Bakery,bánh croissant,25000.0,1.0
2024-03-05,ABC Bakery,bánh donut,20000.0,1.0
2024-03-05,Paris Baguette,bánh sinh nhật,315000.0,1.0
2024-03-05,Paris Baguette,bánh cupcake,40000.0,1.0
2024-03-05,Paris Baguette,bánh mì sandwich,43000.0,1.0
2024-03-05,Paris Baguette,bánh croissant,26000.0,1.0
2024-03-05,Paris Baguette,bánh donut,21000.0,1.0
2024-03-05,Local Bakery,bánh sinh nhật,319000.0,1.0
2024-03-05,Local Bakery,bánh cupcake,31000.0,1.0
2024-03-05,Local Bakery,bánh mì sandwich,40000.0,1.0
2024-03-05,Local Bakery,bánh croissant,23000.0,1.0
2024-03-05,Local Bakery,bánh donut,20000.0,1.0
2024-03-06,ABC Bakery,bánh sinh nhật,303000.0,1.0
2024-03-06,ABC Bakery,bánh cupcake,40000.0,1.0
2024-03-06,ABC Bakery,bánh mì sandwich,44000.0,1.0
2024-03-06,ABC Bakery,bánh croissant,27000.0,1.0
2024-03-06,ABC Bakery,bánh donut,23000.0,1.0
2024-03-06,Paris Baguette,bánh sinh nhật,398000.0,1.0
2024-03-06,Paris Baguette,bánh cupcake,44000.0,1.0
2024-03-06,Paris Baguette,bánh mì sandwich,37000.0,1.0
2024-03-06,Paris Baguette,bánh croissant,27000.0,1.0
2024-03-06,Paris Baguette,bánh donut,23000.0,1.0
2024-03-06,Local Bakery,bánh sinh nhật,246000.0,1.0
2024-03-06,Local Bakery,bánh cupcake,35000.0,1.0
2024-03-06,Local Bakery,bánh mì sandwich,48000.0,1.0
2024-03-06,Local Bakery,bánh croissant,20000.0,1.0
2024-03-06,Local Bakery,bánh donut,21000.0,1.0
2024-03-07,ABC Bakery,bánh sinh nhật,248000.0,1.0
2024-03-07,ABC Bakery,bánh cupcake,34000.0,1.0
2024-03-07,ABC Bakery,bánh mì sandwich,48000.0,1.0
2024-03-07,ABC Bakery,bánh croissant,23000.0,1.0
2024-03-07,ABC Bakery,bánh donut,21000.0,1.0
2024-03-07,Paris Baguette,bánh sinh nhật,310000.0,1.0
2024-03-07,Paris Baguette,bánh cupcake,32000.0,1.0
2024-03-07,Paris Baguette,bánh mì sandwich,49000.0,1.0
2024-03-07,Paris Baguette,bánh croissant,23000.0,1.0
2024-03-07,Paris Baguette,bánh donut,25000.0,1.0
2024-03-07,Local Bakery,bánh sinh nhật,334000.0,1.0
2024-03-07,Local Bakery,bánh cupcake,39000.0,1.0
2024-03-07,Local Bakery,bánh mì sandwich,41000.0,1.0
2024-03-07,Local Bakery,bánh croissant,24000.0,1.0
2024-03-07,Local Bakery,bánh donut,20000.0,1.0
2024-03-08,ABC Bakery,bánh sinh nhật,417000.0,1.0
2024-03-08,ABC Bakery,bánh cupcake,37000.0,1.0
2024-03-08,ABC Bakery,bánh mì sandwich,45000.0,1.0
2024-03-08,ABC Bakery,bánh croissant,28000.0,1.0
2024-03-08,ABC Bakery,bánh donut,22000.0,1.0
2024-03-08,Paris Baguette,bánh sinh nhật,325000.0,1.0
2024-03-08,Paris Baguette,bánh cupcake,33000.0,1.0
2024-03-08,Paris Baguette,bánh mì sandwich,49000.0,1.0
2024-03-08,Paris Baguette,bánh croissant,23000.0,1.0
2024-03-08,Paris Baguette,bánh donut,20000.0,1.0
2024-03-08,Local Bakery,bánh sinh nhật,320000.0,1.0
2024-03-08,Local Bakery,bánh cupcake,36000.0,1.0
2024-03-08,Local Bakery,bánh mì sandwich,39000.0,1.0
2024-03-08,Local Bakery,bánh croissant,27000.0,1.0
2024-03-08,Local Bakery,bánh donut,20000.0,1.0
2024-03-09,ABC Bakery,bánh sinh nhật,351000.0,1.0
2024-03-09,ABC Bakery,bánh cupcake,40000.0,1.0
2024-03-09,ABC Bakery,bánh mì sandwich,48000.0,1.0
2024-03-09,ABC Bakery,bánh croissant,25000.0,1.0
2024-03-09,ABC Bakery,bánh donut,22000.0,1.0
2024-03-09,Paris Baguette,bánh sinh nhật,322000.0,1.0
2024-03-09,Paris Baguette,bánh cupcake,38000.0,1.0
2024-03-09,Paris Baguette,bánh mì sandwich,41000.0,1.0
2024-03-09,Paris Baguette,bánh croissant,26000.0,1.0
2024-03-09,Paris Baguette,bánh donut,21000.0,1.0
2024-03-09,Local Bakery,bánh sinh nhật,294000.0,1.0
2024-03-09,Local Bakery,bánh cupcake,39000.0,1.0
2024-03-09,Local Bakery,bánh mì sandwich,46000.0,1.0
2024-03-09,Local Bakery,bánh croissant,23000.0,1.0
2024-03-09,Local Bakery,bánh donut,23000.0,1.0
2024-03-10,ABC Bakery,bánh sinh nhật,419000.0,1.0
2024-03-10,ABC Bakery,bánh cupcake,32000.0,1.0
2024-03-10,ABC Bakery,bánh mì sandwich,44000.0,1.0
2024-03-10,ABC Bakery,bánh croissant,30000.0,1.0
2024-03-10,ABC Bakery,bánh donut,15000.0,1.0
2024-03-10,Paris Baguette,bánh sinh nhật,296000.0,1.0
2024-03-10,Paris Baguette,bánh cupcake,33000.0,1.0
2024-03-10,Paris Baguette,bánh mì sandwich,50000.0,1.0
2024-03-10,Paris Baguette,bánh croissant,29000.0,1.0
2024-03-10,Paris Baguette,bánh donut,22000.0,1.0
2024-03-10,Local Bakery,bánh sinh nhật,305000.0,1.0
2024-03-10,Local Bakery,bánh cupcake,41000.0,1.0
2024-03-10,Local Bakery,bánh mì sandwich,43000.0,1.0
2024-03-10,Local Bakery,bánh croissant,26000.0,1.0
2024-03-10,Local Bakery,bánh donut,21000.0,1.0
2024-03-11,ABC Bakery,bánh sinh nhật,361000.0,1.0
2024-03-11,ABC Bakery,bánh cupcake,43000.0,1.0
2024-03-11,ABC Bakery,bánh mì sandwich,48000.0,1.0
2024-03-11,ABC Bakery,bánh croissant,25000.0,1.0
2024-03-11,ABC Bakery,bánh donut,20000.0,1.0
2024-03-11,Paris Baguette,bánh sinh nhật,308000.0,1.0
2024-03-11,Paris Baguette,bánh cupcake,36000.0,1.0
2024-03-11,Paris Baguette,bánh mì sandwich,46000.0,1.0
2024-03-11,Paris Baguette,bánh croissant,25000.0,1.0
2024-03-11,Paris Baguette,bánh donut,18000.0,1.0
2024-03-11,Local Bakery,bánh sinh nhật,340000.0,1.0
2024-03-11,Local Bakery,bánh cupcake,35000.0,1.0
2024-03-11,Local Bakery,bánh mì sandwich,49000.0,1.0
2024-03-11,Local Bakery,bánh croissant,29000.0,1.0
2024-03-11,Local Bakery,bánh donut,20000.0,1.0
2024-03-12,ABC Bakery,bánh sinh nhật,263000.0,1.0
2024-03-12,ABC Bakery,bánh cupcake,32000.0,1.0
2024-03-12,ABC Bakery,bánh mì sandwich,47000.0,1.0
2024-03-12,ABC Bakery,bánh croissant,26000.0,1.0
2024-03-12,ABC Bakery,bánh donut,18000.0,1.0
2024-03-12,Paris Baguette,bánh sinh nhật,361000.0,1.0
2024-03-12,Paris Baguette,bánh cupcake,31000.0,1.0
2024-03-12,Paris Baguette,bánh mì sandwich,53000.0,1.0
2024-03-12,Paris Baguette,bánh croissant,28000.0,1.0
2024-03-12,Paris Baguette,bánh donut,19000.0,1.0
2024-03-12,Local Bakery,bánh sinh nhật,372000.0,1.0
2024-03-12,Local Bakery,bánh cupcake,29000.0,1.0
2024-03-12,Local Bakery,bánh mì sandwich,50000.0,1.0
2024-03-12,Local Bakery,bánh croissant,25000.0,1.0
2024-03-12,Local Bakery,bánh donut,21000.0,1.0
2024-03-13,ABC Bakery,bánh sinh nhật,393000.0,1.0
2024-03-13,ABC Bakery,bánh cupcake,32000.0,1.0
2024-03-13,ABC Bakery,bánh mì sandwich,46000.0,1.0
2024-03-13,ABC Bakery,bánh croissant,29000.0,1.0
2024-03-13,ABC Bakery,bánh donut,22000.0,1.0
2024-03-13,Paris Baguette,bánh sinh nhật,267000.0,1.0
2024-03-13,Paris Baguette,bánh cupcake,31000.0,1.0
2024-03-13,Paris Baguette,bánh mì sandwich,46000.0,1.0
2024-03-13,Paris Baguette,bánh croissant,31000.0,1.0
2024-03-13,Paris Baguette,bánh donut,17000.0,1.0
2024-03-13,Local Bakery,bánh sinh nhật,342000.0,1.0
2024-03-13,Local Bakery,bánh cupcake,33000.0,1.0
2024-03-13,Local Bakery,bánh mì sandwich,44000.0,1.0
2024-03-13,Local Bakery,bánh croissant,26000.0,1.0
2024-03-13,Local Bakery,bánh donut,23000.0,1.0
2024-03-14,ABC Bakery,bánh sinh nhật,386000.0,1.0
2024-03-14,ABC Bakery,bánh cupcake,40000.0,1.0
2024-03-14,ABC Bakery,bánh mì sandwich,53000.0,1.0
2024-03-14,ABC Bakery,bánh croissant,25000.0,1.0
2024-03-14,ABC Bakery,bánh donut,19000.0,1.0
2024-03-14,Paris Baguette,bánh sinh nhật,429000.0,1.0
2024-03-14,Paris Baguette,bánh cupcake,40000.0,1.0
2024-03-14,Paris Baguette,bánh mì sandwich,40000.0,1.0
2024-03-14,Paris Baguette,bánh croissant,25000.0,1.0
2024-03-14,Paris Baguette,bánh donut,18000.0,1.0
2024-03-14,Local Bakery,bánh sinh nhật,314000.0,1.0
2024-03-14,Local Bakery,bánh cupcake,41000.0,1.0
2024-03-14,Local Bakery,bánh mì sandwich,45000.0,1.0
2024-03-14,Local Bakery,bánh croissant,26000.0,1.0
2024-03-14,Local Bakery,bánh donut,19000.0,1.0
2024-03-15,ABC Bakery,bánh sinh nhật,359000.0,1.0
2024-03-15,ABC Bakery,bánh cupcake,38000.0,1.0
2024-03-15,ABC Bakery,bánh mì sandwich,49000.0,1.0
2024-03-15,ABC Bakery,bánh croissant,26000.0,1.0
2024-03-15,ABC Bakery,bánh donut,24000.0,1.0
2024-03-15,Paris Baguette,bánh sinh nhật,272000.0,1.0
2024-03-15,Paris Baguette,bánh cupcake,30000.0,1.0
2024-03-15,Paris Baguette,bánh mì sandwich,47000.0,1.0
2024-03-15,Paris Baguette,bánh croissant,29000.0,1.0
2024-03-15,Paris Baguette,bánh donut,18000.0,1.0
2024-03-15,Local Bakery,bánh sinh nhật,355000.0,1.0
2024-03-15,Local Bakery,bánh cupcake,34000.0,1.0
2024-03-15,Local Bakery,bánh mì sandwich,43000.0,1.0
2024-03-15,Local Bakery,bánh croissant,27000.0,1.0
2024-03-15,Local Bakery,bánh donut,20000.0,1.0
2024-03-16,ABC Bakery,bánh sinh nhật,256000.0,1.0
2024-03-16,ABC Bakery,bánh cupcake,30000.0,1.0
2024-03-16,ABC Bakery,bánh mì sandwich,47000.0,1.0
2024-03-16,ABC Bakery,bánh croissant,22000.0,1.0
2024-03-16,ABC Bakery,bánh donut,20000.0,1.0
2024-03-16,Paris Baguette,bánh sinh nhật,348000.0,1.0
2024-03-16,Paris Baguette,bánh cupcake,41000.0,1.0
2024-03-16,Paris Baguette,bánh mì sandwich,48000.0,1.0
2024-03-16,Paris Baguette,bánh croissant,21000.0,1.0
2024-03-16,Paris Baguette,bánh donut,19000.0,1.0
2024-03-16,Local Bakery,bánh sinh nhật,367000.0,1.0
2024-03-16,Local Bakery,bánh cupcake,26000.0,1.0
2024-03-16,Local Bakery,bánh mì sandwich,39000.0,1.0
2024-03-16,Local Bakery,bánh croissant,27000.0,1.0
2024-03-16,Local Bakery,bánh donut,20000.0,1.0
2024-03-17,ABC Bakery,bánh sinh nhật,307000.0,1.0
2024-03-17,ABC Bakery,bánh cupcake,37000.0,1.0
2024-03-17,ABC Bakery,bánh mì sandwich,48000.0,1.0
2024-03-17,ABC Bakery,bánh croissant,26000.0,1.0
2024-03-17,ABC Bakery,bánh donut,19000.0,1.0
2024-03-17,Paris Baguette,bánh sinh nhật,292000.0,1.0
2024-03-17,Paris Baguette,bánh cupcake,39000.0,1.0
2024-03-17,Paris Baguette,bánh mì sandwich,42000.0,1.0
2024-03-17,Paris Baguette,bánh croissant,25000.0,1.0
2024-03-17,Paris Baguette,bánh donut,21000.0,1.0
2024-03-17,Local Bakery,bánh sinh nhật,351000.0,1.0
2024-03-17,Local Bakery,bánh cupcake,32000.0,1.0
2024-03-17,Local Bakery,bánh mì sandwich,41000.0,1.0
2024-03-17,Local Bakery,bánh croissant,21000.0,1.0
2024-03-17,Local Bakery,bánh donut,22000.0,1.0
2024-03-18,ABC Bakery,bánh sinh nhật,384000.0,1.0
2024-03-18,ABC Bakery,bánh cupcake,34000.0,1.0
2024-03-18,ABC Bakery,bánh mì sandwich,44000.0,1.0
2024-03-18,ABC Bakery,bánh croissant,25000.0,1.0
2024-03-18,ABC Bakery,bánh donut,20000.0,1.0
2024-03-18,Paris Baguette,bánh sinh nhật,343000.0,1.0
2024-03-18,Paris Baguette,bánh cupcake,40000.0,1.0
2024-03-18,Paris Baguette,bánh mì sandwich,47000.0,1.0
2024-03-18,Paris Baguette,bánh croissant,27000.0,1.0
2024-03-18,Paris Baguette,bánh donut,20000.0,1.0
2024-03-18,Local Bakery,bánh sinh nhật,319000.0,1.0
2024-03-18,Local Bakery,bánh cupcake,41000.0,1.0
2024-03-18,Local Bakery,bánh mì sandwich,48000.0,1.0
2024-03-18,Local Bakery,bánh croissant,26000.0,1.0
2024-03-18,Local Bakery,bánh donut,19000.0,1.0
2024-03-19,ABC Bakery,bánh sinh nhật,285000.0,1.0
2024-03-19,ABC Bakery,bánh cupcake,41000.0,1.0
2024-03-19,ABC Bakery,bánh mì sandwich,47000.0,1.0
2024-03-19,ABC Bakery,bánh croissant,29000.0,1.0
2024-03-19,ABC Bakery,bánh donut,21000.0,1.0
2024-03-19,Paris Baguette,bánh sinh nhật,328000.0,1.0
2024-03-19,Paris Baguette,bánh cupcake,38000.0,1.0
2024-03-19,Paris Baguette,bánh mì sandwich,49000.0,1.0
2024-03-19,Paris Baguette,bánh croissant,30000.0,1.0
2024-03-19,Paris Baguette,bánh donut,21000.0,1.0
2024-03-19,Local Bakery,bánh sinh nhật,439000.0,1.0
2024-03-19,Local Bakery,bánh cupcake,30000.0,1.0
2024-03-19,Local Bakery,bánh mì sandwich,47000.0,1.0
2024-03-19,Local Bakery,bánh croissant,25000.0,1.0
2024-03-19,Local Bakery,bánh donut,19000.0,1.0
2024-03-20,ABC Bakery,bánh sinh nhật,397000.0,1.0
2024-03-20,ABC Bakery,bánh cupcake,34000.0,1.0
2024-03-20,ABC Bakery,bánh mì sandwich,46000.0,1.0
2024-03-20,ABC Bakery,bánh croissant,27000.0,1.0
2024-03-20,ABC Bakery,bánh donut,20000.0,1.0
2024-03-20,Paris Baguette,bánh sinh nhật,366000.0,1.0
2024-03-20,Paris Baguette,bánh cupcake,36000.0,1.0
2024-03-20,Paris Baguette,bánh mì sandwich,48000.0,1.0
2024-03-20,Paris Baguette,bánh croissant,25000.0,1.0
2024-03-20,Paris Baguette,bánh donut,20000.0,1.0
2024-03-20,Local Bakery,bánh sinh nhật,301000.0,1.0
2024-03-20,Local Bakery,bánh cupcake,46000.0,1.0
2024-03-20,Local Bakery,bánh mì sandwich,49000.0,1.0
2024-03-20,Local Bakery,bánh croissant,23000.0,1.0
2024-03-20,Local Bakery,bánh donut,21000.0,1.0
2024-03-21,ABC Bakery,bánh sinh nhật,429000.0,1.0
2024-03-21,ABC Bakery,bánh cupcake,33000.0,1.0
2024-03-21,ABC Bakery,bánh mì sandwich,43000.0,1.0
2024-03-21,ABC Bakery,bánh croissant,25000.0,1.0
2024-03-21,ABC Bakery,bánh donut,22000.0,1.0
2024-03-21,Paris Baguette,bánh sinh nhật,262000.0,1.0
2024-03-21,Paris Baguette,bánh cupcake,37000.0,1.0
2024-03-21,Paris Baguette,bánh mì sandwich,40000.0,1.0
2024-03-21,Paris Baguette,bánh croissant,23000.0,1.0
2024-03-21,Paris Baguette,bánh donut,20000.0,1.0
2024-03-21,Local Bakery,bánh sinh nhật,292000.0,1.0
2024-03-21,Local Bakery,bánh cupcake,30000.0,1.0
2024-03-21,Local Bakery,bánh mì sandwich,52000.0,1.0
2024-03-21,Local Bakery,bánh croissant,23000.0,1.0
2024-03-21,Local Bakery,bánh donut,19000.0,1.0
2024-03-22,ABC Bakery,bánh sinh nhật,358000.0,1.0
2024-03-22,ABC Bakery,bánh cupcake,38000.0,1.0
2024-03-22,ABC Bakery,bánh mì sandwich,44000.0,1.0
2024-03-22,ABC Bakery,bánh croissant,27000.0,1.0
2024-03-22,ABC Bakery,bánh donut,19000.0,1.0
2024-03-22,Paris Baguette,bánh sinh nhật,337000.0,1.0
2024-03-22,Paris Baguette,bánh cupcake,33000.0,1.0
2024-03-22,Paris Baguette,bánh mì sandwich,47000.0,1.0
2024-03-22,Paris Baguette,bánh croissant,22000.0,1.0
2024-03-22,Paris Baguette,bánh donut,21000.0,1.0
2024-03-22,Local Bakery,bánh sinh nhật,420000.0,1.0
2024-03-22,Local Bakery,bánh cupcake,35000.0,1.0
2024-03-22,Local Bakery,bánh mì sandwich,42000.0,1.0
2024-03-22,Local Bakery,bánh croissant,26000.0,1.0
2024-03-22,Local Bakery,bánh donut,19000.0,1.0
2024-03-23,ABC Bakery,bánh sinh nhật,294000.0,1.0
2024-03-23,ABC Bakery,bánh cupcake,35000.0,1.0
2024-03-23,ABC Bakery,bánh mì sandwich,43000.0,1.0
2024-03-23,ABC Bakery,bánh croissant,24000.0,1.0
2024-03-23,ABC Bakery,bánh donut,21000.0,1.0
2024-03-23,Paris Baguette,bánh sinh nhật,264000.0,1.0
2024-03-23,Paris Baguette,bánh cupcake,35000.0,1.0
2024-03-23,Paris Baguette,bánh mì sandwich,44000.0,1.0
2024-03-23,Paris Baguette,bánh croissant,24000.0,1.0
2024-03-23,Paris Baguette,bánh donut,21000.0,1.0
2024-03-23,Local Bakery,bánh sinh nhật,294000.0,1.0
2024-03-23,Local Bakery,bánh cupcake,40000.0,1.0
2024-03-23,Local Bakery,bánh mì sandwich,47000.0,1.0
2024-03-23,Local Bakery,bánh croissant,28000.0,1.0
2024-03-23,Local Bakery,bánh donut,18000.0,1.0
2024-03-24,ABC Bakery,bánh sinh nhật,363000.0,1.0
2024-03-24,ABC Bakery,bánh cupcake,38000.0,1.0
2024-03-24,ABC Bakery,bánh mì sandwich,44000.0,1.0
2024-03-24,ABC Bakery,bánh croissant,24000.0,1.0
2024-03-24,ABC Bakery,bánh donut,22000.0,1.0
2024-03-24,Paris Baguette,bánh sinh nhật,337000.0,1.0
2024-03-24,Paris Baguette,bánh cupcake,35000.0,1.0
2024-03-24,Paris Baguette,bánh mì sandwich,45000.0,1.0
2024-03-24,Paris Baguette,bánh croissant,27000.0,1.0
2024-03-24,Paris Baguette,bánh donut,23000.0,1.0
2024-03-24,Local Bakery,bánh sinh nhật,395000.0,1.0
2024-03-24,Local Bakery,bánh cupcake,38000.0,1.0
2024-03-24,Local Bakery,bánh mì sandwich,40000.0,1.0
2024-03-24,Local Bakery,bánh croissant,24000.0,1.0
2024-03-24,Local Bakery,bánh donut,21000.0,1.0
2024-03-25,ABC Bakery,bánh sinh nhật,334000.0,1.0
2024-03-25,ABC Bakery,bánh cupcake,26000.0,1.0
2024-03-25,ABC Bakery,bánh mì sandwich,45000.0,1.0
2024-03-25,ABC Bakery,bánh croissant,26000.0,1.0
2024-03-25,ABC Bakery,bánh donut,19000.0,1.0
2024-03-25,Paris Baguette,bánh sinh nhật,355000.0,1.0
2024-03-25,Paris Baguette,bánh cupcake,33000.0,1.0
2024-03-25,Paris Baguette,bánh mì sandwich,51000.0,1.0
2024-03-25,Paris Baguette,bánh croissant,25000.0,1.0
2024-03-25,Paris Baguette,bánh donut,21000.0,1.0
2024-03-25,Local Bakery,bánh sinh nhật,372000.0,1.0
2024-03-25,Local Bakery,bánh cupcake,35000.0,1.0
2024-03-25,Local Bakery,bánh mì sandwich,39000.0,1.0
2024-03-25,Local Bakery,bánh croissant,24000.0,1.0
2024-03-25,Local Bakery,bánh donut,22000.0,1.0
2024-03-26,ABC Bakery,bánh sinh nhật,304000.0,1.0
2024-03-26,ABC Bakery,bánh cupcake,41000.0,1.0
2024-03-26,ABC Bakery,bánh mì sandwich,46000.0,1.0
2024-03-26,ABC Bakery,bánh croissant,22000.0,1.0
2024-03-26,ABC Bakery,bánh donut,19000.0,1.0
2024-03-26,Paris Baguette,bánh sinh nhật,211000.0,1.0
2024-03-26,Paris Baguette,bánh cupcake,35000.0,1.0
2024-03-26,Paris Baguette,bánh mì sandwich,41000.0,1.0
2024-03-26,Paris Baguette,bánh croissant,24000.0,1.0
2024-03-26,Paris Baguette,bánh donut,20000.0,1.0
2024-03-26,Local Bakery,bánh sinh nhật,365000.0,1.0
2024-03-26,Local Bakery,bánh cupcake,34000.0,1.0
2024-03-26,Local Bakery,bánh mì sandwich,49000.0,1.0
2024-03-26,Local Bakery,bánh croissant,23000.0,1.0
2024-03-26,Local Bakery,bánh donut,17000.0,1.0
2024-03-27,ABC Bakery,bánh sinh nhật,317000.0,1.0
2024-03-27,ABC Bakery,bánh cupcake,42000.0,1.0
2024-03-27,ABC Bakery,bánh mì sandwich,47000.0,1.0
2024-03-27,ABC Bakery,bánh croissant,22000.0,1.0
2024-03-27,ABC Bakery,bánh donut,18000.0,1.0
2024-03-27,Paris Baguette,bánh sinh nhật,335000.0,1.0
2024-03-27,Paris Baguette,bánh cupcake,39000.0,1.0
2024-03-27,Paris Baguette,bánh mì sandwich,40000.0,1.0
2024-03-27,Paris Baguette,bánh croissant,28000.0,1.0
2024-03-27,Paris Baguette,bánh donut,22000.0,1.0
2024-03-27,Local Bakery,bánh sinh nhật,324000.0,1.0
2024-03-27,Local Bakery,bánh cupcake,39000.0,1.0
2024-03-27,Local Bakery,bánh mì sandwich,53000.0,1.0
2024-03-27,Local Bakery,bánh croissant,26000.0,1.0
2024-03-27,Local Bakery,bánh donut,21000.0,1.0
2024-03-28,ABC Bakery,bánh sinh nhật,392000.0,1.0
2024-03-28,ABC Bakery,bánh cupcake,30000.0,1.0
2024-03-28,ABC Bakery,bánh mì sandwich,43000.0,1.0
2024-03-28,ABC Bakery,bánh croissant,24000.0,1.0
2024-03-28,ABC Bakery,bánh donut,18000.0,1.0
2024-03-28,Paris Baguette,bánh sinh nhật,327000.0,1.0
2024-03-28,Paris Baguette,bánh cupcake,36000.0,1.0
2024-03-28,Paris Baguette,bánh mì sandwich,44000.0,1.0
2024-03-28,Paris Baguette,bánh croissant,27000.0,1.0
2024-03-28,Paris Baguette,bánh donut,18000.0,1.0
2024-03-28,Local Bakery,bánh sinh nhật,389000.0,1.0
2024-03-28,Local Bakery,bánh cupcake,30000.0,1.0
2024-03-28,Local Bakery,bánh mì sandwich,46000.0,1.0
2024-03-28,Local Bakery,bánh croissant,27000.0,1.0
2024-03-28,Local Bakery,bánh donut,22000.0,1.0
2024-03-29,ABC Bakery,bánh sinh nhật,367000.0,1.0
2024-03-29,ABC Bakery,bánh cupcake,33000.0,1.0
2024-03-29,ABC Bakery,bánh mì sandwich,47000.0,1.0
2024-03-29,ABC Bakery,bánh croissant,24000.0,1.0
2024-03-29,ABC Bakery,bánh donut,21000.0,1.0
2024-03-29,Paris Baguette,bánh sinh nhật,293000.0,1.0
2024-03-29,Paris Baguette,bánh cupcake,37000.0,1.0
2024-03-29,Paris Baguette,bánh mì sandwich,45000.0,1.0
2024-03-29,Paris Baguette,bánh croissant,19000.0,1.0
2024-03-29,Paris Baguette,bánh donut,18000.0,1.0
2024-03-29,Local Bakery,bánh sinh nhật,396000.0,1.0
2024-03-29,Local Bakery,bánh cupcake,37000.0,1.0
2024-03-29,Local Bakery,bánh mì sandwich,45000.0,1.0
2024-03-29,Local Bakery,bánh croissant,25000.0,1.0
2024-03-29,Local Bakery,bánh donut,24000.0,1.0
2024-03-30,ABC Bakery,bánh sinh nhật,432000.0,1.0
2024-03-30,ABC Bakery,bánh cupcake,32000.0,1.0
2024-03-30,ABC Bakery,bánh mì sandwich,47000.0,1.0
2024-03-30,ABC Bakery,bánh croissant,22000.0,1.0
2024-03-30,ABC Bakery,bánh donut,20000.0,1.0
2024-03-30,Paris Baguette,bánh sinh nhật,421000.0,1.0
2024-03-30,Paris Baguette,bánh cupcake,36000.0,1.0
2024-03-30,Paris Baguette,bánh mì sandwich,42000.0,1.0
2024-03-30,Paris Baguette,bánh croissant,24000.0,1.0
2024-03-30,Paris Baguette,bánh donut,20000.0,1.0
2024-03-30,Local Bakery,bánh sinh nhật,318000.0,1.0
2024-03-30,Local Bakery,bánh cupcake,32000.0,1.0
2024-03-30,Local Bakery,bánh mì sandwich,43000.0,1.0
2024-03-30,Local Bakery,bánh croissant,24000.0,1.0
2024-03-30,Local Bakery,bánh donut,19000.0,1.0
2024-03-31,ABC Bakery,bánh sinh nhật,316000.0,1.0
2024-03-31,ABC Bakery,bánh cupcake,36000.0,1.0
2024-03-31,ABC Bakery,bánh mì sandwich,44000.0,1.0
2024-03-31,ABC Bakery,bánh croissant,26000.0,1.0
2024-03-31,ABC Bakery,bánh donut,20000.0,1.0
2024-03-31,Paris Baguette,bánh sinh nhật,358000.0,1.0
2024-03-31,Paris Baguette,bánh cupcake,33000.0,1.0
2024-03-31,Paris Baguette,bánh mì sandwich,47000.0,1.0
2024-03-31,Paris Baguette,bánh croissant,25000.0,1.0
2024-03-31,Paris Baguette,bánh donut,20000.0,1.0
2024-03-31,Local Bakery,bánh sinh nhật,389000.0,1.0
2024-03-31,Local Bakery,bánh cupcake,41000.0,1.0
2024-03-31,Local Bakery,bánh mì sandwich,49000.0,1.0
2024-03-31,Local Bakery,bánh croissant,23000.0,1.0
2024-03-31,Local Bakery,bánh donut,20000.0,1.0
2024-04-01,ABC Bakery,bánh sinh nhật,477000.0,1.0
2024-04-01,ABC Bakery,bánh cupcake,31000.0,1.0
2024-04-01,ABC Bakery,bánh mì sandwich,40000.0,1.0
2024-04-01,ABC Bakery,bánh croissant,22000.0,1.0
2024-04-01,ABC Bakery,bánh donut,19000.0,1.0
2024-04-01,Paris Baguette,bánh sinh nhật,281000.0,1.0
2024-04-01,Paris Baguette,bánh cupcake,38000.0,1.0
2024-04-01,Paris Baguette,bánh mì sandwich,49000.0,1.0
2024-04-01,Paris Baguette,bánh croissant,21000.0,1.0
2024-04-01,Paris Baguette,bánh donut,20000.0,1.0
2024-04-01,Local Bakery,bánh sinh nhật,328000.0,1.0
2024-04-01,Local Bakery,bánh cupcake,32000.0,1.0
2024-04-01,Local Bakery,bánh mì sandwich,44000.0,1.0
2024-04-01,Local Bakery,bánh croissant,25000.0,1.0
2024-04-01,Local Bakery,bánh donut,19000.0,1.0
2024-04-02,ABC Bakery,bánh sinh nhật,408000.0,1.0
2024-04-02,ABC Bakery,bánh cupcake,37000.0,1.0
2024-04-02,ABC Bakery,bánh mì sandwich,44000.0,1.0
2024-04-02,ABC Bakery,bánh croissant,22000.0,1.0
2024-04-02,ABC Bakery,bánh donut,19000.0,1.0
2024-04-02,Paris Baguette,bánh sinh nhật,278000.0,1.0
2024-04-02,Paris Baguette,bánh cupcake,24000.0,1.0
2024-04-02,Paris Baguette,bánh mì sandwich,45000.0,1.0
2024-04-02,Paris Baguette,bánh croissant,27000.0,1.0
2024-04-02,Paris Baguette,bánh donut,17000.0,1.0
2024-04-02,Local Bakery,bánh sinh nhật,427000.0,1.0
2024-04-02,Local Bakery,bánh cupcake,36000.0,1.0
2024-04-02,Local Bakery,bánh mì sandwich,44000.0,1.0
2024-04-02,Local Bakery,bánh croissant,24000.0,1.0
2024-04-02,Local Bakery,bánh donut,23000.0,1.0
2024-04-03,ABC Bakery,bánh sinh nhật,264000.0,1.0
2024-04-03,ABC Bakery,bánh cupcake,34000.0,1.0
2024-04-03,ABC Bakery,bánh mì sandwich,48000.0,1.0
2024-04-03,ABC Bakery,bánh croissant,26000.0,1.0
2024-04-03,ABC Bakery,bánh donut,22000.0,1.0
2024-04-03,Paris Baguette,bánh sinh nhật,406000.0,1.0
2024-04-03,Paris Baguette,bánh cupcake,34000.0,1.0
2024-04-03,Paris Baguette,bánh mì sandwich,46000.0,1.0
2024-04-03,Paris Baguette,bánh croissant,23000.0,1.0
2024-04-03,Paris Baguette,bánh donut,21000.0,1.0
2024-04-03,Local Bakery,bánh sinh nhật,290000.0,1.0
2024-04-03,Local Bakery,bánh cupcake,35000.0,1.0
2024-04-03,Local Bakery,bánh mì sandwich,40000.0,1.0
2024-04-03,Local Bakery,bánh croissant,24000.0,1.0
2024-04-03,Local Bakery,bánh donut,21000.0,1.0
2024-04-04,ABC Bakery,bánh sinh nhật,362000.0,1.0
2024-04-04,ABC Bakery,bánh cupcake,45000.0,1.0
2024-04-04,ABC Bakery,bánh mì sandwich,45000.0,1.0
2024-04-04,ABC Bakery,bánh croissant,22000.0,1.0
2024-04-04,ABC Bakery,bánh donut,19000.0,1.0
2024-04-04,Paris Baguette,bánh sinh nhật,312000.0,1.0
2024-04-04,Paris Baguette,bánh cupcake,37000.0,1.0
2024-04-04,Paris Baguette,bánh mì sandwich,49000.0,1.0
2024-04-04,Paris Baguette,bánh croissant,27000.0,1.0
2024-04-04,Paris Baguette,bánh donut,21000.0,1.0
2024-04-04,Local Bakery,bánh sinh nhật,407000.0,1.0
2024-04-04,Local Bakery,bánh cupcake,43000.0,1.0
2024-04-04,Local Bakery,bánh mì sandwich,42000.0,1.0
2024-04-04,Local Bakery,bánh croissant,25000.0,1.0
2024-04-04,Local Bakery,bánh donut,21000.0,1.0
2024-04-05,ABC Bakery,bánh sinh nhật,358000.0,1.0
2024-04-05,ABC Bakery,bánh cupcake,33000.0,1.0
2024-04-05,ABC Bakery,bánh mì sandwich,43000.0,1.0
2024-04-05,ABC Bakery,bánh croissant,22000.0,1.0
2024-04-05,ABC Bakery,bánh donut,19000.0,1.0
2024-04-05,Paris Baguette,bánh sinh nhật,448000.0,1.0
2024-04-05,Paris Baguette,bánh cupcake,37000.0,1.0
2024-04-05,Paris Baguette,bánh mì sandwich,48000.0,1.0
2024-04-05,Paris Baguette,bánh croissant,29000.0,1.0
2024-04-05,Paris Baguette,bánh donut,20000.0,1.0
2024-04-05,Local Bakery,bánh sinh nhật,343000.0,1.0
2024-04-05,Local Bakery,bánh cupcake,21000.0,1.0
2024-04-05,Local Bakery,bánh mì sandwich,47000.0,1.0
2024-04-05,Local Bakery,bánh croissant,24000.0,1.0
2024-04-05,Local Bakery,bánh donut,17000.0,1.0
2024-04-06,ABC Bakery,bánh sinh nhật,363000.0,1.0
2024-04-06,ABC Bakery,bánh cupcake,31000.0,1.0
2024-04-06,ABC Bakery,bánh mì sandwich,42000.0,1.0
2024-04-06,ABC Bakery,bánh croissant,22000.0,1.0
2024-04-06,ABC Bakery,bánh donut,22000.0,1.0
2024-04-06,Paris Baguette,bánh sinh nhật,313000.0,1.0
2024-04-06,Paris Baguette,bánh cupcake,38000.0,1.0
2024-04-06,Paris Baguette,bánh mì sandwich,45000.0,1.0
2024-04-06,Paris Baguette,bánh croissant,29000.0,1.0
2024-04-06,Paris Baguette,bánh donut,19000.0,1.0
2024-04-06,Local Bakery,bánh sinh nhật,296000.0,1.0
2024-04-06,Local Bakery,bánh cupcake,30000.0,1.0
2024-04-06,Local Bakery,bánh mì sandwich,41000.0,1.0
2024-04-06,Local Bakery,bánh croissant,27000.0,1.0
2024-04-06,Local Bakery,bánh donut,18000.0,1.0
2024-04-07,ABC Bakery,bánh sinh nhật,339000.0,1.0
2024-04-07,ABC Bakery,bánh cupcake,34000.0,1.0
2024-04-07,ABC Bakery,bánh mì sandwich,46000.0,1.0
2024-04-07,ABC Bakery,bánh croissant,29000.0,1.0
2024-04-07,ABC Bakery,bánh donut,18000.0,1.0
2024-04-07,Paris Baguette,bánh sinh nhật,419000.0,1.0
2024-04-07,Paris Baguette,bánh cupcake,38000.0,1.0
2024-04-07,Paris Baguette,bánh mì sandwich,50000.0,1.0
2024-04-07,Paris Baguette,bánh croissant,23000.0,1.0
2024-04-07,Paris Baguette,bánh donut,21000.0,1.0
2024-04-07,Local Bakery,bánh sinh nhật,390000.0,1.0
2024-04-07,Local Bakery,bánh cupcake,28000.0,1.0
2024-04-07,Local Bakery,bánh mì sandwich,42000.0,1.0
2024-04-07,Local Bakery,bánh croissant,25000.0,1.0
2024-04-07,Local Bakery,bánh donut,16000.0,1.0
2024-04-08,ABC Bakery,bánh sinh nhật,466000.0,1.0
2024-04-08,ABC Bakery,bánh cupcake,30000.0,1.0
2024-04-08,ABC Bakery,bánh mì sandwich,48000.0,1.0
2024-04-08,ABC Bakery,bánh croissant,25000.0,1.0
2024-04-08,ABC Bakery,bánh donut,24000.0,1.0
2024-04-08,Paris Baguette,bánh sinh nhật,376000.0,1.0
2024-04-08,Paris Baguette,bánh cupcake,46000.0,1.0
2024-04-08,Paris Baguette,bánh mì sandwich,43000.0,1.0
2024-04-08,Paris Baguette,bánh croissant,27000.0,1.0
2024-04-08,Paris Baguette,bánh donut,17000.0,1.0
2024-04-08,Local Bakery,bánh sinh nhật,326000.0,1.0
2024-04-08,Local Bakery,bánh cupcake,33000.0,1.0
2024-04-08,Local Bakery,bánh mì sandwich,50000.0,1.0
2024-04-08,Local Bakery,bánh croissant,21000.0,1.0
2024-04-08,Local Bakery,bánh donut,20000.0,1.0
2024-04-09,ABC Bakery,bánh sinh nhật,405000.0,1.0
2024-04-09,ABC Bakery,bánh cupcake,35000.0,1.0
2024-04-09,ABC Bakery,bánh mì sandwich,44000.0,1.0
2024-04-09,ABC Bakery,bánh croissant,27000.0,1.0
2024-04-09,ABC Bakery,bánh donut,21000.0,1.0
2024-04-09,Paris Baguette,bánh sinh nhật,338000.0,1.0
2024-04-09,Paris Baguette,bánh cupcake,46000.0,1.0
2024-04-09,Paris Baguette,bánh mì sandwich,51000.0,1.0
2024-04-09,Paris Baguette,bánh croissant,28000.0,1.0
2024-04-09,Paris Baguette,bánh donut,18000.0,1.0
2024-04-09,Local Bakery,bánh sinh nhật,375000.0,1.0
2024-04-09,Local Bakery,bánh cupcake,37000.0,1.0
2024-04-09,Local Bakery,bánh mì sandwich,45000.0,1.0
2024-04-09,Local Bakery,bánh croissant,29000.0,1.0
2024-04-09,Local Bakery,bánh donut,20000.0,1.0
2024-04-10,ABC Bakery,bánh sinh nhật,407000.0,1.0
2024-04-10,ABC Bakery,bánh cupcake,34000.0,1.0
2024-04-10,ABC Bakery,bánh mì sandwich,47000.0,1.0
2024-04-10,ABC Bakery,bánh croissant,27000.0,1.0
2024-04-10,ABC Bakery,bánh donut,18000.0,1.0
2024-04-10,Paris Baguette,bánh sinh nhật,230000.0,1.0
2024-04-10,Paris Baguette,bánh cupcake,37000.0,1.0
2024-04-10,Paris Baguette,bánh mì sandwich,46000.0,1.0
2024-04-10,Paris Baguette,bánh croissant,24000.0,1.0
2024-04-10,Paris Baguette,bánh donut,20000.0,1.0
2024-04-10,Local Bakery,bánh sinh nhật,364000.0,1.0
2024-04-10,Local Bakery,bánh cupcake,41000.0,1.0
2024-04-10,Local Bakery,bánh mì sandwich,47000.0,1.0
2024-04-10,Local Bakery,bánh croissant,24000.0,1.0
2024-04-10,Local Bakery,bánh donut,22000.0,1.0
2024-04-11,ABC Bakery,bánh sinh nhật,363000.0,1.0
2024-04-11,ABC Bakery,bánh cupcake,35000.0,1.0
2024-04-11,ABC Bakery,bánh mì sandwich,43000.0,1.0
2024-04-11,ABC Bakery,bánh croissant,23000.0,1.0
2024-04-11,ABC Bakery,bánh donut,17000.0,1.0
2024-04-11,Paris Baguette,bánh sinh nhật,316000.0,1.0
2024-04-11,Paris Baguette,bánh cupcake,39000.0,1.0
2024-04-11,Paris Baguette,bánh mì sandwich,42000.0,1.0
2024-04-11,Paris Baguette,bánh croissant,27000.0,1.0
2024-04-11,Paris Baguette,bánh donut,21000.0,1.0
2024-04-11,Local Bakery,bánh sinh nhật,422000.0,1.0
2024-04-11,Local Bakery,bánh cupcake,36000.0,1.0
2024-04-11,Local Bakery,bánh mì sandwich,45000.0,1.0
2024-04-11,Local Bakery,bánh croissant,24000.0,1.0
2024-04-11,Local Bakery,bánh donut,21000.0,1.0
2024-04-12,ABC Bakery,bánh sinh nhật,273000.0,1.0
2024-04-12,ABC Bakery,bánh cupcake,37000.0,1.0
2024-04-12,ABC Bakery,bánh mì sandwich,46000.0,1.0
2024-04-12,ABC Bakery,bánh croissant,27000.0,1.0
2024-04-12,ABC Bakery,bánh donut,19000.0,1.0
2024-04-12,Paris Baguette,bánh sinh nhật,370000.0,1.0
2024-04-12,Paris Baguette,bánh cupcake,37000.0,1.0
2024-04-12,Paris Baguette,bánh mì sandwich,50000.0,1.0
2024-04-12,Paris Baguette,bánh croissant,27000.0,1.0
2024-04-12,Paris Baguette,bánh donut,19000.0,1.0
2024-04-12,Local Bakery,bánh sinh nhật,406000.0,1.0
2024-04-12,Local Bakery,bánh cupcake,29000.0,1.0
2024-04-12,Local Bakery,bánh mì sandwich,44000.0,1.0
2024-04-12,Local Bakery,bánh croissant,28000.0,1.0
2024-04-12,Local Bakery,bánh donut,20000.0,1.0
2024-04-13,ABC Bakery,bánh sinh nhật,311000.0,1.0
2024-04-13,ABC Bakery,bánh cupcake,35000.0,1.0
2024-04-13,ABC Bakery,bánh mì sandwich,43000.0,1.0
2024-04-13,ABC Bakery,bánh croissant,29000.0,1.0
2024-04-13,ABC Bakery,bánh donut,20000.0,1.0
2024-04-13,Paris Baguette,bánh sinh nhật,315000.0,1.0
2024-04-13,Paris Baguette,bánh cupcake,31000.0,1.0
2024-04-13,Paris Baguette,bánh mì sandwich,45000.0,1.0
2024-04-13,Paris Baguette,bánh croissant,24000.0,1.0
2024-04-13,Paris Baguette,bánh donut,19000.0,1.0
2024-04-13,Local Bakery,bánh sinh nhật,444000.0,1.0
2024-04-13,Local Bakery,bánh cupcake,34000.0,1.0
2024-04-13,Local Bakery,bánh mì sandwich,41000.0,1.0
2024-04-13,Local Bakery,bánh croissant,27000.0,1.0
2024-04-13,Local Bakery,bánh donut,22000.0,1.0
2024-04-14,ABC Bakery,bánh sinh nhật,393000.0,1.0
2024-04-14,ABC Bakery,bánh cupcake,34000.0,1.0
2024-04-14,ABC Bakery,bánh mì sandwich,39000.0,1.0
2024-04-14,ABC Bakery,bánh croissant,22000.0,1.0
2024-04-14,ABC Bakery,bánh donut,18000.0,1.0
2024-04-14,Paris Baguette,bánh sinh nhật,408000.0,1.0
2024-04-14,Paris Baguette,bánh cupcake,33000.0,1.0
2024-04-14,Paris Baguette,bánh mì sandwich,44000.0,1.0
2024-04-14,Paris Baguette,bánh croissant,28000.0,1.0
2024-04-14,Paris Baguette,bánh donut,22000.0,1.0
2024-04-14,Local Bakery,bánh sinh nhật,292000.0,1.0
2024-04-14,Local Bakery,bánh cupcake,38000.0,1.0
2024-04-14,Local Bakery,bánh mì sandwich,43000.0,1.0
2024-04-14,Local Bakery,bánh croissant,26000.0,1.0
2024-04-14,Local Bakery,bánh donut,22000.0,1.0
2024-04-15,ABC Bakery,bánh sinh nhật,412000.0,1.0
2024-04-15,ABC Bakery,bánh cupcake,42000.0,1.0
2024-04-15,ABC Bakery,bánh mì sandwich,46000.0,1.0
2024-04-15,ABC Bakery,bánh croissant,28000.0,1.0
2024-04-15,ABC Bakery,bánh donut,21000.0,1.0
2024-04-15,Paris Baguette,bánh sinh nhật,359000.0,1.0
2024-04-15,Paris Baguette,bánh cupcake,38000.0,1.0
2024-04-15,Paris Baguette,bánh mì sandwich,45000.0,1.0
2024-04-15,Paris Baguette,bánh croissant,26000.0,1.0
2024-04-15,Paris Baguette,bánh donut,19000.0,1.0
2024-04-15,Local Bakery,bánh sinh nhật,295000.0,1.0
2024-04-15,Local Bakery,bánh cupcake,36000.0,1.0
2024-04-15,Local Bakery,bánh mì sandwich,44000.0,1.0
2024-04-15,Local Bakery,bánh croissant,21000.0,1.0
2024-04-15,Local Bakery,bánh donut,23000.0,1.0
2024-04-16,ABC Bakery,bánh sinh nhật,358000.0,1.0
2024-04-16,ABC Bakery,bánh cupcake,35000.0,1.0
2024-04-16,ABC Bakery,bánh mì sandwich,46000.0,1.0
2024-04-16,ABC Bakery,bánh croissant,20000.0,1.0
2024-04-16,ABC Bakery,bánh donut,16000.0,1.0
2024-04-16,Paris Baguette,bánh sinh nhật,421000.0,1.0
2024-04-16,Paris Baguette,bánh cupcake,38000.0,1.0
2024-04-16,Paris Baguette,bánh mì sandwich,48000.0,1.0
2024-04-16,Paris Baguette,bánh croissant,23000.0,1.0
2024-04-16,Paris Baguette,bánh donut,21000.0,1.0
2024-04-16,Local Bakery,bánh sinh nhật,321000.0,1.0
2024-04-16,Local Bakery,bánh cupcake,35000.0,1.0
2024-04-16,Local Bakery,bánh mì sandwich,47000.0,1.0
2024-04-16,Local Bakery,bánh croissant,22000.0,1.0
2024-04-16,Local Bakery,bánh donut,25000.0,1.0
2024-04-17,ABC Bakery,bánh sinh nhật,339000.0,1.0
2024-04-17,ABC Bakery,bánh cupcake,37000.0,1.0
2024-04-17,ABC Bakery,bánh mì sandwich,44000.0,1.0
2024-04-17,ABC Bakery,bánh croissant,27000.0,1.0
2024-04-17,ABC Bakery,bánh donut,20000.0,1.0
2024-04-17,Paris Baguette,bánh sinh nhật,346000.0,1.0
2024-04-17,Paris Baguette,bánh cupcake,40000.0,1.0
2024-04-17,Paris Baguette,bánh mì sandwich,49000.0,1.0
2024-04-17,Paris Baguette,bánh croissant,28000.0,1.0
2024-04-17,Paris Baguette,bánh donut,20000.0,1.0
2024-04-17,Local Bakery,bánh sinh nhật,353000.0,1.0
2024-04-17,Local Bakery,bánh cupcake,42000.0,1.0
2024-04-17,Local Bakery,bánh mì sandwich,48000.0,1.0
2024-04-17,Local Bakery,bánh croissant,25000.0,1.0
2024-04-17,Local Bakery,bánh donut,25000.0,1.0
2024-04-18,ABC Bakery,bánh sinh nhật,307000.0,1.0
2024-04-18,ABC Bakery,bánh cupcake,35000.0,1.0
2024-04-18,ABC Bakery,bánh mì sandwich,42000.0,1.0
2024-04-18,ABC Bakery,bánh croissant,28000.0,1.0
2024-04-18,ABC Bakery,bánh donut,21000.0,1.0
2024-04-18,Paris Baguette,bánh sinh nhật,313000.0,1.0
2024-04-18,Paris Baguette,bánh cupcake,35000.0,1.0
2024-04-18,Paris Baguette,bánh mì sandwich,45000.0,1.0
2024-04-18,Paris Baguette,bánh croissant,22000.0,1.0
2024-04-18,Paris Baguette,bánh donut,18000.0,1.0
2024-04-18,Local Bakery,bánh sinh nhật,409000.0,1.0
2024-04-18,Local Bakery,bánh cupcake,38000.0,1.0
2024-04-18,Local Bakery,bánh mì sandwich,42000.0,1.0
2024-04-18,Local Bakery,bánh croissant,24000.0,1.0
2024-04-18,Local Bakery,bánh donut,19000.0,1.0
2024-04-19,ABC Bakery,bánh sinh nhật,383000.0,1.0
2024-04-19,ABC Bakery,bánh cupcake,27000.0,1.0
2024-04-19,ABC Bakery,bánh mì sandwich,49000.0,1.0
2024-04-19,ABC Bakery,bánh croissant,24000.0,1.0
2024-04-19,ABC Bakery,bánh donut,21000.0,1.0
2024-04-19,Paris Baguette,bánh sinh nhật,397000.0,1.0
2024-04-19,Paris Baguette,bánh cupcake,27000.0,1.0
2024-04-19,Paris Baguette,bánh mì sandwich,42000.0,1.0
2024-04-19,Paris Baguette,bánh croissant,24000.0,1.0
2024-04-19,Paris Baguette,bánh donut,21000.0,1.0
2024-04-19,Local Bakery,bánh sinh nhật,311000.0,1.0
2024-04-19,Local Bakery,bánh cupcake,35000.0,1.0
2024-04-19,Local Bakery,bánh mì sandwich,47000.0,1.0
2024-04-19,Local Bakery,bánh croissant,26000.0,1.0
2024-04-19,Local Bakery,bánh donut,19000.0,1.0
2024-04-20,ABC Bakery,bánh sinh nhật,346000.0,1.0
2024-04-20,ABC Bakery,bánh cupcake,33000.0,1.0
2024-04-20,ABC Bakery,bánh mì sandwich,44000.0,1.0
2024-04-20,ABC Bakery,bánh croissant,23000.0,1.0
2024-04-20,ABC Bakery,bánh donut,23000.0,1.0
2024-04-20,Paris Baguette,bánh sinh nhật,318000.0,1.0
2024-04-20,Paris Baguette,bánh cupcake,42000.0,1.0
2024-04-20,Paris Baguette,bánh mì sandwich,55000.0,1.0
2024-04-20,Paris Baguette,bánh croissant,25000.0,1.0
2024-04-20,Paris Baguette,bánh donut,21000.0,1.0
2024-04-20,Local Bakery,bánh sinh nhật,332000.0,1.0
2024-04-20,Local Bakery,bánh cupcake,38000.0,1.0
2024-04-20,Local Bakery,bánh mì sandwich,42000.0,1.0
2024-04-20,Local Bakery,bánh croissant,28000.0,1.0
2024-04-20,Local Bakery,bánh donut,19000.0,1.0
2024-04-21,ABC Bakery,bánh sinh nhật,466000.0,1.0
2024-04-21,ABC Bakery,bánh cupcake,36000.0,1.0
2024-04-21,ABC Bakery,bánh mì sandwich,50000.0,1.0
2024-04-21,ABC Bakery,bánh croissant,24000.0,1.0
2024-04-21,ABC Bakery,bánh donut,24000.0,1.0
2024-04-21,Paris Baguette,bánh sinh nhật,414000.0,1.0
2024-04-21,Paris Baguette,bánh cupcake,39000.0,1.0
2024-04-21,Paris Baguette,bánh mì sandwich,46000.0,1.0
2024-04-21,Paris Baguette,bánh croissant,25000.0,1.0
2024-04-21,Paris Baguette,bánh donut,19000.0,1.0
2024-04-21,Local Bakery,bánh sinh nhật,342000.0,1.0
2024-04-21,Local Bakery,bánh cupcake,39000.0,1.0
2024-04-21,Local Bakery,bánh mì sandwich,43000.0,1.0
2024-04-21,Local Bakery,bánh croissant,25000.0,1.0
2024-04-21,Local Bakery,bánh donut,21000.0,1.0
2024-04-22,ABC Bakery,bánh sinh nhật,267000.0,1.0
2024-04-22,ABC Bakery,bánh cupcake,36000.0,1.0
2024-04-22,ABC Bakery,bánh mì sandwich,49000.0,1.0
2024-04-22,ABC Bakery,bánh croissant,24000.0,1.0
2024-04-22,ABC Bakery,bánh donut,20000.0,1.0
2024-04-22,Paris Baguette,bánh sinh nhật,374000.0,1.0
2024-04-22,Paris Baguette,bánh cupcake,34000.0,1.0
2024-04-22,Paris Baguette,bánh mì sandwich,42000.0,1.0
2024-04-22,Paris Baguette,bánh croissant,22000.0,1.0
2024-04-22,Paris Baguette,bánh donut,20000.0,1.0
2024-04-22,Local Bakery,bánh sinh nhật,324000.0,1.0
2024-04-22,Local Bakery,bánh cupcake,37000.0,1.0
2024-04-22,Local Bakery,bánh mì sandwich,52000.0,1.0
2024-04-22,Local Bakery,bánh croissant,27000.0,1.0
2024-04-22,Local Bakery,bánh donut,20000.0,1.0
2024-04-23,ABC Bakery,bánh sinh nhật,267000.0,1.0
2024-04-23,ABC Bakery,bánh cupcake,40000.0,1.0
2024-04-23,ABC Bakery,bánh mì sandwich,48000.0,1.0
2024-04-23,ABC Bakery,bánh croissant,29000.0,1.0
2024-04-23,ABC Bakery,bánh donut,17000.0,1.0
2024-04-23,Paris Baguette,bánh sinh nhật,367000.0,1.0
2024-04-23,Paris Baguette,bánh cupcake,41000.0,1.0
2024-04-23,Paris Baguette,bánh mì sandwich,47000.0,1.0
2024-04-23,Paris Baguette,bánh croissant,26000.0,1.0
2024-04-23,Paris Baguette,bánh donut,21000.0,1.0
2024-04-23,Local Bakery,bánh sinh nhật,336000.0,1.0
2024-04-23,Local Bakery,bánh cupcake,34000.0,1.0
2024-04-23,Local Bakery,bánh mì sandwich,41000.0,1.0
2024-04-23,Local Bakery,bánh croissant,24000.0,1.0
2024-04-23,Local Bakery,bánh donut,19000.0,1.0
2024-04-24,ABC Bakery,bánh sinh nhật,332000.0,1.0
2024-04-24,ABC Bakery,bánh cupcake,34000.0,1.0
2024-04-24,ABC Bakery,bánh mì sandwich,41000.0,1.0
2024-04-24,ABC Bakery,bánh croissant,25000.0,1.0
2024-04-24,ABC Bakery,bánh donut,21000.0,1.0
2024-04-24,Paris Baguette,bánh sinh nhật,317000.0,1.0
2024-04-24,Paris Baguette,bánh cupcake,37000.0,1.0
2024-04-24,Paris Baguette,bánh mì sandwich,42000.0,1.0
2024-04-24,Paris Baguette,bánh croissant,27000.0,1.0
2024-04-24,Paris Baguette,bánh donut,19000.0,1.0
2024-04-24,Local Bakery,bánh sinh nhật,275000.0,1.0
2024-04-24,Local Bakery,bánh cupcake,37000.0,1.0
2024-04-24,Local Bakery,bánh mì sandwich,46000.0,1.0
2024-04-24,Local Bakery,bánh croissant,22000.0,1.0
2024-04-24,Local Bakery,bánh donut,19000.0,1.0
2024-04-25,ABC Bakery,bánh sinh nhật,370000.0,1.0
2024-04-25,ABC Bakery,bánh cupcake,32000.0,1.0
2024-04-25,ABC Bakery,bánh mì sandwich,43000.0,1.0
2024-04-25,ABC Bakery,bánh croissant,29000.0,1.0
2024-04-25,ABC Bakery,bánh donut,20000.0,1.0
2024-04-25,Paris Baguette,bánh sinh nhật,361000.0,1.0
2024-04-25,Paris Baguette,bánh cupcake,35000.0,1.0
2024-04-25,Paris Baguette,bánh mì sandwich,47000.0,1.0
2024-04-25,Paris Baguette,bánh croissant,26000.0,1.0
2024-04-25,Paris Baguette,bánh donut,20000.0,1.0
2024-04-25,Local Bakery,bánh sinh nhật,411000.0,1.0
2024-04-25,Local Bakery,bánh cupcake,34000.0,1.0
2024-04-25,Local Bakery,bánh mì sandwich,46000.0,1.0
2024-04-25,Local Bakery,bánh croissant,25000.0,1.0
2024-04-25,Local Bakery,bánh donut,21000.0,1.0
2024-04-26,ABC Bakery,bánh sinh nhật,338000.0,1.0
2024-04-26,ABC Bakery,bánh cupcake,33000.0,1.0
2024-04-26,ABC Bakery,bánh mì sandwich,40000.0,1.0
2024-04-26,ABC Bakery,bánh croissant,29000.0,1.0
2024-04-26,ABC Bakery,bánh donut,18000.0,1.0
2024-04-26,Paris Baguette,bánh sinh nhật,303000.0,1.0
2024-04-26,Paris Baguette,bánh cupcake,39000.0,1.0
2024-04-26,Paris Baguette,bánh mì sandwich,36000.0,1.0
2024-04-26,Paris Baguette,bánh croissant,27000.0,1.0
2024-04-26,Paris Baguette,bánh donut,19000.0,1.0
2024-04-26,Local Bakery,bánh sinh nhật,359000.0,1.0
2024-04-26,Local Bakery,bánh cupcake,36000.0,1.0
2024-04-26,Local Bakery,bánh mì sandwich,46000.0,1.0
2024-04-26,Local Bakery,bánh croissant,22000.0,1.0
2024-04-26,Local Bakery,bánh donut,19000.0,1.0
2024-04-27,ABC Bakery,bánh sinh nhật,403000.0,1.0
2024-04-27,ABC Bakery,bánh cupcake,31000.0,1.0
2024-04-27,ABC Bakery,bánh mì sandwich,48000.0,1.0
2024-04-27,ABC Bakery,bánh croissant,27000.0,1.0
2024-04-27,ABC Bakery,bánh donut,21000.0,1.0
2024-04-27,Paris Baguette,bánh sinh nhật,477000.0,1.0
2024-04-27,Paris Baguette,bánh cupcake,28000.0,1.0
2024-04-27,Paris Baguette,bánh mì sandwich,46000.0,1.0
2024-04-27,Paris Baguette,bánh croissant,25000.0,1.0
2024-04-27,Paris Baguette,bánh donut,19000.0,1.0
2024-04-27,Local Bakery,bánh sinh nhật,361000.0,1.0
2024-04-27,Local Bakery,bánh cupcake,32000.0,1.0
2024-04-27,Local Bakery,bánh mì sandwich,42000.0,1.0
2024-04-27,Local Bakery,bánh croissant,29000.0,1.0
2024-04-27,Local Bakery,bánh donut,20000.0,1.0
2024-04-28,ABC Bakery,bánh sinh nhật,359000.0,1.0
2024-04-28,ABC Bakery,bánh cupcake,35000.0,1.0
2024-04-28,ABC Bakery,bánh mì sandwich,47000.0,1.0
2024-04-28,ABC Bakery,bánh croissant,27000.0,1.0
2024-04-28,ABC Bakery,bánh donut,23000.0,1.0
2024-04-28,Paris Baguette,bánh sinh nhật,407000.0,1.0
2024-04-28,Paris Baguette,bánh cupcake,37000.0,1.0
2024-04-28,Paris Baguette,bánh mì sandwich,42000.0,1.0
2024-04-28,Paris Baguette,bánh croissant,25000.0,1.0
2024-04-28,Paris Baguette,bánh donut,22000.0,1.0
2024-04-28,Local Bakery,bánh sinh nhật,450000.0,1.0
2024-04-28,Local Bakery,bánh cupcake,35000.0,1.0
2024-04-28,Local Bakery,bánh mì sandwich,47000.0,1.0
2024-04-28,Local Bakery,bánh croissant,24000.0,1.0
2024-04-28,Local Bakery,bánh donut,21000.0,1.0
2024-04-29,ABC Bakery,bánh sinh nhật,252000.0,1.0
2024-04-29,ABC Bakery,bánh cupcake,42000.0,1.0
2024-04-29,ABC Bakery,bánh mì sandwich,42000.0,1.0
2024-04-29,ABC Bakery,bánh croissant,24000.0,1.0
2024-04-29,ABC Bakery,bánh donut,20000.0,1.0
2024-04-29,Paris Baguette,bánh sinh nhật,387000.0,1.0
2024-04-29,Paris Baguette,bánh cupcake,39000.0,1.0
2024-04-29,Paris Baguette,bánh mì sandwich,49000.0,1.0
2024-04-29,Paris Baguette,bánh croissant,24000.0,1.0
2024-04-29,Paris Baguette,bánh donut,20000.0,1.0
2024-04-29,Local Bakery,bánh sinh nhật,321000.0,1.0
2024-04-29,Local Bakery,bánh cupcake,34000.0,1.0
2024-04-29,Local Bakery,bánh mì sandwich,45000.0,1.0
2024-04-29,Local Bakery,bánh croissant,25000.0,1.0
2024-04-29,Local Bakery,bánh donut,21000.0,1.0
2024-04-30,ABC Bakery,bánh sinh nhật,403000.0,1.0
2024-04-30,ABC Bakery,bánh cupcake,35000.0,1.0
2024-04-30,ABC Bakery,bánh mì sandwich,45000.0,1.0
2024-04-30,ABC Bakery,bánh croissant,28000.0,1.0
2024-04-30,ABC Bakery,bánh donut,21000.0,1.0
2024-04-30,Paris Baguette,bánh sinh nhật,370000.0,1.0
2024-04-30,Paris Baguette,bánh cupcake,31000.0,1.0
2024-04-30,Paris Baguette,bánh mì sandwich,45000.0,1.0
2024-04-30,Paris Baguette,bánh croissant,30000.0,1.0
2024-04-30,Paris Baguette,bánh donut,23000.0,1.0
2024-04-30,Local Bakery,bánh sinh nhật,379000.0,1.0
2024-04-30,Local Bakery,bánh cupcake,35000.0,1.0
2024-04-30,Local Bakery,bánh mì sandwich,43000.0,1.0
2024-04-30,Local Bakery,bánh croissant,23000.0,1.0
2024-04-30,Local Bakery,bánh donut,21000.0,1.0
2024-05-01,ABC Bakery,bánh sinh nhật,313000.0,1.0
2024-05-01,ABC Bakery,bánh cupcake,36000.0,1.0
2024-05-01,ABC Bakery,bánh mì sandwich,54000.0,1.0
2024-05-01,ABC Bakery,bánh croissant,21000.0,1.0
2024-05-01,ABC Bakery,bánh donut,17000.0,1.0
2024-05-01,Paris Baguette,bánh sinh nhật,290000.0,1.0
2024-05-01,Paris Baguette,bánh cupcake,30000.0,1.0
2024-05-01,Paris Baguette,bánh mì sandwich,47000.0,1.0
2024-05-01,Paris Baguette,bánh croissant,26000.0,1.0
2024-05-01,Paris Baguette,bánh donut,20000.0,1.0
2024-05-01,Local Bakery,bánh sinh nhật,313000.0,1.0
2024-05-01,Local Bakery,bánh cupcake,39000.0,1.0
2024-05-01,Local Bakery,bánh mì sandwich,45000.0,1.0
2024-05-01,Local Bakery,bánh croissant,24000.0,1.0
2024-05-01,Local Bakery,bánh donut,24000.0,1.0
2024-05-02,ABC Bakery,bánh sinh nhật,378000.0,1.0
2024-05-02,ABC Bakery,bánh cupcake,33000.0,1.0
2024-05-02,ABC Bakery,bánh mì sandwich,50000.0,1.0
2024-05-02,ABC Bakery,bánh croissant,24000.0,1.0
2024-05-02,ABC Bakery,bánh donut,18000.0,1.0
2024-05-02,Paris Baguette,bánh sinh nhật,444000.0,1.0
2024-05-02,Paris Baguette,bánh cupcake,32000.0,1.0
2024-05-02,Paris Baguette,bánh mì sandwich,36000.0,1.0
2024-05-02,Paris Baguette,bánh croissant,18000.0,1.0
2024-05-02,Paris Baguette,bánh donut,18000.0,1.0
2024-05-02,Local Bakery,bánh sinh nhật,225000.0,1.0
2024-05-02,Local Bakery,bánh cupcake,35000.0,1.0
2024-05-02,Local Bakery,bánh mì sandwich,45000.0,1.0
2024-05-02,Local Bakery,bánh croissant,22000.0,1.0
2024-05-02,Local Bakery,bánh donut,18000.0,1.0
2024-05-03,ABC Bakery,bánh sinh nhật,319000.0,1.0
2024-05-03,ABC Bakery,bánh cupcake,27000.0,1.0
2024-05-03,ABC Bakery,bánh mì sandwich,42000.0,1.0
2024-05-03,ABC Bakery,bánh croissant,23000.0,1.0
2024-05-03,ABC Bakery,bánh donut,20000.0,1.0
2024-05-03,Paris Baguette,bánh sinh nhật,343000.0,1.0
2024-05-03,Paris Baguette,bánh cupcake,38000.0,1.0
2024-05-03,Paris Baguette,bánh mì sandwich,40000.0,1.0
2024-05-03,Paris Baguette,bánh croissant,22000.0,1.0
2024-05-03,Paris Baguette,bánh donut,18000.0,1.0
2024-05-03,Local Bakery,bánh sinh nhật,290000.0,1.0
2024-05-03,Local Bakery,bánh cupcake,36000.0,1.0
2024-05-03,Local Bakery,bánh mì sandwich,43000.0,1.0
2024-05-03,Local Bakery,bánh croissant,25000.0,1.0
2024-05-03,Local Bakery,bánh donut,20000.0,1.0
2024-05-04,ABC Bakery,bánh sinh nhật,342000.0,1.0
2024-05-04,ABC Bakery,bánh cupcake,35000.0,1.0
2024-05-04,ABC Bakery,bánh mì sandwich,51000.0,1.0
2024-05-04,ABC Bakery,bánh croissant,28000.0,1.0
2024-05-04,ABC Bakery,bánh donut,22000.0,1.0
2024-05-04,Paris Baguette,bánh sinh nhật,373000.0,1.0
2024-05-04,Paris Baguette,bánh cupcake,36000.0,1.0
2024-05-04,Paris Baguette,bánh mì sandwich,43000.0,1.0
2024-05-04,Paris Baguette,bánh croissant,25000.0,1.0
2024-05-04,Paris Baguette,bánh donut,20000.0,1.0
2024-05-04,Local Bakery,bánh sinh nhật,260000.0,1.0
2024-05-04,Local Bakery,bánh cupcake,32000.0,1.0
2024-05-04,Local Bakery,bánh mì sandwich,46000.0,1.0
2024-05-04,Local Bakery,bánh croissant,25000.0,1.0
2024-05-04,Local Bakery,bánh donut,20000.0,1.0
2024-05-05,ABC Bakery,bánh sinh nhật,375000.0,1.0
2024-05-05,ABC Bakery,bánh cupcake,33000.0,1.0
2024-05-05,ABC Bakery,bánh mì sandwich,49000.0,1.0
2024-05-05,ABC Bakery,bánh croissant,29000.0,1.0
2024-05-05,ABC Bakery,bánh donut,17000.0,1.0
2024-05-05,Paris Baguette,bánh sinh nhật,312000.0,1.0
2024-05-05,Paris Baguette,bánh cupcake,42000.0,1.0
2024-05-05,Paris Baguette,bánh mì sandwich,44000.0,1.0
2024-05-05,Paris Baguette,bánh croissant,25000.0,1.0
2024-05-05,Paris Baguette,bánh donut,19000.0,1.0
2024-05-05,Local Bakery,bánh sinh nhật,345000.0,1.0
2024-05-05,Local Bakery,bánh cupcake,33000.0,1.0
2024-05-05,Local Bakery,bánh mì sandwich,45000.0,1.0
2024-05-05,Local Bakery,bánh croissant,22000.0,1.0
2024-05-05,Local Bakery,bánh donut,21000.0,1.0
2024-05-06,ABC Bakery,bánh sinh nhật,359000.0,1.0
2024-05-06,ABC Bakery,bánh cupcake,29000.0,1.0
2024-05-06,ABC Bakery,bánh mì sandwich,42000.0,1.0
2024-05-06,ABC Bakery,bánh croissant,22000.0,1.0
2024-05-06,ABC Bakery,bánh donut,18000.0,1.0
2024-05-06,Paris Baguette,bánh sinh nhật,427000.0,1.0
2024-05-06,Paris Baguette,bánh cupcake,41000.0,1.0
2024-05-06,Paris Baguette,bánh mì sandwich,43000.0,1.0
2024-05-06,Paris Baguette,bánh croissant,25000.0,1.0
2024-05-06,Paris Baguette,bánh donut,21000.0,1.0
2024-05-06,Local Bakery,bánh sinh nhật,362000.0,1.0
2024-05-06,Local Bakery,bánh cupcake,43000.0,1.0
2024-05-06,Local Bakery,bánh mì sandwich,49000.0,1.0
2024-05-06,Local Bakery,bánh croissant,26000.0,1.0
2024-05-06,Local Bakery,bánh donut,19000.0,1.0
2024-05-07,ABC Bakery,bánh sinh nhật,300000.0,1.0
2024-05-07,ABC Bakery,bánh cupcake,42000.0,1.0
2024-05-07,ABC Bakery,bánh mì sandwich,45000.0,1.0
2024-05-07,ABC Bakery,bánh croissant,25000.0,1.0
2024-05-07,ABC Bakery,bánh donut,22000.0,1.0
2024-05-07,Paris Baguette,bánh sinh nhật,381000.0,1.0
2024-05-07,Paris Baguette,bánh cupcake,37000.0,1.0
2024-05-07,Paris Baguette,bánh mì sandwich,36000.0,1.0
2024-05-07,Paris Baguette,bánh croissant,22000.0,1.0
2024-05-07,Paris Baguette,bánh donut,17000.0,1.0
2024-05-07,Local Bakery,bánh sinh nhật,282000.0,1.0
2024-05-07,Local Bakery,bánh cupcake,36000.0,1.0
2024-05-07,Local Bakery,bánh mì sandwich,48000.0,1.0
2024-05-07,Local Bakery,bánh croissant,29000.0,1.0
2024-05-07,Local Bakery,bánh donut,18000.0,1.0
2024-05-08,ABC Bakery,bánh sinh nhật,426000.0,1.0
2024-05-08,ABC Bakery,bánh cupcake,37000.0,1.0
2024-05-08,ABC Bakery,bánh mì sandwich,44000.0,1.0
2024-05-08,ABC Bakery,bánh croissant,27000.0,1.0
2024-05-08,ABC Bakery,bánh donut,20000.0,1.0
2024-05-08,Paris Baguette,bánh sinh nhật,385000.0,1.0
2024-05-08,Paris Baguette,bánh cupcake,44000.0,1.0
2024-05-08,Paris Baguette,bánh mì sandwich,48000.0,1.0
2024-05-08,Paris Baguette,bánh croissant,25000.0,1.0
2024-05-08,Paris Baguette,bánh donut,19000.0,1.0
2024-05-08,Local Bakery,bánh sinh nhật,383000.0,1.0
2024-05-08,Local Bakery,bánh cupcake,40000.0,1.0
2024-05-08,Local Bakery,bánh mì sandwich,41000.0,1.0
2024-05-08,Local Bakery,bánh croissant,27000.0,1.0
2024-05-08,Local Bakery,bánh donut,24000.0,1.0
2024-05-09,ABC Bakery,bánh sinh nhật,281000.0,1.0
2024-05-09,ABC Bakery,bánh cupcake,33000.0,1.0
2024-05-09,ABC Bakery,bánh mì sandwich,49000.0,1.0
2024-05-09,ABC Bakery,bánh croissant,21000.0,1.0
2024-05-09,ABC Bakery,bánh donut,21000.0,1.0
2024-05-09,Paris Baguette,bánh sinh nhật,340000.0,1.0
2024-05-09,Paris Baguette,bánh cupcake,33000.0,1.0
2024-05-09,Paris Baguette,bánh mì sandwich,48000.0,1.0
2024-05-09,Paris Baguette,bánh croissant,22000.0,1.0
2024-05-09,Paris Baguette,bánh donut,20000.0,1.0
2024-05-09,Local Bakery,bánh sinh nhật,350000.0,1.0
2024-05-09,Local Bakery,bánh cupcake,33000.0,1.0
2024-05-09,Local Bakery,bánh mì sandwich,38000.0,1.0
2024-05-09,Local Bakery,bánh croissant,25000.0,1.0
2024-05-09,Local Bakery,bánh donut,19000.0,1.0
2024-05-10,ABC Bakery,bánh sinh nhật,342000.0,1.0
2024-05-10,ABC Bakery,bánh cupcake,34000.0,1.0
2024-05-10,ABC Bakery,bánh mì sandwich,51000.0,1.0
2024-05-10,ABC Bakery,bánh croissant,23000.0,1.0
2024-05-10,ABC Bakery,bánh donut,21000.0,1.0
2024-05-10,Paris Baguette,bánh sinh nhật,314000.0,1.0
2024-05-10,Paris Baguette,bánh cupcake,33000.0,1.0
2024-05-10,Paris Baguette,bánh mì sandwich,47000.0,1.0
2024-05-10,Paris Baguette,bánh croissant,23000.0,1.0
2024-05-10,Paris Baguette,bánh donut,22000.0,1.0
2024-05-10,Local Bakery,bánh sinh nhật,305000.0,1.0
2024-05-10,Local Bakery,bánh cupcake,31000.0,1.0
2024-05-10,Local Bakery,bánh mì sandwich,45000.0,1.0
2024-05-10,Local Bakery,bánh croissant,22000.0,1.0
2024-05-10,Local Bakery,bánh donut,23000.0,1.0
2024-05-11,ABC Bakery,bánh sinh nhật,338000.0,1.0
2024-05-11,ABC Bakery,bánh cupcake,33000.0,1.0
2024-05-11,ABC Bakery,bánh mì sandwich,48000.0,1.0
2024-05-11,ABC Bakery,bánh croissant,24000.0,1.0
2024-05-11,ABC Bakery,bánh donut,18000.0,1.0
2024-05-11,Paris Baguette,bánh sinh nhật,360000.0,1.0
2024-05-11,Paris Baguette,bánh cupcake,33000.0,1.0
2024-05-11,Paris Baguette,bánh mì sandwich,47000.0,1.0
2024-05-11,Paris Baguette,bánh croissant,24000.0,1.0
2024-05-11,Paris Baguette,bánh donut,20000.0,1.0
2024-05-11,Local Bakery,bánh sinh nhật,319000.0,1.0
2024-05-11,Local Bakery,bánh cupcake,35000.0,1.0
2024-05-11,Local Bakery,bánh mì sandwich,39000.0,1.0
2024-05-11,Local Bakery,bánh croissant,24000.0,1.0
2024-05-11,Local Bakery,bánh donut,23000.0,1.0
2024-05-12,ABC Bakery,bánh sinh nhật,378000.0,1.0
2024-05-12,ABC Bakery,bánh cupcake,38000.0,1.0
2024-05-12,ABC Bakery,bánh mì sandwich,43000.0,1.0
2024-05-12,ABC Bakery,bánh croissant,25000.0,1.0
2024-05-12,ABC Bakery,bánh donut,18000.0,1.0
2024-05-12,Paris Baguette,bánh sinh nhật,354000.0,1.0
2024-05-12,Paris Baguette,bánh cupcake,35000.0,1.0
2024-05-12,Paris Baguette,bánh mì sandwich,43000.0,1.0
2024-05-12,Paris Baguette,bánh croissant,20000.0,1.0
2024-05-12,Paris Baguette,bánh donut,21000.0,1.0
2024-05-12,Local Bakery,bánh sinh nhật,381000.0,1.0
2024-05-12,Local Bakery,bánh cupcake,35000.0,1.0
2024-05-12,Local Bakery,bánh mì sandwich,53000.0,1.0
2024-05-12,Local Bakery,bánh croissant,24000.0,1.0
2024-05-12,Local Bakery,bánh donut,21000.0,1.0
2024-05-13,ABC Bakery,bánh sinh nhật,290000.0,1.0
2024-05-13,ABC Bakery,bánh cupcake,26000.0,1.0
2024-05-13,ABC Bakery,bánh mì sandwich,47000.0,1.0
2024-05-13,ABC Bakery,bánh croissant,26000.0,1.0
2024-05-13,ABC Bakery,bánh donut,22000.0,1.0
2024-05-13,Paris Baguette,bánh sinh nhật,323000.0,1.0
2024-05-13,Paris Baguette,bánh cupcake,35000.0,1.0
2024-05-13,Paris Baguette,bánh mì sandwich,42000.0,1.0
2024-05-13,Paris Baguette,bánh croissant,25000.0,1.0
2024-05-13,Paris Baguette,bánh donut,20000.0,1.0
2024-05-13,Local Bakery,bánh sinh nhật,340000.0,1.0
2024-05-13,Local Bakery,bánh cupcake,30000.0,1.0
2024-05-13,Local Bakery,bánh mì sandwich,42000.0,1.0
2024-05-13,Local Bakery,bánh croissant,23000.0,1.0
2024-05-13,Local Bakery,bánh donut,19000.0,1.0
2024-05-14,ABC Bakery,bánh sinh nhật,352000.0,1.0
2024-05-14,ABC Bakery,bánh cupcake,32000.0,1.0
2024-05-14,ABC Bakery,bánh mì sandwich,48000.0,1.0
2024-05-14,ABC Bakery,bánh croissant,27000.0,1.0
2024-05-14,ABC Bakery,bánh donut,21000.0,1.0
2024-05-14,Paris Baguette,bánh sinh nhật,329000.0,1.0
2024-05-14,Paris Baguette,bánh cupcake,35000.0,1.0
2024-05-14,Paris Baguette,bánh mì sandwich,43000.0,1.0
2024-05-14,Paris Baguette,bánh croissant,29000.0,1.0
2024-05-14,Paris Baguette,bánh donut,19000.0,1.0
2024-05-14,Local Bakery,bánh sinh nhật,333000.0,1.0
2024-05-14,Local Bakery,bánh cupcake,30000.0,1.0
2024-05-14,Local Bakery,bánh mì sandwich,40000.0,1.0
2024-05-14,Local Bakery,bánh croissant,23000.0,1.0
2024-05-14,Local Bakery,bánh donut,19000.0,1.0
2024-05-15,ABC Bakery,bánh sinh nhật,436000.0,1.0
2024-05-15,ABC Bakery,bánh cupcake,35000.0,1.0
2024-05-15,ABC Bakery,bánh mì sandwich,45000.0,1.0
2024-05-15,ABC Bakery,bánh croissant,28000.0,1.0
2024-05-15,ABC Bakery,bánh donut,22000.0,1.0
2024-05-15,Paris Baguette,bánh sinh nhật,330000.0,1.0
2024-05-15,Paris Baguette,bánh cupcake,33000.0,1.0
2024-05-15,Paris Baguette,bánh mì sandwich,43000.0,1.0
2024-05-15,Paris Baguette,bánh croissant,25000.0,1.0
2024-05-15,Paris Baguette,bánh donut,21000.0,1.0
2024-05-15,Local Bakery,bánh sinh nhật,256000.0,1.0
2024-05-15,Local Bakery,bánh cupcake,40000.0,1.0
2024-05-15,Local Bakery,bánh mì sandwich,47000.0,1.0
2024-05-15,Local Bakery,bánh croissant,20000.0,1.0
2024-05-15,Local Bakery,bánh donut,19000.0,1.0
2024-05-16,ABC Bakery,bánh sinh nhật,295000.0,1.0
2024-05-16,ABC Bakery,bánh cupcake,30000.0,1.0
2024-05-16,ABC Bakery,bánh mì sandwich,45000.0,1.0
2024-05-16,ABC Bakery,bánh croissant,26000.0,1.0
2024-05-16,ABC Bakery,bánh donut,21000.0,1.0
2024-05-16,Paris Baguette,bánh sinh nhật,365000.0,1.0
2024-05-16,Paris Baguette,bánh cupcake,38000.0,1.0
2024-05-16,Paris Baguette,bánh mì sandwich,44000.0,1.0
2024-05-16,Paris Baguette,bánh croissant,23000.0,1.0
2024-05-16,Paris Baguette,bánh donut,20000.0,1.0
2024-05-16,Local Bakery,bánh sinh nhật,420000.0,1.0
2024-05-16,Local Bakery,bánh cupcake,33000.0,1.0
2024-05-16,Local Bakery,bánh mì sandwich,45000.0,1.0
2024-05-16,Local Bakery,bánh croissant,25000.0,1.0
2024-05-16,Local Bakery,bánh donut,19000.0,1.0
2024-05-17,ABC Bakery,bánh sinh nhật,391000.0,1.0
2024-05-17,ABC Bakery,bánh cupcake,27000.0,1.0
2024-05-17,ABC Bakery,bánh mì sandwich,42000.0,1.0
2024-05-17,ABC Bakery,bánh croissant,24000.0,1.0
2024-05-17,ABC Bakery,bánh donut,22000.0,1.0
2024-05-17,Paris Baguette,bánh sinh nhật,303000.0,1.0
2024-05-17,Paris Baguette,bánh cupcake,39000.0,1.0
2024-05-17,Paris Baguette,bánh mì sandwich,48000.0,1.0
2024-05-17,Paris Baguette,bánh croissant,27000.0,1.0
2024-05-17,Paris Baguette,bánh donut,19000.0,1.0
2024-05-17,Local Bakery,bánh sinh nhật,346000.0,1.0
2024-05-17,Local Bakery,bánh cupcake,35000.0,1.0
2024-05-17,Local Bakery,bánh mì sandwich,45000.0,1.0
2024-05-17,Local Bakery,bánh croissant,28000.0,1.0
2024-05-17,Local Bakery,bánh donut,22000.0,1.0
2024-05-18,ABC Bakery,bánh sinh nhật,373000.0,1.0
2024-05-18,ABC Bakery,bánh cupcake,36000.0,1.0
2024-05-18,ABC Bakery,bánh mì sandwich,42000.0,1.0
2024-05-18,ABC Bakery,bánh croissant,28000.0,1.0
2024-05-18,ABC Bakery,bánh donut,19000.0,1.0
2024-05-18,Paris Baguette,bánh sinh nhật,346000.0,1.0
2024-05-18,Paris Baguette,bánh cupcake,39000.0,1.0
2024-05-18,Paris Baguette,bánh mì sandwich,44000.0,1.0
2024-05-18,Paris Baguette,bánh croissant,23000.0,1.0
2024-05-18,Paris Baguette,bánh donut,19000.0,1.0
2024-05-18,Local Bakery,bánh sinh nhật,332000.0,1.0
2024-05-18,Local Bakery,bánh cupcake,46000.0,1.0
2024-05-18,Local Bakery,bánh mì sandwich,50000.0,1.0
2024-05-18,Local Bakery,bánh croissant,25000.0,1.0
2024-05-18,Local Bakery,bánh donut,20000.0,1.0
2024-05-19,ABC Bakery,bánh sinh nhật,282000.0,1.0
2024-05-19,ABC Bakery,bánh cupcake,33000.0,1.0
2024-05-19,ABC Bakery,bánh mì sandwich,46000.0,1.0
2024-05-19,ABC Bakery,bánh croissant,24000.0,1.0
2024-05-19,ABC Bakery,bánh donut,21000.0,1.0
2024-05-19,Paris Baguette,bánh sinh nhật,316000.0,1.0
2024-05-19,Paris Baguette,bánh cupcake,32000.0,1.0
2024-05-19,Paris Baguette,bánh mì sandwich,39000.0,1.0
2024-05-19,Paris Baguette,bánh croissant,24000.0,1.0
2024-05-19,Paris Baguette,bánh donut,20000.0,1.0
2024-05-19,Local Bakery,bánh sinh nhật,376000.0,1.0
2024-05-19,Local Bakery,bánh cupcake,35000.0,1.0
2024-05-19,Local Bakery,bánh mì sandwich,44000.0,1.0
2024-05-19,Local Bakery,bánh croissant,26000.0,1.0
2024-05-19,Local Bakery,bánh donut,19000.0,1.0
2024-05-20,ABC Bakery,bánh sinh nhật,399000.0,1.0
2024-05-20,ABC Bakery,bánh cupcake,37000.0,1.0
2024-05-20,ABC Bakery,bánh mì sandwich,48000.0,1.0
2024-05-20,ABC Bakery,bánh croissant,25000.0,1.0
2024-05-20,ABC Bakery,bánh donut,22000.0,1.0
2024-05-20,Paris Baguette,bánh sinh nhật,244000.0,1.0
2024-05-20,Paris Baguette,bánh cupcake,44000.0,1.0
2024-05-20,Paris Baguette,bánh mì sandwich,46000.0,1.0
2024-05-20,Paris Baguette,bánh croissant,27000.0,1.0
2024-05-20,Paris Baguette,bánh donut,23000.0,1.0
2024-05-20,Local Bakery,bánh sinh nhật,255000.0,1.0
2024-05-20,Local Bakery,bánh cupcake,33000.0,1.0
2024-05-20,Local Bakery,bánh mì sandwich,45000.0,1.0
2024-05-20,Local Bakery,bánh croissant,22000.0,1.0
2024-05-20,Local Bakery,bánh donut,22000.0,1.0
2024-05-21,ABC Bakery,bánh sinh nhật,390000.0,1.0
2024-05-21,ABC Bakery,bánh cupcake,33000.0,1.0
2024-05-21,ABC Bakery,bánh mì sandwich,50000.0,1.0
2024-05-21,ABC Bakery,bánh croissant,27000.0,1.0
2024-05-21,ABC Bakery,bánh donut,22000.0,1.0
2024-05-21,Paris Baguette,bánh sinh nhật,342000.0,1.0
2024-05-21,Paris Baguette,bánh cupcake,32000.0,1.0
2024-05-21,Paris Baguette,bánh mì sandwich,44000.0,1.0
2024-05-21,Paris Baguette,bánh croissant,26000.0,1.0
2024-05-21,Paris Baguette,bánh donut,20000.0,1.0
2024-05-21,Local Bakery,bánh sinh nhật,258000.0,1.0
2024-05-21,Local Bakery,bánh cupcake,45000.0,1.0
2024-05-21,Local Bakery,bánh mì sandwich,45000.0,1.0
2024-05-21,Local Bakery,bánh croissant,27000.0,1.0
2024-05-21,Local Bakery,bánh donut,21000.0,1.0
2024-05-22,ABC Bakery,bánh sinh nhật,320000.0,1.0
2024-05-22,ABC Bakery,bánh cupcake,34000.0,1.0
2024-05-22,ABC Bakery,bánh mì sandwich,44000.0,1.0
2024-05-22,ABC Bakery,bánh croissant,26000.0,1.0
2024-05-22,ABC Bakery,bánh donut,19000.0,1.0
2024-05-22,Paris Baguette,bánh sinh nhật,427000.0,1.0
2024-05-22,Paris Baguette,bánh cupcake,36000.0,1.0
2024-05-22,Paris Baguette,bánh mì sandwich,49000.0,1.0
2024-05-22,Paris Baguette,bánh croissant,20000.0,1.0
2024-05-22,Paris Baguette,bánh donut,15000.0,1.0
2024-05-22,Local Bakery,bánh sinh nhật,381000.0,1.0
2024-05-22,Local Bakery,bánh cupcake,25000.0,1.0
2024-05-22,Local Bakery,bánh mì sandwich,49000.0,1.0
2024-05-22,Local Bakery,bánh croissant,27000.0,1.0
2024-05-22,Local Bakery,bánh donut,20000.0,1.0
2024-05-23,ABC Bakery,bánh sinh nhật,376000.0,1.0
2024-05-23,ABC Bakery,bánh cupcake,31000.0,1.0
2024-05-23,ABC Bakery,bánh mì sandwich,47000.0,1.0
2024-05-23,ABC Bakery,bánh croissant,25000.0,1.0
2024-05-23,ABC Bakery,bánh donut,21000.0,1.0
2024-05-23,Paris Baguette,bánh sinh nhật,294000.0,1.0
2024-05-23,Paris Baguette,bánh cupcake,37000.0,1.0
2024-05-23,Paris Baguette,bánh mì sandwich,43000.0,1.0
2024-05-23,Paris Baguette,bánh croissant,26000.0,1.0
2024-05-23,Paris Baguette,bánh donut,21000.0,1.0
2024-05-23,Local Bakery,bánh sinh nhật,264000.0,1.0
2024-05-23,Local Bakery,bánh cupcake,32000.0,1.0
2024-05-23,Local Bakery,bánh mì sandwich,48000.0,1.0
2024-05-23,Local Bakery,bánh croissant,26000.0,1.0
2024-05-23,Local Bakery,bánh donut,20000.0,1.0
2024-05-24,ABC Bakery,bánh sinh nhật,327000.0,1.0
2024-05-24,ABC Bakery,bánh cupcake,33000.0,1.0
2024-05-24,ABC Bakery,bánh mì sandwich,47000.0,1.0
2024-05-24,ABC Bakery,bánh croissant,24000.0,1.0
2024-05-24,ABC Bakery,bánh donut,16000.0,1.0
2024-05-24,Paris Baguette,bánh sinh nhật,401000.0,1.0
2024-05-24,Paris Baguette,bánh cupcake,28000.0,1.0
2024-05-24,Paris Baguette,bánh mì sandwich,42000.0,1.0
2024-05-24,Paris Baguette,bánh croissant,25000.0,1.0
2024-05-24,Paris Baguette,bánh donut,16000.0,1.0
2024-05-24,Local Bakery,bánh sinh nhật,288000.0,1.0
2024-05-24,Local Bakery,bánh cupcake,28000.0,1.0
2024-05-24,Local Bakery,bánh mì sandwich,43000.0,1.0
2024-05-24,Local Bakery,bánh croissant,22000.0,1.0
2024-05-24,Local Bakery,bánh donut,21000.0,1.0
2024-05-25,ABC Bakery,bánh sinh nhật,343000.0,1.0
2024-05-25,ABC Bakery,bánh cupcake,33000.0,1.0
2024-05-25,ABC Bakery,bánh mì sandwich,47000.0,1.0
2024-05-25,ABC Bakery,bánh croissant,21000.0,1.0
2024-05-25,ABC Bakery,bánh donut,20000.0,1.0
2024-05-25,Paris Baguette,bánh sinh nhật,349000.0,1.0
2024-05-25,Paris Baguette,bánh cupcake,37000.0,1.0
2024-05-25,Paris Baguette,bánh mì sandwich,47000.0,1.0
2024-05-25,Paris Baguette,bánh croissant,26000.0,1.0
2024-05-25,Paris Baguette,bánh donut,21000.0,1.0
2024-05-25,Local Bakery,bánh sinh nhật,365000.0,1.0
2024-05-25,Local Bakery,bánh cupcake,33000.0,1.0
2024-05-25,Local Bakery,bánh mì sandwich,43000.0,1.0
2024-05-25,Local Bakery,bánh croissant,26000.0,1.0
2024-05-25,Local Bakery,bánh donut,17000.0,1.0
2024-05-26,ABC Bakery,bánh sinh nhật,378000.0,1.0
2024-05-26,ABC Bakery,bánh cupcake,39000.0,1.0
2024-05-26,ABC Bakery,bánh mì sandwich,45000.0,1.0
2024-05-26,ABC Bakery,bánh croissant,25000.0,1.0
2024-05-26,ABC Bakery,bánh donut,20000.0,1.0
2024-05-26,Paris Baguette,bánh sinh nhật,372000.0,1.0
2024-05-26,Paris Baguette,bánh cupcake,31000.0,1.0
2024-05-26,Paris Baguette,bánh mì sandwich,49000.0,1.0
2024-05-26,Paris Baguette,bánh croissant,25000.0,1.0
2024-05-26,Paris Baguette,bánh donut,19000.0,1.0
2024-05-26,Local Bakery,bánh sinh nhật,257000.0,1.0
2024-05-26,Local Bakery,bánh cupcake,44000.0,1.0
2024-05-26,Local Bakery,bánh mì sandwich,48000.0,1.0
2024-05-26,Local Bakery,bánh croissant,23000.0,1.0
2024-05-26,Local Bakery,bánh donut,21000.0,1.0
2024-05-27,ABC Bakery,bánh sinh nhật,373000.0,1.0
2024-05-27,ABC Bakery,bánh cupcake,38000.0,1.0
2024-05-27,ABC Bakery,bánh mì sandwich,51000.0,1.0
2024-05-27,ABC Bakery,bánh croissant,30000.0,1.0
2024-05-27,ABC Bakery,bánh donut,23000.0,1.0
2024-05-27,Paris Baguette,bánh sinh nhật,381000.0,1.0
2024-05-27,Paris Baguette,bánh cupcake,40000.0,1.0
2024-05-27,Paris Baguette,bánh mì sandwich,47000.0,1.0
2024-05-27,Paris Baguette,bánh croissant,26000.0,1.0
2024-05-27,Paris Baguette,bánh donut,18000.0,1.0
2024-05-27,Local Bakery,bánh sinh nhật,320000.0,1.0
2024-05-27,Local Bakery,bánh cupcake,36000.0,1.0
2024-05-27,Local Bakery,bánh mì sandwich,45000.0,1.0
2024-05-27,Local Bakery,bánh croissant,27000.0,1.0
2024-05-27,Local Bakery,bánh donut,20000.0,1.0
2024-05-28,ABC Bakery,bánh sinh nhật,328000.0,1.0
2024-05-28,ABC Bakery,bánh cupcake,33000.0,1.0
2024-05-28,ABC Bakery,bánh mì sandwich,42000.0,1.0
2024-05-28,ABC Bakery,bánh croissant,23000.0,1.0
2024-05-28,ABC Bakery,bánh donut,19000.0,1.0
2024-05-28,Paris Baguette,bánh sinh nhật,289000.0,1.0
2024-05-28,Paris Baguette,bánh cupcake,32000.0,1.0
2024-05-28,Paris Baguette,bánh mì sandwich,44000.0,1.0
2024-05-28,Paris Baguette,bánh croissant,19000.0,1.0
2024-05-28,Paris Baguette,bánh donut,19000.0,1.0
2024-05-28,Local Bakery,bánh sinh nhật,248000.0,1.0
2024-05-28,Local Bakery,bánh cupcake,29000.0,1.0
2024-05-28,Local Bakery,bánh mì sandwich,41000.0,1.0
2024-05-28,Local Bakery,bánh croissant,28000.0,1.0
2024-05-28,Local Bakery,bánh donut,22000.0,1.0
2024-05-29,ABC Bakery,bánh sinh nhật,279000.0,1.0
2024-05-29,ABC Bakery,bánh cupcake,35000.0,1.0
2024-05-29,ABC Bakery,bánh mì sandwich,44000.0,1.0
2024-05-29,ABC Bakery,bánh croissant,24000.0,1.0
2024-05-29,ABC Bakery,bánh donut,18000.0,1.0
2024-05-29,Paris Baguette,bánh sinh nhật,343000.0,1.0
2024-05-29,Paris Baguette,bánh cupcake,41000.0,1.0
2024-05-29,Paris Baguette,bánh mì sandwich,48000.0,1.0
2024-05-29,Paris Baguette,bánh croissant,29000.0,1.0
2024-05-29,Paris Baguette,bánh donut,23000.0,1.0
2024-05-29,Local Bakery,bánh sinh nhật,384000.0,1.0
2024-05-29,Local Bakery,bánh cupcake,30000.0,1.0
2024-05-29,Local Bakery,bánh mì sandwich,45000.0,1.0
2024-05-29,Local Bakery,bánh croissant,23000.0,1.0
2024-05-29,Local Bakery,bánh donut,16000.0,1.0
2024-05-30,ABC Bakery,bánh sinh nhật,399000.0,1.0
2024-05-30,ABC Bakery,bánh cupcake,33000.0,1.0
2024-05-30,ABC Bakery,bánh mì sandwich,43000.0,1.0
2024-05-30,ABC Bakery,bánh croissant,27000.0,1.0
2024-05-30,ABC Bakery,bánh donut,20000.0,1.0
2024-05-30,Paris Baguette,bánh sinh nhật,267000.0,1.0
2024-05-30,Paris Baguette,bánh cupcake,31000.0,1.0
2024-05-30,Paris Baguette,bánh mì sandwich,48000.0,1.0
2024-05-30,Paris Baguette,bánh croissant,24000.0,1.0
2024-05-30,Paris Baguette,bánh donut,20000.0,1.0
2024-05-30,Local Bakery,bánh sinh nhật,473000.0,1.0
2024-05-30,Local Bakery,bánh cupcake,37000.0,1.0
2024-05-30,Local Bakery,bánh mì sandwich,47000.0,1.0
2024-05-30,Local Bakery,bánh croissant,25000.0,1.0
2024-05-30,Local Bakery,bánh donut,19000.0,1.0
2024-05-31,ABC Bakery,bánh sinh nhật,305000.0,1.0
2024-05-31,ABC Bakery,bánh cupcake,32000.0,1.0
2024-05-31,ABC Bakery,bánh mì sandwich,49000.0,1.0
2024-05-31,ABC Bakery,bánh croissant,28000.0,1.0
2024-05-31,ABC Bakery,bánh donut,21000.0,1.0
2024-05-31,Paris Baguette,bánh sinh nhật,421000.0,1.0
2024-05-31,Paris Baguette,bánh cupcake,40000.0,1.0
2024-05-31,Paris Baguette,bánh mì sandwich,51000.0,1.0
2024-05-31,Paris Baguette,bánh croissant,29000.0,1.0
2024-05-31,Paris Baguette,bánh donut,20000.0,1.0
2024-05-31,Local Bakery,bánh sinh nhật,308000.0,1.0
2024-05-31,Local Bakery,bánh cupcake,29000.0,1.0
2024-05-31,Local Bakery,bánh mì sandwich,46000.0,1.0
2024-05-31,Local Bakery,bánh croissant,29000.0,1.0
2024-05-31,Local Bakery,bánh donut,21000.0,1.0
2024-06-01,ABC Bakery,bánh sinh nhật,319000.0,1.0
2024-06-01,ABC Bakery,bánh cupcake,39000.0,1.0
2024-06-01,ABC Bakery,bánh mì sandwich,45000.0,1.0
2024-06-01,ABC Bakery,bánh croissant,29000.0,1.0
2024-06-01,ABC Bakery,bánh donut,16000.0,1.0
2024-06-01,Paris Baguette,bánh sinh nhật,319000.0,1.0
2024-06-01,Paris Baguette,bánh cupcake,30000.0,1.0
2024-06-01,Paris Baguette,bánh mì sandwich,40000.0,1.0
2024-06-01,Paris Baguette,bánh croissant,30000.0,1.0
2024-06-01,Paris Baguette,bánh donut,17000.0,1.0
2024-06-01,Local Bakery,bánh sinh nhật,429000.0,1.0
2024-06-01,Local Bakery,bánh cupcake,26000.0,1.0
2024-06-01,Local Bakery,bánh mì sandwich,43000.0,1.0
2024-06-01,Local Bakery,bánh croissant,27000.0,1.0
2024-06-01,Local Bakery,bánh donut,20000.0,1.0
2024-06-02,ABC Bakery,bánh sinh nhật,349000.0,1.0
2024-06-02,ABC Bakery,bánh cupcake,31000.0,1.0
2024-06-02,ABC Bakery,bánh mì sandwich,50000.0,1.0
2024-06-02,ABC Bakery,bánh croissant,25000.0,1.0
2024-06-02,ABC Bakery,bánh donut,20000.0,1.0
2024-06-02,Paris Baguette,bánh sinh nhật,464000.0,1.0
2024-06-02,Paris Baguette,bánh cupcake,36000.0,1.0
2024-06-02,Paris Baguette,bánh mì sandwich,39000.0,1.0
2024-06-02,Paris Baguette,bánh croissant,24000.0,1.0
2024-06-02,Paris Baguette,bánh donut,22000.0,1.0
2024-06-02,Local Bakery,bánh sinh nhật,424000.0,1.0
2024-06-02,Local Bakery,bánh cupcake,33000.0,1.0
2024-06-02,Local Bakery,bánh mì sandwich,41000.0,1.0
2024-06-02,Local Bakery,bánh croissant,23000.0,1.0
2024-06-02,Local Bakery,bánh donut,17000.0,1.0
2024-06-03,ABC Bakery,bánh sinh nhật,351000.0,1.0
2024-06-03,ABC Bakery,bánh cupcake,34000.0,1.0
2024-06-03,ABC Bakery,bánh mì sandwich,45000.0,1.0
2024-06-03,ABC Bakery,bánh croissant,23000.0,1.0
2024-06-03,ABC Bakery,bánh donut,21000.0,1.0
2024-06-03,Paris Baguette,bánh sinh nhật,248000.0,1.0
2024-06-03,Paris Baguette,bánh cupcake,34000.0,1.0
2024-06-03,Paris Baguette,bánh mì sandwich,45000.0,1.0
2024-06-03,Paris Baguette,bánh croissant,21000.0,1.0
2024-06-03,Paris Baguette,bánh donut,20000.0,1.0
2024-06-03,Local Bakery,bánh sinh nhật,370000.0,1.0
2024-06-03,Local Bakery,bánh cupcake,33000.0,1.0
2024-06-03,Local Bakery,bánh mì sandwich,41000.0,1.0
2024-06-03,Local Bakery,bánh croissant,29000.0,1.0
2024-06-03,Local Bakery,bánh donut,19000.0,1.0
2024-06-04,ABC Bakery,bánh sinh nhật,364000.0,1.0
2024-06-04,ABC Bakery,bánh cupcake,36000.0,1.0
2024-06-04,ABC Bakery,bánh mì sandwich,39000.0,1.0
2024-06-04,ABC Bakery,bánh croissant,28000.0,1.0
2024-06-04,ABC Bakery,bánh donut,15000.0,1.0
2024-06-04,Paris Baguette,bánh sinh nhật,261000.0,1.0
2024-06-04,Paris Baguette,bánh cupcake,35000.0,1.0
2024-06-04,Paris Baguette,bánh mì sandwich,46000.0,1.0
2024-06-04,Paris Baguette,bánh croissant,20000.0,1.0
2024-06-04,Paris Baguette,bánh donut,19000.0,1.0
2024-06-04,Local Bakery,bánh sinh nhật,318000.0,1.0
2024-06-04,Local Bakery,bánh cupcake,37000.0,1.0
2024-06-04,Local Bakery,bánh mì sandwich,47000.0,1.0
2024-06-04,Local Bakery,bánh croissant,28000.0,1.0
2024-06-04,Local Bakery,bánh donut,18000.0,1.0
2024-06-05,ABC Bakery,bánh sinh nhật,335000.0,1.0
2024-06-05,ABC Bakery,bánh cupcake,40000.0,1.0
2024-06-05,ABC Bakery,bánh mì sandwich,44000.0,1.0
2024-06-05,ABC Bakery,bánh croissant,24000.0,1.0
2024-06-05,ABC Bakery,bánh donut,19000.0,1.0
2024-06-05,Paris Baguette,bánh sinh nhật,323000.0,1.0
2024-06-05,Paris Baguette,bánh cupcake,35000.0,1.0
2024-06-05,Paris Baguette,bánh mì sandwich,49000.0,1.0
2024-06-05,Paris Baguette,bánh croissant,26000.0,1.0
2024-06-05,Paris Baguette,bánh donut,18000.0,1.0
2024-06-05,Local Bakery,bánh sinh nhật,323000.0,1.0
2024-06-05,Local Bakery,bánh cupcake,35000.0,1.0
2024-06-05,Local Bakery,bánh mì sandwich,44000.0,1.0
2024-06-05,Local Bakery,bánh croissant,26000.0,1.0
2024-06-05,Local Bakery,bánh donut,20000.0,1.0
2024-06-06,ABC Bakery,bánh sinh nhật,344000.0,1.0
2024-06-06,ABC Bakery,bánh cupcake,32000.0,1.0
2024-06-06,ABC Bakery,bánh mì sandwich,42000.0,1.0
2024-06-06,ABC Bakery,bánh croissant,25000.0,1.0
2024-06-06,ABC Bakery,bánh donut,20000.0,1.0
2024-06-06,Paris Baguette,bánh sinh nhật,346000.0,1.0
2024-06-06,Paris Baguette,bánh cupcake,37000.0,1.0
2024-06-06,Paris Baguette,bánh mì sandwich,46000.0,1.0
2024-06-06,Paris Baguette,bánh croissant,25000.0,1.0
2024-06-06,Paris Baguette,bánh donut,20000.0,1.0
2024-06-06,Local Bakery,bánh sinh nhật,389000.0,1.0
2024-06-06,Local Bakery,bánh cupcake,36000.0,1.0
2024-06-06,Local Bakery,bánh mì sandwich,51000.0,1.0
2024-06-06,Local Bakery,bánh croissant,24000.0,1.0
2024-06-06,Local Bakery,bánh donut,22000.0,1.0
2024-06-07,ABC Bakery,bánh sinh nhật,431000.0,1.0
2024-06-07,ABC Bakery,bánh cupcake,31000.0,1.0
2024-06-07,ABC Bakery,bánh mì sandwich,49000.0,1.0
2024-06-07,ABC Bakery,bánh croissant,23000.0,1.0
2024-06-07,ABC Bakery,bánh donut,19000.0,1.0
2024-06-07,Paris Baguette,bánh sinh nhật,332000.0,1.0
2024-06-07,Paris Baguette,bánh cupcake,41000.0,1.0
2024-06-07,Paris Baguette,bánh mì sandwich,51000.0,1.0
2024-06-07,Paris Baguette,bánh croissant,25000.0,1.0
2024-06-07,Paris Baguette,bánh donut,20000.0,1.0
2024-06-07,Local Bakery,bánh sinh nhật,353000.0,1.0
2024-06-07,Local Bakery,bánh cupcake,26000.0,1.0
2024-06-07,Local Bakery,bánh mì sandwich,55000.0,1.0
2024-06-07,Local Bakery,bánh croissant,24000.0,1.0
2024-06-07,Local Bakery,bánh donut,25000.0,1.0
2024-06-08,ABC Bakery,bánh sinh nhật,301000.0,1.0
2024-06-08,ABC Bakery,bánh cupcake,36000.0,1.0
2024-06-08,ABC Bakery,bánh mì sandwich,48000.0,1.0
2024-06-08,ABC Bakery,bánh croissant,27000.0,1.0
2024-06-08,ABC Bakery,bánh donut,20000.0,1.0
2024-06-08,Paris Baguette,bánh sinh nhật,344000.0,1.0
2024-06-08,Paris Baguette,bánh cupcake,32000.0,1.0
2024-06-08,Paris Baguette,bánh mì sandwich,47000.0,1.0
2024-06-08,Paris Baguette,bánh croissant,27000.0,1.0
2024-06-08,Paris Baguette,bánh donut,22000.0,1.0
2024-06-08,Local Bakery,bánh sinh nhật,323000.0,1.0
2024-06-08,Local Bakery,bánh cupcake,33000.0,1.0
2024-06-08,Local Bakery,bánh mì sandwich,46000.0,1.0
2024-06-08,Local Bakery,bánh croissant,28000.0,1.0
2024-06-08,Local Bakery,bánh donut,19000.0,1.0
2024-06-09,ABC Bakery,bánh sinh nhật,331000.0,1.0
2024-06-09,ABC Bakery,bánh cupcake,37000.0,1.0
2024-06-09,ABC Bakery,bánh mì sandwich,40000.0,1.0
2024-06-09,ABC Bakery,bánh croissant,26000.0,1.0
2024-06-09,ABC Bakery,bánh donut,19000.0,1.0
2024-06-09,Paris Baguette,bánh sinh nhật,347000.0,1.0
2024-06-09,Paris Baguette,bánh cupcake,38000.0,1.0
2024-06-09,Paris Baguette,bánh mì sandwich,50000.0,1.0
2024-06-09,Paris Baguette,bánh croissant,23000.0,1.0
2024-06-09,Paris Baguette,bánh donut,23000.0,1.0
2024-06-09,Local Bakery,bánh sinh nhật,453000.0,1.0
2024-06-09,Local Bakery,bánh cupcake,45000.0,1.0
2024-06-09,Local Bakery,bánh mì sandwich,46000.0,1.0
2024-06-09,Local Bakery,bánh croissant,25000.0,1.0
2024-06-09,Local Bakery,bánh donut,20000.0,1.0
2024-06-10,ABC Bakery,bánh sinh nhật,346000.0,1.0
2024-06-10,ABC Bakery,bánh cupcake,28000.0,1.0
2024-06-10,ABC Bakery,bánh mì sandwich,45000.0,1.0
2024-06-10,ABC Bakery,bánh croissant,24000.0,1.0
2024-06-10,ABC Bakery,bánh donut,18000.0,1.0
2024-06-10,Paris Baguette,bánh sinh nhật,335000.0,1.0
2024-06-10,Paris Baguette,bánh cupcake,40000.0,1.0
2024-06-10,Paris Baguette,bánh mì sandwich,49000.0,1.0
2024-06-10,Paris Baguette,bánh croissant,25000.0,1.0
2024-06-10,Paris Baguette,bánh donut,21000.0,1.0
2024-06-10,Local Bakery,bánh sinh nhật,371000.0,1.0
2024-06-10,Local Bakery,bánh cupcake,37000.0,1.0
2024-06-10,Local Bakery,bánh mì sandwich,33000.0,1.0
2024-06-10,Local Bakery,bánh croissant,24000.0,1.0
2024-06-10,Local Bakery,bánh donut,20000.0,1.0
2024-06-11,ABC Bakery,bánh sinh nhật,357000.0,1.0
2024-06-11,ABC Bakery,bánh cupcake,34000.0,1.0
2024-06-11,ABC Bakery,bánh mì sandwich,45000.0,1.0
2024-06-11,ABC Bakery,bánh croissant,26000.0,1.0
2024-06-11,ABC Bakery,bánh donut,20000.0,1.0
2024-06-11,Paris Baguette,bánh sinh nhật,373000.0,1.0
2024-06-11,Paris Baguette,bánh cupcake,39000.0,1.0
2024-06-11,Paris Baguette,bánh mì sandwich,41000.0,1.0
2024-06-11,Paris Baguette,bánh croissant,26000.0,1.0
2024-06-11,Paris Baguette,bánh donut,22000.0,1.0
2024-06-11,Local Bakery,bánh sinh nhật,332000.0,1.0
2024-06-11,Local Bakery,bánh cupcake,33000.0,1.0
2024-06-11,Local Bakery,bánh mì sandwich,42000.0,1.0
2024-06-11,Local Bakery,bánh croissant,28000.0,1.0
2024-06-11,Local Bakery,bánh donut,18000.0,1.0
2024-06-12,ABC Bakery,bánh sinh nhật,385000.0,1.0
2024-06-12,ABC Bakery,bánh cupcake,44000.0,1.0
2024-06-12,ABC Bakery,bánh mì sandwich,46000.0,1.0
2024-06-12,ABC Bakery,bánh croissant,27000.0,1.0
2024-06-12,ABC Bakery,bánh donut,21000.0,1.0
2024-06-12,Paris Baguette,bánh sinh nhật,348000.0,1.0
2024-06-12,Paris Baguette,bánh cupcake,33000.0,1.0
2024-06-12,Paris Baguette,bánh mì sandwich,45000.0,1.0
2024-06-12,Paris Baguette,bánh croissant,27000.0,1.0
2024-06-12,Paris Baguette,bánh donut,22000.0,1.0
2024-06-12,Local Bakery,bánh sinh nhật,314000.0,1.0
2024-06-12,Local Bakery,bánh cupcake,38000.0,1.0
2024-06-12,Local Bakery,bánh mì sandwich,46000.0,1.0
2024-06-12,Local Bakery,bánh croissant,26000.0,1.0
2024-06-12,Local Bakery,bánh donut,22000.0,1.0
2024-06-13,ABC Bakery,bánh sinh nhật,283000.0,1.0
2024-06-13,ABC Bakery,bánh cupcake,36000.0,1.0
2024-06-13,ABC Bakery,bánh mì sandwich,35000.0,1.0
2024-06-13,ABC Bakery,bánh croissant,28000.0,1.0
2024-06-13,ABC Bakery,bánh donut,20000.0,1.0
2024-06-13,Paris Baguette,bánh sinh nhật,428000.0,1.0
2024-06-13,Paris Baguette,bánh cupcake,28000.0,1.0
2024-06-13,Paris Baguette,bánh mì sandwich,47000.0,1.0
2024-06-13,Paris Baguette,bánh croissant,26000.0,1.0
2024-06-13,Paris Baguette,bánh donut,23000.0,1.0
2024-06-13,Local Bakery,bánh sinh nhật,296000.0,1.0
2024-06-13,Local Bakery,bánh cupcake,40000.0,1.0
2024-06-13,Local Bakery,bánh mì sandwich,47000.0,1.0
2024-06-13,Local Bakery,bánh croissant,23000.0,1.0
2024-06-13,Local Bakery,bánh donut,21000.0,1.0
2024-06-14,ABC Bakery,bánh sinh nhật,409000.0,1.0
2024-06-14,ABC Bakery,bánh cupcake,29000.0,1.0
2024-06-14,ABC Bakery,bánh mì sandwich,40000.0,1.0
2024-06-14,ABC Bakery,bánh croissant,25000.0,1.0
2024-06-14,ABC Bakery,bánh donut,19000.0,1.0
2024-06-14,Paris Baguette,bánh sinh nhật,334000.0,1.0
2024-06-14,Paris Baguette,bánh cupcake,39000.0,1.0
2024-06-14,Paris Baguette,bánh mì sandwich,48000.0,1.0
2024-06-14,Paris Baguette,bánh croissant,28000.0,1.0
2024-06-14,Paris Baguette,bánh donut,20000.0,1.0
2024-06-14,Local Bakery,bánh sinh nhật,433000.0,1.0
2024-06-14,Local Bakery,bánh cupcake,41000.0,1.0
2024-06-14,Local Bakery,bánh mì sandwich,48000.0,1.0
2024-06-14,Local Bakery,bánh croissant,24000.0,1.0
2024-06-14,Local Bakery,bánh donut,22000.0,1.0
2024-06-15,ABC Bakery,bánh sinh nhật,329000.0,1.0
2024-06-15,ABC Bakery,bánh cupcake,38000.0,1.0
2024-06-15,ABC Bakery,bánh mì sandwich,49000.0,1.0
2024-06-15,ABC Bakery,bánh croissant,26000.0,1.0
2024-06-15,ABC Bakery,bánh donut,21000.0,1.0
2024-06-15,Paris Baguette,bánh sinh nhật,432000.0,1.0
2024-06-15,Paris Baguette,bánh cupcake,41000.0,1.0
2024-06-15,Paris Baguette,bánh mì sandwich,46000.0,1.0
2024-06-15,Paris Baguette,bánh croissant,22000.0,1.0
2024-06-15,Paris Baguette,bánh donut,21000.0,1.0
2024-06-15,Local Bakery,bánh sinh nhật,388000.0,1.0
2024-06-15,Local Bakery,bánh cupcake,34000.0,1.0
2024-06-15,Local Bakery,bánh mì sandwich,47000.0,1.0
2024-06-15,Local Bakery,bánh croissant,26000.0,1.0
2024-06-15,Local Bakery,bánh donut,22000.0,1.0
2024-06-16,ABC Bakery,bánh sinh nhật,276000.0,1.0
2024-06-16,ABC Bakery,bánh cupcake,30000.0,1.0
2024-06-16,ABC Bakery,bánh mì sandwich,43000.0,1.0
2024-06-16,ABC Bakery,bánh croissant,27000.0,1.0
2024-06-16,ABC Bakery,bánh donut,18000.0,1.0
2024-06-16,Paris Baguette,bánh sinh nhật,338000.0,1.0
2024-06-16,Paris Baguette,bánh cupcake,28000.0,1.0
2024-06-16,Paris Baguette,bánh mì sandwich,49000.0,1.0
2024-06-16,Paris Baguette,bánh croissant,32000.0,1.0
2024-06-16,Paris Baguette,bánh donut,17000.0,1.0
2024-06-16,Local Bakery,bánh sinh nhật,348000.0,1.0
2024-06-16,Local Bakery,bánh cupcake,37000.0,1.0
2024-06-16,Local Bakery,bánh mì sandwich,47000.0,1.0
2024-06-16,Local Bakery,bánh croissant,25000.0,1.0
2024-06-16,Local Bakery,bánh donut,18000.0,1.0
2024-06-17,ABC Bakery,bánh sinh nhật,344000.0,1.0
2024-06-17,ABC Bakery,bánh cupcake,31000.0,1.0
2024-06-17,ABC Bakery,bánh mì sandwich,43000.0,1.0
2024-06-17,ABC Bakery,bánh croissant,22000.0,1.0
2024-06-17,ABC Bakery,bánh donut,19000.0,1.0
2024-06-17,Paris Baguette,bánh sinh nhật,372000.0,1.0
2024-06-17,Paris Baguette,bánh cupcake,41000.0,1.0
2024-06-17,Paris Baguette,bánh mì sandwich,45000.0,1.0
2024-06-17,Paris Baguette,bánh croissant,25000.0,1.0
2024-06-17,Paris Baguette,bánh donut,21000.0,1.0
2024-06-17,Local Bakery,bánh sinh nhật,352000.0,1.0
2024-06-17,Local Bakery,bánh cupcake,29000.0,1.0
2024-06-17,Local Bakery,bánh mì sandwich,38000.0,1.0
2024-06-17,Local Bakery,bánh croissant,26000.0,1.0
2024-06-17,Local Bakery,bánh donut,20000.0,1.0
2024-06-18,ABC Bakery,bánh sinh nhật,261000.0,1.0
2024-06-18,ABC Bakery,bánh cupcake,30000.0,1.0
2024-06-18,ABC Bakery,bánh mì sandwich,40000.0,1.0
2024-06-18,ABC Bakery,bánh croissant,23000.0,1.0
2024-06-18,ABC Bakery,bánh donut,17000.0,1.0
2024-06-18,Paris Baguette,bánh sinh nhật,377000.0,1.0
2024-06-18,Paris Baguette,bánh cupcake,33000.0,1.0
2024-06-18,Paris Baguette,bánh mì sandwich,51000.0,1.0
2024-06-18,Paris Baguette,bánh croissant,24000.0,1.0
2024-06-18,Paris Baguette,bánh donut,22000.0,1.0
2024-06-18,Local Bakery,bánh sinh nhật,257000.0,1.0
2024-06-18,Local Bakery,bánh cupcake,31000.0,1.0
2024-06-18,Local Bakery,bánh mì sandwich,44000.0,1.0
2024-06-18,Local Bakery,bánh croissant,20000.0,1.0
2024-06-18,Local Bakery,bánh donut,18000.0,1.0
2024-06-19,ABC Bakery,bánh sinh nhật,299000.0,1.0
2024-06-19,ABC Bakery,bánh cupcake,35000.0,1.0
2024-06-19,ABC Bakery,bánh mì sandwich,52000.0,1.0
2024-06-19,ABC Bakery,bánh croissant,23000.0,1.0
2024-06-19,ABC Bakery,bánh donut,19000.0,1.0
2024-06-19,Paris Baguette,bánh sinh nhật,346000.0,1.0
2024-06-19,Paris Baguette,bánh cupcake,36000.0,1.0
2024-06-19,Paris Baguette,bánh mì sandwich,47000.0,1.0
2024-06-19,Paris Baguette,bánh croissant,26000.0,1.0
2024-06-19,Paris Baguette,bánh donut,22000.0,1.0
2024-06-19,Local Bakery,bánh sinh nhật,427000.0,1.0
2024-06-19,Local Bakery,bánh cupcake,38000.0,1.0
2024-06-19,Local Bakery,bánh mì sandwich,50000.0,1.0
2024-06-19,Local Bakery,bánh croissant,24000.0,1.0
2024-06-19,Local Bakery,bánh donut,21000.0,1.0
2024-06-20,ABC Bakery,bánh sinh nhật,326000.0,1.0
2024-06-20,ABC Bakery,bánh cupcake,43000.0,1.0
2024-06-20,ABC Bakery,bánh mì sandwich,45000.0,1.0
2024-06-20,ABC Bakery,bánh croissant,25000.0,1.0
2024-06-20,ABC Bakery,bánh donut,23000.0,1.0
2024-06-20,Paris Baguette,bánh sinh nhật,454000.0,1.0
2024-06-20,Paris Baguette,bánh cupcake,35000.0,1.0
2024-06-20,Paris Baguette,bánh mì sandwich,45000.0,1.0
2024-06-20,Paris Baguette,bánh croissant,26000.0,1.0
2024-06-20,Paris Baguette,bánh donut,19000.0,1.0
2024-06-20,Local Bakery,bánh sinh nhật,349000.0,1.0
2024-06-20,Local Bakery,bánh cupcake,33000.0,1.0
2024-06-20,Local Bakery,bánh mì sandwich,47000.0,1.0
2024-06-20,Local Bakery,bánh croissant,25000.0,1.0
2024-06-20,Local Bakery,bánh donut,18000.0,1.0
2024-06-21,ABC Bakery,bánh sinh nhật,307000.0,1.0
2024-06-21,ABC Bakery,bánh cupcake,27000.0,1.0
2024-06-21,ABC Bakery,bánh mì sandwich,46000.0,1.0
2024-06-21,ABC Bakery,bánh croissant,27000.0,1.0
2024-06-21,ABC Bakery,bánh donut,21000.0,1.0
2024-06-21,Paris Baguette,bánh sinh nhật,271000.0,1.0
2024-06-21,Paris Baguette,bánh cupcake,30000.0,1.0
2024-06-21,Paris Baguette,bánh mì sandwich,52000.0,1.0
2024-06-21,Paris Baguette,bánh croissant,28000.0,1.0
2024-06-21,Paris Baguette,bánh donut,18000.0,1.0
2024-06-21,Local Bakery,bánh sinh nhật,395000.0,1.0
2024-06-21,Local Bakery,bánh cupcake,31000.0,1.0
2024-06-21,Local Bakery,bánh mì sandwich,42000.0,1.0
2024-06-21,Local Bakery,bánh croissant,22000.0,1.0
2024-06-21,Local Bakery,bánh donut,20000.0,1.0
2024-06-22,ABC Bakery,bánh sinh nhật,471000.0,1.0
2024-06-22,ABC Bakery,bánh cupcake,34000.0,1.0
2024-06-22,ABC Bakery,bánh mì sandwich,46000.0,1.0
2024-06-22,ABC Bakery,bánh croissant,22000.0,1.0
2024-06-22,ABC Bakery,bánh donut,18000.0,1.0
2024-06-22,Paris Baguette,bánh sinh nhật,359000.0,1.0
2024-06-22,Paris Baguette,bánh cupcake,36000.0,1.0
2024-06-22,Paris Baguette,bánh mì sandwich,45000.0,1.0
2024-06-22,Paris Baguette,bánh croissant,27000.0,1.0
2024-06-22,Paris Baguette,bánh donut,19000.0,1.0
2024-06-22,Local Bakery,bánh sinh nhật,318000.0,1.0
2024-06-22,Local Bakery,bánh cupcake,35000.0,1.0
2024-06-22,Local Bakery,bánh mì sandwich,50000.0,1.0
2024-06-22,Local Bakery,bánh croissant,25000.0,1.0
2024-06-22,Local Bakery,bánh donut,15000.0,1.0
2024-06-23,ABC Bakery,bánh sinh nhật,197000.0,1.0
2024-06-23,ABC Bakery,bánh cupcake,36000.0,1.0
2024-06-23,ABC Bakery,bánh mì sandwich,43000.0,1.0
2024-06-23,ABC Bakery,bánh croissant,26000.0,1.0
2024-06-23,ABC Bakery,bánh donut,18000.0,1.0
2024-06-23,Paris Baguette,bánh sinh nhật,273000.0,1.0
2024-06-23,Paris Baguette,bánh cupcake,28000.0,1.0
2024-06-23,Paris Baguette,bánh mì sandwich,44000.0,1.0
2024-06-23,Paris Baguette,bánh croissant,21000.0,1.0
2024-06-23,Paris Baguette,bánh donut,19000.0,1.0
2024-06-23,Local Bakery,bánh sinh nhật,298000.0,1.0
2024-06-23,Local Bakery,bánh cupcake,31000.0,1.0
2024-06-23,Local Bakery,bánh mì sandwich,40000.0,1.0
2024-06-23,Local Bakery,bánh croissant,19000.0,1.0
2024-06-23,Local Bakery,bánh donut,20000.0,1.0
2024-06-24,ABC Bakery,bánh sinh nhật,435000.0,1.0
2024-06-24,ABC Bakery,bánh cupcake,37000.0,1.0
2024-06-24,ABC Bakery,bánh mì sandwich,49000.0,1.0
2024-06-24,ABC Bakery,bánh croissant,25000.0,1.0
2024-06-24,ABC Bakery,bánh donut,21000.0,1.0
2024-06-24,Paris Baguette,bánh sinh nhật,425000.0,1.0
2024-06-24,Paris Baguette,bánh cupcake,29000.0,1.0
2024-06-24,Paris Baguette,bánh mì sandwich,46000.0,1.0
2024-06-24,Paris Baguette,bánh croissant,23000.0,1.0
2024-06-24,Paris Baguette,bánh donut,21000.0,1.0
2024-06-24,Local Bakery,bánh sinh nhật,433000.0,1.0
2024-06-24,Local Bakery,bánh cupcake,36000.0,1.0
2024-06-24,Local Bakery,bánh mì sandwich,41000.0,1.0
2024-06-24,Local Bakery,bánh croissant,25000.0,1.0
2024-06-24,Local Bakery,bánh donut,20000.0,1.0
2024-06-25,ABC Bakery,bánh sinh nhật,450000.0,1.0
2024-06-25,ABC Bakery,bánh cupcake,32000.0,1.0
2024-06-25,ABC Bakery,bánh mì sandwich,46000.0,1.0
2024-06-25,ABC Bakery,bánh croissant,25000.0,1.0
2024-06-25,ABC Bakery,bánh donut,21000.0,1.0
2024-06-25,Paris Baguette,bánh sinh nhật,338000.0,1.0
2024-06-25,Paris Baguette,bánh cupcake,37000.0,1.0
2024-06-25,Paris Baguette,bánh mì sandwich,46000.0,1.0
2024-06-25,Paris Baguette,bánh croissant,25000.0,1.0
2024-06-25,Paris Baguette,bánh donut,23000.0,1.0
2024-06-25,Local Bakery,bánh sinh nhật,312000.0,1.0
2024-06-25,Local Bakery,bánh cupcake,36000.0,1.0
2024-06-25,Local Bakery,bánh mì sandwich,40000.0,1.0
2024-06-25,Local Bakery,bánh croissant,22000.0,1.0
2024-06-25,Local Bakery,bánh donut,20000.0,1.0
2024-06-26,ABC Bakery,bánh sinh nhật,334000.0,1.0
2024-06-26,ABC Bakery,bánh cupcake,30000.0,1.0
2024-06-26,ABC Bakery,bánh mì sandwich,45000.0,1.0
2024-06-26,ABC Bakery,bánh croissant,26000.0,1.0
2024-06-26,ABC Bakery,bánh donut,18000.0,1.0
2024-06-26,Paris Baguette,bánh sinh nhật,243000.0,1.0
2024-06-26,Paris Baguette,bánh cupcake,31000.0,1.0
2024-06-26,Paris Baguette,bánh mì sandwich,49000.0,1.0
2024-06-26,Paris Baguette,bánh croissant,26000.0,1.0
2024-06-26,Paris Baguette,bánh donut,19000.0,1.0
2024-06-26,Local Bakery,bánh sinh nhật,392000.0,1.0
2024-06-26,Local Bakery,bánh cupcake,32000.0,1.0
2024-06-26,Local Bakery,bánh mì sandwich,46000.0,1.0
2024-06-26,Local Bakery,bánh croissant,23000.0,1.0
2024-06-26,Local Bakery,bánh donut,19000.0,1.0
2024-06-27,ABC Bakery,bánh sinh nhật,425000.0,1.0
2024-06-27,ABC Bakery,bánh cupcake,35000.0,1.0
2024-06-27,ABC Bakery,bánh mì sandwich,46000.0,1.0
2024-06-27,ABC Bakery,bánh croissant,29000.0,1.0
2024-06-27,ABC Bakery,bánh donut,19000.0,1.0
2024-06-27,Paris Baguette,bánh sinh nhật,279000.0,1.0
2024-06-27,Paris Baguette,bánh cupcake,34000.0,1.0
2024-06-27,Paris Baguette,bánh mì sandwich,47000.0,1.0
2024-06-27,Paris Baguette,bánh croissant,25000.0,1.0
2024-06-27,Paris Baguette,bánh donut,23000.0,1.0
2024-06-27,Local Bakery,bánh sinh nhật,366000.0,1.0
2024-06-27,Local Bakery,bánh cupcake,34000.0,1.0
2024-06-27,Local Bakery,bánh mì sandwich,48000.0,1.0
2024-06-27,Local Bakery,bánh croissant,25000.0,1.0
2024-06-27,Local Bakery,bánh donut,19000.0,1.0
2024-06-28,ABC Bakery,bánh sinh nhật,353000.0,1.0
2024-06-28,ABC Bakery,bánh cupcake,44000.0,1.0
2024-06-28,ABC Bakery,bánh mì sandwich,46000.0,1.0
2024-06-28,ABC Bakery,bánh croissant,22000.0,1.0
2024-06-28,ABC Bakery,bánh donut,20000.0,1.0
2024-06-28,Paris Baguette,bánh sinh nhật,459000.0,1.0
2024-06-28,Paris Baguette,bánh cupcake,35000.0,1.0
2024-06-28,Paris Baguette,bánh mì sandwich,44000.0,1.0
2024-06-28,Paris Baguette,bánh croissant,24000.0,1.0
2024-06-28,Paris Baguette,bánh donut,17000.0,1.0
2024-06-28,Local Bakery,bánh sinh nhật,336000.0,1.0
2024-06-28,Local Bakery,bánh cupcake,28000.0,1.0
2024-06-28,Local Bakery,bánh mì sandwich,47000.0,1.0
2024-06-28,Local Bakery,bánh croissant,25000.0,1.0
2024-06-28,Local Bakery,bánh donut,18000.0,1.0
2024-06-29,ABC Bakery,bánh sinh nhật,357000.0,1.0
2024-06-29,ABC Bakery,bánh cupcake,36000.0,1.0
2024-06-29,ABC Bakery,bánh mì sandwich,46000.0,1.0
2024-06-29,ABC Bakery,bánh croissant,25000.0,1.0
2024-06-29,ABC Bakery,bánh donut,20000.0,1.0
2024-06-29,Paris Baguette,bánh sinh nhật,352000.0,1.0
2024-06-29,Paris Baguette,bánh cupcake,37000.0,1.0
2024-06-29,Paris Baguette,bánh mì sandwich,43000.0,1.0
2024-06-29,Paris Baguette,bánh croissant,30000.0,1.0
2024-06-29,Paris Baguette,bánh donut,18000.0,1.0
2024-06-29,Local Bakery,bánh sinh nhật,419000.0,1.0
2024-06-29,Local Bakery,bánh cupcake,30000.0,1.0
2024-06-29,Local Bakery,bánh mì sandwich,44000.0,1.0
2024-06-29,Local Bakery,bánh croissant,27000.0,1.0
2024-06-29,Local Bakery,bánh donut,19000.0,1.0
2024-06-30,ABC Bakery,bánh sinh nhật,307000.0,1.0
2024-06-30,ABC Bakery,bánh cupcake,37000.0,1.0
2024-06-30,ABC Bakery,bánh mì sandwich,43000.0,1.0
2024-06-30,ABC Bakery,bánh croissant,24000.0,1.0
2024-06-30,ABC Bakery,bánh donut,18000.0,1.0
2024-06-30,Paris Baguette,bánh sinh nhật,194000.0,1.0
2024-06-30,Paris Baguette,bánh cupcake,29000.0,1.0
2024-06-30,Paris Baguette,bánh mì sandwich,46000.0,1.0
2024-06-30,Paris Baguette,bánh croissant,28000.0,1.0
2024-06-30,Paris Baguette,bánh donut,23000.0,1.0
2024-06-30,Local Bakery,bánh sinh nhật,472000.0,1.0
2024-06-30,Local Bakery,bánh cupcake,34000.0,1.0
2024-06-30,Local Bakery,bánh mì sandwich,45000.0,1.0
2024-06-30,Local Bakery,bánh croissant,22000.0,1.0
2024-06-30,Local Bakery,bánh donut,21000.0,1.0
2024-07-01,ABC Bakery,bánh sinh nhật,335000.0,1.0
2024-07-01,ABC Bakery,bánh cupcake,34000.0,1.0
2024-07-01,ABC Bakery,bánh mì sandwich,45000.0,1.0
2024-07-01,ABC Bakery,bánh croissant,25000.0,1.0
2024-07-01,ABC Bakery,bánh donut,14000.0,1.0
2024-07-01,Paris Baguette,bánh sinh nhật,367000.0,1.0
2024-07-01,Paris Baguette,bánh cupcake,32000.0,1.0
2024-07-01,Paris Baguette,bánh mì sandwich,41000.0,1.0
2024-07-01,Paris Baguette,bánh croissant,25000.0,1.0
2024-07-01,Paris Baguette,bánh donut,19000.0,1.0
2024-07-01,Local Bakery,bánh sinh nhật,413000.0,1.0
2024-07-01,Local Bakery,bánh cupcake,36000.0,1.0
2024-07-01,Local Bakery,bánh mì sandwich,53000.0,1.0
2024-07-01,Local Bakery,bánh croissant,21000.0,1.0
2024-07-01,Local Bakery,bánh donut,19000.0,1.0
2024-07-02,ABC Bakery,bánh sinh nhật,293000.0,1.0
2024-07-02,ABC Bakery,bánh cupcake,32000.0,1.0
2024-07-02,ABC Bakery,bánh mì sandwich,45000.0,1.0
2024-07-02,ABC Bakery,bánh croissant,28000.0,1.0
2024-07-02,ABC Bakery,bánh donut,18000.0,1.0
2024-07-02,Paris Baguette,bánh sinh nhật,324000.0,1.0
2024-07-02,Paris Baguette,bánh cupcake,28000.0,1.0
2024-07-02,Paris Baguette,bánh mì sandwich,42000.0,1.0
2024-07-02,Paris Baguette,bánh croissant,25000.0,1.0
2024-07-02,Paris Baguette,bánh donut,20000.0,1.0
2024-07-02,Local Bakery,bánh sinh nhật,404000.0,1.0
2024-07-02,Local Bakery,bánh cupcake,31000.0,1.0
2024-07-02,Local Bakery,bánh mì sandwich,46000.0,1.0
2024-07-02,Local Bakery,bánh croissant,28000.0,1.0
2024-07-02,Local Bakery,bánh donut,21000.0,1.0
2024-07-03,ABC Bakery,bánh sinh nhật,353000.0,1.0
2024-07-03,ABC Bakery,bánh cupcake,39000.0,1.0
2024-07-03,ABC Bakery,bánh mì sandwich,49000.0,1.0
2024-07-03,ABC Bakery,bánh croissant,26000.0,1.0
2024-07-03,ABC Bakery,bánh donut,20000.0,1.0
2024-07-03,Paris Baguette,bánh sinh nhật,282000.0,1.0
2024-07-03,Paris Baguette,bánh cupcake,37000.0,1.0
2024-07-03,Paris Baguette,bánh mì sandwich,46000.0,1.0
2024-07-03,Paris Baguette,bánh croissant,25000.0,1.0
2024-07-03,Paris Baguette,bánh donut,22000.0,1.0
2024-07-03,Local Bakery,bánh sinh nhật,399000.0,1.0
2024-07-03,Local Bakery,bánh cupcake,35000.0,1.0
2024-07-03,Local Bakery,bánh mì sandwich,47000.0,1.0
2024-07-03,Local Bakery,bánh croissant,31000.0,1.0
2024-07-03,Local Bakery,bánh donut,20000.0,1.0
2024-07-04,ABC Bakery,bánh sinh nhật,374000.0,1.0
2024-07-04,ABC Bakery,bánh cupcake,38000.0,1.0
2024-07-04,ABC Bakery,bánh mì sandwich,47000.0,1.0
2024-07-04,ABC Bakery,bánh croissant,27000.0,1.0
2024-07-04,ABC Bakery,bánh donut,22000.0,1.0
2024-07-04,Paris Baguette,bánh sinh nhật,315000.0,1.0
2024-07-04,Paris Baguette,bánh cupcake,36000.0,1.0
2024-07-04,Paris Baguette,bánh mì sandwich,44000.0,1.0
2024-07-04,Paris Baguette,bánh croissant,26000.0,1.0
2024-07-04,Paris Baguette,bánh donut,20000.0,1.0
2024-07-04,Local Bakery,bánh sinh nhật,310000.0,1.0
2024-07-04,Local Bakery,bánh cupcake,34000.0,1.0
2024-07-04,Local Bakery,bánh mì sandwich,47000.0,1.0
2024-07-04,Local Bakery,bánh croissant,24000.0,1.0
2024-07-04,Local Bakery,bánh donut,20000.0,1.0
2024-07-05,ABC Bakery,bánh sinh nhật,228000.0,1.0
2024-07-05,ABC Bakery,bánh cupcake,38000.0,1.0
2024-07-05,ABC Bakery,bánh mì sandwich,45000.0,1.0
2024-07-05,ABC Bakery,bánh croissant,27000.0,1.0
2024-07-05,ABC Bakery,bánh donut,18000.0,1.0
2024-07-05,Paris Baguette,bánh sinh nhật,379000.0,1.0
2024-07-05,Paris Baguette,bánh cupcake,39000.0,1.0
2024-07-05,Paris Baguette,bánh mì sandwich,40000.0,1.0
2024-07-05,Paris Baguette,bánh croissant,28000.0,1.0
2024-07-05,Paris Baguette,bánh donut,21000.0,1.0
2024-07-05,Local Bakery,bánh sinh nhật,330000.0,1.0
2024-07-05,Local Bakery,bánh cupcake,34000.0,1.0
2024-07-05,Local Bakery,bánh mì sandwich,45000.0,1.0
2024-07-05,Local Bakery,bánh croissant,26000.0,1.0
2024-07-05,Local Bakery,bánh donut,20000.0,1.0
2024-07-06,ABC Bakery,bánh sinh nhật,342000.0,1.0
2024-07-06,ABC Bakery,bánh cupcake,33000.0,1.0
2024-07-06,ABC Bakery,bánh mì sandwich,44000.0,1.0
2024-07-06,ABC Bakery,bánh croissant,26000.0,1.0
2024-07-06,ABC Bakery,bánh donut,20000.0,1.0
2024-07-06,Paris Baguette,bánh sinh nhật,296000.0,1.0
2024-07-06,Paris Baguette,bánh cupcake,31000.0,1.0
2024-07-06,Paris Baguette,bánh mì sandwich,48000.0,1.0
2024-07-06,Paris Baguette,bánh croissant,24000.0,1.0
2024-07-06,Paris Baguette,bánh donut,19000.0,1.0
2024-07-06,Local Bakery,bánh sinh nhật,240000.0,1.0
2024-07-06,Local Bakery,bánh cupcake,36000.0,1.0
2024-07-06,Local Bakery,bánh mì sandwich,43000.0,1.0
2024-07-06,Local Bakery,bánh croissant,25000.0,1.0
2024-07-06,Local Bakery,bánh donut,19000.0,1.0
2024-07-07,ABC Bakery,bánh sinh nhật,350000.0,1.0
2024-07-07,ABC Bakery,bánh cupcake,37000.0,1.0
2024-07-07,ABC Bakery,bánh mì sandwich,39000.0,1.0
2024-07-07,ABC Bakery,bánh croissant,20000.0,1.0
2024-07-07,ABC Bakery,bánh donut,20000.0,1.0
2024-07-07,Paris Baguette,bánh sinh nhật,273000.0,1.0
2024-07-07,Paris Baguette,bánh cupcake,31000.0,1.0
2024-07-07,Paris Baguette,bánh mì sandwich,46000.0,1.0
2024-07-07,Paris Baguette,bánh croissant,26000.0,1.0
2024-07-07,Paris Baguette,bánh donut,20000.0,1.0
2024-07-07,Local Bakery,bánh sinh nhật,354000.0,1.0
2024-07-07,Local Bakery,bánh cupcake,34000.0,1.0
2024-07-07,Local Bakery,bánh mì sandwich,47000.0,1.0
2024-07-07,Local Bakery,bánh croissant,23000.0,1.0
2024-07-07,Local Bakery,bánh donut,19000.0,1.0
2024-07-08,ABC Bakery,bánh sinh nhật,298000.0,1.0
2024-07-08,ABC Bakery,bánh cupcake,35000.0,1.0
2024-07-08,ABC Bakery,bánh mì sandwich,43000.0,1.0
2024-07-08,ABC Bakery,bánh croissant,26000.0,1.0
2024-07-08,ABC Bakery,bánh donut,23000.0,1.0
2024-07-08,Paris Baguette,bánh sinh nhật,338000.0,1.0
2024-07-08,Paris Baguette,bánh cupcake,36000.0,1.0
2024-07-08,Paris Baguette,bánh mì sandwich,40000.0,1.0
2024-07-08,Paris Baguette,bánh croissant,21000.0,1.0
2024-07-08,Paris Baguette,bánh donut,17000.0,1.0
2024-07-08,Local Bakery,bánh sinh nhật,367000.0,1.0
2024-07-08,Local Bakery,bánh cupcake,37000.0,1.0
2024-07-08,Local Bakery,bánh mì sandwich,43000.0,1.0
2024-07-08,Local Bakery,bánh croissant,26000.0,1.0
2024-07-08,Local Bakery,bánh donut,18000.0,1.0
2024-07-09,ABC Bakery,bánh sinh nhật,427000.0,1.0
2024-07-09,ABC Bakery,bánh cupcake,31000.0,1.0
2024-07-09,ABC Bakery,bánh mì sandwich,36000.0,1.0
2024-07-09,ABC Bakery,bánh croissant,26000.0,1.0
2024-07-09,ABC Bakery,bánh donut,20000.0,1.0
2024-07-09,Paris Baguette,bánh sinh nhật,348000.0,1.0
2024-07-09,Paris Baguette,bánh cupcake,40000.0,1.0
2024-07-09,Paris Baguette,bánh mì sandwich,55000.0,1.0
2024-07-09,Paris Baguette,bánh croissant,25000.0,1.0
2024-07-09,Paris Baguette,bánh donut,20000.0,1.0
2024-07-09,Local Bakery,bánh sinh nhật,364000.0,1.0
2024-07-09,Local Bakery,bánh cupcake,35000.0,1.0
2024-07-09,Local Bakery,bánh mì sandwich,43000.0,1.0
2024-07-09,Local Bakery,bánh croissant,26000.0,1.0
2024-07-09,Local Bakery,bánh donut,21000.0,1.0
2024-07-10,ABC Bakery,bánh sinh nhật,330000.0,1.0
2024-07-10,ABC Bakery,bánh cupcake,36000.0,1.0
2024-07-10,ABC Bakery,bánh mì sandwich,50000.0,1.0
2024-07-10,ABC Bakery,bánh croissant,23000.0,1.0
2024-07-10,ABC Bakery,bánh donut,18000.0,1.0
2024-07-10,Paris Baguette,bánh sinh nhật,272000.0,1.0
2024-07-10,Paris Baguette,bánh cupcake,38000.0,1.0
2024-07-10,Paris Baguette,bánh mì sandwich,41000.0,1.0
2024-07-10,Paris Baguette,bánh croissant,25000.0,1.0
2024-07-10,Paris Baguette,bánh donut,20000.0,1.0
2024-07-10,Local Bakery,bánh sinh nhật,268000.0,1.0
2024-07-10,Local Bakery,bánh cupcake,34000.0,1.0
2024-07-10,Local Bakery,bánh mì sandwich,50000.0,1.0
2024-07-10,Local Bakery,bánh croissant,26000.0,1.0
2024-07-10,Local Bakery,bánh donut,21000.0,1.0
2024-07-11,ABC Bakery,bánh sinh nhật,330000.0,1.0
2024-07-11,ABC Bakery,bánh cupcake,37000.0,1.0
2024-07-11,ABC Bakery,bánh mì sandwich,46000.0,1.0
2024-07-11,ABC Bakery,bánh croissant,28000.0,1.0
2024-07-11,ABC Bakery,bánh donut,21000.0,1.0
2024-07-11,Paris Baguette,bánh sinh nhật,376000.0,1.0
2024-07-11,Paris Baguette,bánh cupcake,40000.0,1.0
2024-07-11,Paris Baguette,bánh mì sandwich,42000.0,1.0
2024-07-11,Paris Baguette,bánh croissant,19000.0,1.0
2024-07-11,Paris Baguette,bánh donut,24000.0,1.0
2024-07-11,Local Bakery,bánh sinh nhật,379000.0,1.0
2024-07-11,Local Bakery,bánh cupcake,39000.0,1.0
2024-07-11,Local Bakery,bánh mì sandwich,48000.0,1.0
2024-07-11,Local Bakery,bánh croissant,23000.0,1.0
2024-07-11,Local Bakery,bánh donut,24000.0,1.0
2024-07-12,ABC Bakery,bánh sinh nhật,405000.0,1.0
2024-07-12,ABC Bakery,bánh cupcake,32000.0,1.0
2024-07-12,ABC Bakery,bánh mì sandwich,48000.0,1.0
2024-07-12,ABC Bakery,bánh croissant,29000.0,1.0
2024-07-12,ABC Bakery,bánh donut,20000.0,1.0
2024-07-12,Paris Baguette,bánh sinh nhật,336000.0,1.0
2024-07-12,Paris Baguette,bánh cupcake,31000.0,1.0
2024-07-12,Paris Baguette,bánh mì sandwich,43000.0,1.0
2024-07-12,Paris Baguette,bánh croissant,26000.0,1.0
2024-07-12,Paris Baguette,bánh donut,17000.0,1.0
2024-07-12,Local Bakery,bánh sinh nhật,324000.0,1.0
2024-07-12,Local Bakery,bánh cupcake,40000.0,1.0
2024-07-12,Local Bakery,bánh mì sandwich,48000.0,1.0
2024-07-12,Local Bakery,bánh croissant,23000.0,1.0
2024-07-12,Local Bakery,bánh donut,21000.0,1.0
2024-07-13,ABC Bakery,bánh sinh nhật,359000.0,1.0
2024-07-13,ABC Bakery,bánh cupcake,37000.0,1.0
2024-07-13,ABC Bakery,bánh mì sandwich,48000.0,1.0
2024-07-13,ABC Bakery,bánh croissant,28000.0,1.0
2024-07-13,ABC Bakery,bánh donut,22000.0,1.0
2024-07-13,Paris Baguette,bánh sinh nhật,247000.0,1.0
2024-07-13,Paris Baguette,bánh cupcake,27000.0,1.0
2024-07-13,Paris Baguette,bánh mì sandwich,48000.0,1.0
2024-07-13,Paris Baguette,bánh croissant,26000.0,1.0
2024-07-13,Paris Baguette,bánh donut,19000.0,1.0
2024-07-13,Local Bakery,bánh sinh nhật,281000.0,1.0
2024-07-13,Local Bakery,bánh cupcake,34000.0,1.0
2024-07-13,Local Bakery,bánh mì sandwich,42000.0,1.0
2024-07-13,Local Bakery,bánh croissant,29000.0,1.0
2024-07-13,Local Bakery,bánh donut,21000.0,1.0
2024-07-14,ABC Bakery,bánh sinh nhật,259000.0,1.0
2024-07-14,ABC Bakery,bánh cupcake,34000.0,1.0
2024-07-14,ABC Bakery,bánh mì sandwich,40000.0,1.0
2024-07-14,ABC Bakery,bánh croissant,28000.0,1.0
2024-07-14,ABC Bakery,bánh donut,20000.0,1.0
2024-07-14,Paris Baguette,bánh sinh nhật,340000.0,1.0
2024-07-14,Paris Baguette,bánh cupcake,43000.0,1.0
2024-07-14,Paris Baguette,bánh mì sandwich,44000.0,1.0
2024-07-14,Paris Baguette,bánh croissant,26000.0,1.0
2024-07-14,Paris Baguette,bánh donut,21000.0,1.0
2024-07-14,Local Bakery,bánh sinh nhật,383000.0,1.0
2024-07-14,Local Bakery,bánh cupcake,34000.0,1.0
2024-07-14,Local Bakery,bánh mì sandwich,40000.0,1.0
2024-07-14,Local Bakery,bánh croissant,26000.0,1.0
2024-07-14,Local Bakery,bánh donut,18000.0,1.0
2024-07-15,ABC Bakery,bánh sinh nhật,337000.0,1.0
2024-07-15,ABC Bakery,bánh cupcake,37000.0,1.0
2024-07-15,ABC Bakery,bánh mì sandwich,47000.0,1.0
2024-07-15,ABC Bakery,bánh croissant,29000.0,1.0
2024-07-15,ABC Bakery,bánh donut,18000.0,1.0
2024-07-15,Paris Baguette,bánh sinh nhật,401000.0,1.0
2024-07-15,Paris Baguette,bánh cupcake,36000.0,1.0
2024-07-15,Paris Baguette,bánh mì sandwich,44000.0,1.0
2024-07-15,Paris Baguette,bánh croissant,23000.0,1.0
2024-07-15,Paris Baguette,bánh donut,21000.0,1.0
2024-07-15,Local Bakery,bánh sinh nhật,401000.0,1.0
2024-07-15,Local Bakery,bánh cupcake,38000.0,1.0
2024-07-15,Local Bakery,bánh mì sandwich,50000.0,1.0
2024-07-15,Local Bakery,bánh croissant,27000.0,1.0
2024-07-15,Local Bakery,bánh donut,22000.0,1.0
2024-07-16,ABC Bakery,bánh sinh nhật,425000.0,1.0
2024-07-16,ABC Bakery,bánh cupcake,32000.0,1.0
2024-07-16,ABC Bakery,bánh mì sandwich,47000.0,1.0
2024-07-16,ABC Bakery,bánh croissant,26000.0,1.0
2024-07-16,ABC Bakery,bánh donut,19000.0,1.0
2024-07-16,Paris Baguette,bánh sinh nhật,327000.0,1.0
2024-07-16,Paris Baguette,bánh cupcake,41000.0,1.0
2024-07-16,Paris Baguette,bánh mì sandwich,40000.0,1.0
2024-07-16,Paris Baguette,bánh croissant,30000.0,1.0
2024-07-16,Paris Baguette,bánh donut,20000.0,1.0
2024-07-16,Local Bakery,bánh sinh nhật,327000.0,1.0
2024-07-16,Local Bakery,bánh cupcake,36000.0,1.0
2024-07-16,Local Bakery,bánh mì sandwich,43000.0,1.0
2024-07-16,Local Bakery,bánh croissant,31000.0,1.0
2024-07-16,Local Bakery,bánh donut,22000.0,1.0
2024-07-17,ABC Bakery,bánh sinh nhật,338000.0,1.0
2024-07-17,ABC Bakery,bánh cupcake,28000.0,1.0
2024-07-17,ABC Bakery,bánh mì sandwich,46000.0,1.0
2024-07-17,ABC Bakery,bánh croissant,19000.0,1.0
2024-07-17,ABC Bakery,bánh donut,19000.0,1.0
2024-07-17,Paris Baguette,bánh sinh nhật,274000.0,1.0
2024-07-17,Paris Baguette,bánh cupcake,40000.0,1.0
2024-07-17,Paris Baguette,bánh mì sandwich,45000.0,1.0
2024-07-17,Paris Baguette,bánh croissant,20000.0,1.0
2024-07-17,Paris Baguette,bánh donut,23000.0,1.0
2024-07-17,Local Bakery,bánh sinh nhật,231000.0,1.0
2024-07-17,Local Bakery,bánh cupcake,32000.0,1.0
2024-07-17,Local Bakery,bánh mì sandwich,42000.0,1.0
2024-07-17,Local Bakery,bánh croissant,25000.0,1.0
2024-07-17,Local Bakery,bánh donut,19000.0,1.0
2024-07-18,ABC Bakery,bánh sinh nhật,387000.0,1.0
2024-07-18,ABC Bakery,bánh cupcake,34000.0,1.0
2024-07-18,ABC Bakery,bánh mì sandwich,45000.0,1.0
2024-07-18,ABC Bakery,bánh croissant,20000.0,1.0
2024-07-18,ABC Bakery,bánh donut,18000.0,1.0
2024-07-18,Paris Baguette,bánh sinh nhật,314000.0,1.0
2024-07-18,Paris Baguette,bánh cupcake,32000.0,1.0
2024-07-18,Paris Baguette,bánh mì sandwich,45000.0,1.0
2024-07-18,Paris Baguette,bánh croissant,28000.0,1.0
2024-07-18,Paris Baguette,bánh donut,21000.0,1.0
2024-07-18,Local Bakery,bánh sinh nhật,408000.0,1.0
2024-07-18,Local Bakery,bánh cupcake,30000.0,1.0
2024-07-18,Local Bakery,bánh mì sandwich,44000.0,1.0
2024-07-18,Local Bakery,bánh croissant,23000.0,1.0
2024-07-18,Local Bakery,bánh donut,20000.0,1.0
2024-07-19,ABC Bakery,bánh sinh nhật,455000.0,1.0
2024-07-19,ABC Bakery,bánh cupcake,35000.0,1.0
2024-07-19,ABC Bakery,bánh mì sandwich,40000.0,1.0
2024-07-19,ABC Bakery,bánh croissant,23000.0,1.0
2024-07-19,ABC Bakery,bánh donut,15000.0,1.0
2024-07-19,Paris Baguette,bánh sinh nhật,324000.0,1.0
2024-07-19,Paris Baguette,bánh cupcake,39000.0,1.0
2024-07-19,Paris Baguette,bánh mì sandwich,47000.0,1.0
2024-07-19,Paris Baguette,bánh croissant,28000.0,1.0
2024-07-19,Paris Baguette,bánh donut,18000.0,1.0
2024-07-19,Local Bakery,bánh sinh nhật,364000.0,1.0
2024-07-19,Local Bakery,bánh cupcake,35000.0,1.0
2024-07-19,Local Bakery,bánh mì sandwich,47000.0,1.0
2024-07-19,Local Bakery,bánh croissant,29000.0,1.0
2024-07-19,Local Bakery,bánh donut,20000.0,1.0
2024-07-20,ABC Bakery,bánh sinh nhật,359000.0,1.0
2024-07-20,ABC Bakery,bánh cupcake,29000.0,1.0
2024-07-20,ABC Bakery,bánh mì sandwich,43000.0,1.0
2024-07-20,ABC Bakery,bánh croissant,24000.0,1.0
2024-07-20,ABC Bakery,bánh donut,19000.0,1.0
2024-07-20,Paris Baguette,bánh sinh nhật,311000.0,1.0
2024-07-20,Paris Baguette,bánh cupcake,29000.0,1.0
2024-07-20,Paris Baguette,bánh mì sandwich,49000.0,1.0
2024-07-20,Paris Baguette,bánh croissant,26000.0,1.0
2024-07-20,Paris Baguette,bánh donut,20000.0,1.0
2024-07-20,Local Bakery,bánh sinh nhật,287000.0,1.0
2024-07-20,Local Bakery,bánh cupcake,36000.0,1.0
2024-07-20,Local Bakery,bánh mì sandwich,46000.0,1.0
2024-07-20,Local Bakery,bánh croissant,26000.0,1.0
2024-07-20,Local Bakery,bánh donut,20000.0,1.0
2024-07-21,ABC Bakery,bánh sinh nhật,374000.0,1.0
2024-07-21,ABC Bakery,bánh cupcake,38000.0,1.0
2024-07-21,ABC Bakery,bánh mì sandwich,44000.0,1.0
2024-07-21,ABC Bakery,bánh croissant,20000.0,1.0
2024-07-21,ABC Bakery,bánh donut,23000.0,1.0
2024-07-21,Paris Baguette,bánh sinh nhật,380000.0,1.0
2024-07-21,Paris Baguette,bánh cupcake,40000.0,1.0
2024-07-21,Paris Baguette,bánh mì sandwich,52000.0,1.0
2024-07-21,Paris Baguette,bánh croissant,28000.0,1.0
2024-07-21,Paris Baguette,bánh donut,19000.0,1.0
2024-07-21,Local Bakery,bánh sinh nhật,427000.0,1.0
2024-07-21,Local Bakery,bánh cupcake,33000.0,1.0
2024-07-21,Local Bakery,bánh mì sandwich,42000.0,1.0
2024-07-21,Local Bakery,bánh croissant,25000.0,1.0
2024-07-21,Local Bakery,bánh donut,18000.0,1.0
2024-07-22,ABC Bakery,bánh sinh nhật,321000.0,1.0
2024-07-22,ABC Bakery,bánh cupcake,31000.0,1.0
2024-07-22,ABC Bakery,bánh mì sandwich,48000.0,1.0
2024-07-22,ABC Bakery,bánh croissant,29000.0,1.0
2024-07-22,ABC Bakery,bánh donut,19000.0,1.0
2024-07-22,Paris Baguette,bánh sinh nhật,353000.0,1.0
2024-07-22,Paris Baguette,bánh cupcake,32000.0,1.0
2024-07-22,Paris Baguette,bánh mì sandwich,45000.0,1.0
2024-07-22,Paris Baguette,bánh croissant,28000.0,1.0
2024-07-22,Paris Baguette,bánh donut,18000.0,1.0
2024-07-22,Local Bakery,bánh sinh nhật,351000.0,1.0
2024-07-22,Local Bakery,bánh cupcake,35000.0,1.0
2024-07-22,Local Bakery,bánh mì sandwich,42000.0,1.0
2024-07-22,Local Bakery,bánh croissant,23000.0,1.0
2024-07-22,Local Bakery,bánh donut,20000.0,1.0
2024-07-23,ABC Bakery,bánh sinh nhật,380000.0,1.0
2024-07-23,ABC Bakery,bánh cupcake,37000.0,1.0
2024-07-23,ABC Bakery,bánh mì sandwich,42000.0,1.0
2024-07-23,ABC Bakery,bánh croissant,24000.0,1.0
2024-07-23,ABC Bakery,bánh donut,20000.0,1.0
2024-07-23,Paris Baguette,bánh sinh nhật,398000.0,1.0
2024-07-23,Paris Baguette,bánh cupcake,42000.0,1.0
2024-07-23,Paris Baguette,bánh mì sandwich,49000.0,1.0
2024-07-23,Paris Baguette,bánh croissant,25000.0,1.0
2024-07-23,Paris Baguette,bánh donut,18000.0,1.0
2024-07-23,Local Bakery,bánh sinh nhật,247000.0,1.0
2024-07-23,Local Bakery,bánh cupcake,40000.0,1.0
2024-07-23,Local Bakery,bánh mì sandwich,44000.0,1.0
2024-07-23,Local Bakery,bánh croissant,25000.0,1.0
2024-07-23,Local Bakery,bánh donut,21000.0,1.0
2024-07-24,ABC Bakery,bánh sinh nhật,350000.0,1.0
2024-07-24,ABC Bakery,bánh cupcake,37000.0,1.0
2024-07-24,ABC Bakery,bánh mì sandwich,48000.0,1.0
2024-07-24,ABC Bakery,bánh croissant,26000.0,1.0
2024-07-24,ABC Bakery,bánh donut,15000.0,1.0
2024-07-24,Paris Baguette,bánh sinh nhật,410000.0,1.0
2024-07-24,Paris Baguette,bánh cupcake,34000.0,1.0
2024-07-24,Paris Baguette,bánh mì sandwich,45000.0,1.0
2024-07-24,Paris Baguette,bánh croissant,23000.0,1.0
2024-07-24,Paris Baguette,bánh donut,16000.0,1.0
2024-07-24,Local Bakery,bánh sinh nhật,352000.0,1.0
2024-07-24,Local Bakery,bánh cupcake,41000.0,1.0
2024-07-24,Local Bakery,bánh mì sandwich,49000.0,1.0
2024-07-24,Local Bakery,bánh croissant,24000.0,1.0
2024-07-24,Local Bakery,bánh donut,18000.0,1.0
2024-07-25,ABC Bakery,bánh sinh nhật,287000.0,1.0
2024-07-25,ABC Bakery,bánh cupcake,34000.0,1.0
2024-07-25,ABC Bakery,bánh mì sandwich,45000.0,1.0
2024-07-25,ABC Bakery,bánh croissant,22000.0,1.0
2024-07-25,ABC Bakery,bánh donut,19000.0,1.0
2024-07-25,Paris Baguette,bánh sinh nhật,354000.0,1.0
2024-07-25,Paris Baguette,bánh cupcake,32000.0,1.0
2024-07-25,Paris Baguette,bánh mì sandwich,48000.0,1.0
2024-07-25,Paris Baguette,bánh croissant,24000.0,1.0
2024-07-25,Paris Baguette,bánh donut,19000.0,1.0
2024-07-25,Local Bakery,bánh sinh nhật,288000.0,1.0
2024-07-25,Local Bakery,bánh cupcake,30000.0,1.0
2024-07-25,Local Bakery,bánh mì sandwich,41000.0,1.0
2024-07-25,Local Bakery,bánh croissant,28000.0,1.0
2024-07-25,Local Bakery,bánh donut,20000.0,1.0
2024-07-26,ABC Bakery,bánh sinh nhật,358000.0,1.0
2024-07-26,ABC Bakery,bánh cupcake,35000.0,1.0
2024-07-26,ABC Bakery,bánh mì sandwich,55000.0,1.0
2024-07-26,ABC Bakery,bánh croissant,25000.0,1.0
2024-07-26,ABC Bakery,bánh donut,20000.0,1.0
2024-07-26,Paris Baguette,bánh sinh nhật,395000.0,1.0
2024-07-26,Paris Baguette,bánh cupcake,34000.0,1.0
2024-07-26,Paris Baguette,bánh mì sandwich,44000.0,1.0
2024-07-26,Paris Baguette,bánh croissant,24000.0,1.0
2024-07-26,Paris Baguette,bánh donut,22000.0,1.0
2024-07-26,Local Bakery,bánh sinh nhật,400000.0,1.0
2024-07-26,Local Bakery,bánh cupcake,37000.0,1.0
2024-07-26,Local Bakery,bánh mì sandwich,47000.0,1.0
2024-07-26,Local Bakery,bánh croissant,22000.0,1.0
2024-07-26,Local Bakery,bánh donut,20000.0,1.0
2024-07-27,ABC Bakery,bánh sinh nhật,345000.0,1.0
2024-07-27,ABC Bakery,bánh cupcake,35000.0,1.0
2024-07-27,ABC Bakery,bánh mì sandwich,43000.0,1.0
2024-07-27,ABC Bakery,bánh croissant,27000.0,1.0
2024-07-27,ABC Bakery,bánh donut,23000.0,1.0
2024-07-27,Paris Baguette,bánh sinh nhật,278000.0,1.0
2024-07-27,Paris Baguette,bánh cupcake,32000.0,1.0
2024-07-27,Paris Baguette,bánh mì sandwich,44000.0,1.0
2024-07-27,Paris Baguette,bánh croissant,23000.0,1.0
2024-07-27,Paris Baguette,bánh donut,19000.0,1.0
2024-07-27,Local Bakery,bánh sinh nhật,378000.0,1.0
2024-07-27,Local Bakery,bánh cupcake,45000.0,1.0
2024-07-27,Local Bakery,bánh mì sandwich,38000.0,1.0
2024-07-27,Local Bakery,bánh croissant,24000.0,1.0
2024-07-27,Local Bakery,bánh donut,21000.0,1.0
2024-07-28,ABC Bakery,bánh sinh nhật,353000.0,1.0
2024-07-28,ABC Bakery,bánh cupcake,31000.0,1.0
2024-07-28,ABC Bakery,bánh mì sandwich,45000.0,1.0
2024-07-28,ABC Bakery,bánh croissant,22000.0,1.0
2024-07-28,ABC Bakery,bánh donut,20000.0,1.0
2024-07-28,Paris Baguette,bánh sinh nhật,309000.0,1.0
2024-07-28,Paris Baguette,bánh cupcake,36000.0,1.0
2024-07-28,Paris Baguette,bánh mì sandwich,33000.0,1.0
2024-07-28,Paris Baguette,bánh croissant,28000.0,1.0
2024-07-28,Paris Baguette,bánh donut,22000.0,1.0
2024-07-28,Local Bakery,bánh sinh nhật,355000.0,1.0
2024-07-28,Local Bakery,bánh cupcake,36000.0,1.0
2024-07-28,Local Bakery,bánh mì sandwich,48000.0,1.0
2024-07-28,Local Bakery,bánh croissant,23000.0,1.0
2024-07-28,Local Bakery,bánh donut,22000.0,1.0
2024-07-29,ABC Bakery,bánh sinh nhật,434000.0,1.0
2024-07-29,ABC Bakery,bánh cupcake,34000.0,1.0
2024-07-29,ABC Bakery,bánh mì sandwich,39000.0,1.0
2024-07-29,ABC Bakery,bánh croissant,26000.0,1.0
2024-07-29,ABC Bakery,bánh donut,19000.0,1.0
2024-07-29,Paris Baguette,bánh sinh nhật,364000.0,1.0
2024-07-29,Paris Baguette,bánh cupcake,30000.0,1.0
2024-07-29,Paris Baguette,bánh mì sandwich,42000.0,1.0
2024-07-29,Paris Baguette,bánh croissant,23000.0,1.0
2024-07-29,Paris Baguette,bánh donut,17000.0,1.0
2024-07-29,Local Bakery,bánh sinh nhật,376000.0,1.0
2024-07-29,Local Bakery,bánh cupcake,35000.0,1.0
2024-07-29,Local Bakery,bánh mì sandwich,47000.0,1.0
2024-07-29,Local Bakery,bánh croissant,27000.0,1.0
2024-07-29,Local Bakery,bánh donut,24000.0,1.0
2024-07-30,ABC Bakery,bánh sinh nhật,301000.0,1.0
2024-07-30,ABC Bakery,bánh cupcake,29000.0,1.0
2024-07-30,ABC Bakery,bánh mì sandwich,49000.0,1.0
2024-07-30,ABC Bakery,bánh croissant,23000.0,1.0
2024-07-30,ABC Bakery,bánh donut,21000.0,1.0
2024-07-30,Paris Baguette,bánh sinh nhật,330000.0,1.0
2024-07-30,Paris Baguette,bánh cupcake,39000.0,1.0
2024-07-30,Paris Baguette,bánh mì sandwich,47000.0,1.0
2024-07-30,Paris Baguette,bánh croissant,25000.0,1.0
2024-07-30,Paris Baguette,bánh donut,18000.0,1.0
2024-07-30,Local Bakery,bánh sinh nhật,421000.0,1.0
2024-07-30,Local Bakery,bánh cupcake,30000.0,1.0
2024-07-30,Local Bakery,bánh mì sandwich,46000.0,1.0
2024-07-30,Local Bakery,bánh croissant,25000.0,1.0
2024-07-30,Local Bakery,bánh donut,19000.0,1.0
2024-07-31,ABC Bakery,bánh sinh nhật,308000.0,1.0
2024-07-31,ABC Bakery,bánh cupcake,31000.0,1.0
2024-07-31,ABC Bakery,bánh mì sandwich,44000.0,1.0
2024-07-31,ABC Bakery,bánh croissant,22000.0,1.0
2024-07-31,ABC Bakery,bánh donut,21000.0,1.0
2024-07-31,Paris Baguette,bánh sinh nhật,336000.0,1.0
2024-07-31,Paris Baguette,bánh cupcake,41000.0,1.0
2024-07-31,Paris Baguette,bánh mì sandwich,46000.0,1.0
2024-07-31,Paris Baguette,bánh croissant,22000.0,1.0
2024-07-31,Paris Baguette,bánh donut,19000.0,1.0
2024-07-31,Local Bakery,bánh sinh nhật,300000.0,1.0
2024-07-31,Local Bakery,bánh cupcake,30000.0,1.0
2024-07-31,Local Bakery,bánh mì sandwich,44000.0,1.0
2024-07-31,Local Bakery,bánh croissant,27000.0,1.0
2024-07-31,Local Bakery,bánh donut,19000.0,1.0
2024-08-01,ABC Bakery,bánh sinh nhật,326000.0,1.0
2024-08-01,ABC Bakery,bánh cupcake,37000.0,1.0
2024-08-01,ABC Bakery,bánh mì sandwich,46000.0,1.0
2024-08-01,ABC Bakery,bánh croissant,26000.0,1.0
2024-08-01,ABC Bakery,bánh donut,18000.0,1.0
2024-08-01,Paris Baguette,bánh sinh nhật,431000.0,1.0
2024-08-01,Paris Baguette,bánh cupcake,30000.0,1.0
2024-08-01,Paris Baguette,bánh mì sandwich,41000.0,1.0
2024-08-01,Paris Baguette,bánh croissant,28000.0,1.0
2024-08-01,Paris Baguette,bánh donut,20000.0,1.0
2024-08-01,Local Bakery,bánh sinh nhật,376000.0,1.0
2024-08-01,Local Bakery,bánh cupcake,34000.0,1.0
2024-08-01,Local Bakery,bánh mì sandwich,45000.0,1.0
2024-08-01,Local Bakery,bánh croissant,24000.0,1.0
2024-08-01,Local Bakery,bánh donut,23000.0,1.0
2024-08-02,ABC Bakery,bánh sinh nhật,393000.0,1.0
2024-08-02,ABC Bakery,bánh cupcake,26000.0,1.0
2024-08-02,ABC Bakery,bánh mì sandwich,48000.0,1.0
2024-08-02,ABC Bakery,bánh croissant,25000.0,1.0
2024-08-02,ABC Bakery,bánh donut,18000.0,1.0
2024-08-02,Paris Baguette,bánh sinh nhật,273000.0,1.0
2024-08-02,Paris Baguette,bánh cupcake,34000.0,1.0
2024-08-02,Paris Baguette,bánh mì sandwich,40000.0,1.0
2024-08-02,Paris Baguette,bánh croissant,30000.0,1.0
2024-08-02,Paris Baguette,bánh donut,20000.0,1.0
2024-08-02,Local Bakery,bánh sinh nhật,282000.0,1.0
2024-08-02,Local Bakery,bánh cupcake,39000.0,1.0
2024-08-02,Local Bakery,bánh mì sandwich,45000.0,1.0
2024-08-02,Local Bakery,bánh croissant,26000.0,1.0
2024-08-02,Local Bakery,bánh donut,19000.0,1.0
2024-08-03,ABC Bakery,bánh sinh nhật,406000.0,1.0
2024-08-03,ABC Bakery,bánh cupcake,36000.0,1.0
2024-08-03,ABC Bakery,bánh mì sandwich,47000.0,1.0
2024-08-03,ABC Bakery,bánh croissant,22000.0,1.0
2024-08-03,ABC Bakery,bánh donut,20000.0,1.0
2024-08-03,Paris Baguette,bánh sinh nhật,305000.0,1.0
2024-08-03,Paris Baguette,bánh cupcake,42000.0,1.0
2024-08-03,Paris Baguette,bánh mì sandwich,53000.0,1.0
2024-08-03,Paris Baguette,bánh croissant,29000.0,1.0
2024-08-03,Paris Baguette,bánh donut,22000.0,1.0
2024-08-03,Local Bakery,bánh sinh nhật,419000.0,1.0
2024-08-03,Local Bakery,bánh cupcake,43000.0,1.0
2024-08-03,Local Bakery,bánh mì sandwich,42000.0,1.0
2024-08-03,Local Bakery,bánh croissant,25000.0,1.0
2024-08-03,Local Bakery,bánh donut,17000.0,1.0
2024-08-04,ABC Bakery,bánh sinh nhật,319000.0,1.0
2024-08-04,ABC Bakery,bánh cupcake,37000.0,1.0
2024-08-04,ABC Bakery,bánh mì sandwich,42000.0,1.0
2024-08-04,ABC Bakery,bánh croissant,25000.0,1.0
2024-08-04,ABC Bakery,bánh donut,21000.0,1.0
2024-08-04,Paris Baguette,bánh sinh nhật,320000.0,1.0
2024-08-04,Paris Baguette,bánh cupcake,31000.0,1.0
2024-08-04,Paris Baguette,bánh mì sandwich,45000.0,1.0
2024-08-04,Paris Baguette,bánh croissant,23000.0,1.0
2024-08-04,Paris Baguette,bánh donut,21000.0,1.0
2024-08-04,Local Bakery,bánh sinh nhật,264000.0,1.0
2024-08-04,Local Bakery,bánh cupcake,36000.0,1.0
2024-08-04,Local Bakery,bánh mì sandwich,46000.0,1.0
2024-08-04,Local Bakery,bánh croissant,31000.0,1.0
2024-08-04,Local Bakery,bánh donut,25000.0,1.0
2024-08-05,ABC Bakery,bánh sinh nhật,328000.0,1.0
2024-08-05,ABC Bakery,bánh cupcake,38000.0,1.0
2024-08-05,ABC Bakery,bánh mì sandwich,46000.0,1.0
2024-08-05,ABC Bakery,bánh croissant,25000.0,1.0
2024-08-05,ABC Bakery,bánh donut,20000.0,1.0
2024-08-05,Paris Baguette,bánh sinh nhật,359000.0,1.0
2024-08-05,Paris Baguette,bánh cupcake,39000.0,1.0
2024-08-05,Paris Baguette,bánh mì sandwich,45000.0,1.0
2024-08-05,Paris Baguette,bánh croissant,23000.0,1.0
2024-08-05,Paris Baguette,bánh donut,18000.0,1.0
2024-08-05,Local Bakery,bánh sinh nhật,334000.0,1.0
2024-08-05,Local Bakery,bánh cupcake,34000.0,1.0
2024-08-05,Local Bakery,bánh mì sandwich,43000.0,1.0
2024-08-05,Local Bakery,bánh croissant,27000.0,1.0
2024-08-05,Local Bakery,bánh donut,20000.0,1.0
2024-08-06,ABC Bakery,bánh sinh nhật,378000.0,1.0
2024-08-06,ABC Bakery,bánh cupcake,37000.0,1.0
2024-08-06,ABC Bakery,bánh mì sandwich,45000.0,1.0
2024-08-06,ABC Bakery,bánh croissant,28000.0,1.0
2024-08-06,ABC Bakery,bánh donut,21000.0,1.0
2024-08-06,Paris Baguette,bánh sinh nhật,336000.0,1.0
2024-08-06,Paris Baguette,bánh cupcake,35000.0,1.0
2024-08-06,Paris Baguette,bánh mì sandwich,50000.0,1.0
2024-08-06,Paris Baguette,bánh croissant,20000.0,1.0
2024-08-06,Paris Baguette,bánh donut,16000.0,1.0
2024-08-06,Local Bakery,bánh sinh nhật,342000.0,1.0
2024-08-06,Local Bakery,bánh cupcake,26000.0,1.0
2024-08-06,Local Bakery,bánh mì sandwich,47000.0,1.0
2024-08-06,Local Bakery,bánh croissant,25000.0,1.0
2024-08-06,Local Bakery,bánh donut,24000.0,1.0
2024-08-07,ABC Bakery,bánh sinh nhật,386000.0,1.0
2024-08-07,ABC Bakery,bánh cupcake,40000.0,1.0
2024-08-07,ABC Bakery,bánh mì sandwich,44000.0,1.0
2024-08-07,ABC Bakery,bánh croissant,25000.0,1.0
2024-08-07,ABC Bakery,bánh donut,21000.0,1.0
2024-08-07,Paris Baguette,bánh sinh nhật,353000.0,1.0
2024-08-07,Paris Baguette,bánh cupcake,36000.0,1.0
2024-08-07,Paris Baguette,bánh mì sandwich,46000.0,1.0
2024-08-07,Paris Baguette,bánh croissant,22000.0,1.0
2024-08-07,Paris Baguette,bánh donut,21000.0,1.0
2024-08-07,Local Bakery,bánh sinh nhật,245000.0,1.0
2024-08-07,Local Bakery,bánh cupcake,44000.0,1.0
2024-08-07,Local Bakery,bánh mì sandwich,41000.0,1.0
2024-08-07,Local Bakery,bánh croissant,27000.0,1.0
2024-08-07,Local Bakery,bánh donut,23000.0,1.0
2024-08-08,ABC Bakery,bánh sinh nhật,262000.0,1.0
2024-08-08,ABC Bakery,bánh cupcake,29000.0,1.0
2024-08-08,ABC Bakery,bánh mì sandwich,47000.0,1.0
2024-08-08,ABC Bakery,bánh croissant,24000.0,1.0
2024-08-08,ABC Bakery,bánh donut,22000.0,1.0
2024-08-08,Paris Baguette,bánh sinh nhật,483000.0,1.0
2024-08-08,Paris Baguette,bánh cupcake,35000.0,1.0
2024-08-08,Paris Baguette,bánh mì sandwich,46000.0,1.0
2024-08-08,Paris Baguette,bánh croissant,21000.0,1.0
2024-08-08,Paris Baguette,bánh donut,21000.0,1.0
2024-08-08,Local Bakery,bánh sinh nhật,318000.0,1.0
2024-08-08,Local Bakery,bánh cupcake,37000.0,1.0
2024-08-08,Local Bakery,bánh mì sandwich,42000.0,1.0
2024-08-08,Local Bakery,bánh croissant,25000.0,1.0
2024-08-08,Local Bakery,bánh donut,18000.0,1.0
2024-08-09,ABC Bakery,bánh sinh nhật,363000.0,1.0
2024-08-09,ABC Bakery,bánh cupcake,31000.0,1.0
2024-08-09,ABC Bakery,bánh mì sandwich,42000.0,1.0
2024-08-09,ABC Bakery,bánh croissant,25000.0,1.0
2024-08-09,ABC Bakery,bánh donut,22000.0,1.0
2024-08-09,Paris Baguette,bánh sinh nhật,330000.0,1.0
2024-08-09,Paris Baguette,bánh cupcake,28000.0,1.0
2024-08-09,Paris Baguette,bánh mì sandwich,42000.0,1.0
2024-08-09,Paris Baguette,bánh croissant,27000.0,1.0
2024-08-09,Paris Baguette,bánh donut,20000.0,1.0
2024-08-09,Local Bakery,bánh sinh nhật,471000.0,1.0
2024-08-09,Local Bakery,bánh cupcake,39000.0,1.0
2024-08-09,Local Bakery,bánh mì sandwich,41000.0,1.0
2024-08-09,Local Bakery,bánh croissant,21000.0,1.0
2024-08-09,Local Bakery,bánh donut,18000.0,1.0
2024-08-10,ABC Bakery,bánh sinh nhật,324000.0,1.0
2024-08-10,ABC Bakery,bánh cupcake,41000.0,1.0
2024-08-10,ABC Bakery,bánh mì sandwich,47000.0,1.0
2024-08-10,ABC Bakery,bánh croissant,24000.0,1.0
2024-08-10,ABC Bakery,bánh donut,17000.0,1.0
2024-08-10,Paris Baguette,bánh sinh nhật,341000.0,1.0
2024-08-10,Paris Baguette,bánh cupcake,34000.0,1.0
2024-08-10,Paris Baguette,bánh mì sandwich,39000.0,1.0
2024-08-10,Paris Baguette,bánh croissant,25000.0,1.0
2024-08-10,Paris Baguette,bánh donut,21000.0,1.0
2024-08-10,Local Bakery,bánh sinh nhật,414000.0,1.0
2024-08-10,Local Bakery,bánh cupcake,32000.0,1.0
2024-08-10,Local Bakery,bánh mì sandwich,45000.0,1.0
2024-08-10,Local Bakery,bánh croissant,25000.0,1.0
2024-08-10,Local Bakery,bánh donut,22000.0,1.0
2024-08-11,ABC Bakery,bánh sinh nhật,423000.0,1.0
2024-08-11,ABC Bakery,bánh cupcake,36000.0,1.0
2024-08-11,ABC Bakery,bánh mì sandwich,45000.0,1.0
2024-08-11,ABC Bakery,bánh croissant,26000.0,1.0
2024-08-11,ABC Bakery,bánh donut,18000.0,1.0
2024-08-11,Paris Baguette,bánh sinh nhật,309000.0,1.0
2024-08-11,Paris Baguette,bánh cupcake,39000.0,1.0
2024-08-11,Paris Baguette,bánh mì sandwich,46000.0,1.0
2024-08-11,Paris Baguette,bánh croissant,26000.0,1.0
2024-08-11,Paris Baguette,bánh donut,18000.0,1.0
2024-08-11,Local Bakery,bánh sinh nhật,392000.0,1.0
2024-08-11,Local Bakery,bánh cupcake,27000.0,1.0
2024-08-11,Local Bakery,bánh mì sandwich,44000.0,1.0
2024-08-11,Local Bakery,bánh croissant,23000.0,1.0
2024-08-11,Local Bakery,bánh donut,18000.0,1.0
2024-08-12,ABC Bakery,bánh sinh nhật,232000.0,1.0
2024-08-12,ABC Bakery,bánh cupcake,40000.0,1.0
2024-08-12,ABC Bakery,bánh mì sandwich,47000.0,1.0
2024-08-12,ABC Bakery,bánh croissant,24000.0,1.0
2024-08-12,ABC Bakery,bánh donut,23000.0,1.0
2024-08-12,Paris Baguette,bánh sinh nhật,239000.0,1.0
2024-08-12,Paris Baguette,bánh cupcake,39000.0,1.0
2024-08-12,Paris Baguette,bánh mì sandwich,41000.0,1.0
2024-08-12,Paris Baguette,bánh croissant,26000.0,1.0
2024-08-12,Paris Baguette,bánh donut,20000.0,1.0
2024-08-12,Local Bakery,bánh sinh nhật,261000.0,1.0
2024-08-12,Local Bakery,bánh cupcake,35000.0,1.0
2024-08-12,Local Bakery,bánh mì sandwich,41000.0,1.0
2024-08-12,Local Bakery,bánh croissant,25000.0,1.0
2024-08-12,Local Bakery,bánh donut,18000.0,1.0
2024-08-13,ABC Bakery,bánh sinh nhật,364000.0,1.0
2024-08-13,ABC Bakery,bánh cupcake,44000.0,1.0
2024-08-13,ABC Bakery,bánh mì sandwich,47000.0,1.0
2024-08-13,ABC Bakery,bánh croissant,23000.0,1.0
2024-08-13,ABC Bakery,bánh donut,20000.0,1.0
2024-08-13,Paris Baguette,bánh sinh nhật,304000.0,1.0
2024-08-13,Paris Baguette,bánh cupcake,31000.0,1.0
2024-08-13,Paris Baguette,bánh mì sandwich,45000.0,1.0
2024-08-13,Paris Baguette,bánh croissant,26000.0,1.0
2024-08-13,Paris Baguette,bánh donut,18000.0,1.0
2024-08-13,Local Bakery,bánh sinh nhật,290000.0,1.0
2024-08-13,Local Bakery,bánh cupcake,31000.0,1.0
2024-08-13,Local Bakery,bánh mì sandwich,48000.0,1.0
2024-08-13,Local Bakery,bánh croissant,25000.0,1.0
2024-08-13,Local Bakery,bánh donut,21000.0,1.0
2024-08-14,ABC Bakery,bánh sinh nhật,345000.0,1.0
2024-08-14,ABC Bakery,bánh cupcake,33000.0,1.0
2024-08-14,ABC Bakery,bánh mì sandwich,41000.0,1.0
2024-08-14,ABC Bakery,bánh croissant,28000.0,1.0
2024-08-14,ABC Bakery,bánh donut,21000.0,1.0
2024-08-14,Paris Baguette,bánh sinh nhật,411000.0,1.0
2024-08-14,Paris Baguette,bánh cupcake,33000.0,1.0
2024-08-14,Paris Baguette,bánh mì sandwich,47000.0,1.0
2024-08-14,Paris Baguette,bánh croissant,24000.0,1.0
2024-08-14,Paris Baguette,bánh donut,20000.0,1.0
2024-08-14,Local Bakery,bánh sinh nhật,282000.0,1.0
2024-08-14,Local Bakery,bánh cupcake,38000.0,1.0
2024-08-14,Local Bakery,bánh mì sandwich,42000.0,1.0
2024-08-14,Local Bakery,bánh croissant,27000.0,1.0
2024-08-14,Local Bakery,bánh donut,22000.0,1.0
2024-08-15,ABC Bakery,bánh sinh nhật,413000.0,1.0
2024-08-15,ABC Bakery,bánh cupcake,30000.0,1.0
2024-08-15,ABC Bakery,bánh mì sandwich,44000.0,1.0
2024-08-15,ABC Bakery,bánh croissant,23000.0,1.0
2024-08-15,ABC Bakery,bánh donut,20000.0,1.0
2024-08-15,Paris Baguette,bánh sinh nhật,343000.0,1.0
2024-08-15,Paris Baguette,bánh cupcake,30000.0,1.0
2024-08-15,Paris Baguette,bánh mì sandwich,44000.0,1.0
2024-08-15,Paris Baguette,bánh croissant,25000.0,1.0
2024-08-15,Paris Baguette,bánh donut,21000.0,1.0
2024-08-15,Local Bakery,bánh sinh nhật,340000.0,1.0
2024-08-15,Local Bakery,bánh cupcake,36000.0,1.0
2024-08-15,Local Bakery,bánh mì sandwich,52000.0,1.0
2024-08-15,Local Bakery,bánh croissant,24000.0,1.0
2024-08-15,Local Bakery,bánh donut,19000.0,1.0
2024-08-16,ABC Bakery,bánh sinh nhật,295000.0,1.0
2024-08-16,ABC Bakery,bánh cupcake,40000.0,1.0
2024-08-16,ABC Bakery,bánh mì sandwich,46000.0,1.0
2024-08-16,ABC Bakery,bánh croissant,26000.0,1.0
2024-08-16,ABC Bakery,bánh donut,20000.0,1.0
2024-08-16,Paris Baguette,bánh sinh nhật,403000.0,1.0
2024-08-16,Paris Baguette,bánh cupcake,38000.0,1.0
2024-08-16,Paris Baguette,bánh mì sandwich,41000.0,1.0
2024-08-16,Paris Baguette,bánh croissant,26000.0,1.0
2024-08-16,Paris Baguette,bánh donut,20000.0,1.0
2024-08-16,Local Bakery,bánh sinh nhật,383000.0,1.0
2024-08-16,Local Bakery,bánh cupcake,29000.0,1.0
2024-08-16,Local Bakery,bánh mì sandwich,44000.0,1.0
2024-08-16,Local Bakery,bánh croissant,27000.0,1.0
2024-08-16,Local Bakery,bánh donut,20000.0,1.0
2024-08-17,ABC Bakery,bánh sinh nhật,449000.0,1.0
2024-08-17,ABC Bakery,bánh cupcake,33000.0,1.0
2024-08-17,ABC Bakery,bánh mì sandwich,42000.0,1.0
2024-08-17,ABC Bakery,bánh croissant,22000.0,1.0
2024-08-17,ABC Bakery,bánh donut,22000.0,1.0
2024-08-17,Paris Baguette,bánh sinh nhật,383000.0,1.0
2024-08-17,Paris Baguette,bánh cupcake,36000.0,1.0
2024-08-17,Paris Baguette,bánh mì sandwich,45000.0,1.0
2024-08-17,Paris Baguette,bánh croissant,26000.0,1.0
2024-08-17,Paris Baguette,bánh donut,18000.0,1.0
2024-08-17,Local Bakery,bánh sinh nhật,350000.0,1.0
2024-08-17,Local Bakery,bánh cupcake,38000.0,1.0
2024-08-17,Local Bakery,bánh mì sandwich,44000.0,1.0
2024-08-17,Local Bakery,bánh croissant,26000.0,1.0
2024-08-17,Local Bakery,bánh donut,19000.0,1.0
2024-08-18,ABC Bakery,bánh sinh nhật,348000.0,1.0
2024-08-18,ABC Bakery,bánh cupcake,41000.0,1.0
2024-08-18,ABC Bakery,bánh mì sandwich,45000.0,1.0
2024-08-18,ABC Bakery,bánh croissant,25000.0,1.0
2024-08-18,ABC Bakery,bánh donut,23000.0,1.0
2024-08-18,Paris Baguette,bánh sinh nhật,294000.0,1.0
2024-08-18,Paris Baguette,bánh cupcake,35000.0,1.0
2024-08-18,Paris Baguette,bánh mì sandwich,47000.0,1.0
2024-08-18,Paris Baguette,bánh croissant,29000.0,1.0
2024-08-18,Paris Baguette,bánh donut,19000.0,1.0
2024-08-18,Local Bakery,bánh sinh nhật,369000.0,1.0
2024-08-18,Local Bakery,bánh cupcake,48000.0,1.0
2024-08-18,Local Bakery,bánh mì sandwich,50000.0,1.0
2024-08-18,Local Bakery,bánh croissant,26000.0,1.0
2024-08-18,Local Bakery,bánh donut,18000.0,1.0
2024-08-19,ABC Bakery,bánh sinh nhật,378000.0,1.0
2024-08-19,ABC Bakery,bánh cupcake,35000.0,1.0
2024-08-19,ABC Bakery,bánh mì sandwich,47000.0,1.0
2024-08-19,ABC Bakery,bánh croissant,23000.0,1.0
2024-08-19,ABC Bakery,bánh donut,23000.0,1.0
2024-08-19,Paris Baguette,bánh sinh nhật,326000.0,1.0
2024-08-19,Paris Baguette,bánh cupcake,38000.0,1.0
2024-08-19,Paris Baguette,bánh mì sandwich,48000.0,1.0
2024-08-19,Paris Baguette,bánh croissant,24000.0,1.0
2024-08-19,Paris Baguette,bánh donut,16000.0,1.0
2024-08-19,Local Bakery,bánh sinh nhật,268000.0,1.0
2024-08-19,Local Bakery,bánh cupcake,34000.0,1.0
2024-08-19,Local Bakery,bánh mì sandwich,39000.0,1.0
2024-08-19,Local Bakery,bánh croissant,25000.0,1.0
2024-08-19,Local Bakery,bánh donut,19000.0,1.0
2024-08-20,ABC Bakery,bánh sinh nhật,365000.0,1.0
2024-08-20,ABC Bakery,bánh cupcake,31000.0,1.0
2024-08-20,ABC Bakery,bánh mì sandwich,48000.0,1.0
2024-08-20,ABC Bakery,bánh croissant,25000.0,1.0
2024-08-20,ABC Bakery,bánh donut,21000.0,1.0
2024-08-20,Paris Baguette,bánh sinh nhật,352000.0,1.0
2024-08-20,Paris Baguette,bánh cupcake,30000.0,1.0
2024-08-20,Paris Baguette,bánh mì sandwich,39000.0,1.0
2024-08-20,Paris Baguette,bánh croissant,28000.0,1.0
2024-08-20,Paris Baguette,bánh donut,22000.0,1.0
2024-08-20,Local Bakery,bánh sinh nhật,375000.0,1.0
2024-08-20,Local Bakery,bánh cupcake,32000.0,1.0
2024-08-20,Local Bakery,bánh mì sandwich,48000.0,1.0
2024-08-20,Local Bakery,bánh croissant,26000.0,1.0
2024-08-20,Local Bakery,bánh donut,19000.0,1.0
2024-08-21,ABC Bakery,bánh sinh nhật,439000.0,1.0
2024-08-21,ABC Bakery,bánh cupcake,35000.0,1.0
2024-08-21,ABC Bakery,bánh mì sandwich,46000.0,1.0
2024-08-21,ABC Bakery,bánh croissant,28000.0,1.0
2024-08-21,ABC Bakery,bánh donut,22000.0,1.0
2024-08-21,Paris Baguette,bánh sinh nhật,328000.0,1.0
2024-08-21,Paris Baguette,bánh cupcake,34000.0,1.0
2024-08-21,Paris Baguette,bánh mì sandwich,48000.0,1.0
2024-08-21,Paris Baguette,bánh croissant,23000.0,1.0
2024-08-21,Paris Baguette,bánh donut,18000.0,1.0
2024-08-21,Local Bakery,bánh sinh nhật,319000.0,1.0
2024-08-21,Local Bakery,bánh cupcake,35000.0,1.0
2024-08-21,Local Bakery,bánh mì sandwich,43000.0,1.0
2024-08-21,Local Bakery,bánh croissant,25000.0,1.0
2024-08-21,Local Bakery,bánh donut,21000.0,1.0
2024-08-22,ABC Bakery,bánh sinh nhật,306000.0,1.0
2024-08-22,ABC Bakery,bánh cupcake,32000.0,1.0
2024-08-22,ABC Bakery,bánh mì sandwich,45000.0,1.0
2024-08-22,ABC Bakery,bánh croissant,23000.0,1.0
2024-08-22,ABC Bakery,bánh donut,19000.0,1.0
2024-08-22,Paris Baguette,bánh sinh nhật,346000.0,1.0
2024-08-22,Paris Baguette,bánh cupcake,29000.0,1.0
2024-08-22,Paris Baguette,bánh mì sandwich,53000.0,1.0
2024-08-22,Paris Baguette,bánh croissant,24000.0,1.0
2024-08-22,Paris Baguette,bánh donut,20000.0,1.0
2024-08-22,Local Bakery,bánh sinh nhật,333000.0,1.0
2024-08-22,Local Bakery,bánh cupcake,25000.0,1.0
2024-08-22,Local Bakery,bánh mì sandwich,44000.0,1.0
2024-08-22,Local Bakery,bánh croissant,24000.0,1.0
2024-08-22,Local Bakery,bánh donut,23000.0,1.0
2024-08-23,ABC Bakery,bánh sinh nhật,335000.0,1.0
2024-08-23,ABC Bakery,bánh cupcake,35000.0,1.0
2024-08-23,ABC Bakery,bánh mì sandwich,45000.0,1.0
2024-08-23,ABC Bakery,bánh croissant,25000.0,1.0
2024-08-23,ABC Bakery,bánh donut,23000.0,1.0
2024-08-23,Paris Baguette,bánh sinh nhật,309000.0,1.0
2024-08-23,Paris Baguette,bánh cupcake,37000.0,1.0
2024-08-23,Paris Baguette,bánh mì sandwich,39000.0,1.0
2024-08-23,Paris Baguette,bánh croissant,25000.0,1.0
2024-08-23,Paris Baguette,bánh donut,21000.0,1.0
2024-08-23,Local Bakery,bánh sinh nhật,305000.0,1.0
2024-08-23,Local Bakery,bánh cupcake,37000.0,1.0
2024-08-23,Local Bakery,bánh mì sandwich,50000.0,1.0
2024-08-23,Local Bakery,bánh croissant,29000.0,1.0
2024-08-23,Local Bakery,bánh donut,21000.0,1.0
2024-08-24,ABC Bakery,bánh sinh nhật,480000.0,1.0
2024-08-24,ABC Bakery,bánh cupcake,34000.0,1.0
2024-08-24,ABC Bakery,bánh mì sandwich,40000.0,1.0
2024-08-24,ABC Bakery,bánh croissant,26000.0,1.0
2024-08-24,ABC Bakery,bánh donut,19000.0,1.0
2024-08-24,Paris Baguette,bánh sinh nhật,374000.0,1.0
2024-08-24,Paris Baguette,bánh cupcake,36000.0,1.0
2024-08-24,Paris Baguette,bánh mì sandwich,44000.0,1.0
2024-08-24,Paris Baguette,bánh croissant,27000.0,1.0
2024-08-24,Paris Baguette,bánh donut,23000.0,1.0
2024-08-24,Local Bakery,bánh sinh nhật,360000.0,1.0
2024-08-24,Local Bakery,bánh cupcake,37000.0,1.0
2024-08-24,Local Bakery,bánh mì sandwich,46000.0,1.0
2024-08-24,Local Bakery,bánh croissant,25000.0,1.0
2024-08-24,Local Bakery,bánh donut,19000.0,1.0
2024-08-25,ABC Bakery,bánh sinh nhật,297000.0,1.0
2024-08-25,ABC Bakery,bánh cupcake,37000.0,1.0
2024-08-25,ABC Bakery,bánh mì sandwich,41000.0,1.0
2024-08-25,ABC Bakery,bánh croissant,23000.0,1.0
2024-08-25,ABC Bakery,bánh donut,16000.0,1.0
2024-08-25,Paris Baguette,bánh sinh nhật,329000.0,1.0
2024-08-25,Paris Baguette,bánh cupcake,31000.0,1.0
2024-08-25,Paris Baguette,bánh mì sandwich,39000.0,1.0
2024-08-25,Paris Baguette,bánh croissant,26000.0,1.0
2024-08-25,Paris Baguette,bánh donut,22000.0,1.0
2024-08-25,Local Bakery,bánh sinh nhật,390000.0,1.0
2024-08-25,Local Bakery,bánh cupcake,37000.0,1.0
2024-08-25,Local Bakery,bánh mì sandwich,40000.0,1.0
2024-08-25,Local Bakery,bánh croissant,23000.0,1.0
2024-08-25,Local Bakery,bánh donut,19000.0,1.0
2024-08-26,ABC Bakery,bánh sinh nhật,402000.0,1.0
2024-08-26,ABC Bakery,bánh cupcake,33000.0,1.0
2024-08-26,ABC Bakery,bánh mì sandwich,45000.0,1.0
2024-08-26,ABC Bakery,bánh croissant,25000.0,1.0
2024-08-26,ABC Bakery,bánh donut,18000.0,1.0
2024-08-26,Paris Baguette,bánh sinh nhật,457000.0,1.0
2024-08-26,Paris Baguette,bánh cupcake,31000.0,1.0
2024-08-26,Paris Baguette,bánh mì sandwich,41000.0,1.0
2024-08-26,Paris Baguette,bánh croissant,25000.0,1.0
2024-08-26,Paris Baguette,bánh donut,19000.0,1.0
2024-08-26,Local Bakery,bánh sinh nhật,391000.0,1.0
2024-08-26,Local Bakery,bánh cupcake,33000.0,1.0
2024-08-26,Local Bakery,bánh mì sandwich,47000.0,1.0
2024-08-26,Local Bakery,bánh croissant,26000.0,1.0
2024-08-26,Local Bakery,bánh donut,23000.0,1.0
2024-08-27,ABC Bakery,bánh sinh nhật,406000.0,1.0
2024-08-27,ABC Bakery,bánh cupcake,37000.0,1.0
2024-08-27,ABC Bakery,bánh mì sandwich,41000.0,1.0
2024-08-27,ABC Bakery,bánh croissant,28000.0,1.0
2024-08-27,ABC Bakery,bánh donut,18000.0,1.0
2024-08-27,Paris Baguette,bánh sinh nhật,426000.0,1.0
2024-08-27,Paris Baguette,bánh cupcake,40000.0,1.0
2024-08-27,Paris Baguette,bánh mì sandwich,51000.0,1.0
2024-08-27,Paris Baguette,bánh croissant,26000.0,1.0
2024-08-27,Paris Baguette,bánh donut,17000.0,1.0
2024-08-27,Local Bakery,bánh sinh nhật,256000.0,1.0
2024-08-27,Local Bakery,bánh cupcake,32000.0,1.0
2024-08-27,Local Bakery,bánh mì sandwich,48000.0,1.0
2024-08-27,Local Bakery,bánh croissant,27000.0,1.0
2024-08-27,Local Bakery,bánh donut,24000.0,1.0
2024-08-28,ABC Bakery,bánh sinh nhật,353000.0,1.0
2024-08-28,ABC Bakery,bánh cupcake,42000.0,1.0
2024-08-28,ABC Bakery,bánh mì sandwich,46000.0,1.0
2024-08-28,ABC Bakery,bánh croissant,19000.0,1.0
2024-08-28,ABC Bakery,bánh donut,19000.0,1.0
2024-08-28,Paris Baguette,bánh sinh nhật,438000.0,1.0
2024-08-28,Paris Baguette,bánh cupcake,29000.0,1.0
2024-08-28,Paris Baguette,bánh mì sandwich,47000.0,1.0
2024-08-28,Paris Baguette,bánh croissant,27000.0,1.0
2024-08-28,Paris Baguette,bánh donut,21000.0,1.0
2024-08-28,Local Bakery,bánh sinh nhật,380000.0,1.0
2024-08-28,Local Bakery,bánh cupcake,39000.0,1.0
2024-08-28,Local Bakery,bánh mì sandwich,42000.0,1.0
2024-08-28,Local Bakery,bánh croissant,21000.0,1.0
2024-08-28,Local Bakery,bánh donut,19000.0,1.0
2024-08-29,ABC Bakery,bánh sinh nhật,337000.0,1.0
2024-08-29,ABC Bakery,bánh cupcake,36000.0,1.0
2024-08-29,ABC Bakery,bánh mì sandwich,41000.0,1.0
2024-08-29,ABC Bakery,bánh croissant,25000.0,1.0
2024-08-29,ABC Bakery,bánh donut,21000.0,1.0
2024-08-29,Paris Baguette,bánh sinh nhật,392000.0,1.0
2024-08-29,Paris Baguette,bánh cupcake,38000.0,1.0
2024-08-29,Paris Baguette,bánh mì sandwich,39000.0,1.0
2024-08-29,Paris Baguette,bánh croissant,25000.0,1.0
2024-08-29,Paris Baguette,bánh donut,23000.0,1.0
2024-08-29,Local Bakery,bánh sinh nhật,323000.0,1.0
2024-08-29,Local Bakery,bánh cupcake,38000.0,1.0
2024-08-29,Local Bakery,bánh mì sandwich,51000.0,1.0
2024-08-29,Local Bakery,bánh croissant,28000.0,1.0
2024-08-29,Local Bakery,bánh donut,21000.0,1.0
2024-08-30,ABC Bakery,bánh sinh nhật,379000.0,1.0
2024-08-30,ABC Bakery,bánh cupcake,36000.0,1.0
2024-08-30,ABC Bakery,bánh mì sandwich,46000.0,1.0
2024-08-30,ABC Bakery,bánh croissant,26000.0,1.0
2024-08-30,ABC Bakery,bánh donut,19000.0,1.0
2024-08-30,Paris Baguette,bánh sinh nhật,398000.0,1.0
2024-08-30,Paris Baguette,bánh cupcake,35000.0,1.0
2024-08-30,Paris Baguette,bánh mì sandwich,43000.0,1.0
2024-08-30,Paris Baguette,bánh croissant,26000.0,1.0
2024-08-30,Paris Baguette,bánh donut,18000.0,1.0
2024-08-30,Local Bakery,bánh sinh nhật,358000.0,1.0
2024-08-30,Local Bakery,bánh cupcake,36000.0,1.0
2024-08-30,Local Bakery,bánh mì sandwich,49000.0,1.0
2024-08-30,Local Bakery,bánh croissant,28000.0,1.0
2024-08-30,Local Bakery,bánh donut,17000.0,1.0
2024-08-31,ABC Bakery,bánh sinh nhật,294000.0,1.0
2024-08-31,ABC Bakery,bánh cupcake,32000.0,1.0
2024-08-31,ABC Bakery,bánh mì sandwich,47000.0,1.0
2024-08-31,ABC Bakery,bánh croissant,29000.0,1.0
2024-08-31,ABC Bakery,bánh donut,22000.0,1.0
2024-08-31,Paris Baguette,bánh sinh nhật,356000.0,1.0
2024-08-31,Paris Baguette,bánh cupcake,39000.0,1.0
2024-08-31,Paris Baguette,bánh mì sandwich,39000.0,1.0
2024-08-31,Paris Baguette,bánh croissant,25000.0,1.0
2024-08-31,Paris Baguette,bánh donut,19000.0,1.0
2024-08-31,Local Bakery,bánh sinh nhật,410000.0,1.0
2024-08-31,Local Bakery,bánh cupcake,38000.0,1.0
2024-08-31,Local Bakery,bánh mì sandwich,48000.0,1.0
2024-08-31,Local Bakery,bánh croissant,31000.0,1.0
2024-08-31,Local Bakery,bánh donut,21000.0,1.0
2024-09-01,ABC Bakery,bánh sinh nhật,567000.0,1.25
2024-09-01,ABC Bakery,bánh cupcake,52000.0,1.25
2024-09-01,ABC Bakery,bánh mì sandwich,61000.0,1.25
2024-09-01,ABC Bakery,bánh croissant,33000.0,1.25
2024-09-01,ABC Bakery,bánh donut,23000.0,1.25
2024-09-01,Paris Baguette,bánh sinh nhật,386000.0,1.25
2024-09-01,Paris Baguette,bánh cupcake,41000.0,1.25
2024-09-01,Paris Baguette,bánh mì sandwich,50000.0,1.25
2024-09-01,Paris Baguette,bánh croissant,36000.0,1.25
2024-09-01,Paris Baguette,bánh donut,23000.0,1.25
2024-09-01,Local Bakery,bánh sinh nhật,391000.0,1.25
2024-09-01,Local Bakery,bánh cupcake,52000.0,1.25
2024-09-01,Local Bakery,bánh mì sandwich,58000.0,1.25
2024-09-01,Local Bakery,bánh croissant,24000.0,1.25
2024-09-01,Local Bakery,bánh donut,21000.0,1.25
2024-09-02,ABC Bakery,bánh sinh nhật,521000.0,1.25
2024-09-02,ABC Bakery,bánh cupcake,37000.0,1.25
2024-09-02,ABC Bakery,bánh mì sandwich,57000.0,1.25
2024-09-02,ABC Bakery,bánh croissant,35000.0,1.25
2024-09-02,ABC Bakery,bánh donut,24000.0,1.25
2024-09-02,Paris Baguette,bánh sinh nhật,356000.0,1.25
2024-09-02,Paris Baguette,bánh cupcake,40000.0,1.25
2024-09-02,Paris Baguette,bánh mì sandwich,57000.0,1.25
2024-09-02,Paris Baguette,bánh croissant,29000.0,1.25
2024-09-02,Paris Baguette,bánh donut,25000.0,1.25
2024-09-02,Local Bakery,bánh sinh nhật,425000.0,1.25
2024-09-02,Local Bakery,bánh cupcake,42000.0,1.25
2024-09-02,Local Bakery,bánh mì sandwich,55000.0,1.25
2024-09-02,Local Bakery,bánh croissant,27000.0,1.25
2024-09-02,Local Bakery,bánh donut,24000.0,1.25
2024-09-03,ABC Bakery,bánh sinh nhật,535000.0,1.25
2024-09-03,ABC Bakery,bánh cupcake,43000.0,1.25
2024-09-03,ABC Bakery,bánh mì sandwich,51000.0,1.25
2024-09-03,ABC Bakery,bánh croissant,31000.0,1.25
2024-09-03,ABC Bakery,bánh donut,25000.0,1.25
2024-09-03,Paris Baguette,bánh sinh nhật,388000.0,1.25
2024-09-03,Paris Baguette,bánh cupcake,51000.0,1.25
2024-09-03,Paris Baguette,bánh mì sandwich,49000.0,1.25
2024-09-03,Paris Baguette,bánh croissant,30000.0,1.25
2024-09-03,Paris Baguette,bánh donut,24000.0,1.25
2024-09-03,Local Bakery,bánh sinh nhật,562000.0,1.25
2024-09-03,Local Bakery,bánh cupcake,49000.0,1.25
2024-09-03,Local Bakery,bánh mì sandwich,55000.0,1.25
2024-09-03,Local Bakery,bánh croissant,29000.0,1.25
2024-09-03,Local Bakery,bánh donut,25000.0,1.25
2024-09-04,ABC Bakery,bánh sinh nhật,453000.0,1.25
2024-09-04,ABC Bakery,bánh cupcake,46000.0,1.25
2024-09-04,ABC Bakery,bánh mì sandwich,46000.0,1.25
2024-09-04,ABC Bakery,bánh croissant,27000.0,1.25
2024-09-04,ABC Bakery,bánh donut,26000.0,1.25
2024-09-04,Paris Baguette,bánh sinh nhật,243000.0,1.25
2024-09-04,Paris Baguette,bánh cupcake,46000.0,1.25
2024-09-04,Paris Baguette,bánh mì sandwich,58000.0,1.25
2024-09-04,Paris Baguette,bánh croissant,31000.0,1.25
2024-09-04,Paris Baguette,bánh donut,24000.0,1.25
2024-09-04,Local Bakery,bánh sinh nhật,462000.0,1.25
2024-09-04,Local Bakery,bánh cupcake,48000.0,1.25
2024-09-04,Local Bakery,bánh mì sandwich,53000.0,1.25
2024-09-04,Local Bakery,bánh croissant,35000.0,1.25
2024-09-04,Local Bakery,bánh donut,23000.0,1.25
2024-09-05,ABC Bakery,bánh sinh nhật,507000.0,1.25
2024-09-05,ABC Bakery,bánh cupcake,52000.0,1.25
2024-09-05,ABC Bakery,bánh mì sandwich,58000.0,1.25
2024-09-05,ABC Bakery,bánh croissant,28000.0,1.25
2024-09-05,ABC Bakery,bánh donut,25000.0,1.25
2024-09-05,Paris Baguette,bánh sinh nhật,572000.0,1.25
2024-09-05,Paris Baguette,bánh cupcake,44000.0,1.25
2024-09-05,Paris Baguette,bánh mì sandwich,55000.0,1.25
2024-09-05,Paris Baguette,bánh croissant,33000.0,1.25
2024-09-05,Paris Baguette,bánh donut,25000.0,1.25
2024-09-05,Local Bakery,bánh sinh nhật,396000.0,1.25
2024-09-05,Local Bakery,bánh cupcake,53000.0,1.25
2024-09-05,Local Bakery,bánh mì sandwich,58000.0,1.25
2024-09-05,Local Bakery,bánh croissant,34000.0,1.25
2024-09-05,Local Bakery,bánh donut,25000.0,1.25
2024-09-06,ABC Bakery,bánh sinh nhật,482000.0,1.25
2024-09-06,ABC Bakery,bánh cupcake,43000.0,1.25
2024-09-06,ABC Bakery,bánh mì sandwich,60000.0,1.25
2024-09-06,ABC Bakery,bánh croissant,33000.0,1.25
2024-09-06,ABC Bakery,bánh donut,26000.0,1.25
2024-09-06,Paris Baguette,bánh sinh nhật,228000.0,1.25
2024-09-06,Paris Baguette,bánh cupcake,46000.0,1.25
2024-09-06,Paris Baguette,bánh mì sandwich,59000.0,1.25
2024-09-06,Paris Baguette,bánh croissant,30000.0,1.25
2024-09-06,Paris Baguette,bánh donut,25000.0,1.25
2024-09-06,Local Bakery,bánh sinh nhật,469000.0,1.25
2024-09-06,Local Bakery,bánh cupcake,44000.0,1.25
2024-09-06,Local Bakery,bánh mì sandwich,57000.0,1.25
2024-09-06,Local Bakery,bánh croissant,30000.0,1.25
2024-09-06,Local Bakery,bánh donut,25000.0,1.25
2024-09-07,ABC Bakery,bánh sinh nhật,361000.0,1.25
2024-09-07,ABC Bakery,bánh cupcake,53000.0,1.25
2024-09-07,ABC Bakery,bánh mì sandwich,53000.0,1.25
2024-09-07,ABC Bakery,bánh croissant,30000.0,1.25
2024-09-07,ABC Bakery,bánh donut,25000.0,1.25
2024-09-07,Paris Baguette,bánh sinh nhật,438000.0,1.25
2024-09-07,Paris Baguette,bánh cupcake,41000.0,1.25
2024-09-07,Paris Baguette,bánh mì sandwich,56000.0,1.25
2024-09-07,Paris Baguette,bánh croissant,34000.0,1.25
2024-09-07,Paris Baguette,bánh donut,29000.0,1.25
2024-09-07,Local Bakery,bánh sinh nhật,440000.0,1.25
2024-09-07,Local Bakery,bánh cupcake,48000.0,1.25
2024-09-07,Local Bakery,bánh mì sandwich,52000.0,1.25
2024-09-07,Local Bakery,bánh croissant,34000.0,1.25
2024-09-07,Local Bakery,bánh donut,25000.0,1.25
2024-09-08,ABC Bakery,bánh sinh nhật,478000.0,1.25
2024-09-08,ABC Bakery,bánh cupcake,49000.0,1.25
2024-09-08,ABC Bakery,bánh mì sandwich,62000.0,1.25
2024-09-08,ABC Bakery,bánh croissant,25000.0,1.25
2024-09-08,ABC Bakery,bánh donut,21000.0,1.25
2024-09-08,Paris Baguette,bánh sinh nhật,347000.0,1.25
2024-09-08,Paris Baguette,bánh cupcake,44000.0,1.25
2024-09-08,Paris Baguette,bánh mì sandwich,58000.0,1.25
2024-09-08,Paris Baguette,bánh croissant,29000.0,1.25
2024-09-08,Paris Baguette,bánh donut,24000.0,1.25
2024-09-08,Local Bakery,bánh sinh nhật,384000.0,1.25
2024-09-08,Local Bakery,bánh cupcake,40000.0,1.25
2024-09-08,Local Bakery,bánh mì sandwich,48000.0,1.25
2024-09-08,Local Bakery,bánh croissant,28000.0,1.25
2024-09-08,Local Bakery,bánh donut,27000.0,1.25
2024-09-09,ABC Bakery,bánh sinh nhật,409000.0,1.25
2024-09-09,ABC Bakery,bánh cupcake,45000.0,1.25
2024-09-09,ABC Bakery,bánh mì sandwich,56000.0,1.25
2024-09-09,ABC Bakery,bánh croissant,26000.0,1.25
2024-09-09,ABC Bakery,bánh donut,24000.0,1.25
2024-09-09,Paris Baguette,bánh sinh nhật,387000.0,1.25
2024-09-09,Paris Baguette,bánh cupcake,55000.0,1.25
2024-09-09,Paris Baguette,bánh mì sandwich,54000.0,1.25
2024-09-09,Paris Baguette,bánh croissant,34000.0,1.25
2024-09-09,Paris Baguette,bánh donut,26000.0,1.25
2024-09-09,Local Bakery,bánh sinh nhật,471000.0,1.25
2024-09-09,Local Bakery,bánh cupcake,45000.0,1.25
2024-09-09,Local Bakery,bánh mì sandwich,49000.0,1.25
2024-09-09,Local Bakery,bánh croissant,30000.0,1.25
2024-09-09,Local Bakery,bánh donut,26000.0,1.25
2024-09-10,ABC Bakery,bánh sinh nhật,449000.0,1.25
2024-09-10,ABC Bakery,bánh cupcake,38000.0,1.25
2024-09-10,ABC Bakery,bánh mì sandwich,60000.0,1.25
2024-09-10,ABC Bakery,bánh croissant,32000.0,1.25
2024-09-10,ABC Bakery,bánh donut,24000.0,1.25
2024-09-10,Paris Baguette,bánh sinh nhật,441000.0,1.25
2024-09-10,Paris Baguette,bánh cupcake,52000.0,1.25
2024-09-10,Paris Baguette,bánh mì sandwich,56000.0,1.25
2024-09-10,Paris Baguette,bánh croissant,28000.0,1.25
2024-09-10,Paris Baguette,bánh donut,25000.0,1.25
2024-09-10,Local Bakery,bánh sinh nhật,510000.0,1.25
2024-09-10,Local Bakery,bánh cupcake,51000.0,1.25
2024-09-10,Local Bakery,bánh mì sandwich,52000.0,1.25
2024-09-10,Local Bakery,bánh croissant,36000.0,1.25
2024-09-10,Local Bakery,bánh donut,25000.0,1.25
2024-09-11,ABC Bakery,bánh sinh nhật,332000.0,1.25
2024-09-11,ABC Bakery,bánh cupcake,54000.0,1.25
2024-09-11,ABC Bakery,bánh mì sandwich,55000.0,1.25
2024-09-11,ABC Bakery,bánh croissant,34000.0,1.25
2024-09-11,ABC Bakery,bánh donut,23000.0,1.25
2024-09-11,Paris Baguette,bánh sinh nhật,406000.0,1.25
2024-09-11,Paris Baguette,bánh cupcake,49000.0,1.25
2024-09-11,Paris Baguette,bánh mì sandwich,54000.0,1.25
2024-09-11,Paris Baguette,bánh croissant,30000.0,1.25
2024-09-11,Paris Baguette,bánh donut,25000.0,1.25
2024-09-11,Local Bakery,bánh sinh nhật,366000.0,1.25
2024-09-11,Local Bakery,bánh cupcake,38000.0,1.25
2024-09-11,Local Bakery,bánh mì sandwich,52000.0,1.25
2024-09-11,Local Bakery,bánh croissant,32000.0,1.25
2024-09-11,Local Bakery,bánh donut,23000.0,1.25
2024-09-12,ABC Bakery,bánh sinh nhật,422000.0,1.25
2024-09-12,ABC Bakery,bánh cupcake,44000.0,1.25
2024-09-12,ABC Bakery,bánh mì sandwich,60000.0,1.25
2024-09-12,ABC Bakery,bánh croissant,33000.0,1.25
2024-09-12,ABC Bakery,bánh donut,26000.0,1.25
2024-09-12,Paris Baguette,bánh sinh nhật,486000.0,1.25
2024-09-12,Paris Baguette,bánh cupcake,49000.0,1.25
2024-09-12,Paris Baguette,bánh mì sandwich,50000.0,1.25
2024-09-12,Paris Baguette,bánh croissant,30000.0,1.25
2024-09-12,Paris Baguette,bánh donut,25000.0,1.25
2024-09-12,Local Bakery,bánh sinh nhật,452000.0,1.25
2024-09-12,Local Bakery,bánh cupcake,42000.0,1.25
2024-09-12,Local Bakery,bánh mì sandwich,63000.0,1.25
2024-09-12,Local Bakery,bánh croissant,35000.0,1.25
2024-09-12,Local Bakery,bánh donut,25000.0,1.25
2024-09-13,ABC Bakery,bánh sinh nhật,404000.0,1.25
2024-09-13,ABC Bakery,bánh cupcake,47000.0,1.25
2024-09-13,ABC Bakery,bánh mì sandwich,55000.0,1.25
2024-09-13,ABC Bakery,bánh croissant,36000.0,1.25
2024-09-13,ABC Bakery,bánh donut,24000.0,1.25
2024-09-13,Paris Baguette,bánh sinh nhật,461000.0,1.25
2024-09-13,Paris Baguette,bánh cupcake,40000.0,1.25
2024-09-13,Paris Baguette,bánh mì sandwich,58000.0,1.25
2024-09-13,Paris Baguette,bánh croissant,29000.0,1.25
2024-09-13,Paris Baguette,bánh donut,29000.0,1.25
2024-09-13,Local Bakery,bánh sinh nhật,493000.0,1.25
2024-09-13,Local Bakery,bánh cupcake,44000.0,1.25
2024-09-13,Local Bakery,bánh mì sandwich,51000.0,1.25
2024-09-13,Local Bakery,bánh croissant,30000.0,1.25
2024-09-13,Local Bakery,bánh donut,25000.0,1.25
2024-09-14,ABC Bakery,bánh sinh nhật,446000.0,1.25
2024-09-14,ABC Bakery,bánh cupcake,53000.0,1.25
2024-09-14,ABC Bakery,bánh mì sandwich,51000.0,1.25
2024-09-14,ABC Bakery,bánh croissant,30000.0,1.25
2024-09-14,ABC Bakery,bánh donut,27000.0,1.25
2024-09-14,Paris Baguette,bánh sinh nhật,390000.0,1.25
2024-09-14,Paris Baguette,bánh cupcake,43000.0,1.25
2024-09-14,Paris Baguette,bánh mì sandwich,62000.0,1.25
2024-09-14,Paris Baguette,bánh croissant,33000.0,1.25
2024-09-14,Paris Baguette,bánh donut,26000.0,1.25
2024-09-14,Local Bakery,bánh sinh nhật,414000.0,1.25
2024-09-14,Local Bakery,bánh cupcake,48000.0,1.25
2024-09-14,Local Bakery,bánh mì sandwich,54000.0,1.25
2024-09-14,Local Bakery,bánh croissant,30000.0,1.25
2024-09-14,Local Bakery,bánh donut,26000.0,1.25
2024-09-15,ABC Bakery,bánh sinh nhật,474000.0,1.25
2024-09-15,ABC Bakery,bánh cupcake,40000.0,1.25
2024-09-15,ABC Bakery,bánh mì sandwich,50000.0,1.25
2024-09-15,ABC Bakery,bánh croissant,29000.0,1.25
2024-09-15,ABC Bakery,bánh donut,25000.0,1.25
2024-09-15,Paris Baguette,bánh sinh nhật,510000.0,1.25
2024-09-15,Paris Baguette,bánh cupcake,39000.0,1.25
2024-09-15,Paris Baguette,bánh mì sandwich,48000.0,1.25
2024-09-15,Paris Baguette,bánh croissant,32000.0,1.25
2024-09-15,Paris Baguette,bánh donut,24000.0,1.25
2024-09-15,Local Bakery,bánh sinh nhật,400000.0,1.25
2024-09-15,Local Bakery,bánh cupcake,45000.0,1.25
2024-09-15,Local Bakery,bánh mì sandwich,53000.0,1.25
2024-09-15,Local Bakery,bánh croissant,30000.0,1.25
2024-09-15,Local Bakery,bánh donut,26000.0,1.25
2024-09-16,ABC Bakery,bánh sinh nhật,436000.0,1.25
2024-09-16,ABC Bakery,bánh cupcake,51000.0,1.25
2024-09-16,ABC Bakery,bánh mì sandwich,60000.0,1.25
2024-09-16,ABC Bakery,bánh croissant,39000.0,1.25
2024-09-16,ABC Bakery,bánh donut,28000.0,1.25
2024-09-16,Paris Baguette,bánh sinh nhật,438000.0,1.25
2024-09-16,Paris Baguette,bánh cupcake,51000.0,1.25
2024-09-16,Paris Baguette,bánh mì sandwich,56000.0,1.25
2024-09-16,Paris Baguette,bánh croissant,31000.0,1.25
2024-09-16,Paris Baguette,bánh donut,23000.0,1.25
2024-09-16,Local Bakery,bánh sinh nhật,409000.0,1.25
2024-09-16,Local Bakery,bánh cupcake,45000.0,1.25
2024-09-16,Local Bakery,bánh mì sandwich,56000.0,1.25
2024-09-16,Local Bakery,bánh croissant,34000.0,1.25
2024-09-16,Local Bakery,bánh donut,29000.0,1.25
2024-09-17,ABC Bakery,bánh sinh nhật,587000.0,1.25
2024-09-17,ABC Bakery,bánh cupcake,38000.0,1.25
2024-09-17,ABC Bakery,bánh mì sandwich,52000.0,1.25
2024-09-17,ABC Bakery,bánh croissant,29000.0,1.25
2024-09-17,ABC Bakery,bánh donut,25000.0,1.25
2024-09-17,Paris Baguette,bánh sinh nhật,620000.0,1.25
2024-09-17,Paris Baguette,bánh cupcake,37000.0,1.25
2024-09-17,Paris Baguette,bánh mì sandwich,54000.0,1.25
2024-09-17,Paris Baguette,bánh croissant,36000.0,1.25
2024-09-17,Paris Baguette,bánh donut,24000.0,1.25
2024-09-17,Local Bakery,bánh sinh nhật,433000.0,1.25
2024-09-17,Local Bakery,bánh cupcake,50000.0,1.25
2024-09-17,Local Bakery,bánh mì sandwich,43000.0,1.25
2024-09-17,Local Bakery,bánh croissant,35000.0,1.25
2024-09-17,Local Bakery,bánh donut,25000.0,1.25
2024-09-18,ABC Bakery,bánh sinh nhật,388000.0,1.25
2024-09-18,ABC Bakery,bánh cupcake,55000.0,1.25
2024-09-18,ABC Bakery,bánh mì sandwich,60000.0,1.25
2024-09-18,ABC Bakery,bánh croissant,30000.0,1.25
2024-09-18,ABC Bakery,bánh donut,29000.0,1.25
2024-09-18,Paris Baguette,bánh sinh nhật,368000.0,1.25
2024-09-18,Paris Baguette,bánh cupcake,42000.0,1.25
2024-09-18,Paris Baguette,bánh mì sandwich,51000.0,1.25
2024-09-18,Paris Baguette,bánh croissant,32000.0,1.25
2024-09-18,Paris Baguette,bánh donut,26000.0,1.25
2024-09-18,Local Bakery,bánh sinh nhật,343000.0,1.25
2024-09-18,Local Bakery,bánh cupcake,56000.0,1.25
2024-09-18,Local Bakery,bánh mì sandwich,59000.0,1.25
2024-09-18,Local Bakery,bánh croissant,30000.0,1.25
2024-09-18,Local Bakery,bánh donut,30000.0,1.25
2024-09-19,ABC Bakery,bánh sinh nhật,459000.0,1.25
2024-09-19,ABC Bakery,bánh cupcake,44000.0,1.25
2024-09-19,ABC Bakery,bánh mì sandwich,54000.0,1.25
2024-09-19,ABC Bakery,bánh croissant,34000.0,1.25
2024-09-19,ABC Bakery,bánh donut,24000.0,1.25
2024-09-19,Paris Baguette,bánh sinh nhật,344000.0,1.25
2024-09-19,Paris Baguette,bánh cupcake,51000.0,1.25
2024-09-19,Paris Baguette,bánh mì sandwich,53000.0,1.25
2024-09-19,Paris Baguette,bánh croissant,31000.0,1.25
2024-09-19,Paris Baguette,bánh donut,24000.0,1.25
2024-09-19,Local Bakery,bánh sinh nhật,339000.0,1.25
2024-09-19,Local Bakery,bánh cupcake,40000.0,1.25
2024-09-19,Local Bakery,bánh mì sandwich,52000.0,1.25
2024-09-19,Local Bakery,bánh croissant,38000.0,1.25
2024-09-19,Local Bakery,bánh donut,28000.0,1.25
2024-09-20,ABC Bakery,bánh sinh nhật,376000.0,1.25
2024-09-20,ABC Bakery,bánh cupcake,40000.0,1.25
2024-09-20,ABC Bakery,bánh mì sandwich,59000.0,1.25
2024-09-20,ABC Bakery,bánh croissant,32000.0,1.25
2024-09-20,ABC Bakery,bánh donut,26000.0,1.25
2024-09-20,Paris Baguette,bánh sinh nhật,460000.0,1.25
2024-09-20,Paris Baguette,bánh cupcake,42000.0,1.25
2024-09-20,Paris Baguette,bánh mì sandwich,64000.0,1.25
2024-09-20,Paris Baguette,bánh croissant,24000.0,1.25
2024-09-20,Paris Baguette,bánh donut,27000.0,1.25
2024-09-20,Local Bakery,bánh sinh nhật,340000.0,1.25
2024-09-20,Local Bakery,bánh cupcake,42000.0,1.25
2024-09-20,Local Bakery,bánh mì sandwich,57000.0,1.25
2024-09-20,Local Bakery,bánh croissant,34000.0,1.25
2024-09-20,Local Bakery,bánh donut,28000.0,1.25
2024-09-21,ABC Bakery,bánh sinh nhật,432000.0,1.25
2024-09-21,ABC Bakery,bánh cupcake,45000.0,1.25
2024-09-21,ABC Bakery,bánh mì sandwich,51000.0,1.25
2024-09-21,ABC Bakery,bánh croissant,28000.0,1.25
2024-09-21,ABC Bakery,bánh donut,25000.0,1.25
2024-09-21,Paris Baguette,bánh sinh nhật,469000.0,1.25
2024-09-21,Paris Baguette,bánh cupcake,48000.0,1.25
2024-09-21,Paris Baguette,bánh mì sandwich,53000.0,1.25
2024-09-21,Paris Baguette,bánh croissant,35000.0,1.25
2024-09-21,Paris Baguette,bánh donut,24000.0,1.25
2024-09-21,Local Bakery,bánh sinh nhật,406000.0,1.25
2024-09-21,Local Bakery,bánh cupcake,51000.0,1.25
2024-09-21,Local Bakery,bánh mì sandwich,49000.0,1.25
2024-09-21,Local Bakery,bánh croissant,30000.0,1.25
2024-09-21,Local Bakery,bánh donut,20000.0,1.25
2024-09-22,ABC Bakery,bánh sinh nhật,376000.0,1.25
2024-09-22,ABC Bakery,bánh cupcake,38000.0,1.25
2024-09-22,ABC Bakery,bánh mì sandwich,60000.0,1.25
2024-09-22,ABC Bakery,bánh croissant,36000.0,1.25
2024-09-22,ABC Bakery,bánh donut,23000.0,1.25
2024-09-22,Paris Baguette,bánh sinh nhật,422000.0,1.25
2024-09-22,Paris Baguette,bánh cupcake,38000.0,1.25
2024-09-22,Paris Baguette,bánh mì sandwich,55000.0,1.25
2024-09-22,Paris Baguette,bánh croissant,29000.0,1.25
2024-09-22,Paris Baguette,bánh donut,25000.0,1.25
2024-09-22,Local Bakery,bánh sinh nhật,430000.0,1.25
2024-09-22,Local Bakery,bánh cupcake,43000.0,1.25
2024-09-22,Local Bakery,bánh mì sandwich,51000.0,1.25
2024-09-22,Local Bakery,bánh croissant,30000.0,1.25
2024-09-22,Local Bakery,bánh donut,24000.0,1.25
2024-09-23,ABC Bakery,bánh sinh nhật,368000.0,1.25
2024-09-23,ABC Bakery,bánh cupcake,42000.0,1.25
2024-09-23,ABC Bakery,bánh mì sandwich,62000.0,1.25
2024-09-23,ABC Bakery,bánh croissant,31000.0,1.25
2024-09-23,ABC Bakery,bánh donut,26000.0,1.25
2024-09-23,Paris Baguette,bánh sinh nhật,455000.0,1.25
2024-09-23,Paris Baguette,bánh cupcake,40000.0,1.25
2024-09-23,Paris Baguette,bánh mì sandwich,49000.0,1.25
2024-09-23,Paris Baguette,bánh croissant,31000.0,1.25
2024-09-23,Paris Baguette,bánh donut,24000.0,1.25
2024-09-23,Local Bakery,bánh sinh nhật,473000.0,1.25
2024-09-23,Local Bakery,bánh cupcake,47000.0,1.25
2024-09-23,Local Bakery,bánh mì sandwich,51000.0,1.25
2024-09-23,Local Bakery,bánh croissant,31000.0,1.25
2024-09-23,Local Bakery,bánh donut,27000.0,1.25
2024-09-24,ABC Bakery,bánh sinh nhật,446000.0,1.25
2024-09-24,ABC Bakery,bánh cupcake,41000.0,1.25
2024-09-24,ABC Bakery,bánh mì sandwich,55000.0,1.25
2024-09-24,ABC Bakery,bánh croissant,31000.0,1.25
2024-09-24,ABC Bakery,bánh donut,23000.0,1.25
2024-09-24,Paris Baguette,bánh sinh nhật,424000.0,1.25
2024-09-24,Paris Baguette,bánh cupcake,43000.0,1.25
2024-09-24,Paris Baguette,bánh mì sandwich,59000.0,1.25
2024-09-24,Paris Baguette,bánh croissant,28000.0,1.25
2024-09-24,Paris Baguette,bánh donut,24000.0,1.25
2024-09-24,Local Bakery,bánh sinh nhật,383000.0,1.25
2024-09-24,Local Bakery,bánh cupcake,41000.0,1.25
2024-09-24,Local Bakery,bánh mì sandwich,65000.0,1.25
2024-09-24,Local Bakery,bánh croissant,30000.0,1.25
2024-09-24,Local Bakery,bánh donut,26000.0,1.25
2024-09-25,ABC Bakery,bánh sinh nhật,375000.0,1.25
2024-09-25,ABC Bakery,bánh cupcake,49000.0,1.25
2024-09-25,ABC Bakery,bánh mì sandwich,53000.0,1.25
2024-09-25,ABC Bakery,bánh croissant,28000.0,1.25
2024-09-25,ABC Bakery,bánh donut,24000.0,1.25
2024-09-25,Paris Baguette,bánh sinh nhật,430000.0,1.25
2024-09-25,Paris Baguette,bánh cupcake,41000.0,1.25
2024-09-25,Paris Baguette,bánh mì sandwich,57000.0,1.25
2024-09-25,Paris Baguette,bánh croissant,35000.0,1.25
2024-09-25,Paris Baguette,bánh donut,27000.0,1.25
2024-09-25,Local Bakery,bánh sinh nhật,441000.0,1.25
2024-09-25,Local Bakery,bánh cupcake,41000.0,1.25
2024-09-25,Local Bakery,bánh mì sandwich,52000.0,1.25
2024-09-25,Local Bakery,bánh croissant,26000.0,1.25
2024-09-25,Local Bakery,bánh donut,27000.0,1.25
2024-09-26,ABC Bakery,bánh sinh nhật,376000.0,1.25
2024-09-26,ABC Bakery,bánh cupcake,47000.0,1.25
2024-09-26,ABC Bakery,bánh mì sandwich,49000.0,1.25
2024-09-26,ABC Bakery,bánh croissant,33000.0,1.25
2024-09-26,ABC Bakery,bánh donut,27000.0,1.25
2024-09-26,Paris Baguette,bánh sinh nhật,419000.0,1.25
2024-09-26,Paris Baguette,bánh cupcake,40000.0,1.25
2024-09-26,Paris Baguette,bánh mì sandwich,58000.0,1.25
2024-09-26,Paris Baguette,bánh croissant,33000.0,1.25
2024-09-26,Paris Baguette,bánh donut,25000.0,1.25
2024-09-26,Local Bakery,bánh sinh nhật,455000.0,1.25
2024-09-26,Local Bakery,bánh cupcake,45000.0,1.25
2024-09-26,Local Bakery,bánh mì sandwich,49000.0,1.25
2024-09-26,Local Bakery,bánh croissant,29000.0,1.25
2024-09-26,Local Bakery,bánh donut,23000.0,1.25
2024-09-27,ABC Bakery,bánh sinh nhật,466000.0,1.25
2024-09-27,ABC Bakery,bánh cupcake,44000.0,1.25
2024-09-27,ABC Bakery,bánh mì sandwich,55000.0,1.25
2024-09-27,ABC Bakery,bánh croissant,33000.0,1.25
2024-09-27,ABC Bakery,bánh donut,24000.0,1.25
2024-09-27,Paris Baguette,bánh sinh nhật,420000.0,1.25
2024-09-27,Paris Baguette,bánh cupcake,39000.0,1.25
2024-09-27,Paris Baguette,bánh mì sandwich,58000.0,1.25
2024-09-27,Paris Baguette,bánh croissant,33000.0,1.25
2024-09-27,Paris Baguette,bánh donut,28000.0,1.25
2024-09-27,Local Bakery,bánh sinh nhật,538000.0,1.25
2024-09-27,Local Bakery,bánh cupcake,41000.0,1.25
2024-09-27,Local Bakery,bánh mì sandwich,59000.0,1.25
2024-09-27,Local Bakery,bánh croissant,33000.0,1.25
2024-09-27,Local Bakery,bánh donut,23000.0,1.25
2024-09-28,ABC Bakery,bánh sinh nhật,489000.0,1.25
2024-09-28,ABC Bakery,bánh cupcake,44000.0,1.25
2024-09-28,ABC Bakery,bánh mì sandwich,53000.0,1.25
2024-09-28,ABC Bakery,bánh croissant,36000.0,1.25
2024-09-28,ABC Bakery,bánh donut,26000.0,1.25
2024-09-28,Paris Baguette,bánh sinh nhật,515000.0,1.25
2024-09-28,Paris Baguette,bánh cupcake,40000.0,1.25
2024-09-28,Paris Baguette,bánh mì sandwich,59000.0,1.25
2024-09-28,Paris Baguette,bánh croissant,32000.0,1.25
2024-09-28,Paris Baguette,bánh donut,20000.0,1.25
2024-09-28,Local Bakery,bánh sinh nhật,427000.0,1.25
2024-09-28,Local Bakery,bánh cupcake,41000.0,1.25
2024-09-28,Local Bakery,bánh mì sandwich,56000.0,1.25
2024-09-28,Local Bakery,bánh croissant,31000.0,1.25
2024-09-28,Local Bakery,bánh donut,25000.0,1.25
2024-09-29,ABC Bakery,bánh sinh nhật,429000.0,1.25
2024-09-29,ABC Bakery,bánh cupcake,41000.0,1.25
2024-09-29,ABC Bakery,bánh mì sandwich,61000.0,1.25
2024-09-29,ABC Bakery,bánh croissant,26000.0,1.25
2024-09-29,ABC Bakery,bánh donut,26000.0,1.25
2024-09-29,Paris Baguette,bánh sinh nhật,331000.0,1.25
2024-09-29,Paris Baguette,bánh cupcake,43000.0,1.25
2024-09-29,Paris Baguette,bánh mì sandwich,51000.0,1.25
2024-09-29,Paris Baguette,bánh croissant,31000.0,1.25
2024-09-29,Paris Baguette,bánh donut,26000.0,1.25
2024-09-29,Local Bakery,bánh sinh nhật,465000.0,1.25
2024-09-29,Local Bakery,bánh cupcake,41000.0,1.25
2024-09-29,Local Bakery,bánh mì sandwich,58000.0,1.25
2024-09-29,Local Bakery,bánh croissant,35000.0,1.25
2024-09-29,Local Bakery,bánh donut,28000.0,1.25
2024-09-30,ABC Bakery,bánh sinh nhật,463000.0,1.25
2024-09-30,ABC Bakery,bánh cupcake,40000.0,1.25
2024-09-30,ABC Bakery,bánh mì sandwich,64000.0,1.25
2024-09-30,ABC Bakery,bánh croissant,29000.0,1.25
2024-09-30,ABC Bakery,bánh donut,24000.0,1.25
2024-09-30,Paris Baguette,bánh sinh nhật,449000.0,1.25
2024-09-30,Paris Baguette,bánh cupcake,48000.0,1.25
2024-09-30,Paris Baguette,bánh mì sandwich,51000.0,1.25
2024-09-30,Paris Baguette,bánh croissant,27000.0,1.25
2024-09-30,Paris Baguette,bánh donut,26000.0,1.25
2024-09-30,Local Bakery,bánh sinh nhật,471000.0,1.25
2024-09-30,Local Bakery,bánh cupcake,53000.0,1.25
2024-09-30,Local Bakery,bánh mì sandwich,56000.0,1.25
2024-09-30,Local Bakery,bánh croissant,30000.0,1.25
2024-09-30,Local Bakery,bánh donut,25000.0,1.25
2024-10-01,ABC Bakery,bánh sinh nhật,496000.0,1.25
2024-10-01,ABC Bakery,bánh cupcake,47000.0,1.25
2024-10-01,ABC Bakery,bánh mì sandwich,52000.0,1.25
2024-10-01,ABC Bakery,bánh croissant,32000.0,1.25
2024-10-01,ABC Bakery,bánh donut,26000.0,1.25
2024-10-01,Paris Baguette,bánh sinh nhật,489000.0,1.25
2024-10-01,Paris Baguette,bánh cupcake,55000.0,1.25
2024-10-01,Paris Baguette,bánh mì sandwich,54000.0,1.25
2024-10-01,Paris Baguette,bánh croissant,29000.0,1.25
2024-10-01,Paris Baguette,bánh donut,28000.0,1.25
2024-10-01,Local Bakery,bánh sinh nhật,307000.0,1.25
2024-10-01,Local Bakery,bánh cupcake,48000.0,1.25
2024-10-01,Local Bakery,bánh mì sandwich,61000.0,1.25
2024-10-01,Local Bakery,bánh croissant,30000.0,1.25
2024-10-01,Local Bakery,bánh donut,24000.0,1.25
2024-10-02,ABC Bakery,bánh sinh nhật,491000.0,1.25
2024-10-02,ABC Bakery,bánh cupcake,38000.0,1.25
2024-10-02,ABC Bakery,bánh mì sandwich,62000.0,1.25
2024-10-02,ABC Bakery,bánh croissant,33000.0,1.25
2024-10-02,ABC Bakery,bánh donut,21000.0,1.25
2024-10-02,Paris Baguette,bánh sinh nhật,529000.0,1.25
2024-10-02,Paris Baguette,bánh cupcake,46000.0,1.25
2024-10-02,Paris Baguette,bánh mì sandwich,55000.0,1.25
2024-10-02,Paris Baguette,bánh croissant,34000.0,1.25
2024-10-02,Paris Baguette,bánh donut,23000.0,1.25
2024-10-02,Local Bakery,bánh sinh nhật,462000.0,1.25
2024-10-02,Local Bakery,bánh cupcake,48000.0,1.25
2024-10-02,Local Bakery,bánh mì sandwich,55000.0,1.25
2024-10-02,Local Bakery,bánh croissant,34000.0,1.25
2024-10-02,Local Bakery,bánh donut,25000.0,1.25
2024-10-03,ABC Bakery,bánh sinh nhật,527000.0,1.25
2024-10-03,ABC Bakery,bánh cupcake,39000.0,1.25
2024-10-03,ABC Bakery,bánh mì sandwich,59000.0,1.25
2024-10-03,ABC Bakery,bánh croissant,33000.0,1.25
2024-10-03,ABC Bakery,bánh donut,26000.0,1.25
2024-10-03,Paris Baguette,bánh sinh nhật,426000.0,1.25
2024-10-03,Paris Baguette,bánh cupcake,48000.0,1.25
2024-10-03,Paris Baguette,bánh mì sandwich,57000.0,1.25
2024-10-03,Paris Baguette,bánh croissant,32000.0,1.25
2024-10-03,Paris Baguette,bánh donut,19000.0,1.25
2024-10-03,Local Bakery,bánh sinh nhật,527000.0,1.25
2024-10-03,Local Bakery,bánh cupcake,53000.0,1.25
2024-10-03,Local Bakery,bánh mì sandwich,48000.0,1.25
2024-10-03,Local Bakery,bánh croissant,33000.0,1.25
2024-10-03,Local Bakery,bánh donut,26000.0,1.25
2024-10-04,ABC Bakery,bánh sinh nhật,395000.0,1.25
2024-10-04,ABC Bakery,bánh cupcake,46000.0,1.25
2024-10-04,ABC Bakery,bánh mì sandwich,51000.0,1.25
2024-10-04,ABC Bakery,bánh croissant,28000.0,1.25
2024-10-04,ABC Bakery,bánh donut,26000.0,1.25
2024-10-04,Paris Baguette,bánh sinh nhật,477000.0,1.25
2024-10-04,Paris Baguette,bánh cupcake,43000.0,1.25
2024-10-04,Paris Baguette,bánh mì sandwich,49000.0,1.25
2024-10-04,Paris Baguette,bánh croissant,35000.0,1.25
2024-10-04,Paris Baguette,bánh donut,21000.0,1.25
2024-10-04,Local Bakery,bánh sinh nhật,461000.0,1.25
2024-10-04,Local Bakery,bánh cupcake,37000.0,1.25
2024-10-04,Local Bakery,bánh mì sandwich,56000.0,1.25
2024-10-04,Local Bakery,bánh croissant,36000.0,1.25
2024-10-04,Local Bakery,bánh donut,27000.0,1.25
2024-10-05,ABC Bakery,bánh sinh nhật,388000.0,1.25
2024-10-05,ABC Bakery,bánh cupcake,46000.0,1.25
2024-10-05,ABC Bakery,bánh mì sandwich,53000.0,1.25
2024-10-05,ABC Bakery,bánh croissant,36000.0,1.25
2024-10-05,ABC Bakery,bánh donut,24000.0,1.25
2024-10-05,Paris Baguette,bánh sinh nhật,494000.0,1.25
2024-10-05,Paris Baguette,bánh cupcake,42000.0,1.25
2024-10-05,Paris Baguette,bánh mì sandwich,52000.0,1.25
2024-10-05,Paris Baguette,bánh croissant,31000.0,1.25
2024-10-05,Paris Baguette,bánh donut,24000.0,1.25
2024-10-05,Local Bakery,bánh sinh nhật,428000.0,1.25
2024-10-05,Local Bakery,bánh cupcake,50000.0,1.25
2024-10-05,Local Bakery,bánh mì sandwich,57000.0,1.25
2024-10-05,Local Bakery,bánh croissant,31000.0,1.25
2024-10-05,Local Bakery,bánh donut,22000.0,1.25
2024-10-06,ABC Bakery,bánh sinh nhật,326000.0,1.25
2024-10-06,ABC Bakery,bánh cupcake,45000.0,1.25
2024-10-06,ABC Bakery,bánh mì sandwich,59000.0,1.25
2024-10-06,ABC Bakery,bánh croissant,34000.0,1.25
2024-10-06,ABC Bakery,bánh donut,23000.0,1.25
2024-10-06,Paris Baguette,bánh sinh nhật,509000.0,1.25
2024-10-06,Paris Baguette,bánh cupcake,38000.0,1.25
2024-10-06,Paris Baguette,bánh mì sandwich,54000.0,1.25
2024-10-06,Paris Baguette,bánh croissant,35000.0,1.25
2024-10-06,Paris Baguette,bánh donut,20000.0,1.25
2024-10-06,Local Bakery,bánh sinh nhật,385000.0,1.25
2024-10-06,Local Bakery,bánh cupcake,51000.0,1.25
2024-10-06,Local Bakery,bánh mì sandwich,52000.0,1.25
2024-10-06,Local Bakery,bánh croissant,36000.0,1.25
2024-10-06,Local Bakery,bánh donut,28000.0,1.25
2024-10-07,ABC Bakery,bánh sinh nhật,366000.0,1.25
2024-10-07,ABC Bakery,bánh cupcake,45000.0,1.25
2024-10-07,ABC Bakery,bánh mì sandwich,55000.0,1.25
2024-10-07,ABC Bakery,bánh croissant,35000.0,1.25
2024-10-07,ABC Bakery,bánh donut,27000.0,1.25
2024-10-07,Paris Baguette,bánh sinh nhật,573000.0,1.25
2024-10-07,Paris Baguette,bánh cupcake,49000.0,1.25
2024-10-07,Paris Baguette,bánh mì sandwich,52000.0,1.25
2024-10-07,Paris Baguette,bánh croissant,31000.0,1.25
2024-10-07,Paris Baguette,bánh donut,27000.0,1.25
2024-10-07,Local Bakery,bánh sinh nhật,513000.0,1.25
2024-10-07,Local Bakery,bánh cupcake,33000.0,1.25
2024-10-07,Local Bakery,bánh mì sandwich,65000.0,1.25
2024-10-07,Local Bakery,bánh croissant,27000.0,1.25
2024-10-07,Local Bakery,bánh donut,24000.0,1.25
2024-10-08,ABC Bakery,bánh sinh nhật,371000.0,1.25
2024-10-08,ABC Bakery,bánh cupcake,45000.0,1.25
2024-10-08,ABC Bakery,bánh mì sandwich,55000.0,1.25
2024-10-08,ABC Bakery,bánh croissant,24000.0,1.25
2024-10-08,ABC Bakery,bánh donut,22000.0,1.25
2024-10-08,Paris Baguette,bánh sinh nhật,446000.0,1.25
2024-10-08,Paris Baguette,bánh cupcake,48000.0,1.25
2024-10-08,Paris Baguette,bánh mì sandwich,47000.0,1.25
2024-10-08,Paris Baguette,bánh croissant,30000.0,1.25
2024-10-08,Paris Baguette,bánh donut,24000.0,1.25
2024-10-08,Local Bakery,bánh sinh nhật,454000.0,1.25
2024-10-08,Local Bakery,bánh cupcake,42000.0,1.25
2024-10-08,Local Bakery,bánh mì sandwich,53000.0,1.25
2024-10-08,Local Bakery,bánh croissant,41000.0,1.25
2024-10-08,Local Bakery,bánh donut,26000.0,1.25
2024-10-09,ABC Bakery,bánh sinh nhật,427000.0,1.25
2024-10-09,ABC Bakery,bánh cupcake,53000.0,1.25
2024-10-09,ABC Bakery,bánh mì sandwich,60000.0,1.25
2024-10-09,ABC Bakery,bánh croissant,29000.0,1.25
2024-10-09,ABC Bakery,bánh donut,25000.0,1.25
2024-10-09,Paris Baguette,bánh sinh nhật,332000.0,1.25
2024-10-09,Paris Baguette,bánh cupcake,47000.0,1.25
2024-10-09,Paris Baguette,bánh mì sandwich,54000.0,1.25
2024-10-09,Paris Baguette,bánh croissant,30000.0,1.25
2024-10-09,Paris Baguette,bánh donut,25000.0,1.25
2024-10-09,Local Bakery,bánh sinh nhật,487000.0,1.25
2024-10-09,Local Bakery,bánh cupcake,31000.0,1.25
2024-10-09,Local Bakery,bánh mì sandwich,59000.0,1.25
2024-10-09,Local Bakery,bánh croissant,21000.0,1.25
2024-10-09,Local Bakery,bánh donut,24000.0,1.25
2024-10-10,ABC Bakery,bánh sinh nhật,487000.0,1.25
2024-10-10,ABC Bakery,bánh cupcake,40000.0,1.25
2024-10-10,ABC Bakery,bánh mì sandwich,45000.0,1.25
2024-10-10,ABC Bakery,bánh croissant,31000.0,1.25
2024-10-10,ABC Bakery,bánh donut,22000.0,1.25
2024-10-10,Paris Baguette,bánh sinh nhật,494000.0,1.25
2024-10-10,Paris Baguette,bánh cupcake,50000.0,1.25
2024-10-10,Paris Baguette,bánh mì sandwich,57000.0,1.25
2024-10-10,Paris Baguette,bánh croissant,34000.0,1.25
2024-10-10,Paris Baguette,bánh donut,22000.0,1.25
2024-10-10,Local Bakery,bánh sinh nhật,387000.0,1.25
2024-10-10,Local Bakery,bánh cupcake,43000.0,1.25
2024-10-10,Local Bakery,bánh mì sandwich,53000.0,1.25
2024-10-10,Local Bakery,bánh croissant,29000.0,1.25
2024-10-10,Local Bakery,bánh donut,26000.0,1.25
2024-10-11,ABC Bakery,bánh sinh nhật,449000.0,1.25
2024-10-11,ABC Bakery,bánh cupcake,44000.0,1.25
2024-10-11,ABC Bakery,bánh mì sandwich,56000.0,1.25
2024-10-11,ABC Bakery,bánh croissant,32000.0,1.25
2024-10-11,ABC Bakery,bánh donut,24000.0,1.25
2024-10-11,Paris Baguette,bánh sinh nhật,538000.0,1.25
2024-10-11,Paris Baguette,bánh cupcake,41000.0,1.25
2024-10-11,Paris Baguette,bánh mì sandwich,61000.0,1.25
2024-10-11,Paris Baguette,bánh croissant,31000.0,1.25
2024-10-11,Paris Baguette,bánh donut,25000.0,1.25
2024-10-11,Local Bakery,bánh sinh nhật,375000.0,1.25
2024-10-11,Local Bakery,bánh cupcake,48000.0,1.25
2024-10-11,Local Bakery,bánh mì sandwich,64000.0,1.25
2024-10-11,Local Bakery,bánh croissant,27000.0,1.25
2024-10-11,Local Bakery,bánh donut,25000.0,1.25
2024-10-12,ABC Bakery,bánh sinh nhật,408000.0,1.25
2024-10-12,ABC Bakery,bánh cupcake,48000.0,1.25
2024-10-12,ABC Bakery,bánh mì sandwich,55000.0,1.25
2024-10-12,ABC Bakery,bánh croissant,30000.0,1.25
2024-10-12,ABC Bakery,bánh donut,27000.0,1.25
2024-10-12,Paris Baguette,bánh sinh nhật,337000.0,1.25
2024-10-12,Paris Baguette,bánh cupcake,43000.0,1.25
2024-10-12,Paris Baguette,bánh mì sandwich,56000.0,1.25
2024-10-12,Paris Baguette,bánh croissant,26000.0,1.25
2024-10-12,Paris Baguette,bánh donut,24000.0,1.25
2024-10-12,Local Bakery,bánh sinh nhật,467000.0,1.25
2024-10-12,Local Bakery,bánh cupcake,48000.0,1.25
2024-10-12,Local Bakery,bánh mì sandwich,63000.0,1.25
2024-10-12,Local Bakery,bánh croissant,29000.0,1.25
2024-10-12,Local Bakery,bánh donut,27000.0,1.25
2024-10-13,ABC Bakery,bánh sinh nhật,410000.0,1.25
2024-10-13,ABC Bakery,bánh cupcake,44000.0,1.25
2024-10-13,ABC Bakery,bánh mì sandwich,56000.0,1.25
2024-10-13,ABC Bakery,bánh croissant,32000.0,1.25
2024-10-13,ABC Bakery,bánh donut,25000.0,1.25
2024-10-13,Paris Baguette,bánh sinh nhật,370000.0,1.25
2024-10-13,Paris Baguette,bánh cupcake,43000.0,1.25
2024-10-13,Paris Baguette,bánh mì sandwich,58000.0,1.25
2024-10-13,Paris Baguette,bánh croissant,31000.0,1.25
2024-10-13,Paris Baguette,bánh donut,30000.0,1.25
2024-10-13,Local Bakery,bánh sinh nhật,443000.0,1.25
2024-10-13,Local Bakery,bánh cupcake,35000.0,1.25
2024-10-13,Local Bakery,bánh mì sandwich,52000.0,1.25
2024-10-13,Local Bakery,bánh croissant,28000.0,1.25
2024-10-13,Local Bakery,bánh donut,31000.0,1.25
2024-10-14,ABC Bakery,bánh sinh nhật,503000.0,1.25
2024-10-14,ABC Bakery,bánh cupcake,38000.0,1.25
2024-10-14,ABC Bakery,bánh mì sandwich,51000.0,1.25
2024-10-14,ABC Bakery,bánh croissant,30000.0,1.25
2024-10-14,ABC Bakery,bánh donut,25000.0,1.25
2024-10-14,Paris Baguette,bánh sinh nhật,493000.0,1.25
2024-10-14,Paris Baguette,bánh cupcake,39000.0,1.25
2024-10-14,Paris Baguette,bánh mì sandwich,57000.0,1.25
2024-10-14,Paris Baguette,bánh croissant,36000.0,1.25
2024-10-14,Paris Baguette,bánh donut,25000.0,1.25
2024-10-14,Local Bakery,bánh sinh nhật,386000.0,1.25
2024-10-14,Local Bakery,bánh cupcake,45000.0,1.25
2024-10-14,Local Bakery,bánh mì sandwich,54000.0,1.25
2024-10-14,Local Bakery,bánh croissant,37000.0,1.25
2024-10-14,Local Bakery,bánh donut,26000.0,1.25
2024-10-15,ABC Bakery,bánh sinh nhật,388000.0,1.25
2024-10-15,ABC Bakery,bánh cupcake,41000.0,1.25
2024-10-15,ABC Bakery,bánh mì sandwich,64000.0,1.25
2024-10-15,ABC Bakery,bánh croissant,28000.0,1.25
2024-10-15,ABC Bakery,bánh donut,27000.0,1.25
2024-10-15,Paris Baguette,bánh sinh nhật,327000.0,1.25
2024-10-15,Paris Baguette,bánh cupcake,44000.0,1.25
2024-10-15,Paris Baguette,bánh mì sandwich,52000.0,1.25
2024-10-15,Paris Baguette,bánh croissant,29000.0,1.25
2024-10-15,Paris Baguette,bánh donut,25000.0,1.25
2024-10-15,Local Bakery,bánh sinh nhật,478000.0,1.25
2024-10-15,Local Bakery,bánh cupcake,37000.0,1.25
2024-10-15,Local Bakery,bánh mì sandwich,55000.0,1.25
2024-10-15,Local Bakery,bánh croissant,36000.0,1.25
2024-10-15,Local Bakery,bánh donut,24000.0,1.25
2024-10-16,ABC Bakery,bánh sinh nhật,376000.0,1.25
2024-10-16,ABC Bakery,bánh cupcake,42000.0,1.25
2024-10-16,ABC Bakery,bánh mì sandwich,58000.0,1.25
2024-10-16,ABC Bakery,bánh croissant,26000.0,1.25
2024-10-16,ABC Bakery,bánh donut,26000.0,1.25
2024-10-16,Paris Baguette,bánh sinh nhật,479000.0,1.25
2024-10-16,Paris Baguette,bánh cupcake,31000.0,1.25
2024-10-16,Paris Baguette,bánh mì sandwich,62000.0,1.25
2024-10-16,Paris Baguette,bánh croissant,38000.0,1.25
2024-10-16,Paris Baguette,bánh donut,26000.0,1.25
2024-10-16,Local Bakery,bánh sinh nhật,460000.0,1.25
2024-10-16,Local Bakery,bánh cupcake,36000.0,1.25
2024-10-16,Local Bakery,bánh mì sandwich,66000.0,1.25
2024-10-16,Local Bakery,bánh croissant,28000.0,1.25
2024-10-16,Local Bakery,bánh donut,27000.0,1.25
2024-10-17,ABC Bakery,bánh sinh nhật,418000.0,1.25
2024-10-17,ABC Bakery,bánh cupcake,47000.0,1.25
2024-10-17,ABC Bakery,bánh mì sandwich,53000.0,1.25
2024-10-17,ABC Bakery,bánh croissant,28000.0,1.25
2024-10-17,ABC Bakery,bánh donut,27000.0,1.25
2024-10-17,Paris Baguette,bánh sinh nhật,400000.0,1.25
2024-10-17,Paris Baguette,bánh cupcake,48000.0,1.25
2024-10-17,Paris Baguette,bánh mì sandwich,54000.0,1.25
2024-10-17,Paris Baguette,bánh croissant,28000.0,1.25
2024-10-17,Paris Baguette,bánh donut,26000.0,1.25
2024-10-17,Local Bakery,bánh sinh nhật,481000.0,1.25
2024-10-17,Local Bakery,bánh cupcake,49000.0,1.25
2024-10-17,Local Bakery,bánh mì sandwich,59000.0,1.25
2024-10-17,Local Bakery,bánh croissant,36000.0,1.25
2024-10-17,Local Bakery,bánh donut,27000.0,1.25
2024-10-18,ABC Bakery,bánh sinh nhật,391000.0,1.25
2024-10-18,ABC Bakery,bánh cupcake,49000.0,1.25
2024-10-18,ABC Bakery,bánh mì sandwich,54000.0,1.25
2024-10-18,ABC Bakery,bánh croissant,28000.0,1.25
2024-10-18,ABC Bakery,bánh donut,25000.0,1.25
2024-10-18,Paris Baguette,bánh sinh nhật,454000.0,1.25
2024-10-18,Paris Baguette,bánh cupcake,49000.0,1.25
2024-10-18,Paris Baguette,bánh mì sandwich,50000.0,1.25
2024-10-18,Paris Baguette,bánh croissant,33000.0,1.25
2024-10-18,Paris Baguette,bánh donut,27000.0,1.25
2024-10-18,Local Bakery,bánh sinh nhật,415000.0,1.25
2024-10-18,Local Bakery,bánh cupcake,43000.0,1.25
2024-10-18,Local Bakery,bánh mì sandwich,54000.0,1.25
2024-10-18,Local Bakery,bánh croissant,31000.0,1.25
2024-10-18,Local Bakery,bánh donut,25000.0,1.25
2024-10-19,ABC Bakery,bánh sinh nhật,498000.0,1.25
2024-10-19,ABC Bakery,bánh cupcake,45000.0,1.25
2024-10-19,ABC Bakery,bánh mì sandwich,63000.0,1.25
2024-10-19,ABC Bakery,bánh croissant,32000.0,1.25
2024-10-19,ABC Bakery,bánh donut,23000.0,1.25
2024-10-19,Paris Baguette,bánh sinh nhật,481000.0,1.25
2024-10-19,Paris Baguette,bánh cupcake,44000.0,1.25
2024-10-19,Paris Baguette,bánh mì sandwich,55000.0,1.25
2024-10-19,Paris Baguette,bánh croissant,29000.0,1.25
2024-10-19,Paris Baguette,bánh donut,25000.0,1.25
2024-10-19,Local Bakery,bánh sinh nhật,415000.0,1.25
2024-10-19,Local Bakery,bánh cupcake,39000.0,1.25
2024-10-19,Local Bakery,bánh mì sandwich,54000.0,1.25
2024-10-19,Local Bakery,bánh croissant,28000.0,1.25
2024-10-19,Local Bakery,bánh donut,22000.0,1.25
2024-10-20,ABC Bakery,bánh sinh nhật,341000.0,1.25
2024-10-20,ABC Bakery,bánh cupcake,45000.0,1.25
2024-10-20,ABC Bakery,bánh mì sandwich,62000.0,1.25
2024-10-20,ABC Bakery,bánh croissant,31000.0,1.25
2024-10-20,ABC Bakery,bánh donut,27000.0,1.25
2024-10-20,Paris Baguette,bánh sinh nhật,501000.0,1.25
2024-10-20,Paris Baguette,bánh cupcake,46000.0,1.25
2024-10-20,Paris Baguette,bánh mì sandwich,50000.0,1.25
2024-10-20,Paris Baguette,bánh croissant,33000.0,1.25
2024-10-20,Paris Baguette,bánh donut,23000.0,1.25
2024-10-20,Local Bakery,bánh sinh nhật,523000.0,1.25
2024-10-20,Local Bakery,bánh cupcake,43000.0,1.25
2024-10-20,Local Bakery,bánh mì sandwich,58000.0,1.25
2024-10-20,Local Bakery,bánh croissant,33000.0,1.25
2024-10-20,Local Bakery,bánh donut,20000.0,1.25
2024-10-21,ABC Bakery,bánh sinh nhật,550000.0,1.25
2024-10-21,ABC Bakery,bánh cupcake,48000.0,1.25
2024-10-21,ABC Bakery,bánh mì sandwich,58000.0,1.25
2024-10-21,ABC Bakery,bánh croissant,38000.0,1.25
2024-10-21,ABC Bakery,bánh donut,25000.0,1.25
2024-10-21,Paris Baguette,bánh sinh nhật,375000.0,1.25
2024-10-21,Paris Baguette,bánh cupcake,48000.0,1.25
2024-10-21,Paris Baguette,bánh mì sandwich,56000.0,1.25
2024-10-21,Paris Baguette,bánh croissant,32000.0,1.25
2024-10-21,Paris Baguette,bánh donut,26000.0,1.25
2024-10-21,Local Bakery,bánh sinh nhật,439000.0,1.25
2024-10-21,Local Bakery,bánh cupcake,47000.0,1.25
2024-10-21,Local Bakery,bánh mì sandwich,61000.0,1.25
2024-10-21,Local Bakery,bánh croissant,32000.0,1.25
2024-10-21,Local Bakery,bánh donut,20000.0,1.25
2024-10-22,ABC Bakery,bánh sinh nhật,426000.0,1.25
2024-10-22,ABC Bakery,bánh cupcake,45000.0,1.25
2024-10-22,ABC Bakery,bánh mì sandwich,68000.0,1.25
2024-10-22,ABC Bakery,bánh croissant,29000.0,1.25
2024-10-22,ABC Bakery,bánh donut,21000.0,1.25
2024-10-22,Paris Baguette,bánh sinh nhật,418000.0,1.25
2024-10-22,Paris Baguette,bánh cupcake,39000.0,1.25
2024-10-22,Paris Baguette,bánh mì sandwich,53000.0,1.25
2024-10-22,Paris Baguette,bánh croissant,28000.0,1.25
2024-10-22,Paris Baguette,bánh donut,23000.0,1.25
2024-10-22,Local Bakery,bánh sinh nhật,409000.0,1.25
2024-10-22,Local Bakery,bánh cupcake,46000.0,1.25
2024-10-22,Local Bakery,bánh mì sandwich,55000.0,1.25
2024-10-22,Local Bakery,bánh croissant,33000.0,1.25
2024-10-22,Local Bakery,bánh donut,25000.0,1.25
2024-10-23,ABC Bakery,bánh sinh nhật,384000.0,1.25
2024-10-23,ABC Bakery,bánh cupcake,34000.0,1.25
2024-10-23,ABC Bakery,bánh mì sandwich,53000.0,1.25
2024-10-23,ABC Bakery,bánh croissant,32000.0,1.25
2024-10-23,ABC Bakery,bánh donut,26000.0,1.25
2024-10-23,Paris Baguette,bánh sinh nhật,408000.0,1.25
2024-10-23,Paris Baguette,bánh cupcake,44000.0,1.25
2024-10-23,Paris Baguette,bánh mì sandwich,58000.0,1.25
2024-10-23,Paris Baguette,bánh croissant,33000.0,1.25
2024-10-23,Paris Baguette,bánh donut,25000.0,1.25
2024-10-23,Local Bakery,bánh sinh nhật,538000.0,1.25
2024-10-23,Local Bakery,bánh cupcake,39000.0,1.25
2024-10-23,Local Bakery,bánh mì sandwich,55000.0,1.25
2024-10-23,Local Bakery,bánh croissant,28000.0,1.25
2024-10-23,Local Bakery,bánh donut,24000.0,1.25
2024-10-24,ABC Bakery,bánh sinh nhật,389000.0,1.25
2024-10-24,ABC Bakery,bánh cupcake,44000.0,1.25
2024-10-24,ABC Bakery,bánh mì sandwich,50000.0,1.25
2024-10-24,ABC Bakery,bánh croissant,38000.0,1.25
2024-10-24,ABC Bakery,bánh donut,25000.0,1.25
2024-10-24,Paris Baguette,bánh sinh nhật,496000.0,1.25
2024-10-24,Paris Baguette,bánh cupcake,43000.0,1.25
2024-10-24,Paris Baguette,bánh mì sandwich,51000.0,1.25
2024-10-24,Paris Baguette,bánh croissant,32000.0,1.25
2024-10-24,Paris Baguette,bánh donut,22000.0,1.25
2024-10-24,Local Bakery,bánh sinh nhật,483000.0,1.25
2024-10-24,Local Bakery,bánh cupcake,26000.0,1.25
2024-10-24,Local Bakery,bánh mì sandwich,62000.0,1.25
2024-10-24,Local Bakery,bánh croissant,29000.0,1.25
2024-10-24,Local Bakery,bánh donut,24000.0,1.25
2024-10-25,ABC Bakery,bánh sinh nhật,556000.0,1.25
2024-10-25,ABC Bakery,bánh cupcake,39000.0,1.25
2024-10-25,ABC Bakery,bánh mì sandwich,63000.0,1.25
2024-10-25,ABC Bakery,bánh croissant,37000.0,1.25
2024-10-25,ABC Bakery,bánh donut,24000.0,1.25
2024-10-25,Paris Baguette,bánh sinh nhật,515000.0,1.25
2024-10-25,Paris Baguette,bánh cupcake,51000.0,1.25
2024-10-25,Paris Baguette,bánh mì sandwich,56000.0,1.25
2024-10-25,Paris Baguette,bánh croissant,33000.0,1.25
2024-10-25,Paris Baguette,bánh donut,29000.0,1.25
2024-10-25,Local Bakery,bánh sinh nhật,412000.0,1.25
2024-10-25,Local Bakery,bánh cupcake,49000.0,1.25
2024-10-25,Local Bakery,bánh mì sandwich,61000.0,1.25
2024-10-25,Local Bakery,bánh croissant,30000.0,1.25
2024-10-25,Local Bakery,bánh donut,28000.0,1.25
2024-10-26,ABC Bakery,bánh sinh nhật,518000.0,1.25
2024-10-26,ABC Bakery,bánh cupcake,46000.0,1.25
2024-10-26,ABC Bakery,bánh mì sandwich,55000.0,1.25
2024-10-26,ABC Bakery,bánh croissant,29000.0,1.25
2024-10-26,ABC Bakery,bánh donut,24000.0,1.25
2024-10-26,Paris Baguette,bánh sinh nhật,527000.0,1.25
2024-10-26,Paris Baguette,bánh cupcake,41000.0,1.25
2024-10-26,Paris Baguette,bánh mì sandwich,57000.0,1.25
2024-10-26,Paris Baguette,bánh croissant,34000.0,1.25
2024-10-26,Paris Baguette,bánh donut,27000.0,1.25
2024-10-26,Local Bakery,bánh sinh nhật,384000.0,1.25
2024-10-26,Local Bakery,bánh cupcake,48000.0,1.25
2024-10-26,Local Bakery,bánh mì sandwich,54000.0,1.25
2024-10-26,Local Bakery,bánh croissant,36000.0,1.25
2024-10-26,Local Bakery,bánh donut,26000.0,1.25
2024-10-27,ABC Bakery,bánh sinh nhật,483000.0,1.25
2024-10-27,ABC Bakery,bánh cupcake,40000.0,1.25
2024-10-27,ABC Bakery,bánh mì sandwich,57000.0,1.25
2024-10-27,ABC Bakery,bánh croissant,34000.0,1.25
2024-10-27,ABC Bakery,bánh donut,22000.0,1.25
2024-10-27,Paris Baguette,bánh sinh nhật,517000.0,1.25
2024-10-27,Paris Baguette,bánh cupcake,45000.0,1.25
2024-10-27,Paris Baguette,bánh mì sandwich,55000.0,1.25
2024-10-27,Paris Baguette,bánh croissant,34000.0,1.25
2024-10-27,Paris Baguette,bánh donut,27000.0,1.25
2024-10-27,Local Bakery,bánh sinh nhật,509000.0,1.25
2024-10-27,Local Bakery,bánh cupcake,36000.0,1.25
2024-10-27,Local Bakery,bánh mì sandwich,53000.0,1.25
2024-10-27,Local Bakery,bánh croissant,28000.0,1.25
2024-10-27,Local Bakery,bánh donut,22000.0,1.25
2024-10-28,ABC Bakery,bánh sinh nhật,381000.0,1.25
2024-10-28,ABC Bakery,bánh cupcake,39000.0,1.25
2024-10-28,ABC Bakery,bánh mì sandwich,53000.0,1.25
2024-10-28,ABC Bakery,bánh croissant,29000.0,1.25
2024-10-28,ABC Bakery,bánh donut,23000.0,1.25
2024-10-28,Paris Baguette,bánh sinh nhật,537000.0,1.25
2024-10-28,Paris Baguette,bánh cupcake,45000.0,1.25
2024-10-28,Paris Baguette,bánh mì sandwich,53000.0,1.25
2024-10-28,Paris Baguette,bánh croissant,31000.0,1.25
2024-10-28,Paris Baguette,bánh donut,25000.0,1.25
2024-10-28,Local Bakery,bánh sinh nhật,478000.0,1.25
2024-10-28,Local Bakery,bánh cupcake,48000.0,1.25
2024-10-28,Local Bakery,bánh mì sandwich,56000.0,1.25
2024-10-28,Local Bakery,bánh croissant,29000.0,1.25
2024-10-28,Local Bakery,bánh donut,20000.0,1.25
2024-10-29,ABC Bakery,bánh sinh nhật,407000.0,1.25
2024-10-29,ABC Bakery,bánh cupcake,46000.0,1.25
2024-10-29,ABC Bakery,bánh mì sandwich,57000.0,1.25
2024-10-29,ABC Bakery,bánh croissant,32000.0,1.25
2024-10-29,ABC Bakery,bánh donut,29000.0,1.25
2024-10-29,Paris Baguette,bánh sinh nhật,466000.0,1.25
2024-10-29,Paris Baguette,bánh cupcake,43000.0,1.25
2024-10-29,Paris Baguette,bánh mì sandwich,64000.0,1.25
2024-10-29,Paris Baguette,bánh croissant,26000.0,1.25
2024-10-29,Paris Baguette,bánh donut,23000.0,1.25
2024-10-29,Local Bakery,bánh sinh nhật,446000.0,1.25
2024-10-29,Local Bakery,bánh cupcake,45000.0,1.25
2024-10-29,Local Bakery,bánh mì sandwich,57000.0,1.25
2024-10-29,Local Bakery,bánh croissant,31000.0,1.25
2024-10-29,Local Bakery,bánh donut,21000.0,1.25
2024-10-30,ABC Bakery,bánh sinh nhật,482000.0,1.25
2024-10-30,ABC Bakery,bánh cupcake,39000.0,1.25
2024-10-30,ABC Bakery,bánh mì sandwich,61000.0,1.25
2024-10-30,ABC Bakery,bánh croissant,33000.0,1.25
2024-10-30,ABC Bakery,bánh donut,29000.0,1.25
2024-10-30,Paris Baguette,bánh sinh nhật,448000.0,1.25
2024-10-30,Paris Baguette,bánh cupcake,47000.0,1.25
2024-10-30,Paris Baguette,bánh mì sandwich,60000.0,1.25
2024-10-30,Paris Baguette,bánh croissant,32000.0,1.25
2024-10-30,Paris Baguette,bánh donut,25000.0,1.25
2024-10-30,Local Bakery,bánh sinh nhật,416000.0,1.25
2024-10-30,Local Bakery,bánh cupcake,38000.0,1.25
2024-10-30,Local Bakery,bánh mì sandwich,56000.0,1.25
2024-10-30,Local Bakery,bánh croissant,30000.0,1.25
2024-10-30,Local Bakery,bánh donut,27000.0,1.25
2024-10-31,ABC Bakery,bánh sinh nhật,374000.0,1.25
2024-10-31,ABC Bakery,bánh cupcake,43000.0,1.25
2024-10-31,ABC Bakery,bánh mì sandwich,55000.0,1.25
2024-10-31,ABC Bakery,bánh croissant,37000.0,1.25
2024-10-31,ABC Bakery,bánh donut,22000.0,1.25
2024-10-31,Paris Baguette,bánh sinh nhật,308000.0,1.25
2024-10-31,Paris Baguette,bánh cupcake,45000.0,1.25
2024-10-31,Paris Baguette,bánh mì sandwich,60000.0,1.25
2024-10-31,Paris Baguette,bánh croissant,33000.0,1.25
2024-10-31,Paris Baguette,bánh donut,23000.0,1.25
2024-10-31,Local Bakery,bánh sinh nhật,476000.0,1.25
2024-10-31,Local Bakery,bánh cupcake,43000.0,1.25
2024-10-31,Local Bakery,bánh mì sandwich,58000.0,1.25
2024-10-31,Local Bakery,bánh croissant,33000.0,1.25
2024-10-31,Local Bakery,bánh donut,27000.0,1.25
2024-11-01,ABC Bakery,bánh sinh nhật,310000.0,1.0
2024-11-01,ABC Bakery,bánh cupcake,38000.0,1.0
2024-11-01,ABC Bakery,bánh mì sandwich,48000.0,1.0
2024-11-01,ABC Bakery,bánh croissant,21000.0,1.0
2024-11-01,ABC Bakery,bánh donut,24000.0,1.0
2024-11-01,Paris Baguette,bánh sinh nhật,406000.0,1.0
2024-11-01,Paris Baguette,bánh cupcake,35000.0,1.0
2024-11-01,Paris Baguette,bánh mì sandwich,51000.0,1.0
2024-11-01,Paris Baguette,bánh croissant,26000.0,1.0
2024-11-01,Paris Baguette,bánh donut,21000.0,1.0
2024-11-01,Local Bakery,bánh sinh nhật,406000.0,1.0
2024-11-01,Local Bakery,bánh cupcake,30000.0,1.0
2024-11-01,Local Bakery,bánh mì sandwich,42000.0,1.0
2024-11-01,Local Bakery,bánh croissant,31000.0,1.0
2024-11-01,Local Bakery,bánh donut,20000.0,1.0
2024-11-02,ABC Bakery,bánh sinh nhật,292000.0,1.0
2024-11-02,ABC Bakery,bánh cupcake,35000.0,1.0
2024-11-02,ABC Bakery,bánh mì sandwich,43000.0,1.0
2024-11-02,ABC Bakery,bánh croissant,26000.0,1.0
2024-11-02,ABC Bakery,bánh donut,19000.0,1.0
2024-11-02,Paris Baguette,bánh sinh nhật,292000.0,1.0
2024-11-02,Paris Baguette,bánh cupcake,33000.0,1.0
2024-11-02,Paris Baguette,bánh mì sandwich,44000.0,1.0
2024-11-02,Paris Baguette,bánh croissant,25000.0,1.0
2024-11-02,Paris Baguette,bánh donut,17000.0,1.0
2024-11-02,Local Bakery,bánh sinh nhật,324000.0,1.0
2024-11-02,Local Bakery,bánh cupcake,28000.0,1.0
2024-11-02,Local Bakery,bánh mì sandwich,43000.0,1.0
2024-11-02,Local Bakery,bánh croissant,17000.0,1.0
2024-11-02,Local Bakery,bánh donut,22000.0,1.0
2024-11-03,ABC Bakery,bánh sinh nhật,357000.0,1.0
2024-11-03,ABC Bakery,bánh cupcake,32000.0,1.0
2024-11-03,ABC Bakery,bánh mì sandwich,42000.0,1.0
2024-11-03,ABC Bakery,bánh croissant,24000.0,1.0
2024-11-03,ABC Bakery,bánh donut,18000.0,1.0
2024-11-03,Paris Baguette,bánh sinh nhật,268000.0,1.0
2024-11-03,Paris Baguette,bánh cupcake,40000.0,1.0
2024-11-03,Paris Baguette,bánh mì sandwich,45000.0,1.0
2024-11-03,Paris Baguette,bánh croissant,24000.0,1.0
2024-11-03,Paris Baguette,bánh donut,20000.0,1.0
2024-11-03,Local Bakery,bánh sinh nhật,493000.0,1.0
2024-11-03,Local Bakery,bánh cupcake,38000.0,1.0
2024-11-03,Local Bakery,bánh mì sandwich,38000.0,1.0
2024-11-03,Local Bakery,bánh croissant,24000.0,1.0
2024-11-03,Local Bakery,bánh donut,19000.0,1.0
2024-11-04,ABC Bakery,bánh sinh nhật,323000.0,1.0
2024-11-04,ABC Bakery,bánh cupcake,30000.0,1.0
2024-11-04,ABC Bakery,bánh mì sandwich,45000.0,1.0
2024-11-04,ABC Bakery,bánh croissant,25000.0,1.0
2024-11-04,ABC Bakery,bánh donut,22000.0,1.0
2024-11-04,Paris Baguette,bánh sinh nhật,335000.0,1.0
2024-11-04,Paris Baguette,bánh cupcake,38000.0,1.0
2024-11-04,Paris Baguette,bánh mì sandwich,48000.0,1.0
2024-11-04,Paris Baguette,bánh croissant,25000.0,1.0
2024-11-04,Paris Baguette,bánh donut,19000.0,1.0
2024-11-04,Local Bakery,bánh sinh nhật,284000.0,1.0
2024-11-04,Local Bakery,bánh cupcake,29000.0,1.0
2024-11-04,Local Bakery,bánh mì sandwich,44000.0,1.0
2024-11-04,Local Bakery,bánh croissant,22000.0,1.0
2024-11-04,Local Bakery,bánh donut,23000.0,1.0
2024-11-05,ABC Bakery,bánh sinh nhật,298000.0,1.0
2024-11-05,ABC Bakery,bánh cupcake,38000.0,1.0
2024-11-05,ABC Bakery,bánh mì sandwich,43000.0,1.0
2024-11-05,ABC Bakery,bánh croissant,24000.0,1.0
2024-11-05,ABC Bakery,bánh donut,16000.0,1.0
2024-11-05,Paris Baguette,bánh sinh nhật,238000.0,1.0
2024-11-05,Paris Baguette,bánh cupcake,35000.0,1.0
2024-11-05,Paris Baguette,bánh mì sandwich,48000.0,1.0
2024-11-05,Paris Baguette,bánh croissant,27000.0,1.0
2024-11-05,Paris Baguette,bánh donut,15000.0,1.0
2024-11-05,Local Bakery,bánh sinh nhật,331000.0,1.0
2024-11-05,Local Bakery,bánh cupcake,36000.0,1.0
2024-11-05,Local Bakery,bánh mì sandwich,53000.0,1.0
2024-11-05,Local Bakery,bánh croissant,26000.0,1.0
2024-11-05,Local Bakery,bánh donut,19000.0,1.0
2024-11-06,ABC Bakery,bánh sinh nhật,372000.0,1.0
2024-11-06,ABC Bakery,bánh cupcake,31000.0,1.0
2024-11-06,ABC Bakery,bánh mì sandwich,49000.0,1.0
2024-11-06,ABC Bakery,bánh croissant,26000.0,1.0
2024-11-06,ABC Bakery,bánh donut,22000.0,1.0
2024-11-06,Paris Baguette,bánh sinh nhật,279000.0,1.0
2024-11-06,Paris Baguette,bánh cupcake,43000.0,1.0
2024-11-06,Paris Baguette,bánh mì sandwich,45000.0,1.0
2024-11-06,Paris Baguette,bánh croissant,23000.0,1.0
2024-11-06,Paris Baguette,bánh donut,23000.0,1.0
2024-11-06,Local Bakery,bánh sinh nhật,364000.0,1.0
2024-11-06,Local Bakery,bánh cupcake,36000.0,1.0
2024-11-06,Local Bakery,bánh mì sandwich,46000.0,1.0
2024-11-06,Local Bakery,bánh croissant,27000.0,1.0
2024-11-06,Local Bakery,bánh donut,18000.0,1.0
2024-11-07,ABC Bakery,bánh sinh nhật,301000.0,1.0
2024-11-07,ABC Bakery,bánh cupcake,45000.0,1.0
2024-11-07,ABC Bakery,bánh mì sandwich,44000.0,1.0
2024-11-07,ABC Bakery,bánh croissant,32000.0,1.0
2024-11-07,ABC Bakery,bánh donut,21000.0,1.0
2024-11-07,Paris Baguette,bánh sinh nhật,377000.0,1.0
2024-11-07,Paris Baguette,bánh cupcake,44000.0,1.0
2024-11-07,Paris Baguette,bánh mì sandwich,46000.0,1.0
2024-11-07,Paris Baguette,bánh croissant,20000.0,1.0
2024-11-07,Paris Baguette,bánh donut,22000.0,1.0
2024-11-07,Local Bakery,bánh sinh nhật,317000.0,1.0
2024-11-07,Local Bakery,bánh cupcake,43000.0,1.0
2024-11-07,Local Bakery,bánh mì sandwich,40000.0,1.0
2024-11-07,Local Bakery,bánh croissant,23000.0,1.0
2024-11-07,Local Bakery,bánh donut,19000.0,1.0
2024-11-08,ABC Bakery,bánh sinh nhật,292000.0,1.0
2024-11-08,ABC Bakery,bánh cupcake,33000.0,1.0
2024-11-08,ABC Bakery,bánh mì sandwich,47000.0,1.0
2024-11-08,ABC Bakery,bánh croissant,27000.0,1.0
2024-11-08,ABC Bakery,bánh donut,20000.0,1.0
2024-11-08,Paris Baguette,bánh sinh nhật,297000.0,1.0
2024-11-08,Paris Baguette,bánh cupcake,38000.0,1.0
2024-11-08,Paris Baguette,bánh mì sandwich,39000.0,1.0
2024-11-08,Paris Baguette,bánh croissant,21000.0,1.0
2024-11-08,Paris Baguette,bánh donut,20000.0,1.0
2024-11-08,Local Bakery,bánh sinh nhật,387000.0,1.0
2024-11-08,Local Bakery,bánh cupcake,30000.0,1.0
2024-11-08,Local Bakery,bánh mì sandwich,45000.0,1.0
2024-11-08,Local Bakery,bánh croissant,23000.0,1.0
2024-11-08,Local Bakery,bánh donut,20000.0,1.0
2024-11-09,ABC Bakery,bánh sinh nhật,415000.0,1.0
2024-11-09,ABC Bakery,bánh cupcake,37000.0,1.0
2024-11-09,ABC Bakery,bánh mì sandwich,48000.0,1.0
2024-11-09,ABC Bakery,bánh croissant,29000.0,1.0
2024-11-09,ABC Bakery,bánh donut,20000.0,1.0
2024-11-09,Paris Baguette,bánh sinh nhật,345000.0,1.0
2024-11-09,Paris Baguette,bánh cupcake,35000.0,1.0
2024-11-09,Paris Baguette,bánh mì sandwich,44000.0,1.0
2024-11-09,Paris Baguette,bánh croissant,22000.0,1.0
2024-11-09,Paris Baguette,bánh donut,19000.0,1.0
2024-11-09,Local Bakery,bánh sinh nhật,331000.0,1.0
2024-11-09,Local Bakery,bánh cupcake,33000.0,1.0
2024-11-09,Local Bakery,bánh mì sandwich,52000.0,1.0
2024-11-09,Local Bakery,bánh croissant,24000.0,1.0
2024-11-09,Local Bakery,bánh donut,22000.0,1.0
2024-11-10,ABC Bakery,bánh sinh nhật,214000.0,1.0
2024-11-10,ABC Bakery,bánh cupcake,35000.0,1.0
2024-11-10,ABC Bakery,bánh mì sandwich,54000.0,1.0
2024-11-10,ABC Bakery,bánh croissant,25000.0,1.0
2024-11-10,ABC Bakery,bánh donut,22000.0,1.0
2024-11-10,Paris Baguette,bánh sinh nhật,376000.0,1.0
2024-11-10,Paris Baguette,bánh cupcake,36000.0,1.0
2024-11-10,Paris Baguette,bánh mì sandwich,45000.0,1.0
2024-11-10,Paris Baguette,bánh croissant,24000.0,1.0
2024-11-10,Paris Baguette,bánh donut,23000.0,1.0
2024-11-10,Local Bakery,bánh sinh nhật,280000.0,1.0
2024-11-10,Local Bakery,bánh cupcake,41000.0,1.0
2024-11-10,Local Bakery,bánh mì sandwich,46000.0,1.0
2024-11-10,Local Bakery,bánh croissant,25000.0,1.0
2024-11-10,Local Bakery,bánh donut,24000.0,1.0
2024-11-11,ABC Bakery,bánh sinh nhật,442000.0,1.0
2024-11-11,ABC Bakery,bánh cupcake,37000.0,1.0
2024-11-11,ABC Bakery,bánh mì sandwich,49000.0,1.0
2024-11-11,ABC Bakery,bánh croissant,26000.0,1.0
2024-11-11,ABC Bakery,bánh donut,20000.0,1.0
2024-11-11,Paris Baguette,bánh sinh nhật,403000.0,1.0
2024-11-11,Paris Baguette,bánh cupcake,32000.0,1.0
2024-11-11,Paris Baguette,bánh mì sandwich,44000.0,1.0
2024-11-11,Paris Baguette,bánh croissant,27000.0,1.0
2024-11-11,Paris Baguette,bánh donut,23000.0,1.0
2024-11-11,Local Bakery,bánh sinh nhật,333000.0,1.0
2024-11-11,Local Bakery,bánh cupcake,43000.0,1.0
2024-11-11,Local Bakery,bánh mì sandwich,41000.0,1.0
2024-11-11,Local Bakery,bánh croissant,25000.0,1.0
2024-11-11,Local Bakery,bánh donut,24000.0,1.0
2024-11-12,ABC Bakery,bánh sinh nhật,308000.0,1.0
2024-11-12,ABC Bakery,bánh cupcake,40000.0,1.0
2024-11-12,ABC Bakery,bánh mì sandwich,44000.0,1.0
2024-11-12,ABC Bakery,bánh croissant,25000.0,1.0
2024-11-12,ABC Bakery,bánh donut,21000.0,1.0
2024-11-12,Paris Baguette,bánh sinh nhật,334000.0,1.0
2024-11-12,Paris Baguette,bánh cupcake,40000.0,1.0
2024-11-12,Paris Baguette,bánh mì sandwich,44000.0,1.0
2024-11-12,Paris Baguette,bánh croissant,24000.0,1.0
2024-11-12,Paris Baguette,bánh donut,20000.0,1.0
2024-11-12,Local Bakery,bánh sinh nhật,440000.0,1.0
2024-11-12,Local Bakery,bánh cupcake,40000.0,1.0
2024-11-12,Local Bakery,bánh mì sandwich,46000.0,1.0
2024-11-12,Local Bakery,bánh croissant,22000.0,1.0
2024-11-12,Local Bakery,bánh donut,24000.0,1.0
2024-11-13,ABC Bakery,bánh sinh nhật,290000.0,1.0
2024-11-13,ABC Bakery,bánh cupcake,32000.0,1.0
2024-11-13,ABC Bakery,bánh mì sandwich,40000.0,1.0
2024-11-13,ABC Bakery,bánh croissant,23000.0,1.0
2024-11-13,ABC Bakery,bánh donut,22000.0,1.0
2024-11-13,Paris Baguette,bánh sinh nhật,322000.0,1.0
2024-11-13,Paris Baguette,bánh cupcake,30000.0,1.0
2024-11-13,Paris Baguette,bánh mì sandwich,49000.0,1.0
2024-11-13,Paris Baguette,bánh croissant,26000.0,1.0
2024-11-13,Paris Baguette,bánh donut,17000.0,1.0
2024-11-13,Local Bakery,bánh sinh nhật,267000.0,1.0
2024-11-13,Local Bakery,bánh cupcake,33000.0,1.0
2024-11-13,Local Bakery,bánh mì sandwich,51000.0,1.0
2024-11-13,Local Bakery,bánh croissant,20000.0,1.0
2024-11-13,Local Bakery,bánh donut,18000.0,1.0
2024-11-14,ABC Bakery,bánh sinh nhật,332000.0,1.0
2024-11-14,ABC Bakery,bánh cupcake,29000.0,1.0
2024-11-14,ABC Bakery,bánh mì sandwich,47000.0,1.0
2024-11-14,ABC Bakery,bánh croissant,20000.0,1.0
2024-11-14,ABC Bakery,bánh donut,21000.0,1.0
2024-11-14,Paris Baguette,bánh sinh nhật,331000.0,1.0
2024-11-14,Paris Baguette,bánh cupcake,33000.0,1.0
2024-11-14,Paris Baguette,bánh mì sandwich,50000.0,1.0
2024-11-14,Paris Baguette,bánh croissant,22000.0,1.0
2024-11-14,Paris Baguette,bánh donut,19000.0,1.0
2024-11-14,Local Bakery,bánh sinh nhật,358000.0,1.0
2024-11-14,Local Bakery,bánh cupcake,40000.0,1.0
2024-11-14,Local Bakery,bánh mì sandwich,41000.0,1.0
2024-11-14,Local Bakery,bánh croissant,27000.0,1.0
2024-11-14,Local Bakery,bánh donut,23000.0,1.0
2024-11-15,ABC Bakery,bánh sinh nhật,396000.0,1.0
2024-11-15,ABC Bakery,bánh cupcake,32000.0,1.0
2024-11-15,ABC Bakery,bánh mì sandwich,47000.0,1.0
2024-11-15,ABC Bakery,bánh croissant,25000.0,1.0
2024-11-15,ABC Bakery,bánh donut,18000.0,1.0
2024-11-15,Paris Baguette,bánh sinh nhật,343000.0,1.0
2024-11-15,Paris Baguette,bánh cupcake,45000.0,1.0
2024-11-15,Paris Baguette,bánh mì sandwich,41000.0,1.0
2024-11-15,Paris Baguette,bánh croissant,25000.0,1.0
2024-11-15,Paris Baguette,bánh donut,17000.0,1.0
2024-11-15,Local Bakery,bánh sinh nhật,307000.0,1.0
2024-11-15,Local Bakery,bánh cupcake,32000.0,1.0
2024-11-15,Local Bakery,bánh mì sandwich,43000.0,1.0
2024-11-15,Local Bakery,bánh croissant,29000.0,1.0
2024-11-15,Local Bakery,bánh donut,20000.0,1.0
2024-11-16,ABC Bakery,bánh sinh nhật,478000.0,1.0
2024-11-16,ABC Bakery,bánh cupcake,34000.0,1.0
2024-11-16,ABC Bakery,bánh mì sandwich,48000.0,1.0
2024-11-16,ABC Bakery,bánh croissant,24000.0,1.0
2024-11-16,ABC Bakery,bánh donut,19000.0,1.0
2024-11-16,Paris Baguette,bánh sinh nhật,326000.0,1.0
2024-11-16,Paris Baguette,bánh cupcake,37000.0,1.0
2024-11-16,Paris Baguette,bánh mì sandwich,40000.0,1.0
2024-11-16,Paris Baguette,bánh croissant,21000.0,1.0
2024-11-16,Paris Baguette,bánh donut,22000.0,1.0
2024-11-16,Local Bakery,bánh sinh nhật,352000.0,1.0
2024-11-16,Local Bakery,bánh cupcake,34000.0,1.0
2024-11-16,Local Bakery,bánh mì sandwich,45000.0,1.0
2024-11-16,Local Bakery,bánh croissant,25000.0,1.0
2024-11-16,Local Bakery,bánh donut,21000.0,1.0
2024-11-17,ABC Bakery,bánh sinh nhật,444000.0,1.0
2024-11-17,ABC Bakery,bánh cupcake,35000.0,1.0
2024-11-17,ABC Bakery,bánh mì sandwich,49000.0,1.0
2024-11-17,ABC Bakery,bánh croissant,30000.0,1.0
2024-11-17,ABC Bakery,bánh donut,22000.0,1.0
2024-11-17,Paris Baguette,bánh sinh nhật,426000.0,1.0
2024-11-17,Paris Baguette,bánh cupcake,37000.0,1.0
2024-11-17,Paris Baguette,bánh mì sandwich,41000.0,1.0
2024-11-17,Paris Baguette,bánh croissant,25000.0,1.0
2024-11-17,Paris Baguette,bánh donut,18000.0,1.0
2024-11-17,Local Bakery,bánh sinh nhật,331000.0,1.0
2024-11-17,Local Bakery,bánh cupcake,38000.0,1.0
2024-11-17,Local Bakery,bánh mì sandwich,46000.0,1.0
2024-11-17,Local Bakery,bánh croissant,25000.0,1.0
2024-11-17,Local Bakery,bánh donut,21000.0,1.0
2024-11-18,ABC Bakery,bánh sinh nhật,408000.0,1.0
2024-11-18,ABC Bakery,bánh cupcake,37000.0,1.0
2024-11-18,ABC Bakery,bánh mì sandwich,45000.0,1.0
2024-11-18,ABC Bakery,bánh croissant,25000.0,1.0
2024-11-18,ABC Bakery,bánh donut,21000.0,1.0
2024-11-18,Paris Baguette,bánh sinh nhật,346000.0,1.0
2024-11-18,Paris Baguette,bánh cupcake,28000.0,1.0
2024-11-18,Paris Baguette,bánh mì sandwich,44000.0,1.0
2024-11-18,Paris Baguette,bánh croissant,22000.0,1.0
2024-11-18,Paris Baguette,bánh donut,21000.0,1.0
2024-11-18,Local Bakery,bánh sinh nhật,436000.0,1.0
2024-11-18,Local Bakery,bánh cupcake,34000.0,1.0
2024-11-18,Local Bakery,bánh mì sandwich,44000.0,1.0
2024-11-18,Local Bakery,bánh croissant,19000.0,1.0
2024-11-18,Local Bakery,bánh donut,17000.0,1.0
2024-11-19,ABC Bakery,bánh sinh nhật,322000.0,1.0
2024-11-19,ABC Bakery,bánh cupcake,39000.0,1.0
2024-11-19,ABC Bakery,bánh mì sandwich,44000.0,1.0
2024-11-19,ABC Bakery,bánh croissant,24000.0,1.0
2024-11-19,ABC Bakery,bánh donut,19000.0,1.0
2024-11-19,Paris Baguette,bánh sinh nhật,369000.0,1.0
2024-11-19,Paris Baguette,bánh cupcake,38000.0,1.0
2024-11-19,Paris Baguette,bánh mì sandwich,49000.0,1.0
2024-11-19,Paris Baguette,bánh croissant,22000.0,1.0
2024-11-19,Paris Baguette,bánh donut,21000.0,1.0
2024-11-19,Local Bakery,bánh sinh nhật,279000.0,1.0
2024-11-19,Local Bakery,bánh cupcake,35000.0,1.0
2024-11-19,Local Bakery,bánh mì sandwich,48000.0,1.0
2024-11-19,Local Bakery,bánh croissant,28000.0,1.0
2024-11-19,Local Bakery,bánh donut,23000.0,1.0
2024-11-20,ABC Bakery,bánh sinh nhật,340000.0,1.0
2024-11-20,ABC Bakery,bánh cupcake,29000.0,1.0
2024-11-20,ABC Bakery,bánh mì sandwich,48000.0,1.0
2024-11-20,ABC Bakery,bánh croissant,20000.0,1.0
2024-11-20,ABC Bakery,bánh donut,14000.0,1.0
2024-11-20,Paris Baguette,bánh sinh nhật,413000.0,1.0
2024-11-20,Paris Baguette,bánh cupcake,40000.0,1.0
2024-11-20,Paris Baguette,bánh mì sandwich,47000.0,1.0
2024-11-20,Paris Baguette,bánh croissant,24000.0,1.0
2024-11-20,Paris Baguette,bánh donut,20000.0,1.0
2024-11-20,Local Bakery,bánh sinh nhật,425000.0,1.0
2024-11-20,Local Bakery,bánh cupcake,31000.0,1.0
2024-11-20,Local Bakery,bánh mì sandwich,45000.0,1.0
2024-11-20,Local Bakery,bánh croissant,26000.0,1.0
2024-11-20,Local Bakery,bánh donut,19000.0,1.0
2024-11-21,ABC Bakery,bánh sinh nhật,337000.0,1.0
2024-11-21,ABC Bakery,bánh cupcake,42000.0,1.0
2024-11-21,ABC Bakery,bánh mì sandwich,46000.0,1.0
2024-11-21,ABC Bakery,bánh croissant,26000.0,1.0
2024-11-21,ABC Bakery,bánh donut,22000.0,1.0
2024-11-21,Paris Baguette,bánh sinh nhật,332000.0,1.0
2024-11-21,Paris Baguette,bánh cupcake,32000.0,1.0
2024-11-21,Paris Baguette,bánh mì sandwich,51000.0,1.0
2024-11-21,Paris Baguette,bánh croissant,26000.0,1.0
2024-11-21,Paris Baguette,bánh donut,18000.0,1.0
2024-11-21,Local Bakery,bánh sinh nhật,358000.0,1.0
2024-11-21,Local Bakery,bánh cupcake,37000.0,1.0
2024-11-21,Local Bakery,bánh mì sandwich,47000.0,1.0
2024-11-21,Local Bakery,bánh croissant,23000.0,1.0
2024-11-21,Local Bakery,bánh donut,21000.0,1.0
2024-11-22,ABC Bakery,bánh sinh nhật,364000.0,1.0
2024-11-22,ABC Bakery,bánh cupcake,48000.0,1.0
2024-11-22,ABC Bakery,bánh mì sandwich,45000.0,1.0
2024-11-22,ABC Bakery,bánh croissant,24000.0,1.0
2024-11-22,ABC Bakery,bánh donut,20000.0,1.0
2024-11-22,Paris Baguette,bánh sinh nhật,374000.0,1.0
2024-11-22,Paris Baguette,bánh cupcake,42000.0,1.0
2024-11-22,Paris Baguette,bánh mì sandwich,42000.0,1.0
2024-11-22,Paris Baguette,bánh croissant,29000.0,1.0
2024-11-22,Paris Baguette,bánh donut,23000.0,1.0
2024-11-22,Local Bakery,bánh sinh nhật,423000.0,1.0
2024-11-22,Local Bakery,bánh cupcake,34000.0,1.0
2024-11-22,Local Bakery,bánh mì sandwich,46000.0,1.0
2024-11-22,Local Bakery,bánh croissant,23000.0,1.0
2024-11-22,Local Bakery,bánh donut,22000.0,1.0
2024-11-23,ABC Bakery,bánh sinh nhật,356000.0,1.0
2024-11-23,ABC Bakery,bánh cupcake,41000.0,1.0
2024-11-23,ABC Bakery,bánh mì sandwich,42000.0,1.0
2024-11-23,ABC Bakery,bánh croissant,28000.0,1.0
2024-11-23,ABC Bakery,bánh donut,21000.0,1.0
2024-11-23,Paris Baguette,bánh sinh nhật,369000.0,1.0
2024-11-23,Paris Baguette,bánh cupcake,34000.0,1.0
2024-11-23,Paris Baguette,bánh mì sandwich,42000.0,1.0
2024-11-23,Paris Baguette,bánh croissant,28000.0,1.0
2024-11-23,Paris Baguette,bánh donut,23000.0,1.0
2024-11-23,Local Bakery,bánh sinh nhật,325000.0,1.0
2024-11-23,Local Bakery,bánh cupcake,40000.0,1.0
2024-11-23,Local Bakery,bánh mì sandwich,43000.0,1.0
2024-11-23,Local Bakery,bánh croissant,22000.0,1.0
2024-11-23,Local Bakery,bánh donut,18000.0,1.0
2024-11-24,ABC Bakery,bánh sinh nhật,379000.0,1.0
2024-11-24,ABC Bakery,bánh cupcake,35000.0,1.0
2024-11-24,ABC Bakery,bánh mì sandwich,46000.0,1.0
2024-11-24,ABC Bakery,bánh croissant,23000.0,1.0
2024-11-24,ABC Bakery,bánh donut,21000.0,1.0
2024-11-24,Paris Baguette,bánh sinh nhật,362000.0,1.0
2024-11-24,Paris Baguette,bánh cupcake,40000.0,1.0
2024-11-24,Paris Baguette,bánh mì sandwich,47000.0,1.0
2024-11-24,Paris Baguette,bánh croissant,23000.0,1.0
2024-11-24,Paris Baguette,bánh donut,18000.0,1.0
2024-11-24,Local Bakery,bánh sinh nhật,337000.0,1.0
2024-11-24,Local Bakery,bánh cupcake,35000.0,1.0
2024-11-24,Local Bakery,bánh mì sandwich,46000.0,1.0
2024-11-24,Local Bakery,bánh croissant,22000.0,1.0
2024-11-24,Local Bakery,bánh donut,19000.0,1.0
2024-11-25,ABC Bakery,bánh sinh nhật,451000.0,1.0
2024-11-25,ABC Bakery,bánh cupcake,39000.0,1.0
2024-11-25,ABC Bakery,bánh mì sandwich,42000.0,1.0
2024-11-25,ABC Bakery,bánh croissant,24000.0,1.0
2024-11-25,ABC Bakery,bánh donut,15000.0,1.0
2024-11-25,Paris Baguette,bánh sinh nhật,318000.0,1.0
2024-11-25,Paris Baguette,bánh cupcake,32000.0,1.0
2024-11-25,Paris Baguette,bánh mì sandwich,47000.0,1.0
2024-11-25,Paris Baguette,bánh croissant,26000.0,1.0
2024-11-25,Paris Baguette,bánh donut,20000.0,1.0
2024-11-25,Local Bakery,bánh sinh nhật,459000.0,1.0
2024-11-25,Local Bakery,bánh cupcake,40000.0,1.0
2024-11-25,Local Bakery,bánh mì sandwich,38000.0,1.0
2024-11-25,Local Bakery,bánh croissant,23000.0,1.0
2024-11-25,Local Bakery,bánh donut,19000.0,1.0
2024-11-26,ABC Bakery,bánh sinh nhật,433000.0,1.0
2024-11-26,ABC Bakery,bánh cupcake,37000.0,1.0
2024-11-26,ABC Bakery,bánh mì sandwich,42000.0,1.0
2024-11-26,ABC Bakery,bánh croissant,27000.0,1.0
2024-11-26,ABC Bakery,bánh donut,21000.0,1.0
2024-11-26,Paris Baguette,bánh sinh nhật,362000.0,1.0
2024-11-26,Paris Baguette,bánh cupcake,34000.0,1.0
2024-11-26,Paris Baguette,bánh mì sandwich,42000.0,1.0
2024-11-26,Paris Baguette,bánh croissant,27000.0,1.0
2024-11-26,Paris Baguette,bánh donut,22000.0,1.0
2024-11-26,Local Bakery,bánh sinh nhật,300000.0,1.0
2024-11-26,Local Bakery,bánh cupcake,33000.0,1.0
2024-11-26,Local Bakery,bánh mì sandwich,49000.0,1.0
2024-11-26,Local Bakery,bánh croissant,27000.0,1.0
2024-11-26,Local Bakery,bánh donut,22000.0,1.0
2024-11-27,ABC Bakery,bánh sinh nhật,406000.0,1.0
2024-11-27,ABC Bakery,bánh cupcake,45000.0,1.0
2024-11-27,ABC Bakery,bánh mì sandwich,38000.0,1.0
2024-11-27,ABC Bakery,bánh croissant,24000.0,1.0
2024-11-27,ABC Bakery,bánh donut,21000.0,1.0
2024-11-27,Paris Baguette,bánh sinh nhật,372000.0,1.0
2024-11-27,Paris Baguette,bánh cupcake,33000.0,1.0
2024-11-27,Paris Baguette,bánh mì sandwich,39000.0,1.0
2024-11-27,Paris Baguette,bánh croissant,26000.0,1.0
2024-11-27,Paris Baguette,bánh donut,18000.0,1.0
2024-11-27,Local Bakery,bánh sinh nhật,342000.0,1.0
2024-11-27,Local Bakery,bánh cupcake,35000.0,1.0
2024-11-27,Local Bakery,bánh mì sandwich,46000.0,1.0
2024-11-27,Local Bakery,bánh croissant,23000.0,1.0
2024-11-27,Local Bakery,bánh donut,21000.0,1.0
2024-11-28,ABC Bakery,bánh sinh nhật,400000.0,1.0
2024-11-28,ABC Bakery,bánh cupcake,27000.0,1.0
2024-11-28,ABC Bakery,bánh mì sandwich,46000.0,1.0
2024-11-28,ABC Bakery,bánh croissant,29000.0,1.0
2024-11-28,ABC Bakery,bánh donut,22000.0,1.0
2024-11-28,Paris Baguette,bánh sinh nhật,314000.0,1.0
2024-11-28,Paris Baguette,bánh cupcake,41000.0,1.0
2024-11-28,Paris Baguette,bánh mì sandwich,48000.0,1.0
2024-11-28,Paris Baguette,bánh croissant,28000.0,1.0
2024-11-28,Paris Baguette,bánh donut,21000.0,1.0
2024-11-28,Local Bakery,bánh sinh nhật,301000.0,1.0
2024-11-28,Local Bakery,bánh cupcake,31000.0,1.0
2024-11-28,Local Bakery,bánh mì sandwich,48000.0,1.0
2024-11-28,Local Bakery,bánh croissant,24000.0,1.0
2024-11-28,Local Bakery,bánh donut,20000.0,1.0
2024-11-29,ABC Bakery,bánh sinh nhật,290000.0,1.0
2024-11-29,ABC Bakery,bánh cupcake,33000.0,1.0
2024-11-29,ABC Bakery,bánh mì sandwich,40000.0,1.0
2024-11-29,ABC Bakery,bánh croissant,25000.0,1.0
2024-11-29,ABC Bakery,bánh donut,20000.0,1.0
2024-11-29,Paris Baguette,bánh sinh nhật,379000.0,1.0
2024-11-29,Paris Baguette,bánh cupcake,32000.0,1.0
2024-11-29,Paris Baguette,bánh mì sandwich,42000.0,1.0
2024-11-29,Paris Baguette,bánh croissant,28000.0,1.0
2024-11-29,Paris Baguette,bánh donut,22000.0,1.0
2024-11-29,Local Bakery,bánh sinh nhật,360000.0,1.0
2024-11-29,Local Bakery,bánh cupcake,33000.0,1.0
2024-11-29,Local Bakery,bánh mì sandwich,47000.0,1.0
2024-11-29,Local Bakery,bánh croissant,25000.0,1.0
2024-11-29,Local Bakery,bánh donut,20000.0,1.0
2024-11-30,ABC Bakery,bánh sinh nhật,269000.0,1.0
2024-11-30,ABC Bakery,bánh cupcake,43000.0,1.0
2024-11-30,ABC Bakery,bánh mì sandwich,45000.0,1.0
2024-11-30,ABC Bakery,bánh croissant,29000.0,1.0
2024-11-30,ABC Bakery,bánh donut,19000.0,1.0
2024-11-30,Paris Baguette,bánh sinh nhật,388000.0,1.0
2024-11-30,Paris Baguette,bánh cupcake,34000.0,1.0
2024-11-30,Paris Baguette,bánh mì sandwich,48000.0,1.0
2024-11-30,Paris Baguette,bánh croissant,25000.0,1.0
2024-11-30,Paris Baguette,bánh donut,19000.0,1.0
2024-11-30,Local Bakery,bánh sinh nhật,298000.0,1.0
2024-11-30,Local Bakery,bánh cupcake,32000.0,1.0
2024-11-30,Local Bakery,bánh mì sandwich,45000.0,1.0
2024-11-30,Local Bakery,bánh croissant,28000.0,1.0
2024-11-30,Local Bakery,bánh donut,22000.0,1.0
2024-12-01,ABC Bakery,bánh sinh nhật,402000.0,1.15
2024-12-01,ABC Bakery,bánh cupcake,37000.0,1.15
2024-12-01,ABC Bakery,bánh mì sandwich,56000.0,1.15
2024-12-01,ABC Bakery,bánh croissant,30000.0,1.15
2024-12-01,ABC Bakery,bánh donut,23000.0,1.15
2024-12-01,Paris Baguette,bánh sinh nhật,366000.0,1.15
2024-12-01,Paris Baguette,bánh cupcake,38000.0,1.15
2024-12-01,Paris Baguette,bánh mì sandwich,53000.0,1.15
2024-12-01,Paris Baguette,bánh croissant,30000.0,1.15
2024-12-01,Paris Baguette,bánh donut,21000.0,1.15
2024-12-01,Local Bakery,bánh sinh nhật,462000.0,1.15
2024-12-01,Local Bakery,bánh cupcake,42000.0,1.15
2024-12-01,Local Bakery,bánh mì sandwich,46000.0,1.15
2024-12-01,Local Bakery,bánh croissant,29000.0,1.15
2024-12-01,Local Bakery,bánh donut,24000.0,1.15
2024-12-02,ABC Bakery,bánh sinh nhật,352000.0,1.15
2024-12-02,ABC Bakery,bánh cupcake,33000.0,1.15
2024-12-02,ABC Bakery,bánh mì sandwich,52000.0,1.15
2024-12-02,ABC Bakery,bánh croissant,33000.0,1.15
2024-12-02,ABC Bakery,bánh donut,26000.0,1.15
2024-12-02,Paris Baguette,bánh sinh nhật,393000.0,1.15
2024-12-02,Paris Baguette,bánh cupcake,36000.0,1.15
2024-12-02,Paris Baguette,bánh mì sandwich,54000.0,1.15
2024-12-02,Paris Baguette,bánh croissant,25000.0,1.15
2024-12-02,Paris Baguette,bánh donut,25000.0,1.15
2024-12-02,Local Bakery,bánh sinh nhật,456000.0,1.15
2024-12-02,Local Bakery,bánh cupcake,38000.0,1.15
2024-12-02,Local Bakery,bánh mì sandwich,55000.0,1.15
2024-12-02,Local Bakery,bánh croissant,28000.0,1.15
2024-12-02,Local Bakery,bánh donut,21000.0,1.15
2024-12-03,ABC Bakery,bánh sinh nhật,445000.0,1.15
2024-12-03,ABC Bakery,bánh cupcake,50000.0,1.15
2024-12-03,ABC Bakery,bánh mì sandwich,48000.0,1.15
2024-12-03,ABC Bakery,bánh croissant,28000.0,1.15
2024-12-03,ABC Bakery,bánh donut,23000.0,1.15
2024-12-03,Paris Baguette,bánh sinh nhật,388000.0,1.15
2024-12-03,Paris Baguette,bánh cupcake,41000.0,1.15
2024-12-03,Paris Baguette,bánh mì sandwich,55000.0,1.15
2024-12-03,Paris Baguette,bánh croissant,26000.0,1.15
2024-12-03,Paris Baguette,bánh donut,22000.0,1.15
2024-12-03,Local Bakery,bánh sinh nhật,263000.0,1.15
2024-12-03,Local Bakery,bánh cupcake,42000.0,1.15
2024-12-03,Local Bakery,bánh mì sandwich,49000.0,1.15
2024-12-03,Local Bakery,bánh croissant,24000.0,1.15
2024-12-03,Local Bakery,bánh donut,26000.0,1.15
2024-12-04,ABC Bakery,bánh sinh nhật,496000.0,1.15
2024-12-04,ABC Bakery,bánh cupcake,38000.0,1.15
2024-12-04,ABC Bakery,bánh mì sandwich,48000.0,1.15
2024-12-04,ABC Bakery,bánh croissant,26000.0,1.15
2024-12-04,ABC Bakery,bánh donut,24000.0,1.15
2024-12-04,Paris Baguette,bánh sinh nhật,445000.0,1.15
2024-12-04,Paris Baguette,bánh cupcake,50000.0,1.15
2024-12-04,Paris Baguette,bánh mì sandwich,55000.0,1.15
2024-12-04,Paris Baguette,bánh croissant,28000.0,1.15
2024-12-04,Paris Baguette,bánh donut,22000.0,1.15
2024-12-04,Local Bakery,bánh sinh nhật,415000.0,1.15
2024-12-04,Local Bakery,bánh cupcake,46000.0,1.15
2024-12-04,Local Bakery,bánh mì sandwich,50000.0,1.15
2024-12-04,Local Bakery,bánh croissant,27000.0,1.15
2024-12-04,Local Bakery,bánh donut,20000.0,1.15
2024-12-05,ABC Bakery,bánh sinh nhật,413000.0,1.15
2024-12-05,ABC Bakery,bánh cupcake,36000.0,1.15
2024-12-05,ABC Bakery,bánh mì sandwich,52000.0,1.15
2024-12-05,ABC Bakery,bánh croissant,29000.0,1.15
2024-12-05,ABC Bakery,bánh donut,19000.0,1.15
2024-12-05,Paris Baguette,bánh sinh nhật,485000.0,1.15
2024-12-05,Paris Baguette,bánh cupcake,33000.0,1.15
2024-12-05,Paris Baguette,bánh mì sandwich,54000.0,1.15
2024-12-05,Paris Baguette,bánh croissant,31000.0,1.15
2024-12-05,Paris Baguette,bánh donut,20000.0,1.15
2024-12-05,Local Bakery,bánh sinh nhật,450000.0,1.15
2024-12-05,Local Bakery,bánh cupcake,47000.0,1.15
2024-12-05,Local Bakery,bánh mì sandwich,53000.0,1.15
2024-12-05,Local Bakery,bánh croissant,28000.0,1.15
2024-12-05,Local Bakery,bánh donut,23000.0,1.15
2024-12-06,ABC Bakery,bánh sinh nhật,378000.0,1.15
2024-12-06,ABC Bakery,bánh cupcake,38000.0,1.15
2024-12-06,ABC Bakery,bánh mì sandwich,44000.0,1.15
2024-12-06,ABC Bakery,bánh croissant,26000.0,1.15
2024-12-06,ABC Bakery,bánh donut,21000.0,1.15
2024-12-06,Paris Baguette,bánh sinh nhật,391000.0,1.15
2024-12-06,Paris Baguette,bánh cupcake,34000.0,1.15
2024-12-06,Paris Baguette,bánh mì sandwich,51000.0,1.15
2024-12-06,Paris Baguette,bánh croissant,30000.0,1.15
2024-12-06,Paris Baguette,bánh donut,24000.0,1.15
2024-12-06,Local Bakery,bánh sinh nhật,428000.0,1.15
2024-12-06,Local Bakery,bánh cupcake,42000.0,1.15
2024-12-06,Local Bakery,bánh mì sandwich,49000.0,1.15
2024-12-06,Local Bakery,bánh croissant,28000.0,1.15
2024-12-06,Local Bakery,bánh donut,26000.0,1.15
2024-12-07,ABC Bakery,bánh sinh nhật,406000.0,1.15
2024-12-07,ABC Bakery,bánh cupcake,52000.0,1.15
2024-12-07,ABC Bakery,bánh mì sandwich,53000.0,1.15
2024-12-07,ABC Bakery,bánh croissant,26000.0,1.15
2024-12-07,ABC Bakery,bánh donut,20000.0,1.15
2024-12-07,Paris Baguette,bánh sinh nhật,406000.0,1.15
2024-12-07,Paris Baguette,bánh cupcake,37000.0,1.15
2024-12-07,Paris Baguette,bánh mì sandwich,60000.0,1.15
2024-12-07,Paris Baguette,bánh croissant,30000.0,1.15
2024-12-07,Paris Baguette,bánh donut,22000.0,1.15
2024-12-07,Local Bakery,bánh sinh nhật,445000.0,1.15
2024-12-07,Local Bakery,bánh cupcake,40000.0,1.15
2024-12-07,Local Bakery,bánh mì sandwich,53000.0,1.15
2024-12-07,Local Bakery,bánh croissant,31000.0,1.15
2024-12-07,Local Bakery,bánh donut,28000.0,1.15
2024-12-08,ABC Bakery,bánh sinh nhật,453000.0,1.15
2024-12-08,ABC Bakery,bánh cupcake,42000.0,1.15
2024-12-08,ABC Bakery,bánh mì sandwich,51000.0,1.15
2024-12-08,ABC Bakery,bánh croissant,27000.0,1.15
2024-12-08,ABC Bakery,bánh donut,22000.0,1.15
2024-12-08,Paris Baguette,bánh sinh nhật,420000.0,1.15
2024-12-08,Paris Baguette,bánh cupcake,47000.0,1.15
2024-12-08,Paris Baguette,bánh mì sandwich,53000.0,1.15
2024-12-08,Paris Baguette,bánh croissant,29000.0,1.15
2024-12-08,Paris Baguette,bánh donut,26000.0,1.15
2024-12-08,Local Bakery,bánh sinh nhật,438000.0,1.15
2024-12-08,Local Bakery,bánh cupcake,45000.0,1.15
2024-12-08,Local Bakery,bánh mì sandwich,52000.0,1.15
2024-12-08,Local Bakery,bánh croissant,31000.0,1.15
2024-12-08,Local Bakery,bánh donut,25000.0,1.15
2024-12-09,ABC Bakery,bánh sinh nhật,341000.0,1.15
2024-12-09,ABC Bakery,bánh cupcake,36000.0,1.15
2024-12-09,ABC Bakery,bánh mì sandwich,47000.0,1.15
2024-12-09,ABC Bakery,bánh croissant,29000.0,1.15
2024-12-09,ABC Bakery,bánh donut,26000.0,1.15
2024-12-09,Paris Baguette,bánh sinh nhật,412000.0,1.15
2024-12-09,Paris Baguette,bánh cupcake,40000.0,1.15
2024-12-09,Paris Baguette,bánh mì sandwich,56000.0,1.15
2024-12-09,Paris Baguette,bánh croissant,31000.0,1.15
2024-12-09,Paris Baguette,bánh donut,23000.0,1.15
2024-12-09,Local Bakery,bánh sinh nhật,351000.0,1.15
2024-12-09,Local Bakery,bánh cupcake,35000.0,1.15
2024-12-09,Local Bakery,bánh mì sandwich,50000.0,1.15
2024-12-09,Local Bakery,bánh croissant,28000.0,1.15
2024-12-09,Local Bakery,bánh donut,28000.0,1.15
2024-12-10,ABC Bakery,bánh sinh nhật,362000.0,1.15
2024-12-10,ABC Bakery,bánh cupcake,33000.0,1.15
2024-12-10,ABC Bakery,bánh mì sandwich,58000.0,1.15
2024-12-10,ABC Bakery,bánh croissant,29000.0,1.15
2024-12-10,ABC Bakery,bánh donut,23000.0,1.15
2024-12-10,Paris Baguette,bánh sinh nhật,449000.0,1.15
2024-12-10,Paris Baguette,bánh cupcake,37000.0,1.15
2024-12-10,Paris Baguette,bánh mì sandwich,45000.0,1.15
2024-12-10,Paris Baguette,bánh croissant,31000.0,1.15
2024-12-10,Paris Baguette,bánh donut,25000.0,1.15
2024-12-10,Local Bakery,bánh sinh nhật,302000.0,1.15
2024-12-10,Local Bakery,bánh cupcake,36000.0,1.15
2024-12-10,Local Bakery,bánh mì sandwich,49000.0,1.15
2024-12-10,Local Bakery,bánh croissant,31000.0,1.15
2024-12-10,Local Bakery,bánh donut,22000.0,1.15
2024-12-11,ABC Bakery,bánh sinh nhật,399000.0,1.15
2024-12-11,ABC Bakery,bánh cupcake,37000.0,1.15
2024-12-11,ABC Bakery,bánh mì sandwich,44000.0,1.15
2024-12-11,ABC Bakery,bánh croissant,27000.0,1.15
2024-12-11,ABC Bakery,bánh donut,23000.0,1.15
2024-12-11,Paris Baguette,bánh sinh nhật,339000.0,1.15
2024-12-11,Paris Baguette,bánh cupcake,34000.0,1.15
2024-12-11,Paris Baguette,bánh mì sandwich,54000.0,1.15
2024-12-11,Paris Baguette,bánh croissant,29000.0,1.15
2024-12-11,Paris Baguette,bánh donut,22000.0,1.15
2024-12-11,Local Bakery,bánh sinh nhật,421000.0,1.15
2024-12-11,Local Bakery,bánh cupcake,42000.0,1.15
2024-12-11,Local Bakery,bánh mì sandwich,48000.0,1.15
2024-12-11,Local Bakery,bánh croissant,24000.0,1.15
2024-12-11,Local Bakery,bánh donut,24000.0,1.15
2024-12-12,ABC Bakery,bánh sinh nhật,416000.0,1.15
2024-12-12,ABC Bakery,bánh cupcake,37000.0,1.15
2024-12-12,ABC Bakery,bánh mì sandwich,52000.0,1.15
2024-12-12,ABC Bakery,bánh croissant,32000.0,1.15
2024-12-12,ABC Bakery,bánh donut,24000.0,1.15
2024-12-12,Paris Baguette,bánh sinh nhật,544000.0,1.15
2024-12-12,Paris Baguette,bánh cupcake,39000.0,1.15
2024-12-12,Paris Baguette,bánh mì sandwich,51000.0,1.15
2024-12-12,Paris Baguette,bánh croissant,29000.0,1.15
2024-12-12,Paris Baguette,bánh donut,24000.0,1.15
2024-12-12,Local Bakery,bánh sinh nhật,424000.0,1.15
2024-12-12,Local Bakery,bánh cupcake,41000.0,1.15
2024-12-12,Local Bakery,bánh mì sandwich,54000.0,1.15
2024-12-12,Local Bakery,bánh croissant,31000.0,1.15
2024-12-12,Local Bakery,bánh donut,25000.0,1.15
2024-12-13,ABC Bakery,bánh sinh nhật,345000.0,1.15
2024-12-13,ABC Bakery,bánh cupcake,37000.0,1.15
2024-12-13,ABC Bakery,bánh mì sandwich,57000.0,1.15
2024-12-13,ABC Bakery,bánh croissant,30000.0,1.15
2024-12-13,ABC Bakery,bánh donut,26000.0,1.15
2024-12-13,Paris Baguette,bánh sinh nhật,433000.0,1.15
2024-12-13,Paris Baguette,bánh cupcake,41000.0,1.15
2024-12-13,Paris Baguette,bánh mì sandwich,50000.0,1.15
2024-12-13,Paris Baguette,bánh croissant,30000.0,1.15
2024-12-13,Paris Baguette,bánh donut,21000.0,1.15
2024-12-13,Local Bakery,bánh sinh nhật,391000.0,1.15
2024-12-13,Local Bakery,bánh cupcake,36000.0,1.15
2024-12-13,Local Bakery,bánh mì sandwich,47000.0,1.15
2024-12-13,Local Bakery,bánh croissant,29000.0,1.15
2024-12-13,Local Bakery,bánh donut,23000.0,1.15
2024-12-14,ABC Bakery,bánh sinh nhật,408000.0,1.15
2024-12-14,ABC Bakery,bánh cupcake,38000.0,1.15
2024-12-14,ABC Bakery,bánh mì sandwich,49000.0,1.15
2024-12-14,ABC Bakery,bánh croissant,31000.0,1.15
2024-12-14,ABC Bakery,bánh donut,29000.0,1.15
2024-12-14,Paris Baguette,bánh sinh nhật,373000.0,1.15
2024-12-14,Paris Baguette,bánh cupcake,42000.0,1.15
2024-12-14,Paris Baguette,bánh mì sandwich,55000.0,1.15
2024-12-14,Paris Baguette,bánh croissant,29000.0,1.15
2024-12-14,Paris Baguette,bánh donut,22000.0,1.15
2024-12-14,Local Bakery,bánh sinh nhật,425000.0,1.15
2024-12-14,Local Bakery,bánh cupcake,37000.0,1.15
2024-12-14,Local Bakery,bánh mì sandwich,57000.0,1.15
2024-12-14,Local Bakery,bánh croissant,28000.0,1.15
2024-12-14,Local Bakery,bánh donut,24000.0,1.15
2024-12-15,ABC Bakery,bánh sinh nhật,441000.0,1.15
2024-12-15,ABC Bakery,bánh cupcake,44000.0,1.15
2024-12-15,ABC Bakery,bánh mì sandwich,50000.0,1.15
2024-12-15,ABC Bakery,bánh croissant,26000.0,1.15
2024-12-15,ABC Bakery,bánh donut,25000.0,1.15
2024-12-15,Paris Baguette,bánh sinh nhật,387000.0,1.15
2024-12-15,Paris Baguette,bánh cupcake,39000.0,1.15
2024-12-15,Paris Baguette,bánh mì sandwich,58000.0,1.15
2024-12-15,Paris Baguette,bánh croissant,28000.0,1.15
2024-12-15,Paris Baguette,bánh donut,26000.0,1.15
2024-12-15,Local Bakery,bánh sinh nhật,340000.0,1.15
2024-12-15,Local Bakery,bánh cupcake,43000.0,1.15
2024-12-15,Local Bakery,bánh mì sandwich,58000.0,1.15
2024-12-15,Local Bakery,bánh croissant,32000.0,1.15
2024-12-15,Local Bakery,bánh donut,24000.0,1.15
2024-12-16,ABC Bakery,bánh sinh nhật,394000.0,1.15
2024-12-16,ABC Bakery,bánh cupcake,41000.0,1.15
2024-12-16,ABC Bakery,bánh mì sandwich,54000.0,1.15
2024-12-16,ABC Bakery,bánh croissant,24000.0,1.15
2024-12-16,ABC Bakery,bánh donut,22000.0,1.15
2024-12-16,Paris Baguette,bánh sinh nhật,441000.0,1.15
2024-12-16,Paris Baguette,bánh cupcake,33000.0,1.15
2024-12-16,Paris Baguette,bánh mì sandwich,53000.0,1.15
2024-12-16,Paris Baguette,bánh croissant,31000.0,1.15
2024-12-16,Paris Baguette,bánh donut,24000.0,1.15
2024-12-16,Local Bakery,bánh sinh nhật,347000.0,1.15
2024-12-16,Local Bakery,bánh cupcake,41000.0,1.15
2024-12-16,Local Bakery,bánh mì sandwich,54000.0,1.15
2024-12-16,Local Bakery,bánh croissant,32000.0,1.15
2024-12-16,Local Bakery,bánh donut,24000.0,1.15
2024-12-17,ABC Bakery,bánh sinh nhật,308000.0,1.15
2024-12-17,ABC Bakery,bánh cupcake,50000.0,1.15
2024-12-17,ABC Bakery,bánh mì sandwich,46000.0,1.15
2024-12-17,ABC Bakery,bánh croissant,27000.0,1.15
2024-12-17,ABC Bakery,bánh donut,20000.0,1.15
2024-12-17,Paris Baguette,bánh sinh nhật,452000.0,1.15
2024-12-17,Paris Baguette,bánh cupcake,35000.0,1.15
2024-12-17,Paris Baguette,bánh mì sandwich,51000.0,1.15
2024-12-17,Paris Baguette,bánh croissant,26000.0,1.15
2024-12-17,Paris Baguette,bánh donut,23000.0,1.15
2024-12-17,Local Bakery,bánh sinh nhật,494000.0,1.15
2024-12-17,Local Bakery,bánh cupcake,40000.0,1.15
2024-12-17,Local Bakery,bánh mì sandwich,56000.0,1.15
2024-12-17,Local Bakery,bánh croissant,30000.0,1.15
2024-12-17,Local Bakery,bánh donut,21000.0,1.15
2024-12-18,ABC Bakery,bánh sinh nhật,401000.0,1.15
2024-12-18,ABC Bakery,bánh cupcake,43000.0,1.15
2024-12-18,ABC Bakery,bánh mì sandwich,53000.0,1.15
2024-12-18,ABC Bakery,bánh croissant,30000.0,1.15
2024-12-18,ABC Bakery,bánh donut,26000.0,1.15
2024-12-18,Paris Baguette,bánh sinh nhật,332000.0,1.15
2024-12-18,Paris Baguette,bánh cupcake,29000.0,1.15
2024-12-18,Paris Baguette,bánh mì sandwich,58000.0,1.15
2024-12-18,Paris Baguette,bánh croissant,30000.0,1.15
2024-12-18,Paris Baguette,bánh donut,21000.0,1.15
2024-12-18,Local Bakery,bánh sinh nhật,417000.0,1.15
2024-12-18,Local Bakery,bánh cupcake,38000.0,1.15
2024-12-18,Local Bakery,bánh mì sandwich,51000.0,1.15
2024-12-18,Local Bakery,bánh croissant,31000.0,1.15
2024-12-18,Local Bakery,bánh donut,24000.0,1.15
2024-12-19,ABC Bakery,bánh sinh nhật,451000.0,1.15
2024-12-19,ABC Bakery,bánh cupcake,35000.0,1.15
2024-12-19,ABC Bakery,bánh mì sandwich,55000.0,1.15
2024-12-19,ABC Bakery,bánh croissant,33000.0,1.15
2024-12-19,ABC Bakery,bánh donut,23000.0,1.15
2024-12-19,Paris Baguette,bánh sinh nhật,288000.0,1.15
2024-12-19,Paris Baguette,bánh cupcake,50000.0,1.15
2024-12-19,Paris Baguette,bánh mì sandwich,51000.0,1.15
2024-12-19,Paris Baguette,bánh croissant,27000.0,1.15
2024-12-19,Paris Baguette,bánh donut,25000.0,1.15
2024-12-19,Local Bakery,bánh sinh nhật,308000.0,1.15
2024-12-19,Local Bakery,bánh cupcake,41000.0,1.15
2024-12-19,Local Bakery,bánh mì sandwich,45000.0,1.15
2024-12-19,Local Bakery,bánh croissant,25000.0,1.15
2024-12-19,Local Bakery,bánh donut,22000.0,1.15
2024-12-20,ABC Bakery,bánh sinh nhật,419000.0,1.15
2024-12-20,ABC Bakery,bánh cupcake,42000.0,1.15
2024-12-20,ABC Bakery,bánh mì sandwich,53000.0,1.15
2024-12-20,ABC Bakery,bánh croissant,29000.0,1.15
2024-12-20,ABC Bakery,bánh donut,19000.0,1.15
2024-12-20,Paris Baguette,bánh sinh nhật,485000.0,1.15
2024-12-20,Paris Baguette,bánh cupcake,36000.0,1.15
2024-12-20,Paris Baguette,bánh mì sandwich,51000.0,1.15
2024-12-20,Paris Baguette,bánh croissant,28000.0,1.15
2024-12-20,Paris Baguette,bánh donut,23000.0,1.15
2024-12-20,Local Bakery,bánh sinh nhật,389000.0,1.15
2024-12-20,Local Bakery,bánh cupcake,39000.0,1.15
2024-12-20,Local Bakery,bánh mì sandwich,48000.0,1.15
2024-12-20,Local Bakery,bánh croissant,29000.0,1.15
2024-12-20,Local Bakery,bánh donut,21000.0,1.15
2024-12-21,ABC Bakery,bánh sinh nhật,438000.0,1.15
2024-12-21,ABC Bakery,bánh cupcake,45000.0,1.15
2024-12-21,ABC Bakery,bánh mì sandwich,56000.0,1.15
2024-12-21,ABC Bakery,bánh croissant,26000.0,1.15
2024-12-21,ABC Bakery,bánh donut,26000.0,1.15
2024-12-21,Paris Baguette,bánh sinh nhật,433000.0,1.15
2024-12-21,Paris Baguette,bánh cupcake,50000.0,1.15
2024-12-21,Paris Baguette,bánh mì sandwich,52000.0,1.15
2024-12-21,Paris Baguette,bánh croissant,29000.0,1.15
2024-12-21,Paris Baguette,bánh donut,23000.0,1.15
2024-12-21,Local Bakery,bánh sinh nhật,403000.0,1.15
2024-12-21,Local Bakery,bánh cupcake,46000.0,1.15
2024-12-21,Local Bakery,bánh mì sandwich,53000.0,1.15
2024-12-21,Local Bakery,bánh croissant,26000.0,1.15
2024-12-21,Local Bakery,bánh donut,23000.0,1.15
2024-12-22,ABC Bakery,bánh sinh nhật,408000.0,1.15
2024-12-22,ABC Bakery,bánh cupcake,38000.0,1.15
2024-12-22,ABC Bakery,bánh mì sandwich,47000.0,1.15
2024-12-22,ABC Bakery,bánh croissant,29000.0,1.15
2024-12-22,ABC Bakery,bánh donut,23000.0,1.15
2024-12-22,Paris Baguette,bánh sinh nhật,404000.0,1.15
2024-12-22,Paris Baguette,bánh cupcake,38000.0,1.15
2024-12-22,Paris Baguette,bánh mì sandwich,51000.0,1.15
2024-12-22,Paris Baguette,bánh croissant,35000.0,1.15
2024-12-22,Paris Baguette,bánh donut,21000.0,1.15
2024-12-22,Local Bakery,bánh sinh nhật,419000.0,1.15
2024-12-22,Local Bakery,bánh cupcake,31000.0,1.15
2024-12-22,Local Bakery,bánh mì sandwich,47000.0,1.15
2024-12-22,Local Bakery,bánh croissant,27000.0,1.15
2024-12-22,Local Bakery,bánh donut,22000.0,1.15
2024-12-23,ABC Bakery,bánh sinh nhật,484000.0,1.15
2024-12-23,ABC Bakery,bánh cupcake,48000.0,1.15
2024-12-23,ABC Bakery,bánh mì sandwich,49000.0,1.15
2024-12-23,ABC Bakery,bánh croissant,25000.0,1.15
2024-12-23,ABC Bakery,bánh donut,23000.0,1.15
2024-12-23,Paris Baguette,bánh sinh nhật,416000.0,1.15
2024-12-23,Paris Baguette,bánh cupcake,35000.0,1.15
2024-12-23,Paris Baguette,bánh mì sandwich,55000.0,1.15
2024-12-23,Paris Baguette,bánh croissant,28000.0,1.15
2024-12-23,Paris Baguette,bánh donut,23000.0,1.15
2024-12-23,Local Bakery,bánh sinh nhật,431000.0,1.15
2024-12-23,Local Bakery,bánh cupcake,34000.0,1.15
2024-12-23,Local Bakery,bánh mì sandwich,45000.0,1.15
2024-12-23,Local Bakery,bánh croissant,26000.0,1.15
2024-12-23,Local Bakery,bánh donut,24000.0,1.15
2024-12-24,ABC Bakery,bánh sinh nhật,470000.0,1.15
2024-12-24,ABC Bakery,bánh cupcake,41000.0,1.15
2024-12-24,ABC Bakery,bánh mì sandwich,52000.0,1.15
2024-12-24,ABC Bakery,bánh croissant,30000.0,1.15
2024-12-24,ABC Bakery,bánh donut,24000.0,1.15
2024-12-24,Paris Baguette,bánh sinh nhật,535000.0,1.15
2024-12-24,Paris Baguette,bánh cupcake,60000.0,1.15
2024-12-24,Paris Baguette,bánh mì sandwich,49000.0,1.15
2024-12-24,Paris Baguette,bánh croissant,31000.0,1.15
2024-12-24,Paris Baguette,bánh donut,23000.0,1.15
2024-12-24,Local Bakery,bánh sinh nhật,322000.0,1.15
2024-12-24,Local Bakery,bánh cupcake,41000.0,1.15
2024-12-24,Local Bakery,bánh mì sandwich,49000.0,1.15
2024-12-24,Local Bakery,bánh croissant,32000.0,1.15
2024-12-24,Local Bakery,bánh donut,27000.0,1.15
2024-12-25,ABC Bakery,bánh sinh nhật,375000.0,1.15
2024-12-25,ABC Bakery,bánh cupcake,40000.0,1.15
2024-12-25,ABC Bakery,bánh mì sandwich,48000.0,1.15
2024-12-25,ABC Bakery,bánh croissant,28000.0,1.15
2024-12-25,ABC Bakery,bánh donut,20000.0,1.15
2024-12-25,Paris Baguette,bánh sinh nhật,376000.0,1.15
2024-12-25,Paris Baguette,bánh cupcake,38000.0,1.15
2024-12-25,Paris Baguette,bánh mì sandwich,47000.0,1.15
2024-12-25,Paris Baguette,bánh croissant,30000.0,1.15
2024-12-25,Paris Baguette,bánh donut,23000.0,1.15
2024-12-25,Local Bakery,bánh sinh nhật,328000.0,1.15
2024-12-25,Local Bakery,bánh cupcake,40000.0,1.15
2024-12-25,Local Bakery,bánh mì sandwich,47000.0,1.15
2024-12-25,Local Bakery,bánh croissant,29000.0,1.15
2024-12-25,Local Bakery,bánh donut,20000.0,1.15
2024-12-26,ABC Bakery,bánh sinh nhật,438000.0,1.15
2024-12-26,ABC Bakery,bánh cupcake,43000.0,1.15
2024-12-26,ABC Bakery,bánh mì sandwich,63000.0,1.15
2024-12-26,ABC Bakery,bánh croissant,22000.0,1.15
2024-12-26,ABC Bakery,bánh donut,21000.0,1.15
2024-12-26,Paris Baguette,bánh sinh nhật,582000.0,1.15
2024-12-26,Paris Baguette,bánh cupcake,40000.0,1.15
2024-12-26,Paris Baguette,bánh mì sandwich,49000.0,1.15
2024-12-26,Paris Baguette,bánh croissant,30000.0,1.15
2024-12-26,Paris Baguette,bánh donut,26000.0,1.15
2024-12-26,Local Bakery,bánh sinh nhật,320000.0,1.15
2024-12-26,Local Bakery,bánh cupcake,40000.0,1.15
2024-12-26,Local Bakery,bánh mì sandwich,54000.0,1.15
2024-12-26,Local Bakery,bánh croissant,26000.0,1.15
2024-12-26,Local Bakery,bánh donut,22000.0,1.15
2024-12-27,ABC Bakery,bánh sinh nhật,468000.0,1.15
2024-12-27,ABC Bakery,bánh cupcake,42000.0,1.15
2024-12-27,ABC Bakery,bánh mì sandwich,49000.0,1.15
2024-12-27,ABC Bakery,bánh croissant,25000.0,1.15
2024-12-27,ABC Bakery,bánh donut,23000.0,1.15
2024-12-27,Paris Baguette,bánh sinh nhật,357000.0,1.15
2024-12-27,Paris Baguette,bánh cupcake,40000.0,1.15
2024-12-27,Paris Baguette,bánh mì sandwich,50000.0,1.15
2024-12-27,Paris Baguette,bánh croissant,28000.0,1.15
2024-12-27,Paris Baguette,bánh donut,23000.0,1.15
2024-12-27,Local Bakery,bánh sinh nhật,436000.0,1.15
2024-12-27,Local Bakery,bánh cupcake,35000.0,1.15
2024-12-27,Local Bakery,bánh mì sandwich,54000.0,1.15
2024-12-27,Local Bakery,bánh croissant,28000.0,1.15
2024-12-27,Local Bakery,bánh donut,23000.0,1.15
2024-12-28,ABC Bakery,bánh sinh nhật,353000.0,1.15
2024-12-28,ABC Bakery,bánh cupcake,41000.0,1.15
2024-12-28,ABC Bakery,bánh mì sandwich,48000.0,1.15
2024-12-28,ABC Bakery,bánh croissant,22000.0,1.15
2024-12-28,ABC Bakery,bánh donut,22000.0,1.15
2024-12-28,Paris Baguette,bánh sinh nhật,464000.0,1.15
2024-12-28,Paris Baguette,bánh cupcake,37000.0,1.15
2024-12-28,Paris Baguette,bánh mì sandwich,46000.0,1.15
2024-12-28,Paris Baguette,bánh croissant,29000.0,1.15
2024-12-28,Paris Baguette,bánh donut,21000.0,1.15
2024-12-28,Local Bakery,bánh sinh nhật,516000.0,1.15
2024-12-28,Local Bakery,bánh cupcake,50000.0,1.15
2024-12-28,Local Bakery,bánh mì sandwich,55000.0,1.15
2024-12-28,Local Bakery,bánh croissant,24000.0,1.15
2024-12-28,Local Bakery,bánh donut,21000.0,1.15
2024-12-29,ABC Bakery,bánh sinh nhật,353000.0,1.15
2024-12-29,ABC Bakery,bánh cupcake,41000.0,1.15
2024-12-29,ABC Bakery,bánh mì sandwich,50000.0,1.15
2024-12-29,ABC Bakery,bánh croissant,31000.0,1.15
2024-12-29,ABC Bakery,bánh donut,22000.0,1.15
2024-12-29,Paris Baguette,bánh sinh nhật,369000.0,1.15
2024-12-29,Paris Baguette,bánh cupcake,47000.0,1.15
2024-12-29,Paris Baguette,bánh mì sandwich,48000.0,1.15
2024-12-29,Paris Baguette,bánh croissant,26000.0,1.15
2024-12-29,Paris Baguette,bánh donut,22000.0,1.15
2024-12-29,Local Bakery,bánh sinh nhật,394000.0,1.15
2024-12-29,Local Bakery,bánh cupcake,37000.0,1.15
2024-12-29,Local Bakery,bánh mì sandwich,53000.0,1.15
2024-12-29,Local Bakery,bánh croissant,33000.0,1.15
2024-12-29,Local Bakery,bánh donut,25000.0,1.15
2024-12-30,ABC Bakery,bánh sinh nhật,494000.0,1.15
2024-12-30,ABC Bakery,bánh cupcake,36000.0,1.15
2024-12-30,ABC Bakery,bánh mì sandwich,48000.0,1.15
2024-12-30,ABC Bakery,bánh croissant,32000.0,1.15
2024-12-30,ABC Bakery,bánh donut,21000.0,1.15
2024-12-30,Paris Baguette,bánh sinh nhật,580000.0,1.15
2024-12-30,Paris Baguette,bánh cupcake,43000.0,1.15
2024-12-30,Paris Baguette,bánh mì sandwich,52000.0,1.15
2024-12-30,Paris Baguette,bánh croissant,32000.0,1.15
2024-12-30,Paris Baguette,bánh donut,21000.0,1.15
2024-12-30,Local Bakery,bánh sinh nhật,443000.0,1.15
2024-12-30,Local Bakery,bánh cupcake,43000.0,1.15
2024-12-30,Local Bakery,bánh mì sandwich,46000.0,1.15
2024-12-30,Local Bakery,bánh croissant,27000.0,1.15
2024-12-30,Local Bakery,bánh donut,26000.0,1.15
2024-12-31,ABC Bakery,bánh sinh nhật,354000.0,1.15
2024-12-31,ABC Bakery,bánh cupcake,35000.0,1.15
2024-12-31,ABC Bakery,bánh mì sandwich,50000.0,1.15
2024-12-31,ABC Bakery,bánh croissant,27000.0,1.15
2024-12-31,ABC Bakery,bánh donut,20000.0,1.15
2024-12-31,Paris Baguette,bánh sinh nhật,469000.0,1.15
2024-12-31,Paris Baguette,bánh cupcake,39000.0,1.15
2024-12-31,Paris Baguette,bánh mì sandwich,54000.0,1.15
2024-12-31,Paris Baguette,bánh croissant,31000.0,1.15
2024-12-31,Paris Baguette,bánh donut,25000.0,1.15
2024-12-31,Local Bakery,bánh sinh nhật,463000.0,1.15
2024-12-31,Local Bakery,bánh cupcake,44000.0,1.15
2024-12-31,Local Bakery,bánh mì sandwich,49000.0,1.15
2024-12-31,Local Bakery,bánh croissant,31000.0,1.15
2024-12-31,Local Bakery,bánh donut,24000.0,1.15
