date,competitor,product,price,has_promotion,estimated_market_share,store_count,quality_rating,delivery_available
2024-01-01,Paris Baguette,Tiramisu,287000.0,0,0.067,23,4.5,1
2024-01-01,Paris Baguette,Cheesecake,230000.0,1,0.175,3,4.0,0
2024-01-01,Paris Baguette,Macaron,46000.0,1,0.072,21,3.7,1
2024-01-01,Paris Baguette,Éclair,78000.0,0,0.147,14,4.6,1
2024-01-01,Paris Baguette,Croissant,44000.0,0,0.121,22,4.7,0
2024-01-01,Paris Baguette,Red Velvet Cake,324000.0,0,0.217,23,3.8,1
2024-01-01,Tous Les Jours,Tiramisu,284000.0,0,0.219,15,4.1,0
2024-01-01,Tous Les Jours,Cheesecake,176000.0,1,0.249,5,4.6,0
2024-01-01,Tous Les Jours,Macaron,51000.0,0,0.107,20,3.6,1
2024-01-01,Tous Les Jours,Éclair,70000.0,0,0.084,21,4.2,1
2024-01-01,Tous Les Jours,Croissant,44000.0,0,0.057,5,3.7,0
2024-01-01,Tous Les Jours,Red Velvet Cake,320000.0,0,0.095,22,4.5,1
2024-01-01,ABC Bakery,Tiramisu,249000.0,0,0.061,10,4.7,1
2024-01-01,ABC Bakery,Cheesecake,199000.0,0,0.225,1,4.3,1
2024-01-01,ABC Bakery,Macaron,35000.0,1,0.153,14,4.4,1
2024-01-01,ABC Bakery,Éclair,61000.0,0,0.169,15,4.0,0
2024-01-01,ABC Bakery,Croissant,34000.0,0,0.07,2,4.7,0
2024-01-01,ABC Bakery,Red Velvet Cake,254000.0,0,0.179,19,4.2,1
2024-01-01,Givral,Tiramisu,214000.0,0,0.067,20,3.8,1
2024-01-01,Givral,Cheesecake,190000.0,0,0.208,13,4.2,1
2024-01-01,Givral,Macaron,42000.0,0,0.242,10,4.7,1
2024-01-01,Givral,Éclair,58000.0,0,0.194,2,3.5,1
2024-01-01,Givral,Croissant,36000.0,0,0.168,5,4.6,1
2024-01-01,Givral,Red Velvet Cake,265000.0,0,0.231,17,4.6,1
2024-01-01,Local Bakery A,Tiramisu,222000.0,0,0.187,20,4.6,0
2024-01-01,Local Bakery A,Cheesecake,180000.0,0,0.199,19,4.7,0
2024-01-01,Local Bakery A,Macaron,36000.0,0,0.149,10,3.9,0
2024-01-01,Local Bakery A,Éclair,57000.0,0,0.24,16,3.6,0
2024-01-01,Local Bakery A,Croissant,33000.0,0,0.183,23,4.8,1
2024-01-01,Local Bakery A,Red Velvet Cake,243000.0,0,0.242,18,3.6,0
2024-01-01,Supermarket Chain,Tiramisu,136000.0,1,0.094,5,4.3,1
2024-01-01,Supermarket Chain,Cheesecake,148000.0,0,0.228,9,4.5,1
2024-01-01,Supermarket Chain,Macaron,30000.0,0,0.223,6,4.8,1
2024-01-01,Supermarket Chain,Éclair,42000.0,0,0.162,14,4.7,0
2024-01-01,Supermarket Chain,Croissant,26000.0,0,0.208,6,3.5,1
2024-01-01,Supermarket Chain,Red Velvet Cake,179000.0,0,0.136,3,4.5,1
2024-01-02,Paris Baguette,Tiramisu,262000.0,1,0.112,21,4.5,1
2024-01-02,Paris Baguette,Cheesecake,256000.0,0,0.077,10,3.6,1
2024-01-02,Paris Baguette,Macaron,53000.0,0,0.105,1,4.4,0
2024-01-02,Paris Baguette,Éclair,77000.0,0,0.063,24,3.5,1
2024-01-02,Paris Baguette,Croissant,47000.0,0,0.065,3,4.7,0
2024-01-02,Paris Baguette,Red Velvet Cake,343000.0,0,0.145,19,4.7,1
2024-01-02,Tous Les Jours,Tiramisu,290000.0,0,0.197,18,4.0,1
2024-01-02,Tous Les Jours,Cheesecake,244000.0,0,0.215,12,4.1,0
2024-01-02,Tous Les Jours,Macaron,47000.0,1,0.082,20,3.8,1
2024-01-02,Tous Les Jours,Éclair,75000.0,0,0.125,1,4.3,1
2024-01-02,Tous Les Jours,Croissant,37000.0,1,0.172,18,4.1,1
2024-01-02,Tous Les Jours,Red Velvet Cake,312000.0,0,0.196,5,4.1,1
2024-01-02,ABC Bakery,Tiramisu,238000.0,0,0.224,19,3.5,1
2024-01-02,ABC Bakery,Cheesecake,215000.0,0,0.18,19,4.4,1
2024-01-02,ABC Bakery,Macaron,41000.0,0,0.142,13,4.3,1
2024-01-02,ABC Bakery,Éclair,59000.0,0,0.104,6,4.0,1
2024-01-02,ABC Bakery,Croissant,38000.0,0,0.176,5,3.8,1
2024-01-02,ABC Bakery,Red Velvet Cake,259000.0,0,0.189,19,3.5,1
2024-01-02,Givral,Tiramisu,200000.0,1,0.207,5,4.0,0
2024-01-02,Givral,Cheesecake,192000.0,0,0.106,2,4.1,0
2024-01-02,Givral,Macaron,40000.0,0,0.148,16,4.2,1
2024-01-02,Givral,Éclair,56000.0,0,0.202,14,4.3,1
2024-01-02,Givral,Croissant,32000.0,0,0.119,21,4.6,1
2024-01-02,Givral,Red Velvet Cake,246000.0,0,0.096,15,4.1,0
2024-01-02,Local Bakery A,Tiramisu,218000.0,0,0.144,17,4.3,1
2024-01-02,Local Bakery A,Cheesecake,187000.0,0,0.075,24,4.7,1
2024-01-02,Local Bakery A,Macaron,39000.0,0,0.24,19,3.5,0
2024-01-02,Local Bakery A,Éclair,55000.0,0,0.058,1,4.4,0
2024-01-02,Local Bakery A,Croissant,34000.0,0,0.19,24,4.4,1
2024-01-02,Local Bakery A,Red Velvet Cake,229000.0,0,0.196,6,4.0,1
2024-01-02,Supermarket Chain,Tiramisu,175000.0,0,0.245,4,4.1,1
2024-01-02,Supermarket Chain,Cheesecake,147000.0,0,0.218,5,4.7,1
2024-01-02,Supermarket Chain,Macaron,32000.0,0,0.107,11,4.4,0
2024-01-02,Supermarket Chain,Éclair,41000.0,0,0.208,4,4.4,1
2024-01-02,Supermarket Chain,Croissant,25000.0,0,0.179,12,3.8,1
2024-01-02,Supermarket Chain,Red Velvet Cake,188000.0,0,0.152,12,4.2,1
2024-01-03,Paris Baguette,Tiramisu,301000.0,0,0.172,21,3.6,1
2024-01-03,Paris Baguette,Cheesecake,259000.0,0,0.124,14,3.8,1
2024-01-03,Paris Baguette,Macaron,39000.0,1,0.231,11,3.8,1
2024-01-03,Paris Baguette,Éclair,78000.0,0,0.123,3,3.7,1
2024-01-03,Paris Baguette,Croissant,48000.0,0,0.101,7,4.6,1
2024-01-03,Paris Baguette,Red Velvet Cake,330000.0,0,0.085,17,4.8,1
2024-01-03,Tous Les Jours,Tiramisu,293000.0,0,0.097,11,4.0,0
2024-01-03,Tous Les Jours,Cheesecake,253000.0,0,0.225,12,4.5,1
2024-01-03,Tous Les Jours,Macaron,53000.0,0,0.226,13,3.6,1
2024-01-03,Tous Les Jours,Éclair,74000.0,0,0.206,15,4.4,1
2024-01-03,Tous Les Jours,Croissant,44000.0,0,0.118,23,4.2,1
2024-01-03,Tous Les Jours,Red Velvet Cake,232000.0,1,0.067,9,4.2,0
2024-01-03,ABC Bakery,Tiramisu,197000.0,1,0.144,15,4.3,0
2024-01-03,ABC Bakery,Cheesecake,215000.0,0,0.204,4,3.7,1
2024-01-03,ABC Bakery,Macaron,42000.0,0,0.223,10,4.6,1
2024-01-03,ABC Bakery,Éclair,50000.0,1,0.17,21,4.8,1
2024-01-03,ABC Bakery,Croissant,40000.0,0,0.201,3,3.5,1
2024-01-03,ABC Bakery,Red Velvet Cake,274000.0,0,0.083,18,4.5,1
2024-01-03,Givral,Tiramisu,229000.0,0,0.238,10,4.2,0
2024-01-03,Givral,Cheesecake,201000.0,0,0.105,17,4.7,1
2024-01-03,Givral,Macaron,40000.0,0,0.195,10,4.5,1
2024-01-03,Givral,Éclair,57000.0,0,0.241,11,4.7,1
2024-01-03,Givral,Croissant,35000.0,0,0.135,23,3.8,0
2024-01-03,Givral,Red Velvet Cake,261000.0,0,0.123,20,3.7,0
2024-01-03,Local Bakery A,Tiramisu,224000.0,0,0.216,15,4.4,0
2024-01-03,Local Bakery A,Cheesecake,189000.0,0,0.124,13,4.7,0
2024-01-03,Local Bakery A,Macaron,39000.0,0,0.09,1,4.3,1
2024-01-03,Local Bakery A,Éclair,55000.0,0,0.053,1,4.7,1
2024-01-03,Local Bakery A,Croissant,33000.0,0,0.082,4,4.1,1
2024-01-03,Local Bakery A,Red Velvet Cake,196000.0,1,0.102,12,4.6,1
2024-01-03,Supermarket Chain,Tiramisu,172000.0,0,0.124,10,3.5,1
2024-01-03,Supermarket Chain,Cheesecake,146000.0,0,0.097,17,3.8,0
2024-01-03,Supermarket Chain,Macaron,28000.0,0,0.09,17,4.0,1
2024-01-03,Supermarket Chain,Éclair,43000.0,0,0.188,5,4.3,1
2024-01-03,Supermarket Chain,Croissant,25000.0,0,0.184,4,4.6,1
2024-01-03,Supermarket Chain,Red Velvet Cake,150000.0,1,0.214,1,3.9,0
2024-01-04,Paris Baguette,Tiramisu,312000.0,0,0.194,9,3.7,0
2024-01-04,Paris Baguette,Cheesecake,255000.0,0,0.245,23,4.4,1
2024-01-04,Paris Baguette,Macaron,44000.0,1,0.141,18,4.5,0
2024-01-04,Paris Baguette,Éclair,60000.0,1,0.172,13,3.7,1
2024-01-04,Paris Baguette,Croissant,46000.0,0,0.11,14,4.0,1
2024-01-04,Paris Baguette,Red Velvet Cake,335000.0,0,0.122,5,4.3,1
2024-01-04,Tous Les Jours,Tiramisu,298000.0,0,0.093,23,4.1,0
2024-01-04,Tous Les Jours,Cheesecake,259000.0,0,0.083,19,4.6,1
2024-01-04,Tous Les Jours,Macaron,49000.0,0,0.103,1,4.3,1
2024-01-04,Tous Les Jours,Éclair,67000.0,0,0.247,10,3.8,0
2024-01-04,Tous Les Jours,Croissant,41000.0,0,0.234,8,3.5,1
2024-01-04,Tous Les Jours,Red Velvet Cake,314000.0,0,0.222,13,4.6,1
2024-01-04,ABC Bakery,Tiramisu,251000.0,0,0.104,3,4.0,1
2024-01-04,ABC Bakery,Cheesecake,152000.0,1,0.224,3,4.3,1
2024-01-04,ABC Bakery,Macaron,43000.0,0,0.068,20,3.5,1
2024-01-04,ABC Bakery,Éclair,63000.0,0,0.169,24,4.5,1
2024-01-04,ABC Bakery,Croissant,36000.0,0,0.11,10,3.9,1
2024-01-04,ABC Bakery,Red Velvet Cake,271000.0,0,0.172,13,4.2,1
2024-01-04,Givral,Tiramisu,222000.0,0,0.146,20,4.6,0
2024-01-04,Givral,Cheesecake,205000.0,0,0.139,22,3.9,1
2024-01-04,Givral,Macaron,41000.0,0,0.216,7,4.0,1
2024-01-04,Givral,Éclair,58000.0,0,0.151,3,4.7,1
2024-01-04,Givral,Croissant,35000.0,0,0.071,20,4.3,1
2024-01-04,Givral,Red Velvet Cake,255000.0,0,0.249,15,3.8,1
2024-01-04,Local Bakery A,Tiramisu,218000.0,0,0.093,16,4.8,1
2024-01-04,Local Bakery A,Cheesecake,190000.0,0,0.141,10,4.1,1
2024-01-04,Local Bakery A,Macaron,37000.0,0,0.214,21,4.8,1
2024-01-04,Local Bakery A,Éclair,56000.0,0,0.061,5,3.8,1
2024-01-04,Local Bakery A,Croissant,32000.0,0,0.129,13,4.0,1
2024-01-04,Local Bakery A,Red Velvet Cake,251000.0,0,0.167,2,4.7,0
2024-01-04,Supermarket Chain,Tiramisu,171000.0,0,0.088,3,4.5,1
2024-01-04,Supermarket Chain,Cheesecake,143000.0,0,0.175,4,3.5,1
2024-01-04,Supermarket Chain,Macaron,29000.0,0,0.164,1,4.2,1
2024-01-04,Supermarket Chain,Éclair,30000.0,1,0.218,23,4.4,0
2024-01-04,Supermarket Chain,Croissant,20000.0,1,0.052,1,3.9,1
2024-01-04,Supermarket Chain,Red Velvet Cake,181000.0,0,0.218,15,3.5,0
2024-01-05,Paris Baguette,Tiramisu,279000.0,0,0.216,24,3.5,1
2024-01-05,Paris Baguette,Cheesecake,240000.0,0,0.059,22,4.7,0
2024-01-05,Paris Baguette,Macaron,48000.0,0,0.072,20,4.8,1
2024-01-05,Paris Baguette,Éclair,63000.0,0,0.247,23,3.7,1
2024-01-05,Paris Baguette,Croissant,43000.0,0,0.14,14,3.5,0
2024-01-05,Paris Baguette,Red Velvet Cake,300000.0,0,0.159,24,4.3,1
2024-01-05,Tous Les Jours,Tiramisu,281000.0,0,0.078,20,4.1,1
2024-01-05,Tous Les Jours,Cheesecake,235000.0,0,0.131,18,4.1,0
2024-01-05,Tous Les Jours,Macaron,46000.0,0,0.242,20,4.2,1
2024-01-05,Tous Les Jours,Éclair,66000.0,0,0.079,1,4.4,1
2024-01-05,Tous Les Jours,Croissant,40000.0,0,0.089,10,3.5,1
2024-01-05,Tous Les Jours,Red Velvet Cake,229000.0,1,0.187,19,4.7,1
2024-01-05,ABC Bakery,Tiramisu,168000.0,1,0.054,17,4.4,0
2024-01-05,ABC Bakery,Cheesecake,194000.0,0,0.154,2,4.3,1
2024-01-05,ABC Bakery,Macaron,40000.0,0,0.053,14,4.7,1
2024-01-05,ABC Bakery,Éclair,56000.0,0,0.063,1,4.7,0
2024-01-05,ABC Bakery,Croissant,34000.0,0,0.201,8,3.5,1
2024-01-05,ABC Bakery,Red Velvet Cake,250000.0,0,0.154,15,4.7,1
2024-01-05,Givral,Tiramisu,211000.0,0,0.061,7,4.7,0
2024-01-05,Givral,Cheesecake,179000.0,0,0.129,1,4.4,1
2024-01-05,Givral,Macaron,37000.0,0,0.2,1,3.6,1
2024-01-05,Givral,Éclair,55000.0,0,0.173,14,4.1,1
2024-01-05,Givral,Croissant,33000.0,0,0.06,16,4.6,1
2024-01-05,Givral,Red Velvet Cake,240000.0,0,0.083,15,4.7,1
2024-01-05,Local Bakery A,Tiramisu,206000.0,0,0.203,9,4.1,0
2024-01-05,Local Bakery A,Cheesecake,142000.0,1,0.209,20,4.8,0
2024-01-05,Local Bakery A,Macaron,36000.0,0,0.216,14,3.9,0
2024-01-05,Local Bakery A,Éclair,49000.0,0,0.073,13,3.7,0
2024-01-05,Local Bakery A,Croissant,30000.0,0,0.209,2,4.1,1
2024-01-05,Local Bakery A,Red Velvet Cake,220000.0,0,0.247,22,3.8,0
2024-01-05,Supermarket Chain,Tiramisu,138000.0,1,0.245,9,3.8,0
2024-01-05,Supermarket Chain,Cheesecake,131000.0,0,0.157,21,4.0,0
2024-01-05,Supermarket Chain,Macaron,27000.0,0,0.071,7,4.3,1
2024-01-05,Supermarket Chain,Éclair,32000.0,1,0.189,17,3.8,1
2024-01-05,Supermarket Chain,Croissant,23000.0,0,0.206,14,4.1,1
2024-01-05,Supermarket Chain,Red Velvet Cake,173000.0,0,0.189,11,3.9,1
2024-01-06,Paris Baguette,Tiramisu,295000.0,0,0.195,1,3.7,0
2024-01-06,Paris Baguette,Cheesecake,247000.0,0,0.096,3,3.5,0
2024-01-06,Paris Baguette,Macaron,50000.0,0,0.235,19,4.5,0
2024-01-06,Paris Baguette,Éclair,75000.0,0,0.233,11,3.7,1
2024-01-06,Paris Baguette,Croissant,43000.0,0,0.163,22,4.3,0
2024-01-06,Paris Baguette,Red Velvet Cake,304000.0,0,0.205,8,4.2,1
2024-01-06,Tous Les Jours,Tiramisu,288000.0,0,0.051,13,3.7,1
2024-01-06,Tous Les Jours,Cheesecake,163000.0,1,0.218,3,4.5,1
2024-01-06,Tous Les Jours,Macaron,46000.0,0,0.15,12,3.7,1
2024-01-06,Tous Les Jours,Éclair,70000.0,0,0.146,12,3.6,0
2024-01-06,Tous Les Jours,Croissant,30000.0,1,0.225,18,4.1,1
2024-01-06,Tous Les Jours,Red Velvet Cake,293000.0,0,0.127,19,4.5,0
2024-01-06,ABC Bakery,Tiramisu,232000.0,0,0.12,23,3.5,1
2024-01-06,ABC Bakery,Cheesecake,198000.0,0,0.223,5,4.0,1
2024-01-06,ABC Bakery,Macaron,41000.0,0,0.108,11,4.4,1
2024-01-06,ABC Bakery,Éclair,59000.0,0,0.091,6,4.7,0
2024-01-06,ABC Bakery,Croissant,34000.0,0,0.166,8,4.2,0
2024-01-06,ABC Bakery,Red Velvet Cake,214000.0,1,0.056,6,3.7,1
2024-01-06,Givral,Tiramisu,224000.0,0,0.078,4,4.6,1
2024-01-06,Givral,Cheesecake,187000.0,0,0.242,11,4.0,1
2024-01-06,Givral,Macaron,32000.0,1,0.171,14,4.3,0
2024-01-06,Givral,Éclair,56000.0,0,0.104,12,4.7,1
2024-01-06,Givral,Croissant,34000.0,0,0.193,21,4.3,1
2024-01-06,Givral,Red Velvet Cake,243000.0,0,0.2,4,4.0,0
2024-01-06,Local Bakery A,Tiramisu,207000.0,0,0.132,2,3.7,1
2024-01-06,Local Bakery A,Cheesecake,187000.0,0,0.13,13,3.9,0
2024-01-06,Local Bakery A,Macaron,37000.0,0,0.222,22,4.1,1
2024-01-06,Local Bakery A,Éclair,53000.0,0,0.165,2,4.0,1
2024-01-06,Local Bakery A,Croissant,33000.0,0,0.161,12,4.4,0
2024-01-06,Local Bakery A,Red Velvet Cake,230000.0,0,0.228,12,4.3,1
2024-01-06,Supermarket Chain,Tiramisu,114000.0,1,0.104,10,4.3,1
2024-01-06,Supermarket Chain,Cheesecake,143000.0,0,0.185,11,3.6,1
2024-01-06,Supermarket Chain,Macaron,21000.0,1,0.159,7,3.9,1
2024-01-06,Supermarket Chain,Éclair,33000.0,1,0.131,4,4.3,1
2024-01-06,Supermarket Chain,Croissant,24000.0,0,0.161,24,4.4,1
2024-01-06,Supermarket Chain,Red Velvet Cake,171000.0,0,0.092,12,3.5,1
2024-01-07,Paris Baguette,Tiramisu,293000.0,0,0.129,14,4.4,1
2024-01-07,Paris Baguette,Cheesecake,241000.0,0,0.166,11,4.3,1
2024-01-07,Paris Baguette,Macaron,48000.0,0,0.115,5,4.4,1
2024-01-07,Paris Baguette,Éclair,73000.0,0,0.248,24,3.7,1
2024-01-07,Paris Baguette,Croissant,47000.0,0,0.089,2,4.4,1
2024-01-07,Paris Baguette,Red Velvet Cake,321000.0,0,0.209,11,4.7,1
2024-01-07,Tous Les Jours,Tiramisu,241000.0,1,0.157,22,4.4,1
2024-01-07,Tous Les Jours,Cheesecake,246000.0,0,0.105,18,4.1,0
2024-01-07,Tous Les Jours,Macaron,35000.0,1,0.114,18,4.0,1
2024-01-07,Tous Les Jours,Éclair,72000.0,0,0.051,5,3.8,1
2024-01-07,Tous Les Jours,Croissant,42000.0,0,0.142,3,4.7,0
2024-01-07,Tous Les Jours,Red Velvet Cake,304000.0,0,0.104,19,3.5,1
2024-01-07,ABC Bakery,Tiramisu,252000.0,0,0.234,18,4.5,1
2024-01-07,ABC Bakery,Cheesecake,204000.0,0,0.068,4,3.8,1
2024-01-07,ABC Bakery,Macaron,41000.0,0,0.246,19,4.0,0
2024-01-07,ABC Bakery,Éclair,56000.0,0,0.17,12,4.3,1
2024-01-07,ABC Bakery,Croissant,36000.0,0,0.134,16,4.8,1
2024-01-07,ABC Bakery,Red Velvet Cake,256000.0,0,0.243,23,3.8,0
2024-01-07,Givral,Tiramisu,217000.0,0,0.249,8,4.5,0
2024-01-07,Givral,Cheesecake,195000.0,0,0.135,16,4.7,0
2024-01-07,Givral,Macaron,38000.0,0,0.118,18,4.6,0
2024-01-07,Givral,Éclair,56000.0,0,0.054,2,3.7,1
2024-01-07,Givral,Croissant,32000.0,0,0.111,3,4.5,1
2024-01-07,Givral,Red Velvet Cake,244000.0,0,0.19,9,4.3,1
2024-01-07,Local Bakery A,Tiramisu,207000.0,0,0.238,1,4.2,0
2024-01-07,Local Bakery A,Cheesecake,180000.0,0,0.068,11,4.1,1
2024-01-07,Local Bakery A,Macaron,29000.0,1,0.245,12,4.7,1
2024-01-07,Local Bakery A,Éclair,56000.0,0,0.1,18,3.9,0
2024-01-07,Local Bakery A,Croissant,31000.0,0,0.06,4,3.8,1
2024-01-07,Local Bakery A,Red Velvet Cake,238000.0,0,0.196,23,4.6,1
2024-01-07,Supermarket Chain,Tiramisu,164000.0,0,0.095,24,3.9,1
2024-01-07,Supermarket Chain,Cheesecake,146000.0,0,0.148,15,4.7,1
2024-01-07,Supermarket Chain,Macaron,28000.0,0,0.178,4,4.2,1
2024-01-07,Supermarket Chain,Éclair,42000.0,0,0.207,4,4.3,1
2024-01-07,Supermarket Chain,Croissant,17000.0,1,0.234,6,4.3,1
2024-01-07,Supermarket Chain,Red Velvet Cake,155000.0,1,0.168,11,3.6,1
2024-01-08,Paris Baguette,Tiramisu,282000.0,0,0.118,17,4.0,0
2024-01-08,Paris Baguette,Cheesecake,177000.0,1,0.245,5,3.6,1
2024-01-08,Paris Baguette,Macaron,47000.0,0,0.191,17,4.1,1
2024-01-08,Paris Baguette,Éclair,68000.0,0,0.166,10,4.4,1
2024-01-08,Paris Baguette,Croissant,42000.0,0,0.152,11,4.5,1
2024-01-08,Paris Baguette,Red Velvet Cake,309000.0,0,0.208,2,4.5,1
2024-01-08,Tous Les Jours,Tiramisu,266000.0,0,0.182,5,3.6,0
2024-01-08,Tous Les Jours,Cheesecake,239000.0,0,0.065,5,4.0,0
2024-01-08,Tous Les Jours,Macaron,50000.0,0,0.105,14,4.3,1
2024-01-08,Tous Les Jours,Éclair,66000.0,0,0.104,3,4.0,1
2024-01-08,Tous Les Jours,Croissant,41000.0,0,0.056,13,4.5,1
2024-01-08,Tous Les Jours,Red Velvet Cake,288000.0,0,0.218,22,4.4,1
2024-01-08,ABC Bakery,Tiramisu,225000.0,0,0.112,4,3.7,0
2024-01-08,ABC Bakery,Cheesecake,196000.0,0,0.144,5,4.7,1
2024-01-08,ABC Bakery,Macaron,39000.0,0,0.055,16,4.4,1
2024-01-08,ABC Bakery,Éclair,54000.0,0,0.24,13,3.9,1
2024-01-08,ABC Bakery,Croissant,31000.0,0,0.248,10,3.8,1
2024-01-08,ABC Bakery,Red Velvet Cake,253000.0,0,0.062,1,4.6,1
2024-01-08,Givral,Tiramisu,165000.0,1,0.235,16,4.3,1
2024-01-08,Givral,Cheesecake,143000.0,1,0.063,6,3.5,1
2024-01-08,Givral,Macaron,38000.0,0,0.173,15,4.0,1
2024-01-08,Givral,Éclair,51000.0,0,0.055,12,4.8,1
2024-01-08,Givral,Croissant,24000.0,1,0.203,6,4.4,1
2024-01-08,Givral,Red Velvet Cake,165000.0,1,0.193,7,4.5,1
2024-01-08,Local Bakery A,Tiramisu,208000.0,0,0.112,13,3.8,0
2024-01-08,Local Bakery A,Cheesecake,169000.0,0,0.166,15,3.8,1
2024-01-08,Local Bakery A,Macaron,37000.0,0,0.229,24,4.7,1
2024-01-08,Local Bakery A,Éclair,50000.0,0,0.137,2,4.4,1
2024-01-08,Local Bakery A,Croissant,30000.0,0,0.081,13,3.7,0
2024-01-08,Local Bakery A,Red Velvet Cake,216000.0,0,0.171,22,4.2,1
2024-01-08,Supermarket Chain,Tiramisu,149000.0,0,0.104,7,3.8,1
2024-01-08,Supermarket Chain,Cheesecake,133000.0,0,0.139,18,4.2,1
2024-01-08,Supermarket Chain,Macaron,28000.0,0,0.091,23,4.8,1
2024-01-08,Supermarket Chain,Éclair,42000.0,0,0.074,2,4.6,1
2024-01-08,Supermarket Chain,Croissant,22000.0,0,0.193,20,4.6,1
2024-01-08,Supermarket Chain,Red Velvet Cake,171000.0,0,0.12,14,3.7,0
2024-01-09,Paris Baguette,Tiramisu,289000.0,0,0.162,24,3.6,0
2024-01-09,Paris Baguette,Cheesecake,232000.0,0,0.091,24,4.6,0
2024-01-09,Paris Baguette,Macaron,49000.0,0,0.115,13,4.6,1
2024-01-09,Paris Baguette,Éclair,53000.0,1,0.239,21,4.1,1
2024-01-09,Paris Baguette,Croissant,43000.0,0,0.113,12,4.0,1
2024-01-09,Paris Baguette,Red Velvet Cake,304000.0,0,0.104,19,4.4,1
2024-01-09,Tous Les Jours,Tiramisu,194000.0,1,0.208,9,4.3,1
2024-01-09,Tous Les Jours,Cheesecake,220000.0,0,0.221,17,4.2,0
2024-01-09,Tous Les Jours,Macaron,39000.0,1,0.053,5,4.6,1
2024-01-09,Tous Les Jours,Éclair,68000.0,0,0.168,9,4.4,1
2024-01-09,Tous Les Jours,Croissant,37000.0,0,0.101,6,4.5,1
2024-01-09,Tous Les Jours,Red Velvet Cake,301000.0,0,0.113,20,4.6,1
2024-01-09,ABC Bakery,Tiramisu,197000.0,1,0.163,19,3.6,1
2024-01-09,ABC Bakery,Cheesecake,172000.0,1,0.054,9,4.7,1
2024-01-09,ABC Bakery,Macaron,40000.0,0,0.233,9,4.7,0
2024-01-09,ABC Bakery,Éclair,55000.0,0,0.208,21,3.6,1
2024-01-09,ABC Bakery,Croissant,35000.0,0,0.178,14,4.0,1
2024-01-09,ABC Bakery,Red Velvet Cake,257000.0,0,0.064,12,3.8,0
2024-01-09,Givral,Tiramisu,220000.0,0,0.218,7,4.3,1
2024-01-09,Givral,Cheesecake,192000.0,0,0.187,17,3.8,1
2024-01-09,Givral,Macaron,37000.0,0,0.138,7,3.9,0
2024-01-09,Givral,Éclair,51000.0,0,0.171,12,4.5,1
2024-01-09,Givral,Croissant,32000.0,0,0.236,13,4.1,0
2024-01-09,Givral,Red Velvet Cake,228000.0,0,0.077,20,3.8,1
2024-01-09,Local Bakery A,Tiramisu,206000.0,0,0.223,6,4.8,1
2024-01-09,Local Bakery A,Cheesecake,179000.0,0,0.115,23,3.8,1
2024-01-09,Local Bakery A,Macaron,28000.0,1,0.132,4,3.6,1
2024-01-09,Local Bakery A,Éclair,51000.0,0,0.245,20,3.6,1
2024-01-09,Local Bakery A,Croissant,32000.0,0,0.157,21,4.5,0
2024-01-09,Local Bakery A,Red Velvet Cake,220000.0,0,0.108,18,4.5,1
2024-01-09,Supermarket Chain,Tiramisu,149000.0,0,0.104,8,3.7,1
2024-01-09,Supermarket Chain,Cheesecake,130000.0,0,0.185,8,4.5,0
2024-01-09,Supermarket Chain,Macaron,20000.0,1,0.131,11,4.0,1
2024-01-09,Supermarket Chain,Éclair,39000.0,0,0.056,7,3.9,0
2024-01-09,Supermarket Chain,Croissant,24000.0,0,0.108,1,4.5,1
2024-01-09,Supermarket Chain,Red Velvet Cake,163000.0,0,0.167,4,3.6,1
2024-01-10,Paris Baguette,Tiramisu,268000.0,0,0.232,11,3.8,0
2024-01-10,Paris Baguette,Cheesecake,244000.0,0,0.154,6,3.6,1
2024-01-10,Paris Baguette,Macaron,47000.0,0,0.204,3,3.9,1
2024-01-10,Paris Baguette,Éclair,72000.0,0,0.22,11,4.7,1
2024-01-10,Paris Baguette,Croissant,44000.0,0,0.21,20,4.6,0
2024-01-10,Paris Baguette,Red Velvet Cake,303000.0,0,0.112,2,3.7,1
2024-01-10,Tous Les Jours,Tiramisu,268000.0,0,0.091,16,3.6,0
2024-01-10,Tous Les Jours,Cheesecake,219000.0,0,0.144,5,4.6,1
2024-01-10,Tous Les Jours,Macaron,48000.0,0,0.167,2,4.6,0
2024-01-10,Tous Les Jours,Éclair,68000.0,0,0.229,3,4.7,1
2024-01-10,Tous Les Jours,Croissant,39000.0,0,0.144,18,4.5,0
2024-01-10,Tous Les Jours,Red Velvet Cake,307000.0,0,0.112,2,3.7,1
2024-01-10,ABC Bakery,Tiramisu,215000.0,0,0.25,24,4.5,0
2024-01-10,ABC Bakery,Cheesecake,192000.0,0,0.114,9,4.3,1
2024-01-10,ABC Bakery,Macaron,38000.0,0,0.193,21,4.2,0
2024-01-10,ABC Bakery,Éclair,57000.0,0,0.08,17,4.4,1
2024-01-10,ABC Bakery,Croissant,34000.0,0,0.084,9,4.5,1
2024-01-10,ABC Bakery,Red Velvet Cake,240000.0,0,0.209,5,3.6,1
2024-01-10,Givral,Tiramisu,160000.0,1,0.198,19,4.4,1
2024-01-10,Givral,Cheesecake,185000.0,0,0.075,2,3.9,0
2024-01-10,Givral,Macaron,38000.0,0,0.054,14,4.6,1
2024-01-10,Givral,Éclair,55000.0,0,0.175,6,4.1,1
2024-01-10,Givral,Croissant,32000.0,0,0.129,4,4.0,1
2024-01-10,Givral,Red Velvet Cake,236000.0,0,0.051,15,4.4,1
2024-01-10,Local Bakery A,Tiramisu,198000.0,0,0.051,2,4.6,1
2024-01-10,Local Bakery A,Cheesecake,168000.0,0,0.116,19,3.6,1
2024-01-10,Local Bakery A,Macaron,36000.0,0,0.223,16,4.1,1
2024-01-10,Local Bakery A,Éclair,50000.0,0,0.144,18,4.6,1
2024-01-10,Local Bakery A,Croissant,31000.0,0,0.053,6,4.4,1
2024-01-10,Local Bakery A,Red Velvet Cake,220000.0,0,0.117,5,4.0,0
2024-01-10,Supermarket Chain,Tiramisu,158000.0,0,0.091,17,4.1,1
2024-01-10,Supermarket Chain,Cheesecake,136000.0,0,0.204,24,4.6,0
2024-01-10,Supermarket Chain,Macaron,29000.0,0,0.172,4,4.7,1
2024-01-10,Supermarket Chain,Éclair,38000.0,0,0.062,15,4.2,0
2024-01-10,Supermarket Chain,Croissant,23000.0,0,0.142,18,4.4,0
2024-01-10,Supermarket Chain,Red Velvet Cake,173000.0,0,0.072,6,4.6,0
2024-01-11,Paris Baguette,Tiramisu,288000.0,0,0.245,7,4.2,1
2024-01-11,Paris Baguette,Cheesecake,226000.0,0,0.124,15,3.6,1
2024-01-11,Paris Baguette,Macaron,36000.0,1,0.228,21,4.4,0
2024-01-11,Paris Baguette,Éclair,74000.0,0,0.096,13,3.9,0
2024-01-11,Paris Baguette,Croissant,40000.0,0,0.082,14,4.5,1
2024-01-11,Paris Baguette,Red Velvet Cake,301000.0,0,0.18,1,3.7,1
2024-01-11,Tous Les Jours,Tiramisu,265000.0,0,0.213,22,4.5,0
2024-01-11,Tous Les Jours,Cheesecake,222000.0,0,0.207,1,4.8,0
2024-01-11,Tous Les Jours,Macaron,46000.0,0,0.197,21,4.3,1
2024-01-11,Tous Les Jours,Éclair,67000.0,0,0.189,17,3.9,1
2024-01-11,Tous Les Jours,Croissant,39000.0,0,0.173,3,3.6,1
2024-01-11,Tous Les Jours,Red Velvet Cake,297000.0,0,0.243,5,4.5,1
2024-01-11,ABC Bakery,Tiramisu,222000.0,0,0.218,7,3.5,0
2024-01-11,ABC Bakery,Cheesecake,186000.0,0,0.182,8,4.2,1
2024-01-11,ABC Bakery,Macaron,40000.0,0,0.189,6,3.6,1
2024-01-11,ABC Bakery,Éclair,57000.0,0,0.07,22,4.1,1
2024-01-11,ABC Bakery,Croissant,33000.0,0,0.212,19,4.5,1
2024-01-11,ABC Bakery,Red Velvet Cake,249000.0,0,0.123,5,3.8,1
2024-01-11,Givral,Tiramisu,173000.0,1,0.075,19,4.2,1
2024-01-11,Givral,Cheesecake,185000.0,0,0.18,18,4.2,1
2024-01-11,Givral,Macaron,39000.0,0,0.116,4,3.8,1
2024-01-11,Givral,Éclair,54000.0,0,0.163,16,4.0,1
2024-01-11,Givral,Croissant,33000.0,0,0.168,5,4.5,1
2024-01-11,Givral,Red Velvet Cake,205000.0,1,0.214,18,3.8,1
2024-01-11,Local Bakery A,Tiramisu,206000.0,0,0.241,9,4.0,1
2024-01-11,Local Bakery A,Cheesecake,130000.0,1,0.061,6,3.6,1
2024-01-11,Local Bakery A,Macaron,36000.0,0,0.107,9,4.7,1
2024-01-11,Local Bakery A,Éclair,53000.0,0,0.215,15,4.1,1
2024-01-11,Local Bakery A,Croissant,31000.0,0,0.068,6,3.7,0
2024-01-11,Local Bakery A,Red Velvet Cake,225000.0,0,0.072,21,3.7,0
2024-01-11,Supermarket Chain,Tiramisu,159000.0,0,0.123,13,4.3,0
2024-01-11,Supermarket Chain,Cheesecake,126000.0,0,0.116,19,4.7,0
2024-01-11,Supermarket Chain,Macaron,23000.0,1,0.115,22,4.6,1
2024-01-11,Supermarket Chain,Éclair,42000.0,0,0.169,4,4.4,0
2024-01-11,Supermarket Chain,Croissant,23000.0,0,0.249,17,4.2,1
2024-01-11,Supermarket Chain,Red Velvet Cake,174000.0,0,0.132,23,4.8,1
2024-01-12,Paris Baguette,Tiramisu,272000.0,0,0.211,1,3.6,1
2024-01-12,Paris Baguette,Cheesecake,164000.0,1,0.084,10,4.5,0
2024-01-12,Paris Baguette,Macaron,50000.0,0,0.139,23,4.2,0
2024-01-12,Paris Baguette,Éclair,69000.0,0,0.232,6,4.6,1
2024-01-12,Paris Baguette,Croissant,42000.0,0,0.108,7,4.3,1
2024-01-12,Paris Baguette,Red Velvet Cake,305000.0,0,0.091,23,3.5,1
2024-01-12,Tous Les Jours,Tiramisu,256000.0,0,0.073,9,4.7,1
2024-01-12,Tous Les Jours,Cheesecake,228000.0,0,0.125,10,3.7,1
2024-01-12,Tous Les Jours,Macaron,48000.0,0,0.152,16,4.2,0
2024-01-12,Tous Les Jours,Éclair,69000.0,0,0.067,13,4.2,1
2024-01-12,Tous Les Jours,Croissant,41000.0,0,0.163,16,3.5,1
2024-01-12,Tous Les Jours,Red Velvet Cake,293000.0,0,0.141,20,3.6,1
2024-01-12,ABC Bakery,Tiramisu,233000.0,0,0.245,24,4.0,1
2024-01-12,ABC Bakery,Cheesecake,185000.0,0,0.083,10,4.0,0
2024-01-12,ABC Bakery,Macaron,38000.0,0,0.187,1,4.5,0
2024-01-12,ABC Bakery,Éclair,61000.0,0,0.188,24,3.7,1
2024-01-12,ABC Bakery,Croissant,33000.0,0,0.058,14,3.6,0
2024-01-12,ABC Bakery,Red Velvet Cake,243000.0,0,0.16,4,4.7,0
2024-01-12,Givral,Tiramisu,217000.0,0,0.165,17,4.4,0
2024-01-12,Givral,Cheesecake,184000.0,0,0.078,24,4.5,1
2024-01-12,Givral,Macaron,33000.0,1,0.187,4,3.7,0
2024-01-12,Givral,Éclair,53000.0,0,0.232,11,3.6,1
2024-01-12,Givral,Croissant,31000.0,0,0.089,3,3.8,1
2024-01-12,Givral,Red Velvet Cake,249000.0,0,0.181,12,3.8,0
2024-01-12,Local Bakery A,Tiramisu,196000.0,0,0.137,1,4.8,1
2024-01-12,Local Bakery A,Cheesecake,163000.0,0,0.079,13,4.3,1
2024-01-12,Local Bakery A,Macaron,36000.0,0,0.112,5,3.8,1
2024-01-12,Local Bakery A,Éclair,49000.0,0,0.057,19,3.9,1
2024-01-12,Local Bakery A,Croissant,30000.0,0,0.172,21,3.8,1
2024-01-12,Local Bakery A,Red Velvet Cake,215000.0,0,0.167,9,4.0,1
2024-01-12,Supermarket Chain,Tiramisu,154000.0,0,0.084,4,3.9,0
2024-01-12,Supermarket Chain,Cheesecake,135000.0,0,0.062,7,4.0,1
2024-01-12,Supermarket Chain,Macaron,27000.0,0,0.166,5,4.4,0
2024-01-12,Supermarket Chain,Éclair,38000.0,0,0.212,2,4.6,1
2024-01-12,Supermarket Chain,Croissant,23000.0,0,0.159,7,4.0,1
2024-01-12,Supermarket Chain,Red Velvet Cake,179000.0,0,0.148,19,3.9,1
2024-01-13,Paris Baguette,Tiramisu,305000.0,0,0.169,19,3.6,1
2024-01-13,Paris Baguette,Cheesecake,205000.0,1,0.154,6,4.3,1
2024-01-13,Paris Baguette,Macaron,53000.0,0,0.115,22,4.5,1
2024-01-13,Paris Baguette,Éclair,77000.0,0,0.212,15,3.5,1
2024-01-13,Paris Baguette,Croissant,34000.0,1,0.133,3,4.2,1
2024-01-13,Paris Baguette,Red Velvet Cake,336000.0,0,0.146,6,3.7,1
2024-01-13,Tous Les Jours,Tiramisu,232000.0,1,0.083,1,4.6,0
2024-01-13,Tous Les Jours,Cheesecake,198000.0,1,0.159,2,4.8,1
2024-01-13,Tous Les Jours,Macaron,49000.0,0,0.169,17,4.8,1
2024-01-13,Tous Les Jours,Éclair,70000.0,0,0.128,8,4.0,0
2024-01-13,Tous Les Jours,Croissant,45000.0,0,0.089,17,4.4,1
2024-01-13,Tous Les Jours,Red Velvet Cake,301000.0,0,0.245,10,3.6,0
2024-01-13,ABC Bakery,Tiramisu,229000.0,0,0.072,24,3.7,0
2024-01-13,ABC Bakery,Cheesecake,203000.0,0,0.183,9,4.3,1
2024-01-13,ABC Bakery,Macaron,43000.0,0,0.138,15,4.0,0
2024-01-13,ABC Bakery,Éclair,56000.0,0,0.1,3,4.2,1
2024-01-13,ABC Bakery,Croissant,36000.0,0,0.201,22,3.8,1
2024-01-13,ABC Bakery,Red Velvet Cake,225000.0,1,0.238,18,4.6,1
2024-01-13,Givral,Tiramisu,228000.0,0,0.086,1,4.3,1
2024-01-13,Givral,Cheesecake,133000.0,1,0.106,9,3.7,1
2024-01-13,Givral,Macaron,38000.0,0,0.203,5,4.4,1
2024-01-13,Givral,Éclair,55000.0,0,0.099,14,4.7,1
2024-01-13,Givral,Croissant,35000.0,0,0.077,7,3.6,0
2024-01-13,Givral,Red Velvet Cake,243000.0,0,0.173,15,4.3,1
2024-01-13,Local Bakery A,Tiramisu,212000.0,0,0.129,14,3.5,1
2024-01-13,Local Bakery A,Cheesecake,177000.0,0,0.211,7,4.0,1
2024-01-13,Local Bakery A,Macaron,37000.0,0,0.084,15,3.8,1
2024-01-13,Local Bakery A,Éclair,54000.0,0,0.211,19,4.0,0
2024-01-13,Local Bakery A,Croissant,33000.0,0,0.074,22,4.1,0
2024-01-13,Local Bakery A,Red Velvet Cake,175000.0,1,0.146,4,4.6,1
2024-01-13,Supermarket Chain,Tiramisu,165000.0,0,0.158,13,3.7,1
2024-01-13,Supermarket Chain,Cheesecake,135000.0,0,0.071,23,4.7,1
2024-01-13,Supermarket Chain,Macaron,29000.0,0,0.19,19,4.6,1
2024-01-13,Supermarket Chain,Éclair,42000.0,0,0.084,20,3.8,1
2024-01-13,Supermarket Chain,Croissant,26000.0,0,0.132,18,3.7,1
2024-01-13,Supermarket Chain,Red Velvet Cake,190000.0,0,0.09,5,4.8,1
2024-01-14,Paris Baguette,Tiramisu,303000.0,0,0.227,2,3.5,1
2024-01-14,Paris Baguette,Cheesecake,269000.0,0,0.134,7,4.6,0
2024-01-14,Paris Baguette,Macaron,50000.0,0,0.173,17,3.8,0
2024-01-14,Paris Baguette,Éclair,76000.0,0,0.12,11,4.6,1
2024-01-14,Paris Baguette,Croissant,45000.0,0,0.111,2,3.7,1
2024-01-14,Paris Baguette,Red Velvet Cake,319000.0,0,0.083,22,3.9,1
2024-01-14,Tous Les Jours,Tiramisu,293000.0,0,0.132,24,4.2,1
2024-01-14,Tous Les Jours,Cheesecake,247000.0,0,0.118,21,3.6,1
2024-01-14,Tous Les Jours,Macaron,49000.0,0,0.074,12,3.7,0
2024-01-14,Tous Les Jours,Éclair,68000.0,0,0.199,22,4.5,0
2024-01-14,Tous Les Jours,Croissant,42000.0,0,0.231,23,4.0,1
2024-01-14,Tous Les Jours,Red Velvet Cake,273000.0,1,0.226,24,4.4,0
2024-01-14,ABC Bakery,Tiramisu,229000.0,0,0.233,23,4.2,1
2024-01-14,ABC Bakery,Cheesecake,188000.0,0,0.155,14,3.6,0
2024-01-14,ABC Bakery,Macaron,41000.0,0,0.213,19,4.5,1
2024-01-14,ABC Bakery,Éclair,60000.0,0,0.203,13,4.6,1
2024-01-14,ABC Bakery,Croissant,36000.0,0,0.242,1,4.4,1
2024-01-14,ABC Bakery,Red Velvet Cake,259000.0,0,0.165,7,4.4,1
2024-01-14,Givral,Tiramisu,219000.0,0,0.175,10,4.2,1
2024-01-14,Givral,Cheesecake,194000.0,0,0.122,21,4.2,1
2024-01-14,Givral,Macaron,41000.0,0,0.086,2,4.7,1
2024-01-14,Givral,Éclair,56000.0,0,0.225,8,3.7,1
2024-01-14,Givral,Croissant,34000.0,0,0.162,18,4.3,1
2024-01-14,Givral,Red Velvet Cake,259000.0,0,0.067,16,4.3,0
2024-01-14,Local Bakery A,Tiramisu,173000.0,1,0.12,14,4.2,0
2024-01-14,Local Bakery A,Cheesecake,188000.0,0,0.131,8,4.6,1
2024-01-14,Local Bakery A,Macaron,39000.0,0,0.066,3,4.7,1
2024-01-14,Local Bakery A,Éclair,54000.0,0,0.081,15,3.6,1
2024-01-14,Local Bakery A,Croissant,32000.0,0,0.201,15,4.5,0
2024-01-14,Local Bakery A,Red Velvet Cake,235000.0,0,0.18,23,4.4,0
2024-01-14,Supermarket Chain,Tiramisu,135000.0,1,0.175,14,3.9,0
2024-01-14,Supermarket Chain,Cheesecake,140000.0,0,0.208,18,4.6,1
2024-01-14,Supermarket Chain,Macaron,27000.0,1,0.062,14,3.6,1
2024-01-14,Supermarket Chain,Éclair,42000.0,0,0.241,2,4.6,0
2024-01-14,Supermarket Chain,Croissant,24000.0,0,0.18,14,4.3,0
2024-01-14,Supermarket Chain,Red Velvet Cake,154000.0,1,0.183,23,4.2,1
2024-01-15,Paris Baguette,Tiramisu,285000.0,0,0.155,15,3.7,0
2024-01-15,Paris Baguette,Cheesecake,242000.0,0,0.067,6,3.8,1
2024-01-15,Paris Baguette,Macaron,50000.0,0,0.119,5,3.6,1
2024-01-15,Paris Baguette,Éclair,69000.0,0,0.14,7,4.2,0
2024-01-15,Paris Baguette,Croissant,43000.0,0,0.127,8,4.3,1
2024-01-15,Paris Baguette,Red Velvet Cake,312000.0,0,0.078,18,4.5,1
2024-01-15,Tous Les Jours,Tiramisu,212000.0,1,0.173,17,4.5,0
2024-01-15,Tous Les Jours,Cheesecake,238000.0,0,0.17,12,3.6,1
2024-01-15,Tous Les Jours,Macaron,49000.0,0,0.104,9,4.7,1
2024-01-15,Tous Les Jours,Éclair,66000.0,0,0.119,10,4.0,1
2024-01-15,Tous Les Jours,Croissant,40000.0,0,0.16,9,3.6,1
2024-01-15,Tous Les Jours,Red Velvet Cake,286000.0,0,0.244,5,4.0,1
2024-01-15,ABC Bakery,Tiramisu,236000.0,0,0.126,11,3.9,1
2024-01-15,ABC Bakery,Cheesecake,191000.0,0,0.224,8,3.6,1
2024-01-15,ABC Bakery,Macaron,42000.0,0,0.068,10,4.6,0
2024-01-15,ABC Bakery,Éclair,57000.0,0,0.053,18,4.4,1
2024-01-15,ABC Bakery,Croissant,32000.0,0,0.056,5,3.8,1
2024-01-15,ABC Bakery,Red Velvet Cake,256000.0,0,0.075,4,3.9,1
2024-01-15,Givral,Tiramisu,210000.0,0,0.089,20,4.1,1
2024-01-15,Givral,Cheesecake,196000.0,0,0.157,11,3.8,1
2024-01-15,Givral,Macaron,37000.0,0,0.097,18,4.0,1
2024-01-15,Givral,Éclair,56000.0,0,0.11,11,4.5,1
2024-01-15,Givral,Croissant,31000.0,0,0.208,22,4.7,1
2024-01-15,Givral,Red Velvet Cake,223000.0,0,0.249,23,4.0,0
2024-01-15,Local Bakery A,Tiramisu,193000.0,0,0.072,7,4.6,1
2024-01-15,Local Bakery A,Cheesecake,174000.0,0,0.18,11,4.1,1
2024-01-15,Local Bakery A,Macaron,35000.0,0,0.078,10,4.6,1
2024-01-15,Local Bakery A,Éclair,52000.0,0,0.181,13,4.6,1
2024-01-15,Local Bakery A,Croissant,31000.0,0,0.102,20,3.8,1
2024-01-15,Local Bakery A,Red Velvet Cake,221000.0,0,0.123,17,4.3,1
2024-01-15,Supermarket Chain,Tiramisu,154000.0,0,0.231,22,4.5,1
2024-01-15,Supermarket Chain,Cheesecake,134000.0,0,0.142,16,3.8,1
2024-01-15,Supermarket Chain,Macaron,22000.0,1,0.055,9,4.7,1
2024-01-15,Supermarket Chain,Éclair,40000.0,0,0.177,21,4.6,1
2024-01-15,Supermarket Chain,Croissant,25000.0,0,0.203,15,4.3,1
2024-01-15,Supermarket Chain,Red Velvet Cake,177000.0,0,0.142,6,4.7,1
2024-01-16,Paris Baguette,Tiramisu,280000.0,0,0.132,6,3.8,1
2024-01-16,Paris Baguette,Cheesecake,241000.0,0,0.199,17,3.6,1
2024-01-16,Paris Baguette,Macaron,50000.0,0,0.098,15,4.4,0
2024-01-16,Paris Baguette,Éclair,71000.0,0,0.093,2,4.5,0
2024-01-16,Paris Baguette,Croissant,45000.0,0,0.126,10,4.1,1
2024-01-16,Paris Baguette,Red Velvet Cake,312000.0,0,0.145,7,3.9,0
2024-01-16,Tous Les Jours,Tiramisu,280000.0,0,0.072,8,4.4,1
2024-01-16,Tous Les Jours,Cheesecake,230000.0,0,0.055,5,4.4,0
2024-01-16,Tous Les Jours,Macaron,46000.0,0,0.056,13,4.4,1
2024-01-16,Tous Les Jours,Éclair,70000.0,0,0.131,21,3.6,1
2024-01-16,Tous Les Jours,Croissant,41000.0,0,0.1,4,3.7,1
2024-01-16,Tous Les Jours,Red Velvet Cake,275000.0,0,0.184,22,4.4,0
2024-01-16,ABC Bakery,Tiramisu,172000.0,1,0.085,24,4.6,1
2024-01-16,ABC Bakery,Cheesecake,184000.0,0,0.141,11,3.6,1
2024-01-16,ABC Bakery,Macaron,40000.0,0,0.105,5,4.5,1
2024-01-16,ABC Bakery,Éclair,56000.0,0,0.206,16,4.5,1
2024-01-16,ABC Bakery,Croissant,34000.0,0,0.22,11,4.5,1
2024-01-16,ABC Bakery,Red Velvet Cake,260000.0,0,0.208,8,3.8,1
2024-01-16,Givral,Tiramisu,217000.0,0,0.094,16,3.5,1
2024-01-16,Givral,Cheesecake,183000.0,0,0.2,16,3.8,1
2024-01-16,Givral,Macaron,38000.0,0,0.186,24,4.6,1
2024-01-16,Givral,Éclair,54000.0,0,0.081,12,3.8,1
2024-01-16,Givral,Croissant,32000.0,0,0.146,20,4.3,1
2024-01-16,Givral,Red Velvet Cake,230000.0,0,0.165,15,3.5,0
2024-01-16,Local Bakery A,Tiramisu,200000.0,0,0.076,4,3.7,1
2024-01-16,Local Bakery A,Cheesecake,177000.0,0,0.226,19,3.7,0
2024-01-16,Local Bakery A,Macaron,35000.0,0,0.104,2,3.6,1
2024-01-16,Local Bakery A,Éclair,35000.0,1,0.089,15,4.3,1
2024-01-16,Local Bakery A,Croissant,29000.0,0,0.222,21,3.9,0
2024-01-16,Local Bakery A,Red Velvet Cake,218000.0,0,0.138,23,3.5,1
2024-01-16,Supermarket Chain,Tiramisu,161000.0,0,0.23,23,4.5,1
2024-01-16,Supermarket Chain,Cheesecake,131000.0,0,0.133,22,4.3,0
2024-01-16,Supermarket Chain,Macaron,29000.0,0,0.204,7,3.9,1
2024-01-16,Supermarket Chain,Éclair,39000.0,0,0.134,23,3.8,1
2024-01-16,Supermarket Chain,Croissant,23000.0,0,0.19,17,3.6,1
2024-01-16,Supermarket Chain,Red Velvet Cake,176000.0,0,0.225,6,3.8,0
2024-01-17,Paris Baguette,Tiramisu,283000.0,0,0.216,13,3.7,1
2024-01-17,Paris Baguette,Cheesecake,243000.0,0,0.097,3,4.4,1
2024-01-17,Paris Baguette,Macaron,48000.0,0,0.109,15,4.7,0
2024-01-17,Paris Baguette,Éclair,70000.0,0,0.155,22,3.6,1
2024-01-17,Paris Baguette,Croissant,43000.0,0,0.095,19,4.4,1
2024-01-17,Paris Baguette,Red Velvet Cake,230000.0,1,0.059,11,3.9,1
2024-01-17,Tous Les Jours,Tiramisu,278000.0,0,0.241,19,3.7,1
2024-01-17,Tous Les Jours,Cheesecake,198000.0,1,0.199,10,4.1,1
2024-01-17,Tous Les Jours,Macaron,47000.0,0,0.213,15,4.0,0
2024-01-17,Tous Les Jours,Éclair,68000.0,0,0.207,12,4.0,1
2024-01-17,Tous Les Jours,Croissant,39000.0,0,0.216,6,4.5,0
2024-01-17,Tous Les Jours,Red Velvet Cake,297000.0,0,0.167,14,3.6,1
2024-01-17,ABC Bakery,Tiramisu,219000.0,0,0.103,13,4.3,0
2024-01-17,ABC Bakery,Cheesecake,201000.0,0,0.231,1,3.9,1
2024-01-17,ABC Bakery,Macaron,30000.0,1,0.051,8,4.2,0
2024-01-17,ABC Bakery,Éclair,57000.0,0,0.075,24,4.0,0
2024-01-17,ABC Bakery,Croissant,31000.0,0,0.167,14,4.8,0
2024-01-17,ABC Bakery,Red Velvet Cake,263000.0,0,0.189,15,4.6,1
2024-01-17,Givral,Tiramisu,213000.0,0,0.202,20,4.3,1
2024-01-17,Givral,Cheesecake,188000.0,0,0.125,20,4.5,1
2024-01-17,Givral,Macaron,37000.0,0,0.11,20,4.4,0
2024-01-17,Givral,Éclair,52000.0,0,0.164,10,4.2,1
2024-01-17,Givral,Croissant,34000.0,0,0.201,3,3.6,1
2024-01-17,Givral,Red Velvet Cake,237000.0,0,0.054,6,4.1,1
2024-01-17,Local Bakery A,Tiramisu,201000.0,0,0.11,6,3.7,1
2024-01-17,Local Bakery A,Cheesecake,175000.0,0,0.066,3,3.8,1
2024-01-17,Local Bakery A,Macaron,35000.0,0,0.155,15,3.6,1
2024-01-17,Local Bakery A,Éclair,49000.0,0,0.141,15,4.0,0
2024-01-17,Local Bakery A,Croissant,23000.0,1,0.21,8,3.7,1
2024-01-17,Local Bakery A,Red Velvet Cake,225000.0,0,0.064,10,4.0,1
2024-01-17,Supermarket Chain,Tiramisu,159000.0,0,0.118,4,4.7,1
2024-01-17,Supermarket Chain,Cheesecake,111000.0,1,0.18,21,4.6,1
2024-01-17,Supermarket Chain,Macaron,28000.0,0,0.175,9,4.0,1
2024-01-17,Supermarket Chain,Éclair,40000.0,0,0.238,17,4.3,0
2024-01-17,Supermarket Chain,Croissant,20000.0,1,0.187,6,4.6,1
2024-01-17,Supermarket Chain,Red Velvet Cake,173000.0,0,0.138,8,4.2,1
2024-01-18,Paris Baguette,Tiramisu,286000.0,0,0.185,10,3.8,1
2024-01-18,Paris Baguette,Cheesecake,239000.0,0,0.207,7,4.8,1
2024-01-18,Paris Baguette,Macaron,50000.0,0,0.183,22,4.2,1
2024-01-18,Paris Baguette,Éclair,73000.0,0,0.194,22,3.6,0
2024-01-18,Paris Baguette,Croissant,36000.0,1,0.09,7,3.8,0
2024-01-18,Paris Baguette,Red Velvet Cake,319000.0,0,0.189,12,4.7,0
2024-01-18,Tous Les Jours,Tiramisu,279000.0,0,0.196,10,3.9,1
2024-01-18,Tous Les Jours,Cheesecake,239000.0,0,0.211,23,4.3,1
2024-01-18,Tous Les Jours,Macaron,46000.0,0,0.123,8,4.7,1
2024-01-18,Tous Les Jours,Éclair,72000.0,0,0.121,20,3.8,1
2024-01-18,Tous Les Jours,Croissant,39000.0,0,0.089,9,4.7,0
2024-01-18,Tous Les Jours,Red Velvet Cake,306000.0,0,0.206,18,4.7,0
2024-01-18,ABC Bakery,Tiramisu,219000.0,0,0.171,5,4.7,0
2024-01-18,ABC Bakery,Cheesecake,196000.0,0,0.064,14,3.9,1
2024-01-18,ABC Bakery,Macaron,40000.0,0,0.055,15,4.2,1
2024-01-18,ABC Bakery,Éclair,54000.0,0,0.134,21,4.7,0
2024-01-18,ABC Bakery,Croissant,33000.0,0,0.202,7,4.2,0
2024-01-18,ABC Bakery,Red Velvet Cake,256000.0,0,0.054,4,3.8,0
2024-01-18,Givral,Tiramisu,192000.0,1,0.238,1,4.5,0
2024-01-18,Givral,Cheesecake,180000.0,0,0.079,20,4.0,1
2024-01-18,Givral,Macaron,37000.0,0,0.204,24,4.7,0
2024-01-18,Givral,Éclair,53000.0,0,0.12,12,4.6,1
2024-01-18,Givral,Croissant,33000.0,0,0.069,17,3.6,1
2024-01-18,Givral,Red Velvet Cake,250000.0,0,0.083,15,3.9,1
2024-01-18,Local Bakery A,Tiramisu,203000.0,0,0.169,6,3.8,1
2024-01-18,Local Bakery A,Cheesecake,175000.0,0,0.133,6,3.7,0
2024-01-18,Local Bakery A,Macaron,36000.0,0,0.102,1,4.6,1
2024-01-18,Local Bakery A,Éclair,51000.0,0,0.066,9,4.5,0
2024-01-18,Local Bakery A,Croissant,30000.0,0,0.126,8,3.6,0
2024-01-18,Local Bakery A,Red Velvet Cake,187000.0,1,0.099,8,4.3,1
2024-01-18,Supermarket Chain,Tiramisu,154000.0,0,0.164,1,3.6,1
2024-01-18,Supermarket Chain,Cheesecake,135000.0,0,0.098,6,4.5,0
2024-01-18,Supermarket Chain,Macaron,27000.0,0,0.083,1,4.4,0
2024-01-18,Supermarket Chain,Éclair,32000.0,1,0.157,2,4.5,1
2024-01-18,Supermarket Chain,Croissant,24000.0,0,0.244,20,3.9,1
2024-01-18,Supermarket Chain,Red Velvet Cake,166000.0,0,0.168,11,4.0,0
2024-01-19,Paris Baguette,Tiramisu,300000.0,0,0.07,21,4.0,0
2024-01-19,Paris Baguette,Cheesecake,234000.0,0,0.168,5,3.8,0
2024-01-19,Paris Baguette,Macaron,52000.0,0,0.083,3,4.5,1
2024-01-19,Paris Baguette,Éclair,73000.0,0,0.234,6,4.7,1
2024-01-19,Paris Baguette,Croissant,44000.0,0,0.2,23,4.7,0
2024-01-19,Paris Baguette,Red Velvet Cake,326000.0,0,0.129,24,4.0,1
2024-01-19,Tous Les Jours,Tiramisu,261000.0,0,0.079,9,4.8,1
2024-01-19,Tous Les Jours,Cheesecake,225000.0,0,0.106,7,4.1,1
2024-01-19,Tous Les Jours,Macaron,48000.0,0,0.132,7,4.4,1
2024-01-19,Tous Les Jours,Éclair,70000.0,0,0.177,14,4.8,0
2024-01-19,Tous Les Jours,Croissant,41000.0,0,0.05,22,4.1,1
2024-01-19,Tous Les Jours,Red Velvet Cake,290000.0,0,0.215,15,4.1,1
2024-01-19,ABC Bakery,Tiramisu,214000.0,0,0.218,22,4.6,0
2024-01-19,ABC Bakery,Cheesecake,192000.0,0,0.229,24,4.7,1
2024-01-19,ABC Bakery,Macaron,41000.0,0,0.113,15,3.7,0
2024-01-19,ABC Bakery,Éclair,39000.0,1,0.057,1,4.6,1
2024-01-19,ABC Bakery,Croissant,34000.0,0,0.153,1,4.7,1
2024-01-19,ABC Bakery,Red Velvet Cake,253000.0,0,0.129,20,3.7,1
2024-01-19,Givral,Tiramisu,211000.0,0,0.172,12,3.5,1
2024-01-19,Givral,Cheesecake,181000.0,0,0.122,4,4.0,1
2024-01-19,Givral,Macaron,40000.0,0,0.116,17,4.1,1
2024-01-19,Givral,Éclair,54000.0,0,0.216,6,4.4,0
2024-01-19,Givral,Croissant,32000.0,0,0.243,8,3.6,1
2024-01-19,Givral,Red Velvet Cake,234000.0,0,0.104,15,4.1,1
2024-01-19,Local Bakery A,Tiramisu,204000.0,0,0.118,21,3.7,1
2024-01-19,Local Bakery A,Cheesecake,183000.0,0,0.149,6,3.9,1
2024-01-19,Local Bakery A,Macaron,37000.0,0,0.126,12,4.8,1
2024-01-19,Local Bakery A,Éclair,52000.0,0,0.163,4,3.5,1
2024-01-19,Local Bakery A,Croissant,26000.0,1,0.204,2,4.2,1
2024-01-19,Local Bakery A,Red Velvet Cake,177000.0,1,0.077,13,4.5,0
2024-01-19,Supermarket Chain,Tiramisu,156000.0,0,0.062,11,4.0,0
2024-01-19,Supermarket Chain,Cheesecake,134000.0,0,0.116,1,4.0,0
2024-01-19,Supermarket Chain,Macaron,28000.0,0,0.173,11,4.0,1
2024-01-19,Supermarket Chain,Éclair,42000.0,0,0.137,24,4.2,0
2024-01-19,Supermarket Chain,Croissant,23000.0,0,0.153,22,3.6,1
2024-01-19,Supermarket Chain,Red Velvet Cake,174000.0,0,0.097,11,4.4,1
2024-01-20,Paris Baguette,Tiramisu,298000.0,0,0.245,13,4.4,0
2024-01-20,Paris Baguette,Cheesecake,253000.0,0,0.085,20,4.4,0
2024-01-20,Paris Baguette,Macaron,53000.0,0,0.077,9,3.8,1
2024-01-20,Paris Baguette,Éclair,76000.0,0,0.238,17,4.7,1
2024-01-20,Paris Baguette,Croissant,45000.0,0,0.105,20,4.1,0
2024-01-20,Paris Baguette,Red Velvet Cake,321000.0,0,0.196,5,4.0,1
2024-01-20,Tous Les Jours,Tiramisu,282000.0,0,0.064,24,4.7,1
2024-01-20,Tous Les Jours,Cheesecake,209000.0,1,0.201,22,4.3,1
2024-01-20,Tous Les Jours,Macaron,50000.0,0,0.151,23,4.6,1
2024-01-20,Tous Les Jours,Éclair,69000.0,0,0.21,18,4.2,1
2024-01-20,Tous Les Jours,Croissant,45000.0,0,0.121,12,3.9,0
2024-01-20,Tous Les Jours,Red Velvet Cake,310000.0,0,0.116,13,4.1,0
2024-01-20,ABC Bakery,Tiramisu,235000.0,0,0.203,23,3.7,1
2024-01-20,ABC Bakery,Cheesecake,217000.0,0,0.133,15,3.8,0
2024-01-20,ABC Bakery,Macaron,43000.0,0,0.177,23,4.3,1
2024-01-20,ABC Bakery,Éclair,59000.0,0,0.061,23,4.5,1
2024-01-20,ABC Bakery,Croissant,36000.0,0,0.136,3,3.7,1
2024-01-20,ABC Bakery,Red Velvet Cake,271000.0,0,0.222,7,4.3,1
2024-01-20,Givral,Tiramisu,230000.0,0,0.16,21,4.4,0
2024-01-20,Givral,Cheesecake,205000.0,0,0.172,5,3.9,0
2024-01-20,Givral,Macaron,39000.0,0,0.161,22,4.3,1
2024-01-20,Givral,Éclair,55000.0,0,0.097,21,3.7,0
2024-01-20,Givral,Croissant,28000.0,1,0.145,12,4.0,1
2024-01-20,Givral,Red Velvet Cake,254000.0,0,0.193,22,3.7,1
2024-01-20,Local Bakery A,Tiramisu,227000.0,0,0.098,23,4.1,1
2024-01-20,Local Bakery A,Cheesecake,182000.0,0,0.223,24,4.3,0
2024-01-20,Local Bakery A,Macaron,38000.0,0,0.217,8,3.6,0
2024-01-20,Local Bakery A,Éclair,55000.0,0,0.073,16,4.0,1
2024-01-20,Local Bakery A,Croissant,32000.0,0,0.087,17,3.9,1
2024-01-20,Local Bakery A,Red Velvet Cake,233000.0,0,0.23,9,3.9,1
2024-01-20,Supermarket Chain,Tiramisu,171000.0,0,0.131,7,4.5,1
2024-01-20,Supermarket Chain,Cheesecake,144000.0,0,0.107,23,4.3,1
2024-01-20,Supermarket Chain,Macaron,29000.0,0,0.208,1,3.6,1
2024-01-20,Supermarket Chain,Éclair,34000.0,1,0.189,7,3.7,1
2024-01-20,Supermarket Chain,Croissant,25000.0,0,0.09,4,4.0,0
2024-01-20,Supermarket Chain,Red Velvet Cake,182000.0,0,0.132,19,3.9,0
2024-01-21,Paris Baguette,Tiramisu,251000.0,1,0.066,4,4.7,1
2024-01-21,Paris Baguette,Cheesecake,204000.0,1,0.142,16,4.7,1
2024-01-21,Paris Baguette,Macaron,53000.0,0,0.234,4,4.3,1
2024-01-21,Paris Baguette,Éclair,75000.0,0,0.122,2,4.8,1
2024-01-21,Paris Baguette,Croissant,45000.0,0,0.228,3,4.0,1
2024-01-21,Paris Baguette,Red Velvet Cake,324000.0,0,0.12,4,3.7,1
2024-01-21,Tous Les Jours,Tiramisu,284000.0,0,0.13,21,4.2,1
2024-01-21,Tous Les Jours,Cheesecake,241000.0,0,0.185,23,3.9,1
2024-01-21,Tous Les Jours,Macaron,51000.0,0,0.228,14,4.8,1
2024-01-21,Tous Les Jours,Éclair,69000.0,0,0.235,21,3.6,0
2024-01-21,Tous Les Jours,Croissant,41000.0,0,0.195,9,3.8,0
2024-01-21,Tous Les Jours,Red Velvet Cake,315000.0,0,0.201,11,3.9,1
2024-01-21,ABC Bakery,Tiramisu,232000.0,0,0.229,19,4.3,1
2024-01-21,ABC Bakery,Cheesecake,208000.0,0,0.193,18,4.2,1
2024-01-21,ABC Bakery,Macaron,43000.0,0,0.085,6,4.3,0
2024-01-21,ABC Bakery,Éclair,60000.0,0,0.141,1,3.8,0
2024-01-21,ABC Bakery,Croissant,36000.0,0,0.057,18,3.6,1
2024-01-21,ABC Bakery,Red Velvet Cake,271000.0,0,0.242,21,3.7,0
2024-01-21,Givral,Tiramisu,234000.0,0,0.123,16,3.8,1
2024-01-21,Givral,Cheesecake,199000.0,0,0.18,9,3.9,0
2024-01-21,Givral,Macaron,40000.0,0,0.205,9,4.6,0
2024-01-21,Givral,Éclair,57000.0,0,0.126,13,4.7,1
2024-01-21,Givral,Croissant,34000.0,0,0.226,1,4.4,1
2024-01-21,Givral,Red Velvet Cake,238000.0,0,0.05,8,4.7,1
2024-01-21,Local Bakery A,Tiramisu,217000.0,0,0.162,23,4.4,1
2024-01-21,Local Bakery A,Cheesecake,184000.0,0,0.077,23,4.8,1
2024-01-21,Local Bakery A,Macaron,38000.0,0,0.068,13,3.6,1
2024-01-21,Local Bakery A,Éclair,44000.0,1,0.105,7,4.7,1
2024-01-21,Local Bakery A,Croissant,32000.0,0,0.185,9,4.1,1
2024-01-21,Local Bakery A,Red Velvet Cake,237000.0,0,0.187,21,3.8,1
2024-01-21,Supermarket Chain,Tiramisu,163000.0,0,0.142,24,4.4,1
2024-01-21,Supermarket Chain,Cheesecake,136000.0,0,0.207,22,3.7,1
2024-01-21,Supermarket Chain,Macaron,30000.0,0,0.169,4,4.8,1
2024-01-21,Supermarket Chain,Éclair,42000.0,0,0.088,12,4.3,0
2024-01-21,Supermarket Chain,Croissant,25000.0,0,0.19,1,4.0,1
2024-01-21,Supermarket Chain,Red Velvet Cake,186000.0,0,0.157,7,4.2,1
2024-01-22,Paris Baguette,Tiramisu,283000.0,0,0.208,5,4.7,1
2024-01-22,Paris Baguette,Cheesecake,252000.0,0,0.116,14,4.1,0
2024-01-22,Paris Baguette,Macaron,48000.0,0,0.247,17,3.9,1
2024-01-22,Paris Baguette,Éclair,50000.0,1,0.083,17,4.0,1
2024-01-22,Paris Baguette,Croissant,43000.0,0,0.106,18,3.8,1
2024-01-22,Paris Baguette,Red Velvet Cake,331000.0,0,0.097,9,3.7,0
2024-01-22,Tous Les Jours,Tiramisu,202000.0,1,0.182,22,4.2,1
2024-01-22,Tous Les Jours,Cheesecake,227000.0,0,0.151,24,4.6,1
2024-01-22,Tous Les Jours,Macaron,36000.0,1,0.18,12,3.9,1
2024-01-22,Tous Les Jours,Éclair,67000.0,0,0.208,2,3.8,1
2024-01-22,Tous Les Jours,Croissant,40000.0,0,0.19,24,4.8,1
2024-01-22,Tous Les Jours,Red Velvet Cake,285000.0,0,0.17,9,4.6,1
2024-01-22,ABC Bakery,Tiramisu,231000.0,0,0.119,9,3.7,1
2024-01-22,ABC Bakery,Cheesecake,188000.0,0,0.159,23,3.8,1
2024-01-22,ABC Bakery,Macaron,41000.0,0,0.149,24,4.2,1
2024-01-22,ABC Bakery,Éclair,57000.0,0,0.096,16,4.1,1
2024-01-22,ABC Bakery,Croissant,34000.0,0,0.246,15,4.4,0
2024-01-22,ABC Bakery,Red Velvet Cake,180000.0,1,0.066,5,3.7,1
2024-01-22,Givral,Tiramisu,209000.0,0,0.124,13,4.0,1
2024-01-22,Givral,Cheesecake,186000.0,0,0.151,2,3.9,1
2024-01-22,Givral,Macaron,38000.0,0,0.126,12,4.4,0
2024-01-22,Givral,Éclair,52000.0,0,0.071,19,4.6,1
2024-01-22,Givral,Croissant,32000.0,0,0.235,3,4.1,1
2024-01-22,Givral,Red Velvet Cake,240000.0,0,0.146,23,3.9,1
2024-01-22,Local Bakery A,Tiramisu,147000.0,1,0.221,18,4.2,1
2024-01-22,Local Bakery A,Cheesecake,184000.0,0,0.098,22,4.0,1
2024-01-22,Local Bakery A,Macaron,35000.0,0,0.138,2,3.6,1
2024-01-22,Local Bakery A,Éclair,51000.0,0,0.1,13,3.8,0
2024-01-22,Local Bakery A,Croissant,31000.0,0,0.176,5,4.7,1
2024-01-22,Local Bakery A,Red Velvet Cake,222000.0,0,0.142,20,4.5,1
2024-01-22,Supermarket Chain,Tiramisu,165000.0,0,0.055,24,3.9,0
2024-01-22,Supermarket Chain,Cheesecake,137000.0,0,0.165,16,4.3,0
2024-01-22,Supermarket Chain,Macaron,27000.0,0,0.131,20,4.4,1
2024-01-22,Supermarket Chain,Éclair,39000.0,0,0.103,6,4.3,1
2024-01-22,Supermarket Chain,Croissant,24000.0,0,0.204,23,3.6,0
2024-01-22,Supermarket Chain,Red Velvet Cake,169000.0,0,0.068,9,4.4,0
2024-01-23,Paris Baguette,Tiramisu,285000.0,0,0.12,11,4.1,1
2024-01-23,Paris Baguette,Cheesecake,247000.0,0,0.177,23,3.8,0
2024-01-23,Paris Baguette,Macaron,48000.0,0,0.055,12,4.1,1
2024-01-23,Paris Baguette,Éclair,70000.0,0,0.214,16,4.5,0
2024-01-23,Paris Baguette,Croissant,44000.0,0,0.161,22,4.1,1
2024-01-23,Paris Baguette,Red Velvet Cake,317000.0,0,0.128,3,4.7,1
2024-01-23,Tous Les Jours,Tiramisu,266000.0,0,0.213,16,4.1,1
2024-01-23,Tous Les Jours,Cheesecake,234000.0,0,0.054,2,4.5,0
2024-01-23,Tous Les Jours,Macaron,36000.0,1,0.225,14,4.7,0
2024-01-23,Tous Les Jours,Éclair,69000.0,0,0.168,6,4.7,0
2024-01-23,Tous Les Jours,Croissant,41000.0,0,0.111,21,4.0,0
2024-01-23,Tous Les Jours,Red Velvet Cake,308000.0,0,0.166,17,4.5,1
2024-01-23,ABC Bakery,Tiramisu,234000.0,0,0.219,13,3.9,1
2024-01-23,ABC Bakery,Cheesecake,182000.0,0,0.141,3,4.0,0
2024-01-23,ABC Bakery,Macaron,42000.0,0,0.086,1,4.6,1
2024-01-23,ABC Bakery,Éclair,60000.0,0,0.165,8,3.7,1
2024-01-23,ABC Bakery,Croissant,34000.0,0,0.079,18,4.7,1
2024-01-23,ABC Bakery,Red Velvet Cake,229000.0,0,0.191,2,4.0,1
2024-01-23,Givral,Tiramisu,209000.0,0,0.195,9,3.9,0
2024-01-23,Givral,Cheesecake,189000.0,0,0.215,11,3.5,1
2024-01-23,Givral,Macaron,37000.0,0,0.22,17,3.6,0
2024-01-23,Givral,Éclair,46000.0,1,0.132,5,4.5,1
2024-01-23,Givral,Croissant,32000.0,0,0.182,5,4.4,1
2024-01-23,Givral,Red Velvet Cake,225000.0,0,0.21,2,4.6,0
2024-01-23,Local Bakery A,Tiramisu,198000.0,0,0.233,21,4.6,1
2024-01-23,Local Bakery A,Cheesecake,179000.0,0,0.09,19,4.7,1
2024-01-23,Local Bakery A,Macaron,33000.0,1,0.179,15,4.2,1
2024-01-23,Local Bakery A,Éclair,49000.0,0,0.245,4,4.6,1
2024-01-23,Local Bakery A,Croissant,31000.0,0,0.194,11,4.1,1
2024-01-23,Local Bakery A,Red Velvet Cake,224000.0,0,0.242,19,4.3,0
2024-01-23,Supermarket Chain,Tiramisu,164000.0,0,0.098,12,4.7,1
2024-01-23,Supermarket Chain,Cheesecake,131000.0,0,0.066,19,4.2,1
2024-01-23,Supermarket Chain,Macaron,26000.0,0,0.164,19,4.2,1
2024-01-23,Supermarket Chain,Éclair,39000.0,0,0.208,6,4.7,0
2024-01-23,Supermarket Chain,Croissant,18000.0,1,0.134,22,3.8,0
2024-01-23,Supermarket Chain,Red Velvet Cake,124000.0,1,0.154,6,4.0,1
2024-01-24,Paris Baguette,Tiramisu,265000.0,0,0.231,14,4.1,1
2024-01-24,Paris Baguette,Cheesecake,241000.0,0,0.128,3,3.6,0
2024-01-24,Paris Baguette,Macaron,52000.0,0,0.058,15,4.5,0
2024-01-24,Paris Baguette,Éclair,72000.0,0,0.05,2,4.2,0
2024-01-24,Paris Baguette,Croissant,44000.0,0,0.246,17,4.2,1
2024-01-24,Paris Baguette,Red Velvet Cake,310000.0,0,0.242,16,4.7,1
2024-01-24,Tous Les Jours,Tiramisu,281000.0,0,0.109,8,3.5,1
2024-01-24,Tous Les Jours,Cheesecake,229000.0,0,0.15,12,3.6,1
2024-01-24,Tous Les Jours,Macaron,42000.0,1,0.195,23,4.2,1
2024-01-24,Tous Les Jours,Éclair,67000.0,0,0.167,9,4.0,1
2024-01-24,Tous Les Jours,Croissant,30000.0,1,0.216,15,3.8,1
2024-01-24,Tous Les Jours,Red Velvet Cake,215000.0,1,0.189,5,4.4,1
2024-01-24,ABC Bakery,Tiramisu,227000.0,0,0.116,7,3.6,0
2024-01-24,ABC Bakery,Cheesecake,194000.0,0,0.063,18,4.2,1
2024-01-24,ABC Bakery,Macaron,41000.0,0,0.209,5,4.7,1
2024-01-24,ABC Bakery,Éclair,59000.0,0,0.157,6,3.6,1
2024-01-24,ABC Bakery,Croissant,37000.0,0,0.219,1,3.5,1
2024-01-24,ABC Bakery,Red Velvet Cake,249000.0,0,0.142,19,3.8,1
2024-01-24,Givral,Tiramisu,226000.0,0,0.131,1,4.6,1
2024-01-24,Givral,Cheesecake,189000.0,0,0.077,8,3.7,1
2024-01-24,Givral,Macaron,40000.0,0,0.208,22,3.7,1
2024-01-24,Givral,Éclair,53000.0,0,0.177,13,3.5,1
2024-01-24,Givral,Croissant,23000.0,1,0.233,23,4.4,1
2024-01-24,Givral,Red Velvet Cake,237000.0,0,0.143,1,4.3,1
2024-01-24,Local Bakery A,Tiramisu,202000.0,0,0.197,18,4.3,1
2024-01-24,Local Bakery A,Cheesecake,173000.0,0,0.207,17,3.7,1
2024-01-24,Local Bakery A,Macaron,36000.0,0,0.051,15,3.8,1
2024-01-24,Local Bakery A,Éclair,51000.0,0,0.247,16,4.7,1
2024-01-24,Local Bakery A,Croissant,31000.0,0,0.14,20,4.2,0
2024-01-24,Local Bakery A,Red Velvet Cake,222000.0,0,0.239,3,3.5,1
2024-01-24,Supermarket Chain,Tiramisu,162000.0,0,0.07,16,3.6,1
2024-01-24,Supermarket Chain,Cheesecake,133000.0,0,0.073,16,3.6,1
2024-01-24,Supermarket Chain,Macaron,21000.0,1,0.205,21,4.3,1
2024-01-24,Supermarket Chain,Éclair,38000.0,0,0.057,4,4.2,1
2024-01-24,Supermarket Chain,Croissant,24000.0,0,0.238,4,4.1,1
2024-01-24,Supermarket Chain,Red Velvet Cake,174000.0,0,0.239,23,3.8,1
2024-01-25,Paris Baguette,Tiramisu,274000.0,0,0.177,20,3.6,0
2024-01-25,Paris Baguette,Cheesecake,253000.0,0,0.196,14,3.9,0
2024-01-25,Paris Baguette,Macaron,52000.0,0,0.137,4,3.6,1
2024-01-25,Paris Baguette,Éclair,73000.0,0,0.064,3,4.2,1
2024-01-25,Paris Baguette,Croissant,43000.0,0,0.091,12,4.6,1
2024-01-25,Paris Baguette,Red Velvet Cake,224000.0,1,0.247,6,3.5,1
2024-01-25,Tous Les Jours,Tiramisu,268000.0,0,0.146,12,4.3,1
2024-01-25,Tous Les Jours,Cheesecake,208000.0,1,0.068,9,3.6,1
2024-01-25,Tous Les Jours,Macaron,39000.0,1,0.077,17,4.3,1
2024-01-25,Tous Les Jours,Éclair,72000.0,0,0.232,24,3.6,0
2024-01-25,Tous Les Jours,Croissant,41000.0,0,0.073,24,4.1,1
2024-01-25,Tous Les Jours,Red Velvet Cake,287000.0,0,0.164,12,3.9,0
2024-01-25,ABC Bakery,Tiramisu,229000.0,0,0.063,6,4.1,1
2024-01-25,ABC Bakery,Cheesecake,205000.0,0,0.198,6,4.3,1
2024-01-25,ABC Bakery,Macaron,41000.0,0,0.064,7,4.2,1
2024-01-25,ABC Bakery,Éclair,59000.0,0,0.151,24,4.7,1
2024-01-25,ABC Bakery,Croissant,34000.0,0,0.223,23,3.8,1
2024-01-25,ABC Bakery,Red Velvet Cake,242000.0,0,0.082,5,4.8,1
2024-01-25,Givral,Tiramisu,219000.0,0,0.125,22,3.6,0
2024-01-25,Givral,Cheesecake,192000.0,0,0.249,21,4.1,1
2024-01-25,Givral,Macaron,38000.0,0,0.112,5,4.1,1
2024-01-25,Givral,Éclair,53000.0,0,0.176,6,4.2,0
2024-01-25,Givral,Croissant,31000.0,0,0.072,23,4.2,1
2024-01-25,Givral,Red Velvet Cake,242000.0,0,0.113,11,4.8,1
2024-01-25,Local Bakery A,Tiramisu,202000.0,0,0.212,11,3.9,1
2024-01-25,Local Bakery A,Cheesecake,179000.0,0,0.188,6,4.5,1
2024-01-25,Local Bakery A,Macaron,36000.0,0,0.117,18,3.6,0
2024-01-25,Local Bakery A,Éclair,52000.0,0,0.194,22,3.7,0
2024-01-25,Local Bakery A,Croissant,30000.0,0,0.145,2,4.6,0
2024-01-25,Local Bakery A,Red Velvet Cake,216000.0,0,0.091,13,4.1,1
2024-01-25,Supermarket Chain,Tiramisu,166000.0,0,0.125,24,3.9,0
2024-01-25,Supermarket Chain,Cheesecake,132000.0,0,0.104,5,3.6,1
2024-01-25,Supermarket Chain,Macaron,28000.0,0,0.082,24,4.3,0
2024-01-25,Supermarket Chain,Éclair,32000.0,1,0.09,11,3.7,1
2024-01-25,Supermarket Chain,Croissant,19000.0,1,0.074,17,4.7,1
2024-01-25,Supermarket Chain,Red Velvet Cake,176000.0,0,0.191,12,3.6,1
2024-01-26,Paris Baguette,Tiramisu,287000.0,0,0.222,1,4.6,0
2024-01-26,Paris Baguette,Cheesecake,244000.0,0,0.113,2,4.1,0
2024-01-26,Paris Baguette,Macaron,48000.0,0,0.1,15,4.3,1
2024-01-26,Paris Baguette,Éclair,72000.0,0,0.237,2,4.5,1
2024-01-26,Paris Baguette,Croissant,43000.0,0,0.247,1,4.7,0
2024-01-26,Paris Baguette,Red Velvet Cake,304000.0,0,0.235,24,4.7,1
2024-01-26,Tous Les Jours,Tiramisu,279000.0,0,0.226,21,4.1,1
2024-01-26,Tous Les Jours,Cheesecake,235000.0,0,0.229,22,4.1,1
2024-01-26,Tous Les Jours,Macaron,47000.0,0,0.113,17,4.7,1
2024-01-26,Tous Les Jours,Éclair,67000.0,0,0.105,4,4.0,1
2024-01-26,Tous Les Jours,Croissant,42000.0,0,0.147,17,4.6,1
2024-01-26,Tous Les Jours,Red Velvet Cake,296000.0,0,0.201,5,4.6,1
2024-01-26,ABC Bakery,Tiramisu,238000.0,0,0.12,5,4.3,1
2024-01-26,ABC Bakery,Cheesecake,191000.0,0,0.05,12,4.6,0
2024-01-26,ABC Bakery,Macaron,40000.0,0,0.152,23,3.5,1
2024-01-26,ABC Bakery,Éclair,55000.0,0,0.121,8,4.4,1
2024-01-26,ABC Bakery,Croissant,32000.0,0,0.051,3,4.1,1
2024-01-26,ABC Bakery,Red Velvet Cake,242000.0,0,0.14,21,4.8,1
2024-01-26,Givral,Tiramisu,177000.0,1,0.057,16,4.3,1
2024-01-26,Givral,Cheesecake,175000.0,0,0.114,5,4.0,0
2024-01-26,Givral,Macaron,37000.0,0,0.092,3,4.4,0
2024-01-26,Givral,Éclair,52000.0,0,0.167,17,4.7,0
2024-01-26,Givral,Croissant,29000.0,1,0.13,10,4.0,1
2024-01-26,Givral,Red Velvet Cake,242000.0,0,0.182,16,3.5,1
2024-01-26,Local Bakery A,Tiramisu,203000.0,0,0.203,9,4.3,1
2024-01-26,Local Bakery A,Cheesecake,177000.0,0,0.099,22,3.8,1
2024-01-26,Local Bakery A,Macaron,36000.0,0,0.061,20,4.3,1
2024-01-26,Local Bakery A,Éclair,43000.0,1,0.086,16,4.6,1
2024-01-26,Local Bakery A,Croissant,30000.0,0,0.175,11,4.1,1
2024-01-26,Local Bakery A,Red Velvet Cake,235000.0,0,0.157,9,4.0,1
2024-01-26,Supermarket Chain,Tiramisu,162000.0,0,0.209,12,4.7,0
2024-01-26,Supermarket Chain,Cheesecake,142000.0,0,0.067,16,4.2,1
2024-01-26,Supermarket Chain,Macaron,24000.0,1,0.206,12,3.8,1
2024-01-26,Supermarket Chain,Éclair,39000.0,0,0.169,6,4.6,1
2024-01-26,Supermarket Chain,Croissant,24000.0,0,0.243,2,3.5,1
2024-01-26,Supermarket Chain,Red Velvet Cake,179000.0,0,0.157,11,4.1,0
2024-01-27,Paris Baguette,Tiramisu,320000.0,0,0.056,17,4.2,0
2024-01-27,Paris Baguette,Cheesecake,218000.0,1,0.087,5,4.4,1
2024-01-27,Paris Baguette,Macaron,51000.0,0,0.108,3,3.7,1
2024-01-27,Paris Baguette,Éclair,77000.0,0,0.112,7,4.0,1
2024-01-27,Paris Baguette,Croissant,39000.0,1,0.126,18,3.8,0
2024-01-27,Paris Baguette,Red Velvet Cake,341000.0,0,0.249,18,4.1,1
2024-01-27,Tous Les Jours,Tiramisu,256000.0,1,0.222,13,3.5,1
2024-01-27,Tous Les Jours,Cheesecake,252000.0,0,0.064,23,4.2,1
2024-01-27,Tous Les Jours,Macaron,49000.0,0,0.193,11,4.0,0
2024-01-27,Tous Les Jours,Éclair,67000.0,0,0.124,12,3.6,1
2024-01-27,Tous Les Jours,Croissant,44000.0,0,0.19,13,3.7,1
2024-01-27,Tous Les Jours,Red Velvet Cake,320000.0,0,0.186,7,4.4,0
2024-01-27,ABC Bakery,Tiramisu,244000.0,0,0.239,8,3.6,1
2024-01-27,ABC Bakery,Cheesecake,204000.0,0,0.142,20,3.8,1
2024-01-27,ABC Bakery,Macaron,42000.0,0,0.222,5,4.8,1
2024-01-27,ABC Bakery,Éclair,61000.0,0,0.132,20,4.4,1
2024-01-27,ABC Bakery,Croissant,36000.0,0,0.086,2,4.0,1
2024-01-27,ABC Bakery,Red Velvet Cake,230000.0,1,0.183,11,4.0,0
2024-01-27,Givral,Tiramisu,218000.0,0,0.055,21,4.6,1
2024-01-27,Givral,Cheesecake,190000.0,0,0.225,19,3.5,1
2024-01-27,Givral,Macaron,28000.0,1,0.204,10,4.2,1
2024-01-27,Givral,Éclair,56000.0,0,0.184,1,4.1,1
2024-01-27,Givral,Croissant,35000.0,0,0.066,18,4.5,1
2024-01-27,Givral,Red Velvet Cake,248000.0,0,0.177,22,3.6,0
2024-01-27,Local Bakery A,Tiramisu,215000.0,0,0.141,2,4.6,1
2024-01-27,Local Bakery A,Cheesecake,158000.0,1,0.086,13,4.2,1
2024-01-27,Local Bakery A,Macaron,37000.0,0,0.224,15,4.2,1
2024-01-27,Local Bakery A,Éclair,52000.0,0,0.214,14,4.1,1
2024-01-27,Local Bakery A,Croissant,33000.0,0,0.127,13,4.7,1
2024-01-27,Local Bakery A,Red Velvet Cake,232000.0,0,0.058,4,4.1,1
2024-01-27,Supermarket Chain,Tiramisu,166000.0,0,0.123,21,4.2,0
2024-01-27,Supermarket Chain,Cheesecake,143000.0,0,0.247,4,3.6,0
2024-01-27,Supermarket Chain,Macaron,24000.0,1,0.104,15,4.1,1
2024-01-27,Supermarket Chain,Éclair,42000.0,0,0.102,19,4.6,1
2024-01-27,Supermarket Chain,Croissant,25000.0,0,0.119,14,4.7,1
2024-01-27,Supermarket Chain,Red Velvet Cake,183000.0,0,0.248,18,4.6,0
2024-01-28,Paris Baguette,Tiramisu,299000.0,0,0.125,13,3.8,1
2024-01-28,Paris Baguette,Cheesecake,260000.0,0,0.148,20,3.8,1
2024-01-28,Paris Baguette,Macaron,52000.0,0,0.091,23,3.9,1
2024-01-28,Paris Baguette,Éclair,72000.0,0,0.122,16,3.8,1
2024-01-28,Paris Baguette,Croissant,44000.0,0,0.081,2,4.4,1
2024-01-28,Paris Baguette,Red Velvet Cake,327000.0,0,0.199,20,3.9,1
2024-01-28,Tous Les Jours,Tiramisu,297000.0,0,0.182,4,4.2,1
2024-01-28,Tous Les Jours,Cheesecake,248000.0,0,0.08,2,3.8,1
2024-01-28,Tous Les Jours,Macaron,51000.0,0,0.156,1,3.8,0
2024-01-28,Tous Les Jours,Éclair,72000.0,0,0.101,15,4.0,1
2024-01-28,Tous Les Jours,Croissant,43000.0,0,0.102,18,3.6,1
2024-01-28,Tous Les Jours,Red Velvet Cake,321000.0,0,0.119,21,4.8,1
2024-01-28,ABC Bakery,Tiramisu,224000.0,0,0.062,12,4.6,1
2024-01-28,ABC Bakery,Cheesecake,207000.0,0,0.129,4,3.6,1
2024-01-28,ABC Bakery,Macaron,40000.0,0,0.177,21,3.8,1
2024-01-28,ABC Bakery,Éclair,61000.0,0,0.151,10,4.4,0
2024-01-28,ABC Bakery,Croissant,34000.0,0,0.128,7,4.4,1
2024-01-28,ABC Bakery,Red Velvet Cake,278000.0,0,0.081,6,4.0,1
2024-01-28,Givral,Tiramisu,192000.0,1,0.062,22,4.4,0
2024-01-28,Givral,Cheesecake,197000.0,0,0.166,23,4.3,1
2024-01-28,Givral,Macaron,40000.0,0,0.176,22,4.6,1
2024-01-28,Givral,Éclair,57000.0,0,0.25,4,3.6,1
2024-01-28,Givral,Croissant,32000.0,0,0.143,18,4.0,0
2024-01-28,Givral,Red Velvet Cake,254000.0,0,0.053,8,4.5,1
2024-01-28,Local Bakery A,Tiramisu,212000.0,0,0.15,15,4.2,1
2024-01-28,Local Bakery A,Cheesecake,177000.0,0,0.087,22,4.5,1
2024-01-28,Local Bakery A,Macaron,37000.0,0,0.212,22,3.9,1
2024-01-28,Local Bakery A,Éclair,54000.0,0,0.062,16,4.3,1
2024-01-28,Local Bakery A,Croissant,32000.0,0,0.181,17,3.7,1
2024-01-28,Local Bakery A,Red Velvet Cake,253000.0,0,0.185,4,3.5,1
2024-01-28,Supermarket Chain,Tiramisu,164000.0,0,0.105,1,4.2,1
2024-01-28,Supermarket Chain,Cheesecake,109000.0,1,0.1,12,4.2,0
2024-01-28,Supermarket Chain,Macaron,29000.0,0,0.193,21,4.2,1
2024-01-28,Supermarket Chain,Éclair,43000.0,0,0.243,8,3.6,0
2024-01-28,Supermarket Chain,Croissant,26000.0,0,0.1,1,3.7,0
2024-01-28,Supermarket Chain,Red Velvet Cake,154000.0,1,0.073,23,3.9,1
2024-01-29,Paris Baguette,Tiramisu,281000.0,0,0.058,18,3.6,1
2024-01-29,Paris Baguette,Cheesecake,244000.0,0,0.062,10,3.6,0
2024-01-29,Paris Baguette,Macaron,51000.0,0,0.117,1,4.3,0
2024-01-29,Paris Baguette,Éclair,71000.0,0,0.077,1,4.8,0
2024-01-29,Paris Baguette,Croissant,42000.0,0,0.242,1,4.5,1
2024-01-29,Paris Baguette,Red Velvet Cake,336000.0,0,0.238,3,3.6,1
2024-01-29,Tous Les Jours,Tiramisu,270000.0,0,0.227,8,3.6,1
2024-01-29,Tous Les Jours,Cheesecake,238000.0,0,0.179,15,3.9,1
2024-01-29,Tous Les Jours,Macaron,46000.0,0,0.134,7,4.2,0
2024-01-29,Tous Les Jours,Éclair,72000.0,0,0.129,9,3.5,1
2024-01-29,Tous Les Jours,Croissant,41000.0,0,0.063,21,4.1,0
2024-01-29,Tous Les Jours,Red Velvet Cake,313000.0,0,0.197,22,3.5,1
2024-01-29,ABC Bakery,Tiramisu,222000.0,0,0.091,4,4.4,1
2024-01-29,ABC Bakery,Cheesecake,193000.0,0,0.221,15,4.2,1
2024-01-29,ABC Bakery,Macaron,39000.0,0,0.063,13,3.6,0
2024-01-29,ABC Bakery,Éclair,59000.0,0,0.19,18,4.5,0
2024-01-29,ABC Bakery,Croissant,33000.0,0,0.132,5,4.3,0
2024-01-29,ABC Bakery,Red Velvet Cake,240000.0,0,0.197,11,3.8,1
2024-01-29,Givral,Tiramisu,143000.0,1,0.208,2,4.1,1
2024-01-29,Givral,Cheesecake,178000.0,0,0.066,13,3.8,1
2024-01-29,Givral,Macaron,38000.0,0,0.249,14,3.8,0
2024-01-29,Givral,Éclair,54000.0,0,0.167,7,4.0,0
2024-01-29,Givral,Croissant,31000.0,0,0.242,17,4.2,1
2024-01-29,Givral,Red Velvet Cake,237000.0,0,0.14,20,3.7,1
2024-01-29,Local Bakery A,Tiramisu,195000.0,0,0.227,17,3.7,1
2024-01-29,Local Bakery A,Cheesecake,171000.0,0,0.193,6,3.6,1
2024-01-29,Local Bakery A,Macaron,35000.0,0,0.13,18,4.2,1
2024-01-29,Local Bakery A,Éclair,50000.0,0,0.087,23,4.0,0
2024-01-29,Local Bakery A,Croissant,30000.0,0,0.145,4,3.7,1
2024-01-29,Local Bakery A,Red Velvet Cake,229000.0,0,0.075,18,4.3,1
2024-01-29,Supermarket Chain,Tiramisu,158000.0,0,0.072,6,4.7,0
2024-01-29,Supermarket Chain,Cheesecake,117000.0,1,0.145,14,4.6,1
2024-01-29,Supermarket Chain,Macaron,28000.0,0,0.216,11,4.2,1
2024-01-29,Supermarket Chain,Éclair,41000.0,0,0.154,17,3.9,1
2024-01-29,Supermarket Chain,Croissant,24000.0,0,0.161,22,4.5,1
2024-01-29,Supermarket Chain,Red Velvet Cake,184000.0,0,0.141,18,4.2,0
2024-01-30,Paris Baguette,Tiramisu,299000.0,0,0.155,2,4.2,1
2024-01-30,Paris Baguette,Cheesecake,240000.0,0,0.065,22,4.4,0
2024-01-30,Paris Baguette,Macaron,47000.0,0,0.079,22,4.0,1
2024-01-30,Paris Baguette,Éclair,71000.0,0,0.195,7,4.3,1
2024-01-30,Paris Baguette,Croissant,30000.0,1,0.187,18,4.8,1
2024-01-30,Paris Baguette,Red Velvet Cake,317000.0,0,0.134,16,3.5,1
2024-01-30,Tous Les Jours,Tiramisu,276000.0,0,0.199,9,4.7,0
2024-01-30,Tous Les Jours,Cheesecake,228000.0,0,0.121,12,4.6,1
2024-01-30,Tous Les Jours,Macaron,47000.0,0,0.202,17,3.7,1
2024-01-30,Tous Les Jours,Éclair,53000.0,1,0.072,2,4.0,1
2024-01-30,Tous Les Jours,Croissant,32000.0,1,0.195,2,4.6,0
2024-01-30,Tous Les Jours,Red Velvet Cake,305000.0,0,0.233,10,3.8,1
2024-01-30,ABC Bakery,Tiramisu,222000.0,0,0.249,21,3.9,1
2024-01-30,ABC Bakery,Cheesecake,191000.0,0,0.088,21,4.4,0
2024-01-30,ABC Bakery,Macaron,38000.0,0,0.165,23,4.1,1
2024-01-30,ABC Bakery,Éclair,56000.0,0,0.201,7,4.4,1
2024-01-30,ABC Bakery,Croissant,35000.0,0,0.087,8,4.4,0
2024-01-30,ABC Bakery,Red Velvet Cake,251000.0,0,0.218,23,4.7,1
2024-01-30,Givral,Tiramisu,217000.0,0,0.246,16,4.8,1
2024-01-30,Givral,Cheesecake,188000.0,0,0.25,21,4.8,1
2024-01-30,Givral,Macaron,38000.0,0,0.101,20,4.0,1
2024-01-30,Givral,Éclair,54000.0,0,0.183,20,4.3,1
2024-01-30,Givral,Croissant,33000.0,0,0.23,21,4.2,1
2024-01-30,Givral,Red Velvet Cake,233000.0,0,0.244,3,4.0,1
2024-01-30,Local Bakery A,Tiramisu,209000.0,0,0.094,22,4.5,1
2024-01-30,Local Bakery A,Cheesecake,177000.0,0,0.091,5,4.2,0
2024-01-30,Local Bakery A,Macaron,36000.0,0,0.243,2,3.6,1
2024-01-30,Local Bakery A,Éclair,35000.0,1,0.224,7,4.6,0
2024-01-30,Local Bakery A,Croissant,32000.0,0,0.207,6,4.5,0
2024-01-30,Local Bakery A,Red Velvet Cake,227000.0,0,0.055,11,4.2,0
2024-01-30,Supermarket Chain,Tiramisu,158000.0,0,0.161,18,4.3,0
2024-01-30,Supermarket Chain,Cheesecake,131000.0,0,0.103,11,3.8,1
2024-01-30,Supermarket Chain,Macaron,29000.0,0,0.167,16,4.7,0
2024-01-30,Supermarket Chain,Éclair,40000.0,0,0.067,24,4.2,1
2024-01-30,Supermarket Chain,Croissant,24000.0,0,0.054,1,4.8,1
2024-01-30,Supermarket Chain,Red Velvet Cake,186000.0,0,0.095,18,4.7,0
2024-01-31,Paris Baguette,Tiramisu,288000.0,0,0.113,13,4.2,1
2024-01-31,Paris Baguette,Cheesecake,240000.0,0,0.136,2,3.7,1
2024-01-31,Paris Baguette,Macaron,49000.0,0,0.24,3,4.6,1
2024-01-31,Paris Baguette,Éclair,73000.0,0,0.169,23,4.1,1
2024-01-31,Paris Baguette,Croissant,42000.0,0,0.226,8,4.5,0
2024-01-31,Paris Baguette,Red Velvet Cake,311000.0,0,0.212,21,3.9,1
2024-01-31,Tous Les Jours,Tiramisu,280000.0,0,0.174,2,4.5,1
2024-01-31,Tous Les Jours,Cheesecake,234000.0,0,0.075,3,4.4,1
2024-01-31,Tous Les Jours,Macaron,51000.0,0,0.194,24,4.3,1
2024-01-31,Tous Les Jours,Éclair,68000.0,0,0.199,3,4.5,1
2024-01-31,Tous Les Jours,Croissant,41000.0,0,0.166,12,4.6,0
2024-01-31,Tous Les Jours,Red Velvet Cake,310000.0,0,0.122,13,4.1,0
2024-01-31,ABC Bakery,Tiramisu,236000.0,0,0.159,6,4.0,1
2024-01-31,ABC Bakery,Cheesecake,191000.0,0,0.138,9,4.5,0
2024-01-31,ABC Bakery,Macaron,40000.0,0,0.089,14,4.1,1
2024-01-31,ABC Bakery,Éclair,58000.0,0,0.235,12,4.1,0
2024-01-31,ABC Bakery,Croissant,28000.0,1,0.207,3,3.7,1
2024-01-31,ABC Bakery,Red Velvet Cake,239000.0,0,0.068,10,4.4,1
2024-01-31,Givral,Tiramisu,232000.0,0,0.065,14,4.0,0
2024-01-31,Givral,Cheesecake,187000.0,0,0.19,6,4.7,1
2024-01-31,Givral,Macaron,39000.0,0,0.189,2,3.8,1
2024-01-31,Givral,Éclair,54000.0,0,0.149,24,4.3,0
2024-01-31,Givral,Croissant,33000.0,0,0.113,17,4.0,1
2024-01-31,Givral,Red Velvet Cake,242000.0,0,0.097,17,4.0,1
2024-01-31,Local Bakery A,Tiramisu,212000.0,0,0.104,15,4.5,1
2024-01-31,Local Bakery A,Cheesecake,172000.0,0,0.075,17,4.4,1
2024-01-31,Local Bakery A,Macaron,27000.0,1,0.11,8,4.1,1
2024-01-31,Local Bakery A,Éclair,54000.0,0,0.168,1,4.3,1
2024-01-31,Local Bakery A,Croissant,31000.0,0,0.082,17,3.7,1
2024-01-31,Local Bakery A,Red Velvet Cake,220000.0,0,0.052,11,4.5,1
2024-01-31,Supermarket Chain,Tiramisu,157000.0,0,0.181,11,4.4,1
2024-01-31,Supermarket Chain,Cheesecake,142000.0,0,0.095,19,3.9,1
2024-01-31,Supermarket Chain,Macaron,27000.0,0,0.069,8,4.3,1
2024-01-31,Supermarket Chain,Éclair,34000.0,1,0.078,18,4.5,1
2024-01-31,Supermarket Chain,Croissant,24000.0,0,0.076,5,4.7,1
2024-01-31,Supermarket Chain,Red Velvet Cake,172000.0,0,0.123,19,4.8,1
2024-02-01,Paris Baguette,Tiramisu,311000.0,0,0.059,16,3.6,0
2024-02-01,Paris Baguette,Cheesecake,248000.0,0,0.097,10,3.9,1
2024-02-01,Paris Baguette,Macaron,50000.0,0,0.241,9,4.5,0
2024-02-01,Paris Baguette,Éclair,74000.0,0,0.216,12,4.2,1
2024-02-01,Paris Baguette,Croissant,42000.0,0,0.166,3,4.3,1
2024-02-01,Paris Baguette,Red Velvet Cake,316000.0,0,0.224,20,3.6,1
2024-02-01,Tous Les Jours,Tiramisu,283000.0,0,0.146,18,3.6,1
2024-02-01,Tous Les Jours,Cheesecake,233000.0,0,0.114,3,3.5,0
2024-02-01,Tous Les Jours,Macaron,49000.0,0,0.059,2,4.6,1
2024-02-01,Tous Les Jours,Éclair,73000.0,0,0.204,18,4.4,1
2024-02-01,Tous Les Jours,Croissant,42000.0,0,0.143,5,4.5,1
2024-02-01,Tous Les Jours,Red Velvet Cake,236000.0,1,0.12,16,3.6,1
2024-02-01,ABC Bakery,Tiramisu,233000.0,0,0.177,18,4.3,1
2024-02-01,ABC Bakery,Cheesecake,196000.0,0,0.193,24,4.1,0
2024-02-01,ABC Bakery,Macaron,40000.0,0,0.104,1,3.9,1
2024-02-01,ABC Bakery,Éclair,55000.0,0,0.133,12,4.8,1
2024-02-01,ABC Bakery,Croissant,34000.0,0,0.193,7,4.5,0
2024-02-01,ABC Bakery,Red Velvet Cake,249000.0,0,0.163,12,3.6,1
2024-02-01,Givral,Tiramisu,216000.0,0,0.083,9,3.9,1
2024-02-01,Givral,Cheesecake,194000.0,0,0.207,3,4.5,1
2024-02-01,Givral,Macaron,38000.0,0,0.055,22,4.7,1
2024-02-01,Givral,Éclair,54000.0,0,0.126,20,4.2,1
2024-02-01,Givral,Croissant,34000.0,0,0.168,20,4.0,0
2024-02-01,Givral,Red Velvet Cake,226000.0,0,0.121,10,4.8,1
2024-02-01,Local Bakery A,Tiramisu,202000.0,0,0.218,19,4.8,1
2024-02-01,Local Bakery A,Cheesecake,176000.0,0,0.068,22,4.1,1
2024-02-01,Local Bakery A,Macaron,35000.0,0,0.075,14,3.6,1
2024-02-01,Local Bakery A,Éclair,52000.0,0,0.185,13,4.6,0
2024-02-01,Local Bakery A,Croissant,32000.0,0,0.143,19,4.6,0
2024-02-01,Local Bakery A,Red Velvet Cake,237000.0,0,0.054,11,3.8,1
2024-02-01,Supermarket Chain,Tiramisu,157000.0,0,0.077,23,4.4,1
2024-02-01,Supermarket Chain,Cheesecake,143000.0,0,0.098,10,4.3,1
2024-02-01,Supermarket Chain,Macaron,28000.0,0,0.051,2,4.7,1
2024-02-01,Supermarket Chain,Éclair,32000.0,1,0.134,9,3.5,1
2024-02-01,Supermarket Chain,Croissant,24000.0,0,0.108,7,4.5,1
2024-02-01,Supermarket Chain,Red Velvet Cake,184000.0,0,0.181,17,4.3,1
2024-02-02,Paris Baguette,Tiramisu,298000.0,0,0.238,9,4.8,0
2024-02-02,Paris Baguette,Cheesecake,245000.0,0,0.077,23,4.0,0
2024-02-02,Paris Baguette,Macaron,43000.0,1,0.164,16,4.7,0
2024-02-02,Paris Baguette,Éclair,71000.0,0,0.165,20,3.5,1
2024-02-02,Paris Baguette,Croissant,43000.0,0,0.188,19,4.6,1
2024-02-02,Paris Baguette,Red Velvet Cake,320000.0,0,0.16,22,4.7,0
2024-02-02,Tous Les Jours,Tiramisu,287000.0,0,0.099,18,3.7,1
2024-02-02,Tous Les Jours,Cheesecake,246000.0,0,0.175,22,3.9,1
2024-02-02,Tous Les Jours,Macaron,47000.0,0,0.202,7,3.8,1
2024-02-02,Tous Les Jours,Éclair,57000.0,1,0.138,20,3.5,1
2024-02-02,Tous Les Jours,Croissant,44000.0,0,0.094,12,4.8,1
2024-02-02,Tous Les Jours,Red Velvet Cake,299000.0,0,0.202,15,4.2,1
2024-02-02,ABC Bakery,Tiramisu,224000.0,0,0.199,14,4.3,1
2024-02-02,ABC Bakery,Cheesecake,199000.0,0,0.12,2,4.8,1
2024-02-02,ABC Bakery,Macaron,40000.0,0,0.182,3,3.6,1
2024-02-02,ABC Bakery,Éclair,58000.0,0,0.154,21,3.6,1
2024-02-02,ABC Bakery,Croissant,35000.0,0,0.172,3,3.9,1
2024-02-02,ABC Bakery,Red Velvet Cake,260000.0,0,0.198,11,3.9,1
2024-02-02,Givral,Tiramisu,226000.0,0,0.093,11,4.6,0
2024-02-02,Givral,Cheesecake,183000.0,0,0.098,24,3.7,1
2024-02-02,Givral,Macaron,40000.0,0,0.061,22,4.6,0
2024-02-02,Givral,Éclair,57000.0,0,0.195,4,4.2,0
2024-02-02,Givral,Croissant,33000.0,0,0.131,19,3.9,1
2024-02-02,Givral,Red Velvet Cake,243000.0,0,0.159,9,3.9,1
2024-02-02,Local Bakery A,Tiramisu,200000.0,0,0.108,20,3.8,1
2024-02-02,Local Bakery A,Cheesecake,177000.0,0,0.155,23,4.0,1
2024-02-02,Local Bakery A,Macaron,36000.0,0,0.1,2,3.8,0
2024-02-02,Local Bakery A,Éclair,53000.0,0,0.055,23,4.7,1
2024-02-02,Local Bakery A,Croissant,31000.0,0,0.235,20,3.6,0
2024-02-02,Local Bakery A,Red Velvet Cake,229000.0,0,0.205,20,3.9,1
2024-02-02,Supermarket Chain,Tiramisu,132000.0,1,0.05,13,4.6,0
2024-02-02,Supermarket Chain,Cheesecake,139000.0,0,0.097,20,4.3,1
2024-02-02,Supermarket Chain,Macaron,27000.0,0,0.229,24,4.4,1
2024-02-02,Supermarket Chain,Éclair,39000.0,0,0.205,17,3.7,1
2024-02-02,Supermarket Chain,Croissant,24000.0,0,0.168,19,4.8,0
2024-02-02,Supermarket Chain,Red Velvet Cake,178000.0,0,0.094,17,4.6,0
2024-02-03,Paris Baguette,Tiramisu,268000.0,1,0.203,13,3.5,0
2024-02-03,Paris Baguette,Cheesecake,198000.0,1,0.16,6,4.6,1
2024-02-03,Paris Baguette,Macaron,52000.0,0,0.176,12,4.5,1
2024-02-03,Paris Baguette,Éclair,76000.0,0,0.116,1,3.7,1
2024-02-03,Paris Baguette,Croissant,46000.0,0,0.099,1,4.0,0
2024-02-03,Paris Baguette,Red Velvet Cake,327000.0,0,0.058,22,3.8,1
2024-02-03,Tous Les Jours,Tiramisu,284000.0,0,0.237,4,3.8,0
2024-02-03,Tous Les Jours,Cheesecake,235000.0,0,0.197,19,4.1,1
2024-02-03,Tous Les Jours,Macaron,52000.0,0,0.226,15,4.2,0
2024-02-03,Tous Les Jours,Éclair,75000.0,0,0.174,8,3.6,0
2024-02-03,Tous Les Jours,Croissant,39000.0,1,0.209,1,4.0,1
2024-02-03,Tous Les Jours,Red Velvet Cake,324000.0,0,0.135,3,4.0,1
2024-02-03,ABC Bakery,Tiramisu,255000.0,0,0.217,19,4.1,1
2024-02-03,ABC Bakery,Cheesecake,210000.0,0,0.173,11,4.8,0
2024-02-03,ABC Bakery,Macaron,42000.0,0,0.101,14,4.4,0
2024-02-03,ABC Bakery,Éclair,59000.0,0,0.218,6,3.8,1
2024-02-03,ABC Bakery,Croissant,37000.0,0,0.198,12,3.5,0
2024-02-03,ABC Bakery,Red Velvet Cake,261000.0,0,0.137,12,4.2,0
2024-02-03,Givral,Tiramisu,226000.0,0,0.239,16,4.1,1
2024-02-03,Givral,Cheesecake,157000.0,1,0.24,22,4.2,0
2024-02-03,Givral,Macaron,30000.0,1,0.102,18,4.6,1
2024-02-03,Givral,Éclair,55000.0,0,0.143,13,4.4,0
2024-02-03,Givral,Croissant,37000.0,0,0.069,20,4.5,1
2024-02-03,Givral,Red Velvet Cake,259000.0,0,0.18,8,4.6,0
2024-02-03,Local Bakery A,Tiramisu,177000.0,1,0.136,7,4.1,1
2024-02-03,Local Bakery A,Cheesecake,188000.0,0,0.214,23,4.3,0
2024-02-03,Local Bakery A,Macaron,37000.0,0,0.22,21,3.7,1
2024-02-03,Local Bakery A,Éclair,53000.0,0,0.14,20,3.8,1
2024-02-03,Local Bakery A,Croissant,32000.0,0,0.086,16,4.3,1
2024-02-03,Local Bakery A,Red Velvet Cake,247000.0,0,0.09,12,4.7,0
2024-02-03,Supermarket Chain,Tiramisu,168000.0,0,0.131,18,4.0,1
2024-02-03,Supermarket Chain,Cheesecake,110000.0,1,0.208,10,3.5,0
2024-02-03,Supermarket Chain,Macaron,29000.0,0,0.06,18,4.1,0
2024-02-03,Supermarket Chain,Éclair,41000.0,0,0.051,4,3.5,1
2024-02-03,Supermarket Chain,Croissant,26000.0,0,0.097,15,4.0,1
2024-02-03,Supermarket Chain,Red Velvet Cake,180000.0,0,0.249,18,4.6,1
2024-02-04,Paris Baguette,Tiramisu,232000.0,1,0.124,11,3.5,0
2024-02-04,Paris Baguette,Cheesecake,239000.0,0,0.074,12,4.4,0
2024-02-04,Paris Baguette,Macaron,53000.0,0,0.086,9,4.7,1
2024-02-04,Paris Baguette,Éclair,74000.0,0,0.186,6,3.8,1
2024-02-04,Paris Baguette,Croissant,44000.0,0,0.082,13,4.4,1
2024-02-04,Paris Baguette,Red Velvet Cake,339000.0,0,0.14,1,4.7,1
2024-02-04,Tous Les Jours,Tiramisu,212000.0,1,0.097,8,4.4,1
2024-02-04,Tous Les Jours,Cheesecake,235000.0,0,0.085,18,4.3,1
2024-02-04,Tous Les Jours,Macaron,50000.0,0,0.137,5,3.9,0
2024-02-04,Tous Les Jours,Éclair,73000.0,0,0.09,7,4.7,1
2024-02-04,Tous Les Jours,Croissant,43000.0,0,0.145,5,4.5,1
2024-02-04,Tous Les Jours,Red Velvet Cake,266000.0,1,0.118,2,3.9,0
2024-02-04,ABC Bakery,Tiramisu,238000.0,0,0.181,7,4.0,1
2024-02-04,ABC Bakery,Cheesecake,199000.0,0,0.094,6,3.7,1
2024-02-04,ABC Bakery,Macaron,41000.0,0,0.226,2,3.9,0
2024-02-04,ABC Bakery,Éclair,55000.0,1,0.157,10,3.7,0
2024-02-04,ABC Bakery,Croissant,36000.0,0,0.194,3,3.9,1
2024-02-04,ABC Bakery,Red Velvet Cake,207000.0,1,0.135,18,4.1,0
2024-02-04,Givral,Tiramisu,225000.0,0,0.165,3,4.4,0
2024-02-04,Givral,Cheesecake,135000.0,1,0.241,18,3.5,0
2024-02-04,Givral,Macaron,40000.0,0,0.138,21,4.7,1
2024-02-04,Givral,Éclair,55000.0,0,0.116,5,3.6,0
2024-02-04,Givral,Croissant,34000.0,0,0.11,10,3.7,1
2024-02-04,Givral,Red Velvet Cake,239000.0,0,0.199,1,4.3,1
2024-02-04,Local Bakery A,Tiramisu,225000.0,0,0.207,14,4.3,1
2024-02-04,Local Bakery A,Cheesecake,188000.0,0,0.135,13,4.6,1
2024-02-04,Local Bakery A,Macaron,39000.0,0,0.135,9,4.4,1
2024-02-04,Local Bakery A,Éclair,53000.0,0,0.167,11,3.8,0
2024-02-04,Local Bakery A,Croissant,31000.0,0,0.058,2,4.4,1
2024-02-04,Local Bakery A,Red Velvet Cake,238000.0,0,0.063,17,4.2,0
2024-02-04,Supermarket Chain,Tiramisu,171000.0,0,0.219,17,3.7,1
2024-02-04,Supermarket Chain,Cheesecake,119000.0,1,0.164,13,4.6,1
2024-02-04,Supermarket Chain,Macaron,29000.0,0,0.189,7,4.6,1
2024-02-04,Supermarket Chain,Éclair,43000.0,0,0.195,12,4.1,0
2024-02-04,Supermarket Chain,Croissant,24000.0,0,0.096,10,4.1,1
2024-02-04,Supermarket Chain,Red Velvet Cake,194000.0,0,0.055,7,3.8,0
2024-02-05,Paris Baguette,Tiramisu,276000.0,0,0.07,21,4.2,0
2024-02-05,Paris Baguette,Cheesecake,231000.0,0,0.157,5,3.7,1
2024-02-05,Paris Baguette,Macaron,50000.0,0,0.226,16,4.5,1
2024-02-05,Paris Baguette,Éclair,76000.0,0,0.086,5,4.2,1
2024-02-05,Paris Baguette,Croissant,42000.0,0,0.055,19,4.8,1
2024-02-05,Paris Baguette,Red Velvet Cake,328000.0,0,0.1,17,3.6,1
2024-02-05,Tous Les Jours,Tiramisu,274000.0,0,0.117,2,4.0,1
2024-02-05,Tous Les Jours,Cheesecake,240000.0,0,0.177,18,4.3,1
2024-02-05,Tous Les Jours,Macaron,48000.0,0,0.153,7,3.8,1
2024-02-05,Tous Les Jours,Éclair,68000.0,0,0.195,7,3.9,1
2024-02-05,Tous Les Jours,Croissant,41000.0,0,0.086,19,3.6,0
2024-02-05,Tous Les Jours,Red Velvet Cake,268000.0,1,0.114,12,3.9,1
2024-02-05,ABC Bakery,Tiramisu,228000.0,0,0.082,6,3.6,0
2024-02-05,ABC Bakery,Cheesecake,194000.0,0,0.173,18,3.7,1
2024-02-05,ABC Bakery,Macaron,43000.0,0,0.178,24,4.7,1
2024-02-05,ABC Bakery,Éclair,56000.0,0,0.185,14,3.7,1
2024-02-05,ABC Bakery,Croissant,34000.0,0,0.238,18,4.1,0
2024-02-05,ABC Bakery,Red Velvet Cake,252000.0,0,0.161,14,3.9,1
2024-02-05,Givral,Tiramisu,220000.0,0,0.083,23,4.1,1
2024-02-05,Givral,Cheesecake,148000.0,1,0.227,6,4.3,1
2024-02-05,Givral,Macaron,38000.0,0,0.18,2,4.5,1
2024-02-05,Givral,Éclair,53000.0,0,0.219,2,4.7,1
2024-02-05,Givral,Croissant,24000.0,1,0.12,17,4.2,1
2024-02-05,Givral,Red Velvet Cake,241000.0,0,0.07,20,4.4,1
2024-02-05,Local Bakery A,Tiramisu,202000.0,0,0.23,13,4.7,1
2024-02-05,Local Bakery A,Cheesecake,162000.0,0,0.105,1,4.0,1
2024-02-05,Local Bakery A,Macaron,37000.0,0,0.233,7,4.1,1
2024-02-05,Local Bakery A,Éclair,53000.0,0,0.196,16,4.0,1
2024-02-05,Local Bakery A,Croissant,22000.0,1,0.144,19,3.8,1
2024-02-05,Local Bakery A,Red Velvet Cake,221000.0,0,0.116,14,3.8,1
2024-02-05,Supermarket Chain,Tiramisu,170000.0,0,0.055,8,4.7,0
2024-02-05,Supermarket Chain,Cheesecake,138000.0,0,0.175,15,4.3,1
2024-02-05,Supermarket Chain,Macaron,28000.0,0,0.16,22,3.5,1
2024-02-05,Supermarket Chain,Éclair,40000.0,0,0.114,23,3.9,1
2024-02-05,Supermarket Chain,Croissant,24000.0,0,0.09,17,3.8,1
2024-02-05,Supermarket Chain,Red Velvet Cake,173000.0,0,0.249,10,4.8,1
2024-02-06,Paris Baguette,Tiramisu,250000.0,1,0.175,19,3.5,1
2024-02-06,Paris Baguette,Cheesecake,235000.0,0,0.183,10,4.0,1
2024-02-06,Paris Baguette,Macaron,49000.0,0,0.076,1,4.4,0
2024-02-06,Paris Baguette,Éclair,69000.0,0,0.185,1,4.1,1
2024-02-06,Paris Baguette,Croissant,43000.0,0,0.086,3,4.6,0
2024-02-06,Paris Baguette,Red Velvet Cake,285000.0,0,0.052,16,4.6,1
2024-02-06,Tous Les Jours,Tiramisu,282000.0,0,0.14,4,3.8,1
2024-02-06,Tous Les Jours,Cheesecake,245000.0,0,0.179,2,4.2,1
2024-02-06,Tous Les Jours,Macaron,47000.0,0,0.219,20,3.6,1
2024-02-06,Tous Les Jours,Éclair,67000.0,0,0.076,18,3.9,0
2024-02-06,Tous Les Jours,Croissant,40000.0,0,0.142,3,4.3,0
2024-02-06,Tous Les Jours,Red Velvet Cake,254000.0,1,0.092,5,3.8,1
2024-02-06,ABC Bakery,Tiramisu,177000.0,1,0.191,13,4.6,0
2024-02-06,ABC Bakery,Cheesecake,190000.0,0,0.211,17,3.8,1
2024-02-06,ABC Bakery,Macaron,38000.0,0,0.059,23,4.7,1
2024-02-06,ABC Bakery,Éclair,57000.0,0,0.155,2,4.6,1
2024-02-06,ABC Bakery,Croissant,35000.0,0,0.163,24,4.4,0
2024-02-06,ABC Bakery,Red Velvet Cake,242000.0,0,0.173,7,4.5,1
2024-02-06,Givral,Tiramisu,206000.0,0,0.151,2,4.4,0
2024-02-06,Givral,Cheesecake,181000.0,0,0.186,22,4.6,1
2024-02-06,Givral,Macaron,39000.0,0,0.064,19,4.8,0
2024-02-06,Givral,Éclair,53000.0,0,0.126,20,4.2,0
2024-02-06,Givral,Croissant,33000.0,0,0.083,7,4.0,0
2024-02-06,Givral,Red Velvet Cake,243000.0,0,0.157,15,4.5,1
2024-02-06,Local Bakery A,Tiramisu,204000.0,0,0.162,7,4.0,1
2024-02-06,Local Bakery A,Cheesecake,171000.0,0,0.234,4,4.2,1
2024-02-06,Local Bakery A,Macaron,37000.0,0,0.153,1,4.4,0
2024-02-06,Local Bakery A,Éclair,51000.0,0,0.185,14,4.3,0
2024-02-06,Local Bakery A,Croissant,31000.0,0,0.088,14,4.6,1
2024-02-06,Local Bakery A,Red Velvet Cake,237000.0,0,0.225,7,3.8,0
2024-02-06,Supermarket Chain,Tiramisu,159000.0,0,0.135,9,3.8,1
2024-02-06,Supermarket Chain,Cheesecake,135000.0,0,0.176,18,4.2,1
2024-02-06,Supermarket Chain,Macaron,29000.0,0,0.227,23,4.0,0
2024-02-06,Supermarket Chain,Éclair,40000.0,0,0.062,18,4.8,1
2024-02-06,Supermarket Chain,Croissant,25000.0,0,0.146,4,3.5,0
2024-02-06,Supermarket Chain,Red Velvet Cake,172000.0,0,0.128,12,4.1,1
2024-02-07,Paris Baguette,Tiramisu,218000.0,1,0.24,22,4.1,1
2024-02-07,Paris Baguette,Cheesecake,242000.0,0,0.151,4,4.7,1
2024-02-07,Paris Baguette,Macaron,51000.0,0,0.239,24,4.6,1
2024-02-07,Paris Baguette,Éclair,75000.0,0,0.191,7,3.7,1
2024-02-07,Paris Baguette,Croissant,44000.0,0,0.221,21,4.1,1
2024-02-07,Paris Baguette,Red Velvet Cake,326000.0,0,0.089,23,4.1,1
2024-02-07,Tous Les Jours,Tiramisu,270000.0,0,0.142,13,4.7,1
2024-02-07,Tous Les Jours,Cheesecake,238000.0,0,0.111,7,4.3,1
2024-02-07,Tous Les Jours,Macaron,46000.0,0,0.188,24,4.0,0
2024-02-07,Tous Les Jours,Éclair,72000.0,0,0.217,16,3.7,1
2024-02-07,Tous Les Jours,Croissant,42000.0,0,0.172,13,3.9,0
2024-02-07,Tous Les Jours,Red Velvet Cake,308000.0,0,0.085,18,3.6,1
2024-02-07,ABC Bakery,Tiramisu,230000.0,0,0.191,7,4.6,1
2024-02-07,ABC Bakery,Cheesecake,194000.0,0,0.143,10,3.6,1
2024-02-07,ABC Bakery,Macaron,37000.0,1,0.117,2,4.3,1
2024-02-07,ABC Bakery,Éclair,60000.0,0,0.224,20,3.9,0
2024-02-07,ABC Bakery,Croissant,36000.0,0,0.158,8,4.0,0
2024-02-07,ABC Bakery,Red Velvet Cake,248000.0,0,0.223,1,4.3,1
2024-02-07,Givral,Tiramisu,224000.0,0,0.181,1,3.6,1
2024-02-07,Givral,Cheesecake,190000.0,0,0.081,10,4.6,0
2024-02-07,Givral,Macaron,36000.0,0,0.21,8,4.3,1
2024-02-07,Givral,Éclair,53000.0,0,0.215,10,4.4,1
2024-02-07,Givral,Croissant,32000.0,0,0.086,5,3.9,1
2024-02-07,Givral,Red Velvet Cake,237000.0,0,0.171,13,4.6,1
2024-02-07,Local Bakery A,Tiramisu,215000.0,0,0.136,19,4.5,1
2024-02-07,Local Bakery A,Cheesecake,178000.0,0,0.193,7,3.7,0
2024-02-07,Local Bakery A,Macaron,36000.0,0,0.226,11,4.7,1
2024-02-07,Local Bakery A,Éclair,50000.0,0,0.177,22,3.9,1
2024-02-07,Local Bakery A,Croissant,24000.0,1,0.057,23,4.1,1
2024-02-07,Local Bakery A,Red Velvet Cake,229000.0,0,0.208,20,4.2,1
2024-02-07,Supermarket Chain,Tiramisu,149000.0,0,0.052,3,4.7,0
2024-02-07,Supermarket Chain,Cheesecake,145000.0,0,0.119,6,3.9,0
2024-02-07,Supermarket Chain,Macaron,28000.0,0,0.133,6,3.5,0
2024-02-07,Supermarket Chain,Éclair,40000.0,0,0.231,1,4.1,1
2024-02-07,Supermarket Chain,Croissant,23000.0,1,0.184,10,3.6,1
2024-02-07,Supermarket Chain,Red Velvet Cake,177000.0,0,0.192,19,4.1,1
2024-02-08,Paris Baguette,Tiramisu,298000.0,0,0.153,13,4.4,0
2024-02-08,Paris Baguette,Cheesecake,254000.0,0,0.163,13,4.5,0
2024-02-08,Paris Baguette,Macaron,50000.0,0,0.158,10,4.6,1
2024-02-08,Paris Baguette,Éclair,72000.0,0,0.125,12,4.4,1
2024-02-08,Paris Baguette,Croissant,41000.0,0,0.232,12,3.8,1
2024-02-08,Paris Baguette,Red Velvet Cake,257000.0,1,0.202,14,4.1,1
2024-02-08,Tous Les Jours,Tiramisu,278000.0,0,0.086,12,3.8,1
2024-02-08,Tous Les Jours,Cheesecake,228000.0,0,0.153,18,4.6,1
2024-02-08,Tous Les Jours,Macaron,50000.0,0,0.133,2,3.7,1
2024-02-08,Tous Les Jours,Éclair,71000.0,0,0.05,13,4.8,1
2024-02-08,Tous Les Jours,Croissant,43000.0,0,0.05,23,4.7,1
2024-02-08,Tous Les Jours,Red Velvet Cake,302000.0,0,0.109,5,3.6,1
2024-02-08,ABC Bakery,Tiramisu,222000.0,0,0.139,2,4.3,0
2024-02-08,ABC Bakery,Cheesecake,192000.0,0,0.146,11,4.2,0
2024-02-08,ABC Bakery,Macaron,41000.0,0,0.147,20,4.2,0
2024-02-08,ABC Bakery,Éclair,53000.0,0,0.136,7,3.6,1
2024-02-08,ABC Bakery,Croissant,34000.0,0,0.178,15,4.7,1
2024-02-08,ABC Bakery,Red Velvet Cake,253000.0,0,0.143,10,4.0,1
2024-02-08,Givral,Tiramisu,216000.0,0,0.1,14,3.7,0
2024-02-08,Givral,Cheesecake,185000.0,0,0.118,8,3.8,0
2024-02-08,Givral,Macaron,38000.0,0,0.245,16,3.8,1
2024-02-08,Givral,Éclair,53000.0,0,0.133,21,4.5,1
2024-02-08,Givral,Croissant,32000.0,0,0.11,13,4.1,1
2024-02-08,Givral,Red Velvet Cake,243000.0,0,0.077,18,4.6,0
2024-02-08,Local Bakery A,Tiramisu,201000.0,0,0.233,4,3.7,1
2024-02-08,Local Bakery A,Cheesecake,179000.0,0,0.223,4,4.5,1
2024-02-08,Local Bakery A,Macaron,35000.0,0,0.07,23,4.1,1
2024-02-08,Local Bakery A,Éclair,51000.0,0,0.152,12,4.7,1
2024-02-08,Local Bakery A,Croissant,32000.0,0,0.138,19,3.7,1
2024-02-08,Local Bakery A,Red Velvet Cake,224000.0,0,0.111,14,3.9,0
2024-02-08,Supermarket Chain,Tiramisu,170000.0,0,0.081,22,3.6,1
2024-02-08,Supermarket Chain,Cheesecake,107000.0,1,0.113,8,3.5,1
2024-02-08,Supermarket Chain,Macaron,29000.0,0,0.166,20,4.0,1
2024-02-08,Supermarket Chain,Éclair,40000.0,0,0.175,9,4.4,1
2024-02-08,Supermarket Chain,Croissant,22000.0,0,0.115,23,4.6,0
2024-02-08,Supermarket Chain,Red Velvet Cake,183000.0,0,0.198,9,3.8,1
2024-02-09,Paris Baguette,Tiramisu,296000.0,0,0.19,18,4.0,0
2024-02-09,Paris Baguette,Cheesecake,236000.0,0,0.074,4,3.8,0
2024-02-09,Paris Baguette,Macaron,51000.0,0,0.199,3,4.0,1
2024-02-09,Paris Baguette,Éclair,70000.0,0,0.221,18,3.7,1
2024-02-09,Paris Baguette,Croissant,40000.0,0,0.143,8,4.4,0
2024-02-09,Paris Baguette,Red Velvet Cake,322000.0,0,0.116,4,4.8,0
2024-02-09,Tous Les Jours,Tiramisu,276000.0,0,0.058,5,4.1,0
2024-02-09,Tous Les Jours,Cheesecake,237000.0,0,0.09,12,4.2,0
2024-02-09,Tous Les Jours,Macaron,45000.0,0,0.084,18,4.3,1
2024-02-09,Tous Les Jours,Éclair,68000.0,0,0.069,12,4.7,1
2024-02-09,Tous Les Jours,Croissant,41000.0,0,0.174,15,4.5,1
2024-02-09,Tous Les Jours,Red Velvet Cake,303000.0,0,0.105,11,4.3,1
2024-02-09,ABC Bakery,Tiramisu,222000.0,0,0.094,24,4.5,1
2024-02-09,ABC Bakery,Cheesecake,183000.0,0,0.059,15,3.9,1
2024-02-09,ABC Bakery,Macaron,41000.0,0,0.182,21,3.6,0
2024-02-09,ABC Bakery,Éclair,55000.0,0,0.068,24,4.5,1
2024-02-09,ABC Bakery,Croissant,35000.0,0,0.094,22,3.6,1
2024-02-09,ABC Bakery,Red Velvet Cake,245000.0,0,0.099,3,4.4,1
2024-02-09,Givral,Tiramisu,211000.0,0,0.129,1,4.6,0
2024-02-09,Givral,Cheesecake,188000.0,0,0.144,13,4.4,1
2024-02-09,Givral,Macaron,39000.0,0,0.159,7,4.2,1
2024-02-09,Givral,Éclair,56000.0,0,0.138,5,3.6,1
2024-02-09,Givral,Croissant,33000.0,0,0.195,12,4.6,1
2024-02-09,Givral,Red Velvet Cake,242000.0,0,0.055,22,4.2,0
2024-02-09,Local Bakery A,Tiramisu,145000.0,1,0.154,21,4.7,1
2024-02-09,Local Bakery A,Cheesecake,176000.0,0,0.053,9,4.3,0
2024-02-09,Local Bakery A,Macaron,36000.0,0,0.062,7,4.0,1
2024-02-09,Local Bakery A,Éclair,51000.0,0,0.215,17,4.2,1
2024-02-09,Local Bakery A,Croissant,29000.0,0,0.073,7,4.0,1
2024-02-09,Local Bakery A,Red Velvet Cake,243000.0,0,0.249,18,4.1,1
2024-02-09,Supermarket Chain,Tiramisu,159000.0,0,0.073,3,3.7,1
2024-02-09,Supermarket Chain,Cheesecake,137000.0,0,0.132,5,3.7,1
2024-02-09,Supermarket Chain,Macaron,28000.0,0,0.107,18,4.6,1
2024-02-09,Supermarket Chain,Éclair,41000.0,0,0.077,10,4.6,1
2024-02-09,Supermarket Chain,Croissant,24000.0,0,0.055,4,4.5,1
2024-02-09,Supermarket Chain,Red Velvet Cake,171000.0,0,0.131,18,3.6,1
2024-02-10,Paris Baguette,Tiramisu,251000.0,1,0.074,8,4.8,0
2024-02-10,Paris Baguette,Cheesecake,249000.0,0,0.212,1,3.7,1
2024-02-10,Paris Baguette,Macaron,54000.0,0,0.07,20,3.5,1
2024-02-10,Paris Baguette,Éclair,62000.0,1,0.138,7,3.7,1
2024-02-10,Paris Baguette,Croissant,44000.0,0,0.219,10,4.0,1
2024-02-10,Paris Baguette,Red Velvet Cake,321000.0,0,0.228,8,4.6,1
2024-02-10,Tous Les Jours,Tiramisu,281000.0,0,0.09,18,4.3,0
2024-02-10,Tous Les Jours,Cheesecake,252000.0,0,0.07,3,4.1,0
2024-02-10,Tous Les Jours,Macaron,41000.0,1,0.18,3,3.9,1
2024-02-10,Tous Les Jours,Éclair,72000.0,0,0.066,22,4.1,0
2024-02-10,Tous Les Jours,Croissant,43000.0,0,0.114,3,4.4,1
2024-02-10,Tous Les Jours,Red Velvet Cake,304000.0,0,0.07,4,4.2,1
2024-02-10,ABC Bakery,Tiramisu,237000.0,0,0.097,4,4.6,0
2024-02-10,ABC Bakery,Cheesecake,201000.0,0,0.205,8,4.3,0
2024-02-10,ABC Bakery,Macaron,43000.0,0,0.092,10,4.7,1
2024-02-10,ABC Bakery,Éclair,60000.0,0,0.244,11,4.8,1
2024-02-10,ABC Bakery,Croissant,27000.0,1,0.07,7,4.4,1
2024-02-10,ABC Bakery,Red Velvet Cake,261000.0,0,0.137,18,4.6,1
2024-02-10,Givral,Tiramisu,234000.0,0,0.243,1,4.5,1
2024-02-10,Givral,Cheesecake,180000.0,0,0.205,3,4.3,1
2024-02-10,Givral,Macaron,42000.0,0,0.161,7,4.0,1
2024-02-10,Givral,Éclair,53000.0,0,0.17,11,3.8,1
2024-02-10,Givral,Croissant,34000.0,0,0.208,19,4.7,0
2024-02-10,Givral,Red Velvet Cake,246000.0,0,0.154,4,4.3,1
2024-02-10,Local Bakery A,Tiramisu,223000.0,0,0.113,10,4.4,1
2024-02-10,Local Bakery A,Cheesecake,184000.0,0,0.242,15,4.8,1
2024-02-10,Local Bakery A,Macaron,34000.0,1,0.248,13,3.8,1
2024-02-10,Local Bakery A,Éclair,53000.0,0,0.149,20,3.8,1
2024-02-10,Local Bakery A,Croissant,33000.0,0,0.214,20,4.3,1
2024-02-10,Local Bakery A,Red Velvet Cake,248000.0,0,0.144,9,4.2,1
2024-02-10,Supermarket Chain,Tiramisu,141000.0,1,0.198,15,4.2,1
2024-02-10,Supermarket Chain,Cheesecake,144000.0,0,0.152,20,4.6,1
2024-02-10,Supermarket Chain,Macaron,26000.0,1,0.065,9,3.8,1
2024-02-10,Supermarket Chain,Éclair,45000.0,0,0.222,14,4.3,1
2024-02-10,Supermarket Chain,Croissant,18000.0,1,0.103,19,4.3,1
2024-02-10,Supermarket Chain,Red Velvet Cake,187000.0,0,0.18,9,3.6,0
2024-02-11,Paris Baguette,Tiramisu,333000.0,0,0.145,16,4.4,1
2024-02-11,Paris Baguette,Cheesecake,277000.0,0,0.136,12,4.4,0
2024-02-11,Paris Baguette,Macaron,58000.0,0,0.119,3,4.3,0
2024-02-11,Paris Baguette,Éclair,86000.0,0,0.087,6,3.7,0
2024-02-11,Paris Baguette,Croissant,52000.0,0,0.092,2,3.6,0
2024-02-11,Paris Baguette,Red Velvet Cake,355000.0,0,0.153,22,4.7,1
2024-02-11,Tous Les Jours,Tiramisu,328000.0,0,0.053,2,4.2,1
2024-02-11,Tous Les Jours,Cheesecake,280000.0,0,0.064,7,4.7,0
2024-02-11,Tous Les Jours,Macaron,49000.0,1,0.245,10,4.3,1
2024-02-11,Tous Les Jours,Éclair,80000.0,0,0.051,10,4.7,1
2024-02-11,Tous Les Jours,Croissant,38000.0,1,0.197,18,4.2,1
2024-02-11,Tous Les Jours,Red Velvet Cake,343000.0,0,0.116,2,4.2,1
2024-02-11,ABC Bakery,Tiramisu,263000.0,0,0.199,19,4.6,1
2024-02-11,ABC Bakery,Cheesecake,222000.0,0,0.194,4,4.1,0
2024-02-11,ABC Bakery,Macaron,47000.0,0,0.123,2,4.0,1
2024-02-11,ABC Bakery,Éclair,69000.0,0,0.202,1,4.3,0
2024-02-11,ABC Bakery,Croissant,41000.0,0,0.06,10,3.9,0
2024-02-11,ABC Bakery,Red Velvet Cake,297000.0,0,0.057,3,3.6,0
2024-02-11,Givral,Tiramisu,255000.0,0,0.161,1,4.0,1
2024-02-11,Givral,Cheesecake,226000.0,0,0.137,5,4.7,1
2024-02-11,Givral,Macaron,33000.0,1,0.057,15,3.9,1
2024-02-11,Givral,Éclair,62000.0,0,0.166,24,4.7,0
2024-02-11,Givral,Croissant,38000.0,0,0.163,4,4.1,1
2024-02-11,Givral,Red Velvet Cake,269000.0,0,0.075,24,3.9,1
2024-02-11,Local Bakery A,Tiramisu,238000.0,0,0.078,2,4.3,1
2024-02-11,Local Bakery A,Cheesecake,207000.0,0,0.071,17,4.6,1
2024-02-11,Local Bakery A,Macaron,38000.0,0,0.223,6,3.8,1
2024-02-11,Local Bakery A,Éclair,62000.0,0,0.071,13,3.5,1
2024-02-11,Local Bakery A,Croissant,36000.0,0,0.097,3,4.1,0
2024-02-11,Local Bakery A,Red Velvet Cake,266000.0,0,0.058,5,3.8,0
2024-02-11,Supermarket Chain,Tiramisu,199000.0,0,0.05,3,3.7,1
2024-02-11,Supermarket Chain,Cheesecake,157000.0,0,0.211,2,4.8,1
2024-02-11,Supermarket Chain,Macaron,33000.0,0,0.206,13,3.8,1
2024-02-11,Supermarket Chain,Éclair,46000.0,0,0.156,19,4.4,1
2024-02-11,Supermarket Chain,Croissant,27000.0,0,0.145,17,4.6,0
2024-02-11,Supermarket Chain,Red Velvet Cake,209000.0,0,0.12,24,4.7,1
2024-02-12,Paris Baguette,Tiramisu,309000.0,0,0.245,1,3.6,0
2024-02-12,Paris Baguette,Cheesecake,268000.0,0,0.143,6,3.8,0
2024-02-12,Paris Baguette,Macaron,56000.0,0,0.109,1,3.6,1
2024-02-12,Paris Baguette,Éclair,85000.0,0,0.073,8,4.8,1
2024-02-12,Paris Baguette,Croissant,47000.0,0,0.057,10,3.9,1
2024-02-12,Paris Baguette,Red Velvet Cake,295000.0,1,0.218,11,3.6,1
2024-02-12,Tous Les Jours,Tiramisu,296000.0,0,0.16,18,4.7,0
2024-02-12,Tous Les Jours,Cheesecake,264000.0,0,0.199,9,3.8,0
2024-02-12,Tous Les Jours,Macaron,55000.0,0,0.072,22,3.5,1
2024-02-12,Tous Les Jours,Éclair,76000.0,0,0.214,18,4.5,1
2024-02-12,Tous Les Jours,Croissant,39000.0,1,0.173,6,4.4,1
2024-02-12,Tous Les Jours,Red Velvet Cake,328000.0,0,0.157,19,3.7,0
2024-02-12,ABC Bakery,Tiramisu,235000.0,0,0.11,22,4.0,0
2024-02-12,ABC Bakery,Cheesecake,218000.0,0,0.052,17,3.7,1
2024-02-12,ABC Bakery,Macaron,43000.0,0,0.051,21,4.4,1
2024-02-12,ABC Bakery,Éclair,65000.0,0,0.106,15,4.7,0
2024-02-12,ABC Bakery,Croissant,38000.0,0,0.104,5,4.2,1
2024-02-12,ABC Bakery,Red Velvet Cake,283000.0,0,0.234,17,3.6,0
2024-02-12,Givral,Tiramisu,234000.0,0,0.177,21,3.8,0
2024-02-12,Givral,Cheesecake,204000.0,0,0.104,1,4.1,1
2024-02-12,Givral,Macaron,43000.0,0,0.087,21,4.5,1
2024-02-12,Givral,Éclair,60000.0,0,0.138,16,4.2,1
2024-02-12,Givral,Croissant,35000.0,0,0.197,6,4.7,1
2024-02-12,Givral,Red Velvet Cake,248000.0,0,0.241,9,4.0,1
2024-02-12,Local Bakery A,Tiramisu,228000.0,0,0.108,20,4.8,1
2024-02-12,Local Bakery A,Cheesecake,185000.0,0,0.217,15,3.6,1
2024-02-12,Local Bakery A,Macaron,41000.0,0,0.18,12,4.5,1
2024-02-12,Local Bakery A,Éclair,57000.0,0,0.131,7,3.6,0
2024-02-12,Local Bakery A,Croissant,32000.0,0,0.12,8,4.3,0
2024-02-12,Local Bakery A,Red Velvet Cake,248000.0,0,0.151,10,4.2,0
2024-02-12,Supermarket Chain,Tiramisu,155000.0,1,0.211,18,4.4,1
2024-02-12,Supermarket Chain,Cheesecake,153000.0,0,0.119,11,4.5,1
2024-02-12,Supermarket Chain,Macaron,33000.0,0,0.177,11,3.9,1
2024-02-12,Supermarket Chain,Éclair,45000.0,0,0.084,5,3.6,1
2024-02-12,Supermarket Chain,Croissant,26000.0,0,0.134,17,4.3,0
2024-02-12,Supermarket Chain,Red Velvet Cake,185000.0,0,0.08,15,3.7,1
2024-02-13,Paris Baguette,Tiramisu,293000.0,0,0.203,10,4.1,0
2024-02-13,Paris Baguette,Cheesecake,273000.0,0,0.225,6,4.6,1
2024-02-13,Paris Baguette,Macaron,58000.0,0,0.095,19,4.7,0
2024-02-13,Paris Baguette,Éclair,83000.0,0,0.213,22,3.5,1
2024-02-13,Paris Baguette,Croissant,48000.0,0,0.128,24,4.5,0
2024-02-13,Paris Baguette,Red Velvet Cake,346000.0,0,0.194,3,4.5,1
2024-02-13,Tous Les Jours,Tiramisu,315000.0,0,0.155,9,4.8,1
2024-02-13,Tous Les Jours,Cheesecake,264000.0,0,0.225,5,4.1,1
2024-02-13,Tous Les Jours,Macaron,53000.0,0,0.053,22,3.7,0
2024-02-13,Tous Les Jours,Éclair,77000.0,0,0.141,4,4.1,1
2024-02-13,Tous Les Jours,Croissant,48000.0,0,0.068,2,4.4,0
2024-02-13,Tous Les Jours,Red Velvet Cake,330000.0,0,0.246,15,3.6,1
2024-02-13,ABC Bakery,Tiramisu,261000.0,0,0.171,1,3.9,1
2024-02-13,ABC Bakery,Cheesecake,214000.0,0,0.239,11,4.0,1
2024-02-13,ABC Bakery,Macaron,43000.0,0,0.106,8,3.8,0
2024-02-13,ABC Bakery,Éclair,64000.0,0,0.051,7,4.5,1
2024-02-13,ABC Bakery,Croissant,38000.0,0,0.223,1,4.4,0
2024-02-13,ABC Bakery,Red Velvet Cake,269000.0,0,0.088,19,4.5,1
2024-02-13,Givral,Tiramisu,245000.0,0,0.065,2,4.1,0
2024-02-13,Givral,Cheesecake,209000.0,0,0.181,1,4.1,0
2024-02-13,Givral,Macaron,35000.0,1,0.05,8,4.5,1
2024-02-13,Givral,Éclair,60000.0,0,0.121,3,3.6,1
2024-02-13,Givral,Croissant,38000.0,0,0.096,23,4.6,1
2024-02-13,Givral,Red Velvet Cake,193000.0,1,0.177,16,4.6,1
2024-02-13,Local Bakery A,Tiramisu,220000.0,0,0.119,7,3.6,0
2024-02-13,Local Bakery A,Cheesecake,195000.0,0,0.093,13,4.4,1
2024-02-13,Local Bakery A,Macaron,39000.0,0,0.19,7,4.5,1
2024-02-13,Local Bakery A,Éclair,57000.0,0,0.186,10,3.6,1
2024-02-13,Local Bakery A,Croissant,33000.0,0,0.086,10,4.4,1
2024-02-13,Local Bakery A,Red Velvet Cake,242000.0,0,0.18,23,4.0,1
2024-02-13,Supermarket Chain,Tiramisu,139000.0,1,0.198,12,3.8,1
2024-02-13,Supermarket Chain,Cheesecake,152000.0,0,0.072,3,4.6,1
2024-02-13,Supermarket Chain,Macaron,29000.0,0,0.236,23,4.3,1
2024-02-13,Supermarket Chain,Éclair,46000.0,0,0.18,19,4.1,1
2024-02-13,Supermarket Chain,Croissant,27000.0,0,0.062,24,4.0,1
2024-02-13,Supermarket Chain,Red Velvet Cake,196000.0,0,0.197,24,3.6,1
2024-02-14,Paris Baguette,Tiramisu,316000.0,0,0.105,10,3.5,0
2024-02-14,Paris Baguette,Cheesecake,264000.0,0,0.068,17,4.8,1
2024-02-14,Paris Baguette,Macaron,56000.0,0,0.2,12,3.8,1
2024-02-14,Paris Baguette,Éclair,58000.0,1,0.208,17,4.5,0
2024-02-14,Paris Baguette,Croissant,48000.0,0,0.089,2,4.0,1
2024-02-14,Paris Baguette,Red Velvet Cake,343000.0,0,0.119,4,3.6,1
2024-02-14,Tous Les Jours,Tiramisu,261000.0,1,0.159,3,4.5,1
2024-02-14,Tous Les Jours,Cheesecake,247000.0,0,0.143,22,4.1,1
2024-02-14,Tous Les Jours,Macaron,53000.0,0,0.186,1,4.6,1
2024-02-14,Tous Les Jours,Éclair,78000.0,0,0.2,3,4.7,1
2024-02-14,Tous Les Jours,Croissant,47000.0,0,0.105,13,3.6,1
2024-02-14,Tous Les Jours,Red Velvet Cake,310000.0,0,0.055,14,4.4,1
2024-02-14,ABC Bakery,Tiramisu,263000.0,0,0.234,21,4.6,1
2024-02-14,ABC Bakery,Cheesecake,215000.0,0,0.216,21,4.4,1
2024-02-14,ABC Bakery,Macaron,44000.0,0,0.118,1,3.6,1
2024-02-14,ABC Bakery,Éclair,64000.0,0,0.204,5,4.1,1
2024-02-14,ABC Bakery,Croissant,38000.0,0,0.185,9,3.8,0
2024-02-14,ABC Bakery,Red Velvet Cake,267000.0,0,0.214,18,3.7,1
2024-02-14,Givral,Tiramisu,252000.0,0,0.243,12,3.5,0
2024-02-14,Givral,Cheesecake,203000.0,0,0.22,21,3.6,1
2024-02-14,Givral,Macaron,36000.0,1,0.074,15,4.5,1
2024-02-14,Givral,Éclair,58000.0,0,0.06,10,3.7,1
2024-02-14,Givral,Croissant,36000.0,0,0.168,1,4.7,0
2024-02-14,Givral,Red Velvet Cake,264000.0,0,0.103,20,4.2,0
2024-02-14,Local Bakery A,Tiramisu,236000.0,0,0.222,7,4.3,0
2024-02-14,Local Bakery A,Cheesecake,191000.0,0,0.097,22,4.1,0
2024-02-14,Local Bakery A,Macaron,40000.0,0,0.239,23,4.1,0
2024-02-14,Local Bakery A,Éclair,56000.0,0,0.09,9,4.3,0
2024-02-14,Local Bakery A,Croissant,34000.0,0,0.122,17,4.2,1
2024-02-14,Local Bakery A,Red Velvet Cake,260000.0,0,0.195,8,3.7,1
2024-02-14,Supermarket Chain,Tiramisu,186000.0,0,0.092,18,3.8,0
2024-02-14,Supermarket Chain,Cheesecake,152000.0,0,0.206,10,3.8,1
2024-02-14,Supermarket Chain,Macaron,33000.0,0,0.071,11,4.0,1
2024-02-14,Supermarket Chain,Éclair,45000.0,0,0.105,21,4.2,1
2024-02-14,Supermarket Chain,Croissant,26000.0,0,0.167,23,4.5,1
2024-02-14,Supermarket Chain,Red Velvet Cake,196000.0,0,0.138,6,3.7,0
2024-02-15,Paris Baguette,Tiramisu,301000.0,0,0.06,19,4.5,1
2024-02-15,Paris Baguette,Cheesecake,278000.0,0,0.051,4,4.1,1
2024-02-15,Paris Baguette,Macaron,54000.0,0,0.124,8,4.5,1
2024-02-15,Paris Baguette,Éclair,79000.0,0,0.063,8,4.2,0
2024-02-15,Paris Baguette,Croissant,49000.0,0,0.233,6,4.6,1
2024-02-15,Paris Baguette,Red Velvet Cake,350000.0,0,0.239,8,3.7,1
2024-02-15,Tous Les Jours,Tiramisu,302000.0,0,0.196,20,3.5,1
2024-02-15,Tous Les Jours,Cheesecake,258000.0,0,0.08,10,4.5,1
2024-02-15,Tous Les Jours,Macaron,53000.0,0,0.105,24,4.8,1
2024-02-15,Tous Les Jours,Éclair,81000.0,0,0.218,12,4.7,1
2024-02-15,Tous Les Jours,Croissant,47000.0,0,0.168,13,4.4,1
2024-02-15,Tous Les Jours,Red Velvet Cake,325000.0,0,0.056,19,4.5,0
2024-02-15,ABC Bakery,Tiramisu,257000.0,0,0.15,23,4.1,1
2024-02-15,ABC Bakery,Cheesecake,209000.0,0,0.072,13,3.5,1
2024-02-15,ABC Bakery,Macaron,43000.0,0,0.077,6,3.6,1
2024-02-15,ABC Bakery,Éclair,63000.0,0,0.214,19,4.6,1
2024-02-15,ABC Bakery,Croissant,38000.0,0,0.082,17,3.8,0
2024-02-15,ABC Bakery,Red Velvet Cake,275000.0,0,0.131,8,3.6,1
2024-02-15,Givral,Tiramisu,232000.0,0,0.12,18,3.5,0
2024-02-15,Givral,Cheesecake,209000.0,0,0.166,20,3.7,1
2024-02-15,Givral,Macaron,41000.0,0,0.108,14,4.5,0
2024-02-15,Givral,Éclair,56000.0,0,0.05,15,4.4,1
2024-02-15,Givral,Croissant,30000.0,1,0.231,22,4.8,0
2024-02-15,Givral,Red Velvet Cake,238000.0,1,0.176,3,4.3,1
2024-02-15,Local Bakery A,Tiramisu,218000.0,0,0.14,19,4.0,1
2024-02-15,Local Bakery A,Cheesecake,188000.0,0,0.146,22,3.9,0
2024-02-15,Local Bakery A,Macaron,41000.0,0,0.248,11,4.6,1
2024-02-15,Local Bakery A,Éclair,57000.0,0,0.143,24,3.5,0
2024-02-15,Local Bakery A,Croissant,35000.0,0,0.058,18,4.5,1
2024-02-15,Local Bakery A,Red Velvet Cake,254000.0,0,0.208,11,3.9,0
2024-02-15,Supermarket Chain,Tiramisu,177000.0,0,0.078,4,4.8,1
2024-02-15,Supermarket Chain,Cheesecake,155000.0,0,0.076,3,4.1,0
2024-02-15,Supermarket Chain,Macaron,30000.0,0,0.238,1,4.6,0
2024-02-15,Supermarket Chain,Éclair,44000.0,0,0.116,15,4.7,1
2024-02-15,Supermarket Chain,Croissant,27000.0,0,0.18,20,4.3,0
2024-02-15,Supermarket Chain,Red Velvet Cake,154000.0,1,0.14,10,4.2,1
2024-02-16,Paris Baguette,Tiramisu,312000.0,0,0.061,16,3.7,1
2024-02-16,Paris Baguette,Cheesecake,255000.0,0,0.15,12,3.7,1
2024-02-16,Paris Baguette,Macaron,54000.0,0,0.145,10,4.5,0
2024-02-16,Paris Baguette,Éclair,79000.0,0,0.247,16,3.8,0
2024-02-16,Paris Baguette,Croissant,40000.0,1,0.157,20,4.2,1
2024-02-16,Paris Baguette,Red Velvet Cake,350000.0,0,0.105,15,4.2,0
2024-02-16,Tous Les Jours,Tiramisu,296000.0,0,0.186,22,4.2,0
2024-02-16,Tous Les Jours,Cheesecake,259000.0,0,0.177,23,4.4,0
2024-02-16,Tous Les Jours,Macaron,54000.0,0,0.125,18,4.8,0
2024-02-16,Tous Les Jours,Éclair,71000.0,0,0.166,5,4.4,1
2024-02-16,Tous Les Jours,Croissant,47000.0,0,0.187,17,3.9,0
2024-02-16,Tous Les Jours,Red Velvet Cake,331000.0,0,0.078,15,4.7,0
2024-02-16,ABC Bakery,Tiramisu,261000.0,0,0.229,3,4.3,0
2024-02-16,ABC Bakery,Cheesecake,215000.0,0,0.177,8,3.7,0
2024-02-16,ABC Bakery,Macaron,37000.0,1,0.2,23,4.2,1
2024-02-16,ABC Bakery,Éclair,64000.0,0,0.117,24,3.9,1
2024-02-16,ABC Bakery,Croissant,37000.0,0,0.108,3,3.9,1
2024-02-16,ABC Bakery,Red Velvet Cake,274000.0,0,0.161,18,4.4,1
2024-02-16,Givral,Tiramisu,237000.0,0,0.111,12,3.6,1
2024-02-16,Givral,Cheesecake,172000.0,1,0.118,15,3.9,1
2024-02-16,Givral,Macaron,41000.0,0,0.157,17,4.8,1
2024-02-16,Givral,Éclair,58000.0,0,0.077,20,3.5,1
2024-02-16,Givral,Croissant,38000.0,0,0.237,13,4.2,1
2024-02-16,Givral,Red Velvet Cake,256000.0,0,0.126,5,3.7,1
2024-02-16,Local Bakery A,Tiramisu,231000.0,0,0.238,16,4.7,1
2024-02-16,Local Bakery A,Cheesecake,192000.0,0,0.053,3,3.7,1
2024-02-16,Local Bakery A,Macaron,41000.0,0,0.147,10,4.3,0
2024-02-16,Local Bakery A,Éclair,55000.0,0,0.23,21,4.5,1
2024-02-16,Local Bakery A,Croissant,34000.0,0,0.065,16,4.1,1
2024-02-16,Local Bakery A,Red Velvet Cake,248000.0,0,0.09,13,4.8,1
2024-02-16,Supermarket Chain,Tiramisu,172000.0,0,0.067,7,4.5,1
2024-02-16,Supermarket Chain,Cheesecake,148000.0,0,0.222,15,3.6,1
2024-02-16,Supermarket Chain,Macaron,31000.0,0,0.16,16,4.2,0
2024-02-16,Supermarket Chain,Éclair,44000.0,0,0.051,10,3.5,1
2024-02-16,Supermarket Chain,Croissant,27000.0,0,0.11,1,4.6,1
2024-02-16,Supermarket Chain,Red Velvet Cake,195000.0,0,0.121,17,4.4,1
2024-02-17,Paris Baguette,Tiramisu,337000.0,0,0.064,11,4.7,1
2024-02-17,Paris Baguette,Cheesecake,263000.0,0,0.069,24,4.5,1
2024-02-17,Paris Baguette,Macaron,57000.0,0,0.083,7,4.8,0
2024-02-17,Paris Baguette,Éclair,84000.0,0,0.134,2,3.9,1
2024-02-17,Paris Baguette,Croissant,50000.0,0,0.186,20,4.2,1
2024-02-17,Paris Baguette,Red Velvet Cake,384000.0,0,0.073,2,3.6,1
2024-02-17,Tous Les Jours,Tiramisu,332000.0,0,0.08,8,3.8,1
2024-02-17,Tous Les Jours,Cheesecake,269000.0,0,0.138,21,4.7,1
2024-02-17,Tous Les Jours,Macaron,56000.0,0,0.136,23,4.5,1
2024-02-17,Tous Les Jours,Éclair,85000.0,0,0.085,17,4.0,1
2024-02-17,Tous Les Jours,Croissant,44000.0,0,0.194,7,4.8,1
2024-02-17,Tous Les Jours,Red Velvet Cake,355000.0,0,0.063,9,4.5,0
2024-02-17,ABC Bakery,Tiramisu,267000.0,0,0.213,1,3.5,1
2024-02-17,ABC Bakery,Cheesecake,233000.0,0,0.067,6,4.8,0
2024-02-17,ABC Bakery,Macaron,45000.0,0,0.188,4,4.2,1
2024-02-17,ABC Bakery,Éclair,69000.0,0,0.217,1,4.6,1
2024-02-17,ABC Bakery,Croissant,40000.0,0,0.131,1,4.6,1
2024-02-17,ABC Bakery,Red Velvet Cake,284000.0,0,0.112,4,3.8,1
2024-02-17,Givral,Tiramisu,243000.0,0,0.131,1,3.7,1
2024-02-17,Givral,Cheesecake,218000.0,0,0.22,9,3.9,1
2024-02-17,Givral,Macaron,43000.0,0,0.18,14,4.7,1
2024-02-17,Givral,Éclair,51000.0,1,0.216,10,3.9,0
2024-02-17,Givral,Croissant,39000.0,0,0.155,23,3.8,1
2024-02-17,Givral,Red Velvet Cake,276000.0,0,0.061,16,4.7,1
2024-02-17,Local Bakery A,Tiramisu,229000.0,0,0.093,10,3.6,1
2024-02-17,Local Bakery A,Cheesecake,207000.0,0,0.182,8,4.3,1
2024-02-17,Local Bakery A,Macaron,43000.0,0,0.132,22,3.8,1
2024-02-17,Local Bakery A,Éclair,60000.0,0,0.102,17,3.5,1
2024-02-17,Local Bakery A,Croissant,33000.0,1,0.219,12,4.0,1
2024-02-17,Local Bakery A,Red Velvet Cake,213000.0,1,0.22,2,3.8,1
2024-02-17,Supermarket Chain,Tiramisu,187000.0,0,0.228,4,4.0,1
2024-02-17,Supermarket Chain,Cheesecake,151000.0,0,0.237,19,4.6,0
2024-02-17,Supermarket Chain,Macaron,31000.0,0,0.235,15,4.2,1
2024-02-17,Supermarket Chain,Éclair,44000.0,0,0.207,9,3.8,1
2024-02-17,Supermarket Chain,Croissant,28000.0,0,0.152,3,4.8,1
2024-02-17,Supermarket Chain,Red Velvet Cake,200000.0,0,0.142,2,4.5,1
2024-02-18,Paris Baguette,Tiramisu,309000.0,0,0.129,4,4.1,1
2024-02-18,Paris Baguette,Cheesecake,265000.0,0,0.138,12,4.6,0
2024-02-18,Paris Baguette,Macaron,52000.0,0,0.074,22,4.1,1
2024-02-18,Paris Baguette,Éclair,73000.0,0,0.107,14,4.4,0
2024-02-18,Paris Baguette,Croissant,46000.0,0,0.214,15,3.6,0
2024-02-18,Paris Baguette,Red Velvet Cake,337000.0,0,0.2,1,4.6,1
2024-02-18,Tous Les Jours,Tiramisu,285000.0,0,0.229,5,4.6,0
2024-02-18,Tous Les Jours,Cheesecake,241000.0,0,0.197,19,4.7,0
2024-02-18,Tous Les Jours,Macaron,51000.0,0,0.146,19,4.4,0
2024-02-18,Tous Les Jours,Éclair,74000.0,0,0.118,17,3.5,1
2024-02-18,Tous Les Jours,Croissant,44000.0,0,0.105,9,4.4,1
2024-02-18,Tous Les Jours,Red Velvet Cake,334000.0,0,0.145,11,4.7,1
2024-02-18,ABC Bakery,Tiramisu,254000.0,0,0.233,14,4.1,1
2024-02-18,ABC Bakery,Cheesecake,205000.0,0,0.238,4,4.3,0
2024-02-18,ABC Bakery,Macaron,43000.0,0,0.174,12,4.8,1
2024-02-18,ABC Bakery,Éclair,61000.0,0,0.224,3,3.6,1
2024-02-18,ABC Bakery,Croissant,36000.0,0,0.105,15,4.7,1
2024-02-18,ABC Bakery,Red Velvet Cake,265000.0,0,0.203,23,4.1,0
2024-02-18,Givral,Tiramisu,229000.0,0,0.247,18,4.7,1
2024-02-18,Givral,Cheesecake,200000.0,0,0.242,3,3.6,1
2024-02-18,Givral,Macaron,36000.0,1,0.215,14,4.5,0
2024-02-18,Givral,Éclair,56000.0,0,0.101,5,4.4,1
2024-02-18,Givral,Croissant,34000.0,0,0.211,4,4.6,1
2024-02-18,Givral,Red Velvet Cake,259000.0,0,0.195,9,4.3,0
2024-02-18,Local Bakery A,Tiramisu,229000.0,0,0.085,2,4.7,1
2024-02-18,Local Bakery A,Cheesecake,179000.0,0,0.096,23,4.0,1
2024-02-18,Local Bakery A,Macaron,40000.0,0,0.232,21,4.1,0
2024-02-18,Local Bakery A,Éclair,53000.0,0,0.232,10,4.5,1
2024-02-18,Local Bakery A,Croissant,32000.0,0,0.112,20,3.7,1
2024-02-18,Local Bakery A,Red Velvet Cake,172000.0,1,0.077,6,4.4,1
2024-02-18,Supermarket Chain,Tiramisu,175000.0,0,0.17,13,4.2,1
2024-02-18,Supermarket Chain,Cheesecake,122000.0,1,0.145,6,3.5,1
2024-02-18,Supermarket Chain,Macaron,31000.0,0,0.205,3,4.5,1
2024-02-18,Supermarket Chain,Éclair,42000.0,0,0.228,6,4.0,1
2024-02-18,Supermarket Chain,Croissant,25000.0,0,0.234,21,3.9,1
2024-02-18,Supermarket Chain,Red Velvet Cake,153000.0,1,0.231,9,4.5,0
2024-02-19,Paris Baguette,Tiramisu,284000.0,0,0.139,6,4.2,1
2024-02-19,Paris Baguette,Cheesecake,252000.0,0,0.228,3,3.7,1
2024-02-19,Paris Baguette,Macaron,49000.0,0,0.179,17,3.6,1
2024-02-19,Paris Baguette,Éclair,66000.0,0,0.054,10,4.8,1
2024-02-19,Paris Baguette,Croissant,41000.0,0,0.069,1,4.0,1
2024-02-19,Paris Baguette,Red Velvet Cake,307000.0,0,0.135,11,4.4,1
2024-02-19,Tous Les Jours,Tiramisu,277000.0,0,0.175,1,4.3,0
2024-02-19,Tous Les Jours,Cheesecake,242000.0,0,0.216,7,4.2,1
2024-02-19,Tous Les Jours,Macaron,47000.0,0,0.182,13,4.2,1
2024-02-19,Tous Les Jours,Éclair,71000.0,0,0.173,22,4.1,0
2024-02-19,Tous Les Jours,Croissant,41000.0,0,0.183,23,4.3,1
2024-02-19,Tous Les Jours,Red Velvet Cake,297000.0,0,0.235,20,4.5,1
2024-02-19,ABC Bakery,Tiramisu,222000.0,0,0.122,15,3.6,1
2024-02-19,ABC Bakery,Cheesecake,201000.0,0,0.225,12,3.6,1
2024-02-19,ABC Bakery,Macaron,40000.0,0,0.185,11,3.6,1
2024-02-19,ABC Bakery,Éclair,57000.0,0,0.074,18,4.4,1
2024-02-19,ABC Bakery,Croissant,27000.0,1,0.162,14,3.9,1
2024-02-19,ABC Bakery,Red Velvet Cake,245000.0,0,0.107,7,4.7,1
2024-02-19,Givral,Tiramisu,230000.0,0,0.154,4,4.3,1
2024-02-19,Givral,Cheesecake,181000.0,0,0.133,1,4.3,1
2024-02-19,Givral,Macaron,29000.0,1,0.173,4,3.7,1
2024-02-19,Givral,Éclair,49000.0,1,0.115,24,3.9,1
2024-02-19,Givral,Croissant,33000.0,0,0.127,13,4.6,0
2024-02-19,Givral,Red Velvet Cake,229000.0,0,0.107,8,3.5,1
2024-02-19,Local Bakery A,Tiramisu,207000.0,0,0.189,7,3.7,1
2024-02-19,Local Bakery A,Cheesecake,145000.0,1,0.235,2,4.4,0
2024-02-19,Local Bakery A,Macaron,37000.0,0,0.232,15,4.4,1
2024-02-19,Local Bakery A,Éclair,53000.0,0,0.072,15,3.8,1
2024-02-19,Local Bakery A,Croissant,29000.0,0,0.078,2,4.0,0
2024-02-19,Local Bakery A,Red Velvet Cake,222000.0,0,0.154,13,3.6,0
2024-02-19,Supermarket Chain,Tiramisu,169000.0,0,0.092,16,4.7,1
2024-02-19,Supermarket Chain,Cheesecake,130000.0,0,0.122,8,4.4,0
2024-02-19,Supermarket Chain,Macaron,29000.0,0,0.104,1,4.7,1
2024-02-19,Supermarket Chain,Éclair,40000.0,0,0.162,15,3.8,1
2024-02-19,Supermarket Chain,Croissant,19000.0,1,0.06,21,4.0,1
2024-02-19,Supermarket Chain,Red Velvet Cake,185000.0,0,0.124,8,4.6,1
2024-02-20,Paris Baguette,Tiramisu,287000.0,0,0.151,11,3.6,1
2024-02-20,Paris Baguette,Cheesecake,239000.0,0,0.187,14,4.5,0
2024-02-20,Paris Baguette,Macaron,51000.0,0,0.069,1,4.7,0
2024-02-20,Paris Baguette,Éclair,56000.0,1,0.144,6,4.3,0
2024-02-20,Paris Baguette,Croissant,41000.0,0,0.17,22,4.7,1
2024-02-20,Paris Baguette,Red Velvet Cake,327000.0,0,0.115,4,4.7,0
2024-02-20,Tous Les Jours,Tiramisu,272000.0,0,0.106,14,3.9,0
2024-02-20,Tous Les Jours,Cheesecake,238000.0,0,0.1,4,4.5,1
2024-02-20,Tous Les Jours,Macaron,48000.0,0,0.057,7,4.5,1
2024-02-20,Tous Les Jours,Éclair,48000.0,1,0.129,13,4.4,1
2024-02-20,Tous Les Jours,Croissant,41000.0,0,0.06,17,4.5,1
2024-02-20,Tous Les Jours,Red Velvet Cake,309000.0,0,0.095,1,4.4,1
2024-02-20,ABC Bakery,Tiramisu,226000.0,0,0.084,20,4.7,0
2024-02-20,ABC Bakery,Cheesecake,133000.0,1,0.102,19,3.8,1
2024-02-20,ABC Bakery,Macaron,39000.0,0,0.107,2,4.6,0
2024-02-20,ABC Bakery,Éclair,42000.0,1,0.249,10,4.1,1
2024-02-20,ABC Bakery,Croissant,25000.0,1,0.097,4,3.6,0
2024-02-20,ABC Bakery,Red Velvet Cake,254000.0,0,0.218,15,4.0,1
2024-02-20,Givral,Tiramisu,210000.0,0,0.159,12,3.8,1
2024-02-20,Givral,Cheesecake,183000.0,0,0.161,23,3.6,1
2024-02-20,Givral,Macaron,39000.0,0,0.06,3,3.9,0
2024-02-20,Givral,Éclair,55000.0,0,0.07,4,4.1,1
2024-02-20,Givral,Croissant,32000.0,0,0.111,12,3.7,1
2024-02-20,Givral,Red Velvet Cake,224000.0,0,0.073,20,3.8,0
2024-02-20,Local Bakery A,Tiramisu,218000.0,0,0.162,3,3.7,1
2024-02-20,Local Bakery A,Cheesecake,175000.0,0,0.103,5,4.2,0
2024-02-20,Local Bakery A,Macaron,36000.0,0,0.221,8,4.0,1
2024-02-20,Local Bakery A,Éclair,53000.0,0,0.097,1,3.9,1
2024-02-20,Local Bakery A,Croissant,32000.0,0,0.084,14,4.2,1
2024-02-20,Local Bakery A,Red Velvet Cake,225000.0,0,0.071,23,3.8,1
2024-02-20,Supermarket Chain,Tiramisu,156000.0,0,0.244,20,4.4,1
2024-02-20,Supermarket Chain,Cheesecake,140000.0,0,0.229,3,3.7,0
2024-02-20,Supermarket Chain,Macaron,27000.0,0,0.147,13,4.4,0
2024-02-20,Supermarket Chain,Éclair,41000.0,0,0.163,20,4.4,1
2024-02-20,Supermarket Chain,Croissant,24000.0,0,0.224,23,4.3,0
2024-02-20,Supermarket Chain,Red Velvet Cake,129000.0,1,0.133,1,4.1,1
2024-02-21,Paris Baguette,Tiramisu,287000.0,0,0.152,2,4.4,1
2024-02-21,Paris Baguette,Cheesecake,248000.0,0,0.09,3,4.6,1
2024-02-21,Paris Baguette,Macaron,51000.0,0,0.111,24,4.7,1
2024-02-21,Paris Baguette,Éclair,70000.0,0,0.084,4,4.7,1
2024-02-21,Paris Baguette,Croissant,41000.0,0,0.222,23,3.5,0
2024-02-21,Paris Baguette,Red Velvet Cake,311000.0,0,0.061,23,4.3,1
2024-02-21,Tous Les Jours,Tiramisu,263000.0,0,0.132,18,4.0,1
2024-02-21,Tous Les Jours,Cheesecake,243000.0,0,0.055,12,3.7,1
2024-02-21,Tous Les Jours,Macaron,47000.0,0,0.082,22,4.3,1
2024-02-21,Tous Les Jours,Éclair,69000.0,0,0.154,9,4.4,1
2024-02-21,Tous Les Jours,Croissant,41000.0,0,0.076,8,3.7,1
2024-02-21,Tous Les Jours,Red Velvet Cake,307000.0,0,0.191,21,3.6,1
2024-02-21,ABC Bakery,Tiramisu,223000.0,0,0.101,20,4.0,1
2024-02-21,ABC Bakery,Cheesecake,197000.0,0,0.235,2,4.7,1
2024-02-21,ABC Bakery,Macaron,40000.0,0,0.056,3,4.6,1
2024-02-21,ABC Bakery,Éclair,58000.0,0,0.233,14,4.3,0
2024-02-21,ABC Bakery,Croissant,30000.0,1,0.199,1,3.6,1
2024-02-21,ABC Bakery,Red Velvet Cake,260000.0,0,0.059,11,4.6,1
2024-02-21,Givral,Tiramisu,214000.0,0,0.213,8,3.8,1
2024-02-21,Givral,Cheesecake,185000.0,0,0.217,17,4.1,1
2024-02-21,Givral,Macaron,28000.0,1,0.216,14,4.6,1
2024-02-21,Givral,Éclair,52000.0,0,0.061,23,4.5,1
2024-02-21,Givral,Croissant,31000.0,0,0.085,7,4.6,0
2024-02-21,Givral,Red Velvet Cake,199000.0,1,0.149,11,4.2,1
2024-02-21,Local Bakery A,Tiramisu,200000.0,0,0.091,24,4.1,0
2024-02-21,Local Bakery A,Cheesecake,145000.0,1,0.135,6,4.3,1
2024-02-21,Local Bakery A,Macaron,39000.0,0,0.128,19,4.8,1
2024-02-21,Local Bakery A,Éclair,53000.0,0,0.066,2,4.6,0
2024-02-21,Local Bakery A,Croissant,31000.0,0,0.234,13,4.4,1
2024-02-21,Local Bakery A,Red Velvet Cake,188000.0,1,0.103,9,4.8,1
2024-02-21,Supermarket Chain,Tiramisu,152000.0,0,0.199,8,4.1,0
2024-02-21,Supermarket Chain,Cheesecake,135000.0,0,0.083,1,4.5,1
2024-02-21,Supermarket Chain,Macaron,28000.0,0,0.065,6,4.0,1
2024-02-21,Supermarket Chain,Éclair,42000.0,0,0.223,5,4.2,0
2024-02-21,Supermarket Chain,Croissant,23000.0,0,0.116,4,3.7,0
2024-02-21,Supermarket Chain,Red Velvet Cake,149000.0,1,0.167,14,3.9,1
2024-02-22,Paris Baguette,Tiramisu,299000.0,0,0.176,23,3.9,0
2024-02-22,Paris Baguette,Cheesecake,245000.0,0,0.201,9,3.7,1
2024-02-22,Paris Baguette,Macaron,51000.0,0,0.075,7,3.7,1
2024-02-22,Paris Baguette,Éclair,75000.0,0,0.124,11,4.0,0
2024-02-22,Paris Baguette,Croissant,31000.0,1,0.073,19,3.9,1
2024-02-22,Paris Baguette,Red Velvet Cake,305000.0,0,0.128,24,4.2,0
2024-02-22,Tous Les Jours,Tiramisu,291000.0,0,0.146,14,3.8,1
2024-02-22,Tous Les Jours,Cheesecake,216000.0,0,0.21,11,4.4,1
2024-02-22,Tous Les Jours,Macaron,50000.0,0,0.121,22,4.1,1
2024-02-22,Tous Les Jours,Éclair,69000.0,0,0.053,8,4.5,0
2024-02-22,Tous Les Jours,Croissant,42000.0,0,0.085,6,4.2,1
2024-02-22,Tous Les Jours,Red Velvet Cake,319000.0,0,0.234,20,3.7,1
2024-02-22,ABC Bakery,Tiramisu,242000.0,0,0.234,21,4.2,0
2024-02-22,ABC Bakery,Cheesecake,186000.0,0,0.225,17,3.6,1
2024-02-22,ABC Bakery,Macaron,41000.0,0,0.101,23,3.7,1
2024-02-22,ABC Bakery,Éclair,56000.0,0,0.1,9,4.8,1
2024-02-22,ABC Bakery,Croissant,35000.0,0,0.088,22,3.7,0
2024-02-22,ABC Bakery,Red Velvet Cake,250000.0,0,0.229,8,4.3,0
2024-02-22,Givral,Tiramisu,218000.0,0,0.147,8,3.7,1
2024-02-22,Givral,Cheesecake,154000.0,1,0.081,24,4.1,1
2024-02-22,Givral,Macaron,39000.0,0,0.144,15,4.3,0
2024-02-22,Givral,Éclair,54000.0,0,0.195,14,4.1,1
2024-02-22,Givral,Croissant,32000.0,0,0.162,24,4.1,1
2024-02-22,Givral,Red Velvet Cake,242000.0,0,0.238,1,4.4,1
2024-02-22,Local Bakery A,Tiramisu,210000.0,0,0.06,12,3.7,1
2024-02-22,Local Bakery A,Cheesecake,182000.0,0,0.168,3,4.0,1
2024-02-22,Local Bakery A,Macaron,35000.0,0,0.222,2,4.0,1
2024-02-22,Local Bakery A,Éclair,51000.0,0,0.192,23,4.1,1
2024-02-22,Local Bakery A,Croissant,32000.0,0,0.131,13,4.3,1
2024-02-22,Local Bakery A,Red Velvet Cake,211000.0,0,0.205,23,4.6,0
2024-02-22,Supermarket Chain,Tiramisu,163000.0,0,0.218,16,4.4,1
2024-02-22,Supermarket Chain,Cheesecake,137000.0,0,0.105,17,4.2,1
2024-02-22,Supermarket Chain,Macaron,29000.0,0,0.162,8,4.5,1
2024-02-22,Supermarket Chain,Éclair,41000.0,0,0.097,2,4.2,1
2024-02-22,Supermarket Chain,Croissant,23000.0,0,0.238,19,3.9,1
2024-02-22,Supermarket Chain,Red Velvet Cake,179000.0,0,0.071,19,4.7,1
2024-02-23,Paris Baguette,Tiramisu,278000.0,0,0.243,4,3.9,1
2024-02-23,Paris Baguette,Cheesecake,246000.0,0,0.131,3,4.7,1
2024-02-23,Paris Baguette,Macaron,39000.0,1,0.121,13,4.6,1
2024-02-23,Paris Baguette,Éclair,73000.0,0,0.096,18,4.6,1
2024-02-23,Paris Baguette,Croissant,43000.0,0,0.05,9,4.3,1
2024-02-23,Paris Baguette,Red Velvet Cake,306000.0,0,0.151,8,3.5,1
2024-02-23,Tous Les Jours,Tiramisu,278000.0,0,0.164,4,4.5,0
2024-02-23,Tous Les Jours,Cheesecake,225000.0,0,0.177,3,3.8,1
2024-02-23,Tous Les Jours,Macaron,39000.0,1,0.117,14,4.4,1
2024-02-23,Tous Les Jours,Éclair,66000.0,0,0.122,14,3.8,0
2024-02-23,Tous Les Jours,Croissant,42000.0,0,0.094,10,3.6,1
2024-02-23,Tous Les Jours,Red Velvet Cake,307000.0,0,0.098,17,4.5,1
2024-02-23,ABC Bakery,Tiramisu,228000.0,0,0.108,17,4.5,0
2024-02-23,ABC Bakery,Cheesecake,199000.0,0,0.217,3,4.4,0
2024-02-23,ABC Bakery,Macaron,39000.0,0,0.168,4,4.5,1
2024-02-23,ABC Bakery,Éclair,56000.0,0,0.171,9,3.7,1
2024-02-23,ABC Bakery,Croissant,31000.0,1,0.226,24,4.5,1
2024-02-23,ABC Bakery,Red Velvet Cake,251000.0,0,0.139,4,3.7,1
2024-02-23,Givral,Tiramisu,221000.0,0,0.151,4,3.9,1
2024-02-23,Givral,Cheesecake,181000.0,0,0.118,3,4.0,1
2024-02-23,Givral,Macaron,36000.0,0,0.202,5,3.7,0
2024-02-23,Givral,Éclair,53000.0,0,0.105,22,4.5,1
2024-02-23,Givral,Croissant,32000.0,0,0.072,21,3.8,1
2024-02-23,Givral,Red Velvet Cake,231000.0,0,0.154,9,3.7,0
2024-02-23,Local Bakery A,Tiramisu,206000.0,0,0.109,4,4.6,0
2024-02-23,Local Bakery A,Cheesecake,167000.0,0,0.243,8,3.6,0
2024-02-23,Local Bakery A,Macaron,36000.0,0,0.066,24,4.0,1
2024-02-23,Local Bakery A,Éclair,54000.0,0,0.119,17,3.5,1
2024-02-23,Local Bakery A,Croissant,31000.0,0,0.065,24,4.6,1
2024-02-23,Local Bakery A,Red Velvet Cake,235000.0,0,0.184,20,4.5,1
2024-02-23,Supermarket Chain,Tiramisu,160000.0,0,0.161,21,3.7,0
2024-02-23,Supermarket Chain,Cheesecake,142000.0,0,0.177,11,3.5,1
2024-02-23,Supermarket Chain,Macaron,27000.0,0,0.175,11,4.7,1
2024-02-23,Supermarket Chain,Éclair,37000.0,0,0.061,12,3.5,1
2024-02-23,Supermarket Chain,Croissant,18000.0,1,0.157,12,3.7,1
2024-02-23,Supermarket Chain,Red Velvet Cake,175000.0,0,0.141,13,4.2,0
2024-02-24,Paris Baguette,Tiramisu,295000.0,0,0.11,16,4.7,1
2024-02-24,Paris Baguette,Cheesecake,252000.0,0,0.247,7,4.0,1
2024-02-24,Paris Baguette,Macaron,51000.0,0,0.161,6,3.6,0
2024-02-24,Paris Baguette,Éclair,77000.0,0,0.143,19,4.3,0
2024-02-24,Paris Baguette,Croissant,46000.0,0,0.177,1,4.6,1
2024-02-24,Paris Baguette,Red Velvet Cake,333000.0,0,0.204,10,4.3,0
2024-02-24,Tous Les Jours,Tiramisu,290000.0,0,0.232,17,4.1,0
2024-02-24,Tous Les Jours,Cheesecake,242000.0,0,0.168,2,4.3,1
2024-02-24,Tous Les Jours,Macaron,48000.0,0,0.14,12,4.7,1
2024-02-24,Tous Les Jours,Éclair,72000.0,0,0.057,16,4.6,0
2024-02-24,Tous Les Jours,Croissant,44000.0,0,0.247,9,4.4,1
2024-02-24,Tous Les Jours,Red Velvet Cake,324000.0,0,0.16,8,4.6,1
2024-02-24,ABC Bakery,Tiramisu,204000.0,1,0.106,8,4.8,1
2024-02-24,ABC Bakery,Cheesecake,203000.0,0,0.067,4,4.2,1
2024-02-24,ABC Bakery,Macaron,41000.0,0,0.185,2,4.0,1
2024-02-24,ABC Bakery,Éclair,59000.0,0,0.187,17,4.3,1
2024-02-24,ABC Bakery,Croissant,38000.0,0,0.184,5,4.2,1
2024-02-24,ABC Bakery,Red Velvet Cake,271000.0,0,0.181,21,4.0,1
2024-02-24,Givral,Tiramisu,227000.0,0,0.068,10,4.2,1
2024-02-24,Givral,Cheesecake,180000.0,0,0.214,7,4.2,1
2024-02-24,Givral,Macaron,41000.0,0,0.238,11,4.1,1
2024-02-24,Givral,Éclair,59000.0,0,0.167,22,3.7,1
2024-02-24,Givral,Croissant,35000.0,0,0.194,7,4.7,1
2024-02-24,Givral,Red Velvet Cake,244000.0,0,0.155,4,4.0,1
2024-02-24,Local Bakery A,Tiramisu,230000.0,0,0.09,7,4.4,1
2024-02-24,Local Bakery A,Cheesecake,184000.0,0,0.109,15,4.7,0
2024-02-24,Local Bakery A,Macaron,38000.0,0,0.211,17,4.2,1
2024-02-24,Local Bakery A,Éclair,55000.0,0,0.217,13,4.7,1
2024-02-24,Local Bakery A,Croissant,34000.0,0,0.213,4,4.4,1
2024-02-24,Local Bakery A,Red Velvet Cake,249000.0,0,0.101,10,4.1,1
2024-02-24,Supermarket Chain,Tiramisu,124000.0,1,0.129,18,4.1,0
2024-02-24,Supermarket Chain,Cheesecake,142000.0,0,0.216,24,3.7,1
2024-02-24,Supermarket Chain,Macaron,29000.0,0,0.138,1,4.8,1
2024-02-24,Supermarket Chain,Éclair,43000.0,0,0.066,11,4.5,1
2024-02-24,Supermarket Chain,Croissant,25000.0,0,0.051,18,3.6,1
2024-02-24,Supermarket Chain,Red Velvet Cake,189000.0,0,0.159,3,4.7,1
2024-02-25,Paris Baguette,Tiramisu,295000.0,0,0.204,20,4.4,1
2024-02-25,Paris Baguette,Cheesecake,262000.0,0,0.068,8,4.4,1
2024-02-25,Paris Baguette,Macaron,53000.0,0,0.11,9,3.8,1
2024-02-25,Paris Baguette,Éclair,73000.0,0,0.239,13,4.7,1
2024-02-25,Paris Baguette,Croissant,48000.0,0,0.166,9,3.8,0
2024-02-25,Paris Baguette,Red Velvet Cake,330000.0,0,0.143,21,4.2,1
2024-02-25,Tous Les Jours,Tiramisu,275000.0,0,0.217,10,3.5,1
2024-02-25,Tous Les Jours,Cheesecake,248000.0,0,0.159,3,4.7,1
2024-02-25,Tous Les Jours,Macaron,42000.0,1,0.225,2,4.0,0
2024-02-25,Tous Les Jours,Éclair,71000.0,0,0.096,8,4.7,1
2024-02-25,Tous Les Jours,Croissant,44000.0,0,0.072,18,4.7,1
2024-02-25,Tous Les Jours,Red Velvet Cake,332000.0,0,0.198,3,4.6,1
2024-02-25,ABC Bakery,Tiramisu,237000.0,0,0.118,12,3.7,0
2024-02-25,ABC Bakery,Cheesecake,204000.0,0,0.142,24,4.7,1
2024-02-25,ABC Bakery,Macaron,43000.0,0,0.067,15,4.7,0
2024-02-25,ABC Bakery,Éclair,59000.0,0,0.163,24,4.2,1
2024-02-25,ABC Bakery,Croissant,37000.0,0,0.232,6,3.7,1
2024-02-25,ABC Bakery,Red Velvet Cake,214000.0,1,0.067,14,3.6,0
2024-02-25,Givral,Tiramisu,227000.0,0,0.243,15,3.7,1
2024-02-25,Givral,Cheesecake,153000.0,1,0.248,3,4.2,1
2024-02-25,Givral,Macaron,38000.0,0,0.136,14,3.9,1
2024-02-25,Givral,Éclair,58000.0,0,0.175,20,4.8,1
2024-02-25,Givral,Croissant,34000.0,0,0.187,10,4.7,1
2024-02-25,Givral,Red Velvet Cake,264000.0,0,0.195,6,3.6,1
2024-02-25,Local Bakery A,Tiramisu,225000.0,0,0.158,8,4.5,0
2024-02-25,Local Bakery A,Cheesecake,184000.0,0,0.243,15,4.3,1
2024-02-25,Local Bakery A,Macaron,37000.0,0,0.066,20,4.3,0
2024-02-25,Local Bakery A,Éclair,55000.0,0,0.18,18,4.5,1
2024-02-25,Local Bakery A,Croissant,32000.0,0,0.239,21,4.0,1
2024-02-25,Local Bakery A,Red Velvet Cake,237000.0,0,0.174,10,4.8,1
2024-02-25,Supermarket Chain,Tiramisu,168000.0,0,0.149,24,4.7,0
2024-02-25,Supermarket Chain,Cheesecake,141000.0,0,0.131,20,4.6,1
2024-02-25,Supermarket Chain,Macaron,32000.0,0,0.162,14,4.1,0
2024-02-25,Supermarket Chain,Éclair,44000.0,0,0.242,4,3.9,1
2024-02-25,Supermarket Chain,Croissant,25000.0,0,0.06,13,4.4,1
2024-02-25,Supermarket Chain,Red Velvet Cake,193000.0,0,0.218,19,4.3,1
2024-02-26,Paris Baguette,Tiramisu,297000.0,0,0.157,17,3.7,0
2024-02-26,Paris Baguette,Cheesecake,248000.0,0,0.114,21,3.6,1
2024-02-26,Paris Baguette,Macaron,52000.0,0,0.153,20,4.4,0
2024-02-26,Paris Baguette,Éclair,71000.0,0,0.215,4,4.0,1
2024-02-26,Paris Baguette,Croissant,43000.0,0,0.204,16,4.5,1
2024-02-26,Paris Baguette,Red Velvet Cake,300000.0,0,0.052,3,4.0,1
2024-02-26,Tous Les Jours,Tiramisu,281000.0,0,0.224,13,3.9,0
2024-02-26,Tous Les Jours,Cheesecake,230000.0,0,0.098,14,3.7,0
2024-02-26,Tous Les Jours,Macaron,52000.0,0,0.061,3,4.4,0
2024-02-26,Tous Les Jours,Éclair,57000.0,1,0.235,13,4.0,1
2024-02-26,Tous Les Jours,Croissant,43000.0,0,0.168,9,4.0,1
2024-02-26,Tous Les Jours,Red Velvet Cake,297000.0,0,0.163,14,4.7,1
2024-02-26,ABC Bakery,Tiramisu,237000.0,0,0.122,19,3.7,1
2024-02-26,ABC Bakery,Cheesecake,187000.0,0,0.134,12,3.5,1
2024-02-26,ABC Bakery,Macaron,41000.0,0,0.23,23,3.6,0
2024-02-26,ABC Bakery,Éclair,57000.0,0,0.078,2,4.2,0
2024-02-26,ABC Bakery,Croissant,34000.0,0,0.244,15,4.1,1
2024-02-26,ABC Bakery,Red Velvet Cake,242000.0,0,0.123,18,4.5,0
2024-02-26,Givral,Tiramisu,211000.0,0,0.141,7,4.3,1
2024-02-26,Givral,Cheesecake,181000.0,0,0.091,19,4.4,1
2024-02-26,Givral,Macaron,39000.0,0,0.125,23,4.4,0
2024-02-26,Givral,Éclair,55000.0,0,0.077,24,4.7,1
2024-02-26,Givral,Croissant,32000.0,0,0.232,16,3.9,1
2024-02-26,Givral,Red Velvet Cake,186000.0,1,0.053,16,4.2,0
2024-02-26,Local Bakery A,Tiramisu,195000.0,0,0.063,2,3.6,0
2024-02-26,Local Bakery A,Cheesecake,156000.0,1,0.102,24,4.2,1
2024-02-26,Local Bakery A,Macaron,34000.0,0,0.207,5,4.0,1
2024-02-26,Local Bakery A,Éclair,51000.0,0,0.14,14,4.3,1
2024-02-26,Local Bakery A,Croissant,30000.0,0,0.188,5,4.2,1
2024-02-26,Local Bakery A,Red Velvet Cake,231000.0,0,0.109,3,4.7,1
2024-02-26,Supermarket Chain,Tiramisu,156000.0,0,0.126,7,4.0,1
2024-02-26,Supermarket Chain,Cheesecake,94000.0,1,0.111,2,4.0,0
2024-02-26,Supermarket Chain,Macaron,20000.0,1,0.127,6,4.6,1
2024-02-26,Supermarket Chain,Éclair,42000.0,0,0.062,9,3.9,0
2024-02-26,Supermarket Chain,Croissant,20000.0,1,0.169,22,4.6,1
2024-02-26,Supermarket Chain,Red Velvet Cake,138000.0,1,0.165,20,4.0,1
2024-02-27,Paris Baguette,Tiramisu,290000.0,0,0.213,5,4.2,0
2024-02-27,Paris Baguette,Cheesecake,176000.0,1,0.119,8,4.0,1
2024-02-27,Paris Baguette,Macaron,50000.0,0,0.107,9,3.9,1
2024-02-27,Paris Baguette,Éclair,73000.0,0,0.196,22,3.6,1
2024-02-27,Paris Baguette,Croissant,45000.0,0,0.172,9,3.6,1
2024-02-27,Paris Baguette,Red Velvet Cake,306000.0,0,0.103,1,4.6,1
2024-02-27,Tous Les Jours,Tiramisu,261000.0,0,0.202,14,4.3,0
2024-02-27,Tous Les Jours,Cheesecake,239000.0,0,0.213,2,3.5,1
2024-02-27,Tous Les Jours,Macaron,46000.0,0,0.061,10,4.1,1
2024-02-27,Tous Les Jours,Éclair,69000.0,0,0.1,14,4.3,1
2024-02-27,Tous Les Jours,Croissant,42000.0,0,0.194,20,3.6,0
2024-02-27,Tous Les Jours,Red Velvet Cake,282000.0,0,0.062,3,3.8,1
2024-02-27,ABC Bakery,Tiramisu,238000.0,0,0.058,19,3.8,1
2024-02-27,ABC Bakery,Cheesecake,203000.0,0,0.116,7,4.1,0
2024-02-27,ABC Bakery,Macaron,40000.0,0,0.208,23,4.4,0
2024-02-27,ABC Bakery,Éclair,55000.0,0,0.194,4,4.3,0
2024-02-27,ABC Bakery,Croissant,34000.0,0,0.239,16,4.1,1
2024-02-27,ABC Bakery,Red Velvet Cake,249000.0,0,0.25,21,4.1,1
2024-02-27,Givral,Tiramisu,223000.0,0,0.161,8,4.0,1
2024-02-27,Givral,Cheesecake,192000.0,0,0.126,13,3.7,1
2024-02-27,Givral,Macaron,38000.0,0,0.179,16,3.6,1
2024-02-27,Givral,Éclair,55000.0,0,0.055,11,4.1,0
2024-02-27,Givral,Croissant,26000.0,1,0.245,18,4.3,1
2024-02-27,Givral,Red Velvet Cake,240000.0,0,0.055,11,3.8,1
2024-02-27,Local Bakery A,Tiramisu,210000.0,0,0.052,8,3.9,1
2024-02-27,Local Bakery A,Cheesecake,174000.0,0,0.133,16,4.3,1
2024-02-27,Local Bakery A,Macaron,36000.0,0,0.084,20,3.6,1
2024-02-27,Local Bakery A,Éclair,52000.0,0,0.194,23,4.1,1
2024-02-27,Local Bakery A,Croissant,31000.0,0,0.217,20,4.1,1
2024-02-27,Local Bakery A,Red Velvet Cake,222000.0,0,0.146,22,4.6,1
2024-02-27,Supermarket Chain,Tiramisu,160000.0,0,0.202,6,4.0,1
2024-02-27,Supermarket Chain,Cheesecake,138000.0,0,0.146,14,3.8,1
2024-02-27,Supermarket Chain,Macaron,27000.0,0,0.162,3,3.6,0
2024-02-27,Supermarket Chain,Éclair,40000.0,0,0.226,5,3.7,1
2024-02-27,Supermarket Chain,Croissant,24000.0,0,0.195,12,4.6,1
2024-02-27,Supermarket Chain,Red Velvet Cake,178000.0,0,0.168,5,3.6,0
2024-02-28,Paris Baguette,Tiramisu,299000.0,0,0.203,21,4.1,1
2024-02-28,Paris Baguette,Cheesecake,234000.0,0,0.065,11,4.0,1
2024-02-28,Paris Baguette,Macaron,50000.0,0,0.106,17,4.2,0
2024-02-28,Paris Baguette,Éclair,62000.0,1,0.129,1,3.6,1
2024-02-28,Paris Baguette,Croissant,42000.0,0,0.056,24,4.1,0
2024-02-28,Paris Baguette,Red Velvet Cake,308000.0,0,0.231,12,3.7,1
2024-02-28,Tous Les Jours,Tiramisu,295000.0,0,0.172,11,4.0,1
2024-02-28,Tous Les Jours,Cheesecake,238000.0,0,0.177,12,4.6,1
2024-02-28,Tous Les Jours,Macaron,50000.0,0,0.107,24,4.7,0
2024-02-28,Tous Les Jours,Éclair,67000.0,0,0.176,14,4.8,0
2024-02-28,Tous Les Jours,Croissant,43000.0,0,0.078,6,4.1,1
2024-02-28,Tous Les Jours,Red Velvet Cake,308000.0,0,0.238,1,3.7,1
2024-02-28,ABC Bakery,Tiramisu,234000.0,0,0.117,7,3.9,1
2024-02-28,ABC Bakery,Cheesecake,188000.0,0,0.157,6,4.1,1
2024-02-28,ABC Bakery,Macaron,41000.0,0,0.225,13,4.8,1
2024-02-28,ABC Bakery,Éclair,61000.0,0,0.159,24,4.1,1
2024-02-28,ABC Bakery,Croissant,34000.0,0,0.206,4,4.4,1
2024-02-28,ABC Bakery,Red Velvet Cake,241000.0,0,0.114,13,4.0,0
2024-02-28,Givral,Tiramisu,216000.0,0,0.236,18,4.6,0
2024-02-28,Givral,Cheesecake,180000.0,0,0.165,1,4.6,1
2024-02-28,Givral,Macaron,39000.0,0,0.143,2,4.7,1
2024-02-28,Givral,Éclair,53000.0,0,0.244,13,4.2,1
2024-02-28,Givral,Croissant,33000.0,0,0.053,11,4.3,1
2024-02-28,Givral,Red Velvet Cake,243000.0,0,0.203,12,4.1,1
2024-02-28,Local Bakery A,Tiramisu,202000.0,0,0.238,13,4.3,1
2024-02-28,Local Bakery A,Cheesecake,177000.0,0,0.165,21,3.6,0
2024-02-28,Local Bakery A,Macaron,28000.0,1,0.085,10,4.4,1
2024-02-28,Local Bakery A,Éclair,50000.0,0,0.077,22,4.4,1
2024-02-28,Local Bakery A,Croissant,31000.0,0,0.127,1,3.8,1
2024-02-28,Local Bakery A,Red Velvet Cake,221000.0,0,0.232,13,4.5,0
2024-02-28,Supermarket Chain,Tiramisu,125000.0,1,0.162,20,3.6,1
2024-02-28,Supermarket Chain,Cheesecake,137000.0,0,0.218,19,3.9,1
2024-02-28,Supermarket Chain,Macaron,28000.0,0,0.081,12,3.7,0
2024-02-28,Supermarket Chain,Éclair,39000.0,0,0.164,17,4.5,1
2024-02-28,Supermarket Chain,Croissant,23000.0,0,0.115,3,3.9,1
2024-02-28,Supermarket Chain,Red Velvet Cake,152000.0,1,0.191,14,4.1,1
2024-02-29,Paris Baguette,Tiramisu,281000.0,0,0.1,2,3.9,1
2024-02-29,Paris Baguette,Cheesecake,243000.0,0,0.191,6,3.7,1
2024-02-29,Paris Baguette,Macaron,51000.0,0,0.25,12,3.7,1
2024-02-29,Paris Baguette,Éclair,71000.0,0,0.169,13,4.3,0
2024-02-29,Paris Baguette,Croissant,36000.0,1,0.137,18,4.1,1
2024-02-29,Paris Baguette,Red Velvet Cake,220000.0,1,0.108,4,4.0,1
2024-02-29,Tous Les Jours,Tiramisu,273000.0,0,0.179,12,4.2,1
2024-02-29,Tous Les Jours,Cheesecake,240000.0,0,0.063,7,4.5,0
2024-02-29,Tous Les Jours,Macaron,39000.0,1,0.141,1,4.5,1
2024-02-29,Tous Les Jours,Éclair,67000.0,0,0.15,21,3.8,0
2024-02-29,Tous Les Jours,Croissant,44000.0,0,0.167,6,4.2,0
2024-02-29,Tous Les Jours,Red Velvet Cake,296000.0,0,0.232,6,4.8,1
2024-02-29,ABC Bakery,Tiramisu,226000.0,0,0.192,3,3.7,1
2024-02-29,ABC Bakery,Cheesecake,201000.0,0,0.169,12,4.4,1
2024-02-29,ABC Bakery,Macaron,41000.0,0,0.211,2,4.0,1
2024-02-29,ABC Bakery,Éclair,58000.0,0,0.159,16,4.4,1
2024-02-29,ABC Bakery,Croissant,33000.0,0,0.099,2,3.5,1
2024-02-29,ABC Bakery,Red Velvet Cake,250000.0,0,0.16,5,3.7,1
2024-02-29,Givral,Tiramisu,226000.0,0,0.208,1,4.2,1
2024-02-29,Givral,Cheesecake,190000.0,0,0.082,17,3.7,1
2024-02-29,Givral,Macaron,39000.0,0,0.098,18,3.7,1
2024-02-29,Givral,Éclair,57000.0,0,0.199,23,4.2,1
2024-02-29,Givral,Croissant,31000.0,0,0.218,6,4.6,1
2024-02-29,Givral,Red Velvet Cake,234000.0,0,0.075,14,3.6,1
2024-02-29,Local Bakery A,Tiramisu,210000.0,0,0.237,4,4.1,1
2024-02-29,Local Bakery A,Cheesecake,174000.0,0,0.161,19,3.7,0
2024-02-29,Local Bakery A,Macaron,35000.0,0,0.136,24,4.0,0
2024-02-29,Local Bakery A,Éclair,54000.0,0,0.109,14,4.4,1
2024-02-29,Local Bakery A,Croissant,32000.0,0,0.225,19,3.6,1
2024-02-29,Local Bakery A,Red Velvet Cake,222000.0,0,0.208,11,4.5,1
2024-02-29,Supermarket Chain,Tiramisu,166000.0,0,0.06,12,4.0,1
2024-02-29,Supermarket Chain,Cheesecake,141000.0,0,0.227,19,3.7,1
2024-02-29,Supermarket Chain,Macaron,29000.0,0,0.24,21,4.3,1
2024-02-29,Supermarket Chain,Éclair,41000.0,0,0.149,3,4.2,0
2024-02-29,Supermarket Chain,Croissant,23000.0,0,0.118,17,3.6,0
2024-02-29,Supermarket Chain,Red Velvet Cake,185000.0,0,0.227,10,4.1,1
2024-03-01,Paris Baguette,Tiramisu,306000.0,0,0.232,10,4.3,1
2024-03-01,Paris Baguette,Cheesecake,245000.0,0,0.226,16,4.4,1
2024-03-01,Paris Baguette,Macaron,51000.0,0,0.104,14,4.2,0
2024-03-01,Paris Baguette,Éclair,69000.0,0,0.164,3,3.7,1
2024-03-01,Paris Baguette,Croissant,42000.0,0,0.13,6,4.7,0
2024-03-01,Paris Baguette,Red Velvet Cake,315000.0,0,0.171,23,3.8,1
2024-03-01,Tous Les Jours,Tiramisu,277000.0,0,0.111,15,4.3,1
2024-03-01,Tous Les Jours,Cheesecake,224000.0,0,0.112,12,4.2,0
2024-03-01,Tous Les Jours,Macaron,47000.0,0,0.201,2,4.3,0
2024-03-01,Tous Les Jours,Éclair,69000.0,0,0.138,6,3.7,1
2024-03-01,Tous Les Jours,Croissant,42000.0,0,0.168,20,4.2,1
2024-03-01,Tous Les Jours,Red Velvet Cake,240000.0,1,0.132,9,4.0,1
2024-03-01,ABC Bakery,Tiramisu,224000.0,0,0.193,18,4.3,1
2024-03-01,ABC Bakery,Cheesecake,187000.0,0,0.11,19,3.8,1
2024-03-01,ABC Bakery,Macaron,42000.0,0,0.19,14,4.3,1
2024-03-01,ABC Bakery,Éclair,48000.0,1,0.081,10,4.2,0
2024-03-01,ABC Bakery,Croissant,34000.0,0,0.214,7,4.2,1
2024-03-01,ABC Bakery,Red Velvet Cake,257000.0,0,0.19,17,3.8,1
2024-03-01,Givral,Tiramisu,209000.0,0,0.133,14,4.7,1
2024-03-01,Givral,Cheesecake,183000.0,0,0.126,2,3.9,1
2024-03-01,Givral,Macaron,38000.0,0,0.095,2,3.9,1
2024-03-01,Givral,Éclair,55000.0,0,0.138,15,4.3,1
2024-03-01,Givral,Croissant,34000.0,0,0.226,13,4.3,0
2024-03-01,Givral,Red Velvet Cake,254000.0,0,0.102,21,3.8,1
2024-03-01,Local Bakery A,Tiramisu,196000.0,0,0.222,1,3.6,1
2024-03-01,Local Bakery A,Cheesecake,173000.0,0,0.248,9,4.1,1
2024-03-01,Local Bakery A,Macaron,37000.0,0,0.209,13,4.5,1
2024-03-01,Local Bakery A,Éclair,51000.0,0,0.095,11,3.9,1
2024-03-01,Local Bakery A,Croissant,32000.0,0,0.109,22,3.6,1
2024-03-01,Local Bakery A,Red Velvet Cake,228000.0,0,0.157,18,4.8,1
2024-03-01,Supermarket Chain,Tiramisu,156000.0,0,0.233,13,3.9,1
2024-03-01,Supermarket Chain,Cheesecake,140000.0,0,0.156,1,4.2,1
2024-03-01,Supermarket Chain,Macaron,27000.0,0,0.135,14,3.7,0
2024-03-01,Supermarket Chain,Éclair,41000.0,0,0.062,8,3.7,1
2024-03-01,Supermarket Chain,Croissant,24000.0,0,0.175,24,3.5,1
2024-03-01,Supermarket Chain,Red Velvet Cake,140000.0,1,0.097,9,4.5,1
2024-03-02,Paris Baguette,Tiramisu,286000.0,0,0.178,14,3.7,0
2024-03-02,Paris Baguette,Cheesecake,251000.0,0,0.206,12,4.2,0
2024-03-02,Paris Baguette,Macaron,52000.0,0,0.102,2,3.7,1
2024-03-02,Paris Baguette,Éclair,55000.0,1,0.222,11,4.1,1
2024-03-02,Paris Baguette,Croissant,44000.0,0,0.091,18,4.7,1
2024-03-02,Paris Baguette,Red Velvet Cake,315000.0,0,0.203,7,4.7,1
2024-03-02,Tous Les Jours,Tiramisu,281000.0,0,0.238,11,3.8,0
2024-03-02,Tous Les Jours,Cheesecake,249000.0,0,0.054,1,4.0,1
2024-03-02,Tous Les Jours,Macaron,51000.0,0,0.22,5,4.4,1
2024-03-02,Tous Les Jours,Éclair,71000.0,0,0.076,5,4.4,1
2024-03-02,Tous Les Jours,Croissant,42000.0,0,0.201,23,3.8,1
2024-03-02,Tous Les Jours,Red Velvet Cake,318000.0,0,0.192,3,4.1,1
2024-03-02,ABC Bakery,Tiramisu,183000.0,1,0.242,3,3.6,1
2024-03-02,ABC Bakery,Cheesecake,155000.0,1,0.226,13,4.2,0
2024-03-02,ABC Bakery,Macaron,42000.0,0,0.102,1,4.1,1
2024-03-02,ABC Bakery,Éclair,60000.0,0,0.145,7,4.8,1
2024-03-02,ABC Bakery,Croissant,37000.0,0,0.177,20,3.9,0
2024-03-02,ABC Bakery,Red Velvet Cake,254000.0,0,0.132,19,3.7,1
2024-03-02,Givral,Tiramisu,224000.0,0,0.061,6,3.6,1
2024-03-02,Givral,Cheesecake,191000.0,0,0.084,13,3.9,0
2024-03-02,Givral,Macaron,38000.0,0,0.186,1,3.8,1
2024-03-02,Givral,Éclair,59000.0,0,0.096,13,4.3,1
2024-03-02,Givral,Croissant,32000.0,0,0.169,13,4.6,1
2024-03-02,Givral,Red Velvet Cake,260000.0,0,0.083,22,4.7,1
2024-03-02,Local Bakery A,Tiramisu,207000.0,0,0.196,13,3.8,1
2024-03-02,Local Bakery A,Cheesecake,178000.0,0,0.206,21,4.3,1
2024-03-02,Local Bakery A,Macaron,37000.0,0,0.242,18,3.6,1
2024-03-02,Local Bakery A,Éclair,55000.0,0,0.142,10,4.1,1
2024-03-02,Local Bakery A,Croissant,34000.0,0,0.094,24,4.7,0
2024-03-02,Local Bakery A,Red Velvet Cake,238000.0,0,0.233,19,3.7,0
2024-03-02,Supermarket Chain,Tiramisu,164000.0,0,0.125,4,3.6,1
2024-03-02,Supermarket Chain,Cheesecake,139000.0,0,0.132,5,4.0,1
2024-03-02,Supermarket Chain,Macaron,30000.0,0,0.087,16,4.4,1
2024-03-02,Supermarket Chain,Éclair,43000.0,0,0.1,8,3.8,1
2024-03-02,Supermarket Chain,Croissant,24000.0,0,0.243,23,4.7,1
2024-03-02,Supermarket Chain,Red Velvet Cake,192000.0,0,0.156,22,4.5,1
2024-03-03,Paris Baguette,Tiramisu,296000.0,0,0.118,17,4.0,0
2024-03-03,Paris Baguette,Cheesecake,254000.0,0,0.19,20,4.5,1
2024-03-03,Paris Baguette,Macaron,53000.0,0,0.094,24,3.6,1
2024-03-03,Paris Baguette,Éclair,78000.0,0,0.241,6,4.1,0
2024-03-03,Paris Baguette,Croissant,45000.0,0,0.213,3,4.0,0
2024-03-03,Paris Baguette,Red Velvet Cake,342000.0,0,0.133,11,4.5,1
2024-03-03,Tous Les Jours,Tiramisu,301000.0,0,0.076,5,4.4,0
2024-03-03,Tous Les Jours,Cheesecake,256000.0,0,0.204,3,4.0,0
2024-03-03,Tous Les Jours,Macaron,51000.0,0,0.052,15,4.0,1
2024-03-03,Tous Les Jours,Éclair,73000.0,0,0.074,13,3.9,1
2024-03-03,Tous Les Jours,Croissant,43000.0,0,0.104,20,4.2,1
2024-03-03,Tous Les Jours,Red Velvet Cake,309000.0,0,0.249,20,4.7,1
2024-03-03,ABC Bakery,Tiramisu,229000.0,0,0.199,4,4.3,1
2024-03-03,ABC Bakery,Cheesecake,199000.0,0,0.119,23,4.5,0
2024-03-03,ABC Bakery,Macaron,42000.0,0,0.136,17,3.8,0
2024-03-03,ABC Bakery,Éclair,62000.0,0,0.209,15,3.7,1
2024-03-03,ABC Bakery,Croissant,36000.0,0,0.225,19,4.5,0
2024-03-03,ABC Bakery,Red Velvet Cake,269000.0,0,0.081,11,4.7,1
2024-03-03,Givral,Tiramisu,231000.0,0,0.135,12,3.8,1
2024-03-03,Givral,Cheesecake,191000.0,0,0.09,4,4.8,0
2024-03-03,Givral,Macaron,40000.0,0,0.075,22,4.4,1
2024-03-03,Givral,Éclair,43000.0,1,0.101,12,4.6,0
2024-03-03,Givral,Croissant,34000.0,0,0.211,14,3.5,0
2024-03-03,Givral,Red Velvet Cake,250000.0,0,0.092,23,4.5,0
2024-03-03,Local Bakery A,Tiramisu,217000.0,0,0.218,9,4.6,0
2024-03-03,Local Bakery A,Cheesecake,185000.0,0,0.142,11,4.8,0
2024-03-03,Local Bakery A,Macaron,39000.0,0,0.074,16,4.2,0
2024-03-03,Local Bakery A,Éclair,51000.0,0,0.106,14,4.5,1
2024-03-03,Local Bakery A,Croissant,31000.0,0,0.146,22,4.1,1
2024-03-03,Local Bakery A,Red Velvet Cake,226000.0,0,0.15,16,4.2,1
2024-03-03,Supermarket Chain,Tiramisu,171000.0,0,0.222,23,4.5,0
2024-03-03,Supermarket Chain,Cheesecake,145000.0,0,0.23,8,3.7,1
2024-03-03,Supermarket Chain,Macaron,31000.0,0,0.204,14,4.2,1
2024-03-03,Supermarket Chain,Éclair,40000.0,0,0.204,20,3.8,1
2024-03-03,Supermarket Chain,Croissant,19000.0,1,0.21,10,3.7,1
2024-03-03,Supermarket Chain,Red Velvet Cake,185000.0,0,0.184,22,4.5,0
2024-03-04,Paris Baguette,Tiramisu,291000.0,0,0.182,12,4.4,1
2024-03-04,Paris Baguette,Cheesecake,243000.0,0,0.223,12,4.4,1
2024-03-04,Paris Baguette,Macaron,50000.0,0,0.069,14,3.9,1
2024-03-04,Paris Baguette,Éclair,59000.0,1,0.21,22,4.5,1
2024-03-04,Paris Baguette,Croissant,43000.0,0,0.098,17,4.2,1
2024-03-04,Paris Baguette,Red Velvet Cake,283000.0,1,0.135,14,4.8,0
2024-03-04,Tous Les Jours,Tiramisu,266000.0,0,0.063,19,4.4,1
2024-03-04,Tous Les Jours,Cheesecake,238000.0,0,0.141,13,4.3,1
2024-03-04,Tous Les Jours,Macaron,48000.0,0,0.165,8,4.7,1
2024-03-04,Tous Les Jours,Éclair,44000.0,1,0.196,8,3.9,1
2024-03-04,Tous Les Jours,Croissant,38000.0,0,0.062,10,3.9,0
2024-03-04,Tous Les Jours,Red Velvet Cake,303000.0,0,0.137,21,4.7,0
2024-03-04,ABC Bakery,Tiramisu,227000.0,0,0.11,21,4.7,1
2024-03-04,ABC Bakery,Cheesecake,171000.0,1,0.193,17,4.1,0
2024-03-04,ABC Bakery,Macaron,41000.0,0,0.214,1,3.9,1
2024-03-04,ABC Bakery,Éclair,57000.0,0,0.24,10,3.7,1
2024-03-04,ABC Bakery,Croissant,36000.0,0,0.107,16,4.4,1
2024-03-04,ABC Bakery,Red Velvet Cake,248000.0,0,0.239,18,4.8,0
2024-03-04,Givral,Tiramisu,155000.0,1,0.174,4,4.3,1
2024-03-04,Givral,Cheesecake,179000.0,0,0.121,21,4.4,1
2024-03-04,Givral,Macaron,39000.0,0,0.18,13,4.0,0
2024-03-04,Givral,Éclair,54000.0,0,0.163,3,4.6,0
2024-03-04,Givral,Croissant,33000.0,0,0.208,22,4.5,0
2024-03-04,Givral,Red Velvet Cake,240000.0,0,0.113,24,3.9,1
2024-03-04,Local Bakery A,Tiramisu,198000.0,0,0.091,22,4.0,0
2024-03-04,Local Bakery A,Cheesecake,178000.0,0,0.231,24,4.1,1
2024-03-04,Local Bakery A,Macaron,37000.0,0,0.133,21,4.0,1
2024-03-04,Local Bakery A,Éclair,52000.0,0,0.185,11,4.0,1
2024-03-04,Local Bakery A,Croissant,31000.0,0,0.221,19,4.1,0
2024-03-04,Local Bakery A,Red Velvet Cake,228000.0,0,0.226,18,4.3,1
2024-03-04,Supermarket Chain,Tiramisu,157000.0,0,0.119,2,4.6,0
2024-03-04,Supermarket Chain,Cheesecake,102000.0,1,0.097,12,3.9,0
2024-03-04,Supermarket Chain,Macaron,28000.0,0,0.154,17,4.3,1
2024-03-04,Supermarket Chain,Éclair,41000.0,0,0.192,8,4.0,1
2024-03-04,Supermarket Chain,Croissant,24000.0,0,0.227,21,4.5,1
2024-03-04,Supermarket Chain,Red Velvet Cake,180000.0,0,0.184,1,4.7,1
2024-03-05,Paris Baguette,Tiramisu,285000.0,0,0.062,20,4.2,1
2024-03-05,Paris Baguette,Cheesecake,177000.0,1,0.137,22,4.7,1
2024-03-05,Paris Baguette,Macaron,41000.0,1,0.198,11,3.7,0
2024-03-05,Paris Baguette,Éclair,69000.0,0,0.09,8,4.0,1
2024-03-05,Paris Baguette,Croissant,44000.0,0,0.138,5,4.1,0
2024-03-05,Paris Baguette,Red Velvet Cake,328000.0,0,0.141,23,4.0,1
2024-03-05,Tous Les Jours,Tiramisu,267000.0,0,0.168,19,4.4,1
2024-03-05,Tous Les Jours,Cheesecake,227000.0,0,0.164,23,4.6,0
2024-03-05,Tous Les Jours,Macaron,48000.0,0,0.165,15,3.7,1
2024-03-05,Tous Les Jours,Éclair,66000.0,0,0.126,4,4.1,1
2024-03-05,Tous Les Jours,Croissant,41000.0,0,0.119,14,3.8,0
2024-03-05,Tous Les Jours,Red Velvet Cake,318000.0,0,0.106,5,4.7,1
2024-03-05,ABC Bakery,Tiramisu,237000.0,0,0.117,24,4.6,1
2024-03-05,ABC Bakery,Cheesecake,205000.0,0,0.237,5,4.7,1
2024-03-05,ABC Bakery,Macaron,39000.0,0,0.147,15,4.8,1
2024-03-05,ABC Bakery,Éclair,59000.0,0,0.206,22,3.6,0
2024-03-05,ABC Bakery,Croissant,33000.0,0,0.145,12,4.5,1
2024-03-05,ABC Bakery,Red Velvet Cake,248000.0,0,0.089,16,4.5,1
2024-03-05,Givral,Tiramisu,220000.0,0,0.067,18,3.6,0
2024-03-05,Givral,Cheesecake,190000.0,0,0.104,9,3.6,1
2024-03-05,Givral,Macaron,37000.0,0,0.146,2,4.3,1
2024-03-05,Givral,Éclair,55000.0,0,0.218,17,3.5,1
2024-03-05,Givral,Croissant,31000.0,0,0.181,19,3.9,0
2024-03-05,Givral,Red Velvet Cake,238000.0,0,0.078,3,3.9,1
2024-03-05,Local Bakery A,Tiramisu,209000.0,0,0.135,2,4.2,1
2024-03-05,Local Bakery A,Cheesecake,176000.0,0,0.192,4,4.2,1
2024-03-05,Local Bakery A,Macaron,37000.0,0,0.086,23,4.0,1
2024-03-05,Local Bakery A,Éclair,52000.0,0,0.09,13,4.2,1
2024-03-05,Local Bakery A,Croissant,31000.0,0,0.247,23,4.2,0
2024-03-05,Local Bakery A,Red Velvet Cake,220000.0,0,0.125,7,4.0,1
2024-03-05,Supermarket Chain,Tiramisu,162000.0,0,0.064,8,3.6,0
2024-03-05,Supermarket Chain,Cheesecake,115000.0,1,0.056,3,4.5,1
2024-03-05,Supermarket Chain,Macaron,29000.0,0,0.116,20,4.4,1
2024-03-05,Supermarket Chain,Éclair,36000.0,1,0.093,4,4.4,1
2024-03-05,Supermarket Chain,Croissant,19000.0,1,0.222,16,3.8,1
2024-03-05,Supermarket Chain,Red Velvet Cake,145000.0,1,0.192,9,4.2,0
2024-03-06,Paris Baguette,Tiramisu,300000.0,0,0.222,6,4.5,1
2024-03-06,Paris Baguette,Cheesecake,244000.0,0,0.057,1,3.8,0
2024-03-06,Paris Baguette,Macaron,49000.0,0,0.129,16,3.7,0
2024-03-06,Paris Baguette,Éclair,75000.0,0,0.187,19,3.9,0
2024-03-06,Paris Baguette,Croissant,43000.0,0,0.064,20,4.5,1
2024-03-06,Paris Baguette,Red Velvet Cake,310000.0,0,0.118,19,3.8,1
2024-03-06,Tous Les Jours,Tiramisu,283000.0,0,0.21,22,4.2,1
2024-03-06,Tous Les Jours,Cheesecake,228000.0,0,0.174,4,3.6,0
2024-03-06,Tous Les Jours,Macaron,35000.0,1,0.244,17,4.7,1
2024-03-06,Tous Les Jours,Éclair,59000.0,1,0.183,13,4.5,1
2024-03-06,Tous Les Jours,Croissant,41000.0,0,0.228,17,4.5,1
2024-03-06,Tous Les Jours,Red Velvet Cake,295000.0,0,0.152,4,3.7,0
2024-03-06,ABC Bakery,Tiramisu,232000.0,0,0.219,23,4.4,1
2024-03-06,ABC Bakery,Cheesecake,186000.0,0,0.19,6,4.7,1
2024-03-06,ABC Bakery,Macaron,40000.0,0,0.167,4,4.5,1
2024-03-06,ABC Bakery,Éclair,57000.0,0,0.154,8,3.7,1
2024-03-06,ABC Bakery,Croissant,34000.0,0,0.068,9,3.8,1
2024-03-06,ABC Bakery,Red Velvet Cake,267000.0,0,0.145,10,4.5,1
2024-03-06,Givral,Tiramisu,211000.0,0,0.147,3,3.6,0
2024-03-06,Givral,Cheesecake,184000.0,0,0.108,14,4.4,1
2024-03-06,Givral,Macaron,39000.0,0,0.199,15,4.1,1
2024-03-06,Givral,Éclair,54000.0,0,0.119,24,3.6,1
2024-03-06,Givral,Croissant,31000.0,0,0.168,20,4.1,1
2024-03-06,Givral,Red Velvet Cake,233000.0,0,0.144,14,4.0,1
2024-03-06,Local Bakery A,Tiramisu,200000.0,0,0.185,21,3.5,1
2024-03-06,Local Bakery A,Cheesecake,168000.0,0,0.124,20,3.5,1
2024-03-06,Local Bakery A,Macaron,29000.0,1,0.164,24,4.7,1
2024-03-06,Local Bakery A,Éclair,52000.0,0,0.078,2,3.5,1
2024-03-06,Local Bakery A,Croissant,31000.0,0,0.085,12,4.0,1
2024-03-06,Local Bakery A,Red Velvet Cake,221000.0,0,0.098,21,4.0,1
2024-03-06,Supermarket Chain,Tiramisu,157000.0,0,0.08,22,4.1,1
2024-03-06,Supermarket Chain,Cheesecake,106000.0,1,0.117,22,4.3,1
2024-03-06,Supermarket Chain,Macaron,27000.0,0,0.09,15,4.6,1
2024-03-06,Supermarket Chain,Éclair,29000.0,1,0.227,21,4.3,1
2024-03-06,Supermarket Chain,Croissant,24000.0,0,0.152,10,3.6,1
2024-03-06,Supermarket Chain,Red Velvet Cake,181000.0,0,0.225,19,4.6,1
2024-03-07,Paris Baguette,Tiramisu,270000.0,0,0.225,21,4.6,1
2024-03-07,Paris Baguette,Cheesecake,241000.0,0,0.077,9,4.1,1
2024-03-07,Paris Baguette,Macaron,41000.0,1,0.199,5,4.4,1
2024-03-07,Paris Baguette,Éclair,70000.0,0,0.235,9,3.8,1
2024-03-07,Paris Baguette,Croissant,42000.0,0,0.196,3,3.7,1
2024-03-07,Paris Baguette,Red Velvet Cake,294000.0,0,0.166,14,4.1,0
2024-03-07,Tous Les Jours,Tiramisu,269000.0,0,0.146,18,3.9,1
2024-03-07,Tous Les Jours,Cheesecake,179000.0,1,0.249,14,4.2,1
2024-03-07,Tous Les Jours,Macaron,45000.0,0,0.113,3,3.8,1
2024-03-07,Tous Les Jours,Éclair,70000.0,0,0.217,20,4.6,1
2024-03-07,Tous Les Jours,Croissant,39000.0,0,0.193,23,3.8,1
2024-03-07,Tous Les Jours,Red Velvet Cake,301000.0,0,0.202,4,3.8,1
2024-03-07,ABC Bakery,Tiramisu,227000.0,0,0.129,11,4.0,1
2024-03-07,ABC Bakery,Cheesecake,200000.0,0,0.248,13,4.1,0
2024-03-07,ABC Bakery,Macaron,39000.0,0,0.126,5,4.5,0
2024-03-07,ABC Bakery,Éclair,41000.0,1,0.079,13,3.8,1
2024-03-07,ABC Bakery,Croissant,29000.0,1,0.186,8,3.8,1
2024-03-07,ABC Bakery,Red Velvet Cake,175000.0,1,0.057,22,4.5,1
2024-03-07,Givral,Tiramisu,222000.0,0,0.185,1,3.7,0
2024-03-07,Givral,Cheesecake,190000.0,0,0.051,12,4.2,0
2024-03-07,Givral,Macaron,36000.0,0,0.206,2,4.2,1
2024-03-07,Givral,Éclair,53000.0,0,0.189,15,4.0,1
2024-03-07,Givral,Croissant,33000.0,0,0.228,4,3.6,1
2024-03-07,Givral,Red Velvet Cake,239000.0,0,0.111,2,3.7,1
2024-03-07,Local Bakery A,Tiramisu,201000.0,0,0.082,13,3.5,0
2024-03-07,Local Bakery A,Cheesecake,170000.0,0,0.233,12,4.7,1
2024-03-07,Local Bakery A,Macaron,38000.0,0,0.136,14,4.7,1
2024-03-07,Local Bakery A,Éclair,51000.0,0,0.111,3,4.1,0
2024-03-07,Local Bakery A,Croissant,30000.0,0,0.086,10,3.7,0
2024-03-07,Local Bakery A,Red Velvet Cake,226000.0,0,0.106,11,4.3,1
2024-03-07,Supermarket Chain,Tiramisu,155000.0,0,0.099,16,3.9,1
2024-03-07,Supermarket Chain,Cheesecake,135000.0,0,0.238,12,3.5,0
2024-03-07,Supermarket Chain,Macaron,28000.0,0,0.13,1,4.8,1
2024-03-07,Supermarket Chain,Éclair,39000.0,0,0.209,16,3.9,1
2024-03-07,Supermarket Chain,Croissant,24000.0,0,0.07,15,3.8,1
2024-03-07,Supermarket Chain,Red Velvet Cake,184000.0,0,0.159,10,4.3,0
2024-03-08,Paris Baguette,Tiramisu,293000.0,0,0.163,12,4.0,1
2024-03-08,Paris Baguette,Cheesecake,238000.0,0,0.08,3,4.0,1
2024-03-08,Paris Baguette,Macaron,51000.0,0,0.08,10,4.0,1
2024-03-08,Paris Baguette,Éclair,67000.0,0,0.106,21,4.7,1
2024-03-08,Paris Baguette,Croissant,41000.0,0,0.138,23,3.7,1
2024-03-08,Paris Baguette,Red Velvet Cake,327000.0,0,0.18,14,4.6,0
2024-03-08,Tous Les Jours,Tiramisu,273000.0,0,0.088,9,3.7,0
2024-03-08,Tous Les Jours,Cheesecake,230000.0,0,0.156,20,3.9,0
2024-03-08,Tous Les Jours,Macaron,47000.0,0,0.166,23,4.0,1
2024-03-08,Tous Les Jours,Éclair,67000.0,0,0.107,4,4.0,0
2024-03-08,Tous Les Jours,Croissant,42000.0,0,0.189,24,4.1,1
2024-03-08,Tous Les Jours,Red Velvet Cake,315000.0,0,0.14,7,4.0,0
2024-03-08,ABC Bakery,Tiramisu,223000.0,0,0.233,7,3.9,0
2024-03-08,ABC Bakery,Cheesecake,189000.0,0,0.126,22,4.1,1
2024-03-08,ABC Bakery,Macaron,31000.0,1,0.239,23,4.4,0
2024-03-08,ABC Bakery,Éclair,56000.0,0,0.121,24,4.4,0
2024-03-08,ABC Bakery,Croissant,34000.0,0,0.165,20,4.6,1
2024-03-08,ABC Bakery,Red Velvet Cake,243000.0,0,0.193,2,4.6,0
2024-03-08,Givral,Tiramisu,213000.0,0,0.146,10,3.9,0
2024-03-08,Givral,Cheesecake,175000.0,0,0.156,15,3.9,1
2024-03-08,Givral,Macaron,38000.0,0,0.187,14,3.8,0
2024-03-08,Givral,Éclair,45000.0,1,0.25,14,3.7,0
2024-03-08,Givral,Croissant,33000.0,0,0.208,1,4.6,0
2024-03-08,Givral,Red Velvet Cake,240000.0,0,0.14,19,4.1,0
2024-03-08,Local Bakery A,Tiramisu,211000.0,0,0.171,8,4.5,1
2024-03-08,Local Bakery A,Cheesecake,157000.0,1,0.061,5,4.6,0
2024-03-08,Local Bakery A,Macaron,36000.0,0,0.148,22,4.8,1
2024-03-08,Local Bakery A,Éclair,50000.0,0,0.196,19,4.1,1
2024-03-08,Local Bakery A,Croissant,32000.0,0,0.24,8,3.7,0
2024-03-08,Local Bakery A,Red Velvet Cake,210000.0,0,0.169,3,3.5,1
2024-03-08,Supermarket Chain,Tiramisu,151000.0,0,0.118,14,3.8,0
2024-03-08,Supermarket Chain,Cheesecake,142000.0,0,0.117,11,4.1,0
2024-03-08,Supermarket Chain,Macaron,28000.0,0,0.06,5,4.5,1
2024-03-08,Supermarket Chain,Éclair,40000.0,0,0.162,15,4.0,1
2024-03-08,Supermarket Chain,Croissant,23000.0,0,0.135,19,4.1,1
2024-03-08,Supermarket Chain,Red Velvet Cake,171000.0,0,0.091,9,4.6,0
2024-03-09,Paris Baguette,Tiramisu,302000.0,0,0.246,24,3.7,0
2024-03-09,Paris Baguette,Cheesecake,239000.0,0,0.223,14,4.7,1
2024-03-09,Paris Baguette,Macaron,52000.0,0,0.08,15,4.5,1
2024-03-09,Paris Baguette,Éclair,74000.0,0,0.081,19,3.6,1
2024-03-09,Paris Baguette,Croissant,47000.0,0,0.14,17,3.8,1
2024-03-09,Paris Baguette,Red Velvet Cake,348000.0,0,0.121,7,4.4,1
2024-03-09,Tous Les Jours,Tiramisu,294000.0,0,0.143,7,4.4,0
2024-03-09,Tous Les Jours,Cheesecake,241000.0,0,0.164,15,3.9,0
2024-03-09,Tous Les Jours,Macaron,50000.0,0,0.191,13,4.0,1
2024-03-09,Tous Les Jours,Éclair,72000.0,0,0.226,10,3.8,1
2024-03-09,Tous Les Jours,Croissant,42000.0,0,0.062,9,4.3,1
2024-03-09,Tous Les Jours,Red Velvet Cake,325000.0,0,0.161,23,3.6,1
2024-03-09,ABC Bakery,Tiramisu,234000.0,0,0.065,22,4.4,0
2024-03-09,ABC Bakery,Cheesecake,198000.0,0,0.119,20,4.0,1
2024-03-09,ABC Bakery,Macaron,39000.0,0,0.05,7,4.8,0
2024-03-09,ABC Bakery,Éclair,58000.0,0,0.084,23,4.1,0
2024-03-09,ABC Bakery,Croissant,36000.0,0,0.22,13,4.6,1
2024-03-09,ABC Bakery,Red Velvet Cake,265000.0,0,0.057,1,3.9,1
2024-03-09,Givral,Tiramisu,229000.0,0,0.22,24,3.7,1
2024-03-09,Givral,Cheesecake,190000.0,0,0.062,6,3.7,1
2024-03-09,Givral,Macaron,40000.0,0,0.235,1,4.1,1
2024-03-09,Givral,Éclair,59000.0,0,0.174,9,3.9,1
2024-03-09,Givral,Croissant,36000.0,0,0.246,12,3.6,1
2024-03-09,Givral,Red Velvet Cake,256000.0,0,0.111,22,4.3,1
2024-03-09,Local Bakery A,Tiramisu,219000.0,0,0.121,24,4.3,1
2024-03-09,Local Bakery A,Cheesecake,144000.0,1,0.207,16,4.7,1
2024-03-09,Local Bakery A,Macaron,38000.0,0,0.203,18,4.4,0
2024-03-09,Local Bakery A,Éclair,53000.0,0,0.178,8,4.5,1
2024-03-09,Local Bakery A,Croissant,32000.0,0,0.219,2,3.7,0
2024-03-09,Local Bakery A,Red Velvet Cake,226000.0,0,0.106,18,3.7,1
2024-03-09,Supermarket Chain,Tiramisu,173000.0,0,0.209,14,3.8,1
2024-03-09,Supermarket Chain,Cheesecake,145000.0,0,0.101,20,4.7,1
2024-03-09,Supermarket Chain,Macaron,29000.0,0,0.209,6,3.8,1
2024-03-09,Supermarket Chain,Éclair,34000.0,1,0.248,11,3.6,1
2024-03-09,Supermarket Chain,Croissant,17000.0,1,0.101,14,4.6,1
2024-03-09,Supermarket Chain,Red Velvet Cake,153000.0,1,0.158,2,4.5,1
2024-03-10,Paris Baguette,Tiramisu,288000.0,0,0.051,22,4.2,1
2024-03-10,Paris Baguette,Cheesecake,256000.0,0,0.08,9,3.5,0
2024-03-10,Paris Baguette,Macaron,40000.0,1,0.161,24,4.0,1
2024-03-10,Paris Baguette,Éclair,77000.0,0,0.205,7,4.2,1
2024-03-10,Paris Baguette,Croissant,43000.0,0,0.183,6,3.6,0
2024-03-10,Paris Baguette,Red Velvet Cake,337000.0,0,0.082,6,3.6,1
2024-03-10,Tous Les Jours,Tiramisu,282000.0,0,0.205,4,4.1,0
2024-03-10,Tous Les Jours,Cheesecake,240000.0,0,0.236,3,4.6,1
2024-03-10,Tous Les Jours,Macaron,50000.0,0,0.053,15,4.7,1
2024-03-10,Tous Les Jours,Éclair,71000.0,0,0.224,19,4.4,1
2024-03-10,Tous Les Jours,Croissant,42000.0,0,0.181,7,3.6,1
2024-03-10,Tous Les Jours,Red Velvet Cake,325000.0,0,0.087,8,3.9,1
2024-03-10,ABC Bakery,Tiramisu,241000.0,0,0.11,16,3.7,1
2024-03-10,ABC Bakery,Cheesecake,208000.0,0,0.226,17,3.6,0
2024-03-10,ABC Bakery,Macaron,41000.0,0,0.165,14,4.8,1
2024-03-10,ABC Bakery,Éclair,60000.0,0,0.063,10,4.4,1
2024-03-10,ABC Bakery,Croissant,38000.0,0,0.242,22,4.5,1
2024-03-10,ABC Bakery,Red Velvet Cake,188000.0,1,0.053,21,4.1,1
2024-03-10,Givral,Tiramisu,223000.0,0,0.13,15,3.9,1
2024-03-10,Givral,Cheesecake,194000.0,0,0.081,1,4.8,1
2024-03-10,Givral,Macaron,41000.0,0,0.218,7,3.9,1
2024-03-10,Givral,Éclair,54000.0,0,0.212,20,4.5,0
2024-03-10,Givral,Croissant,26000.0,1,0.215,10,4.5,1
2024-03-10,Givral,Red Velvet Cake,257000.0,0,0.06,9,4.0,0
2024-03-10,Local Bakery A,Tiramisu,217000.0,0,0.124,3,4.3,1
2024-03-10,Local Bakery A,Cheesecake,148000.0,1,0.193,23,3.6,1
2024-03-10,Local Bakery A,Macaron,36000.0,0,0.051,17,3.8,1
2024-03-10,Local Bakery A,Éclair,56000.0,0,0.149,1,4.2,1
2024-03-10,Local Bakery A,Croissant,30000.0,0,0.052,18,4.6,1
2024-03-10,Local Bakery A,Red Velvet Cake,241000.0,0,0.104,12,3.8,1
2024-03-10,Supermarket Chain,Tiramisu,156000.0,0,0.105,10,4.2,1
2024-03-10,Supermarket Chain,Cheesecake,115000.0,1,0.108,21,3.8,1
2024-03-10,Supermarket Chain,Macaron,31000.0,0,0.052,11,4.2,0
2024-03-10,Supermarket Chain,Éclair,44000.0,0,0.097,5,3.9,1
2024-03-10,Supermarket Chain,Croissant,25000.0,0,0.091,6,4.2,1
2024-03-10,Supermarket Chain,Red Velvet Cake,189000.0,0,0.136,21,3.8,1
2024-03-11,Paris Baguette,Tiramisu,302000.0,0,0.114,2,4.2,1
2024-03-11,Paris Baguette,Cheesecake,243000.0,0,0.135,7,4.3,1
2024-03-11,Paris Baguette,Macaron,48000.0,0,0.062,12,4.5,1
2024-03-11,Paris Baguette,Éclair,71000.0,0,0.208,8,4.3,1
2024-03-11,Paris Baguette,Croissant,41000.0,0,0.13,15,4.5,1
2024-03-11,Paris Baguette,Red Velvet Cake,251000.0,1,0.177,10,4.4,0
2024-03-11,Tous Les Jours,Tiramisu,229000.0,1,0.14,1,3.9,0
2024-03-11,Tous Les Jours,Cheesecake,239000.0,0,0.174,15,4.3,1
2024-03-11,Tous Les Jours,Macaron,48000.0,0,0.25,16,3.6,0
2024-03-11,Tous Les Jours,Éclair,64000.0,0,0.232,16,4.2,1
2024-03-11,Tous Les Jours,Croissant,29000.0,1,0.068,17,4.2,1
2024-03-11,Tous Les Jours,Red Velvet Cake,301000.0,0,0.207,22,4.2,0
2024-03-11,ABC Bakery,Tiramisu,219000.0,0,0.132,23,3.7,0
2024-03-11,ABC Bakery,Cheesecake,193000.0,0,0.163,21,4.1,1
2024-03-11,ABC Bakery,Macaron,30000.0,1,0.24,5,3.7,1
2024-03-11,ABC Bakery,Éclair,56000.0,0,0.121,6,4.4,1
2024-03-11,ABC Bakery,Croissant,36000.0,0,0.173,24,3.8,1
2024-03-11,ABC Bakery,Red Velvet Cake,244000.0,0,0.147,22,4.1,0
2024-03-11,Givral,Tiramisu,211000.0,0,0.082,3,3.7,1
2024-03-11,Givral,Cheesecake,181000.0,0,0.136,3,3.7,0
2024-03-11,Givral,Macaron,37000.0,0,0.135,23,4.2,1
2024-03-11,Givral,Éclair,53000.0,0,0.128,17,3.5,1
2024-03-11,Givral,Croissant,33000.0,0,0.109,2,4.8,1
2024-03-11,Givral,Red Velvet Cake,241000.0,0,0.087,13,3.8,1
2024-03-11,Local Bakery A,Tiramisu,205000.0,0,0.115,3,4.3,0
2024-03-11,Local Bakery A,Cheesecake,174000.0,0,0.168,2,3.8,0
2024-03-11,Local Bakery A,Macaron,36000.0,0,0.197,8,4.3,1
2024-03-11,Local Bakery A,Éclair,50000.0,0,0.209,7,4.8,1
2024-03-11,Local Bakery A,Croissant,32000.0,0,0.227,21,4.8,0
2024-03-11,Local Bakery A,Red Velvet Cake,228000.0,0,0.059,12,4.2,1
2024-03-11,Supermarket Chain,Tiramisu,163000.0,0,0.087,22,3.9,1
2024-03-11,Supermarket Chain,Cheesecake,111000.0,1,0.069,23,3.6,1
2024-03-11,Supermarket Chain,Macaron,30000.0,0,0.195,19,4.2,0
2024-03-11,Supermarket Chain,Éclair,40000.0,0,0.221,13,4.5,0
2024-03-11,Supermarket Chain,Croissant,23000.0,0,0.247,11,3.8,0
2024-03-11,Supermarket Chain,Red Velvet Cake,172000.0,0,0.087,14,4.2,0
2024-03-12,Paris Baguette,Tiramisu,280000.0,0,0.227,2,4.2,1
2024-03-12,Paris Baguette,Cheesecake,249000.0,0,0.229,9,4.3,0
2024-03-12,Paris Baguette,Macaron,48000.0,0,0.064,8,4.4,0
2024-03-12,Paris Baguette,Éclair,51000.0,1,0.083,13,4.0,1
2024-03-12,Paris Baguette,Croissant,41000.0,0,0.18,7,4.3,1
2024-03-12,Paris Baguette,Red Velvet Cake,322000.0,0,0.103,22,4.7,1
2024-03-12,Tous Les Jours,Tiramisu,255000.0,0,0.166,15,4.2,1
2024-03-12,Tous Les Jours,Cheesecake,219000.0,0,0.15,15,4.0,1
2024-03-12,Tous Les Jours,Macaron,48000.0,0,0.212,1,3.9,1
2024-03-12,Tous Les Jours,Éclair,69000.0,0,0.154,3,3.9,0
2024-03-12,Tous Les Jours,Croissant,41000.0,0,0.173,20,4.3,1
2024-03-12,Tous Les Jours,Red Velvet Cake,303000.0,0,0.181,23,3.9,1
2024-03-12,ABC Bakery,Tiramisu,218000.0,0,0.175,22,4.2,1
2024-03-12,ABC Bakery,Cheesecake,185000.0,0,0.165,23,4.4,1
2024-03-12,ABC Bakery,Macaron,40000.0,0,0.238,20,4.2,1
2024-03-12,ABC Bakery,Éclair,58000.0,0,0.234,10,4.1,1
2024-03-12,ABC Bakery,Croissant,35000.0,0,0.18,8,4.6,1
2024-03-12,ABC Bakery,Red Velvet Cake,242000.0,0,0.204,19,4.3,0
2024-03-12,Givral,Tiramisu,227000.0,0,0.085,14,4.7,1
2024-03-12,Givral,Cheesecake,190000.0,0,0.123,10,4.5,1
2024-03-12,Givral,Macaron,40000.0,0,0.121,17,4.4,1
2024-03-12,Givral,Éclair,50000.0,0,0.142,8,3.5,1
2024-03-12,Givral,Croissant,33000.0,0,0.074,9,3.9,1
2024-03-12,Givral,Red Velvet Cake,243000.0,0,0.233,20,4.6,1
2024-03-12,Local Bakery A,Tiramisu,207000.0,0,0.202,17,3.7,0
2024-03-12,Local Bakery A,Cheesecake,184000.0,0,0.146,1,4.0,1
2024-03-12,Local Bakery A,Macaron,36000.0,0,0.066,10,4.5,1
2024-03-12,Local Bakery A,Éclair,52000.0,0,0.189,10,4.6,1
2024-03-12,Local Bakery A,Croissant,29000.0,0,0.082,21,4.7,1
2024-03-12,Local Bakery A,Red Velvet Cake,216000.0,0,0.187,20,4.3,1
2024-03-12,Supermarket Chain,Tiramisu,157000.0,0,0.076,20,4.5,1
2024-03-12,Supermarket Chain,Cheesecake,133000.0,0,0.057,1,4.6,0
2024-03-12,Supermarket Chain,Macaron,27000.0,0,0.081,12,3.8,1
2024-03-12,Supermarket Chain,Éclair,38000.0,0,0.174,12,4.0,1
2024-03-12,Supermarket Chain,Croissant,19000.0,1,0.081,17,3.9,1
2024-03-12,Supermarket Chain,Red Velvet Cake,172000.0,0,0.103,14,4.7,0
2024-03-13,Paris Baguette,Tiramisu,287000.0,0,0.107,6,3.8,1
2024-03-13,Paris Baguette,Cheesecake,248000.0,0,0.165,16,4.7,1
2024-03-13,Paris Baguette,Macaron,53000.0,0,0.143,6,4.4,1
2024-03-13,Paris Baguette,Éclair,69000.0,0,0.188,19,3.6,0
2024-03-13,Paris Baguette,Croissant,42000.0,0,0.062,2,4.3,1
2024-03-13,Paris Baguette,Red Velvet Cake,298000.0,0,0.238,12,4.2,1
2024-03-13,Tous Les Jours,Tiramisu,277000.0,0,0.101,4,4.1,1
2024-03-13,Tous Les Jours,Cheesecake,234000.0,0,0.079,1,4.1,1
2024-03-13,Tous Les Jours,Macaron,47000.0,0,0.174,4,3.7,1
2024-03-13,Tous Les Jours,Éclair,67000.0,0,0.112,17,3.6,1
2024-03-13,Tous Les Jours,Croissant,37000.0,0,0.122,22,4.5,1
2024-03-13,Tous Les Jours,Red Velvet Cake,293000.0,0,0.201,21,3.6,1
2024-03-13,ABC Bakery,Tiramisu,216000.0,0,0.18,7,3.5,0
2024-03-13,ABC Bakery,Cheesecake,190000.0,0,0.15,13,3.7,0
2024-03-13,ABC Bakery,Macaron,40000.0,0,0.129,14,3.7,1
2024-03-13,ABC Bakery,Éclair,56000.0,0,0.194,16,4.2,1
2024-03-13,ABC Bakery,Croissant,30000.0,1,0.089,8,4.2,1
2024-03-13,ABC Bakery,Red Velvet Cake,242000.0,0,0.133,24,4.2,1
2024-03-13,Givral,Tiramisu,215000.0,0,0.179,2,3.5,1
2024-03-13,Givral,Cheesecake,190000.0,0,0.231,18,3.7,0
2024-03-13,Givral,Macaron,37000.0,0,0.247,10,3.9,1
2024-03-13,Givral,Éclair,53000.0,0,0.079,9,3.8,1
2024-03-13,Givral,Croissant,31000.0,0,0.239,22,4.3,0
2024-03-13,Givral,Red Velvet Cake,249000.0,0,0.19,12,3.6,1
2024-03-13,Local Bakery A,Tiramisu,199000.0,0,0.099,24,4.0,1
2024-03-13,Local Bakery A,Cheesecake,176000.0,0,0.199,15,3.7,1
2024-03-13,Local Bakery A,Macaron,26000.0,1,0.105,12,4.1,1
2024-03-13,Local Bakery A,Éclair,48000.0,0,0.109,23,3.7,1
2024-03-13,Local Bakery A,Croissant,31000.0,0,0.083,11,4.1,1
2024-03-13,Local Bakery A,Red Velvet Cake,224000.0,0,0.107,8,4.3,1
2024-03-13,Supermarket Chain,Tiramisu,154000.0,0,0.052,5,4.7,1
2024-03-13,Supermarket Chain,Cheesecake,135000.0,0,0.052,8,4.2,1
2024-03-13,Supermarket Chain,Macaron,27000.0,0,0.146,1,4.0,1
2024-03-13,Supermarket Chain,Éclair,38000.0,0,0.211,8,4.4,0
2024-03-13,Supermarket Chain,Croissant,23000.0,0,0.087,18,4.7,1
2024-03-13,Supermarket Chain,Red Velvet Cake,176000.0,0,0.243,22,4.7,0
2024-03-14,Paris Baguette,Tiramisu,273000.0,0,0.129,19,3.8,1
2024-03-14,Paris Baguette,Cheesecake,233000.0,0,0.186,10,4.2,1
2024-03-14,Paris Baguette,Macaron,50000.0,0,0.195,5,4.0,0
2024-03-14,Paris Baguette,Éclair,69000.0,0,0.21,1,4.5,1
2024-03-14,Paris Baguette,Croissant,38000.0,1,0.068,3,4.2,1
2024-03-14,Paris Baguette,Red Velvet Cake,311000.0,0,0.248,21,4.5,0
2024-03-14,Tous Les Jours,Tiramisu,271000.0,0,0.214,3,4.6,1
2024-03-14,Tous Les Jours,Cheesecake,224000.0,0,0.117,7,4.5,1
2024-03-14,Tous Les Jours,Macaron,48000.0,0,0.069,8,4.7,1
2024-03-14,Tous Les Jours,Éclair,69000.0,0,0.109,17,3.8,1
2024-03-14,Tous Les Jours,Croissant,41000.0,0,0.198,1,3.6,1
2024-03-14,Tous Les Jours,Red Velvet Cake,211000.0,1,0.123,10,4.5,1
2024-03-14,ABC Bakery,Tiramisu,233000.0,0,0.198,14,4.5,1
2024-03-14,ABC Bakery,Cheesecake,190000.0,0,0.22,17,3.7,1
2024-03-14,ABC Bakery,Macaron,39000.0,0,0.206,24,4.8,1
2024-03-14,ABC Bakery,Éclair,57000.0,0,0.101,2,4.1,1
2024-03-14,ABC Bakery,Croissant,35000.0,0,0.185,6,3.6,1
2024-03-14,ABC Bakery,Red Velvet Cake,205000.0,1,0.097,8,4.2,0
2024-03-14,Givral,Tiramisu,212000.0,0,0.09,3,4.1,1
2024-03-14,Givral,Cheesecake,176000.0,0,0.202,24,4.3,1
2024-03-14,Givral,Macaron,38000.0,0,0.184,3,4.7,1
2024-03-14,Givral,Éclair,51000.0,0,0.155,23,3.7,1
2024-03-14,Givral,Croissant,31000.0,0,0.23,23,4.7,1
2024-03-14,Givral,Red Velvet Cake,232000.0,0,0.192,5,4.6,0
2024-03-14,Local Bakery A,Tiramisu,213000.0,0,0.107,22,4.4,1
2024-03-14,Local Bakery A,Cheesecake,177000.0,0,0.143,7,4.1,0
2024-03-14,Local Bakery A,Macaron,34000.0,0,0.205,11,4.6,1
2024-03-14,Local Bakery A,Éclair,52000.0,0,0.129,15,4.3,0
2024-03-14,Local Bakery A,Croissant,29000.0,0,0.163,16,4.0,1
2024-03-14,Local Bakery A,Red Velvet Cake,219000.0,0,0.123,4,4.0,1
2024-03-14,Supermarket Chain,Tiramisu,159000.0,0,0.211,13,4.4,1
2024-03-14,Supermarket Chain,Cheesecake,120000.0,1,0.064,3,4.5,1
2024-03-14,Supermarket Chain,Macaron,28000.0,0,0.087,15,4.0,1
2024-03-14,Supermarket Chain,Éclair,31000.0,1,0.097,20,4.1,1
2024-03-14,Supermarket Chain,Croissant,23000.0,0,0.145,16,4.8,0
2024-03-14,Supermarket Chain,Red Velvet Cake,178000.0,0,0.194,22,3.9,1
2024-03-15,Paris Baguette,Tiramisu,284000.0,0,0.207,12,4.7,0
2024-03-15,Paris Baguette,Cheesecake,235000.0,0,0.245,12,4.3,1
2024-03-15,Paris Baguette,Macaron,50000.0,0,0.152,23,4.3,1
2024-03-15,Paris Baguette,Éclair,69000.0,0,0.15,16,3.7,1
2024-03-15,Paris Baguette,Croissant,41000.0,0,0.052,16,4.3,1
2024-03-15,Paris Baguette,Red Velvet Cake,303000.0,0,0.134,16,4.3,0
2024-03-15,Tous Les Jours,Tiramisu,265000.0,0,0.237,19,4.0,1
2024-03-15,Tous Les Jours,Cheesecake,229000.0,0,0.051,15,4.2,1
2024-03-15,Tous Les Jours,Macaron,50000.0,0,0.143,10,4.2,1
2024-03-15,Tous Les Jours,Éclair,67000.0,0,0.218,15,4.0,0
2024-03-15,Tous Les Jours,Croissant,40000.0,0,0.123,13,3.8,0
2024-03-15,Tous Les Jours,Red Velvet Cake,297000.0,0,0.121,3,4.1,0
2024-03-15,ABC Bakery,Tiramisu,190000.0,1,0.171,6,3.7,1
2024-03-15,ABC Bakery,Cheesecake,188000.0,0,0.173,6,4.6,0
2024-03-15,ABC Bakery,Macaron,37000.0,0,0.18,22,4.7,1
2024-03-15,ABC Bakery,Éclair,55000.0,0,0.153,14,3.6,1
2024-03-15,ABC Bakery,Croissant,33000.0,0,0.153,24,4.2,0
2024-03-15,ABC Bakery,Red Velvet Cake,182000.0,1,0.073,6,4.8,1
2024-03-15,Givral,Tiramisu,216000.0,0,0.14,9,4.1,1
2024-03-15,Givral,Cheesecake,181000.0,0,0.138,5,3.9,1
2024-03-15,Givral,Macaron,39000.0,0,0.18,23,4.1,1
2024-03-15,Givral,Éclair,52000.0,0,0.243,11,4.6,0
2024-03-15,Givral,Croissant,32000.0,0,0.089,19,3.7,1
2024-03-15,Givral,Red Velvet Cake,209000.0,1,0.067,7,3.8,1
2024-03-15,Local Bakery A,Tiramisu,207000.0,0,0.056,7,4.7,1
2024-03-15,Local Bakery A,Cheesecake,173000.0,0,0.072,21,4.8,1
2024-03-15,Local Bakery A,Macaron,31000.0,1,0.056,1,4.5,1
2024-03-15,Local Bakery A,Éclair,48000.0,0,0.206,13,4.8,0
2024-03-15,Local Bakery A,Croissant,31000.0,0,0.24,14,3.9,1
2024-03-15,Local Bakery A,Red Velvet Cake,226000.0,0,0.216,17,4.2,0
2024-03-15,Supermarket Chain,Tiramisu,127000.0,1,0.237,15,4.6,0
2024-03-15,Supermarket Chain,Cheesecake,132000.0,0,0.079,9,4.5,0
2024-03-15,Supermarket Chain,Macaron,22000.0,1,0.215,8,3.6,1
2024-03-15,Supermarket Chain,Éclair,41000.0,0,0.162,6,3.5,1
2024-03-15,Supermarket Chain,Croissant,23000.0,0,0.245,12,3.8,1
2024-03-15,Supermarket Chain,Red Velvet Cake,171000.0,0,0.14,15,4.8,1
2024-03-16,Paris Baguette,Tiramisu,311000.0,0,0.1,20,4.7,1
2024-03-16,Paris Baguette,Cheesecake,249000.0,0,0.228,1,4.2,1
2024-03-16,Paris Baguette,Macaron,51000.0,0,0.1,10,4.5,1
2024-03-16,Paris Baguette,Éclair,74000.0,0,0.186,21,4.4,1
2024-03-16,Paris Baguette,Croissant,45000.0,0,0.128,11,4.6,1
2024-03-16,Paris Baguette,Red Velvet Cake,339000.0,0,0.152,21,3.5,1
2024-03-16,Tous Les Jours,Tiramisu,284000.0,0,0.067,20,3.7,1
2024-03-16,Tous Les Jours,Cheesecake,233000.0,0,0.238,15,4.3,1
2024-03-16,Tous Les Jours,Macaron,48000.0,0,0.07,22,4.6,0
2024-03-16,Tous Les Jours,Éclair,73000.0,0,0.115,24,4.7,0
2024-03-16,Tous Les Jours,Croissant,40000.0,0,0.239,10,4.6,1
2024-03-16,Tous Les Jours,Red Velvet Cake,302000.0,0,0.086,8,3.8,1
2024-03-16,ABC Bakery,Tiramisu,226000.0,0,0.18,1,3.9,1
2024-03-16,ABC Bakery,Cheesecake,203000.0,0,0.121,2,3.5,0
2024-03-16,ABC Bakery,Macaron,43000.0,0,0.077,3,4.7,1
2024-03-16,ABC Bakery,Éclair,60000.0,0,0.057,1,3.7,0
2024-03-16,ABC Bakery,Croissant,36000.0,0,0.111,18,3.6,1
2024-03-16,ABC Bakery,Red Velvet Cake,261000.0,0,0.101,20,4.4,1
2024-03-16,Givral,Tiramisu,228000.0,0,0.189,17,3.7,0
2024-03-16,Givral,Cheesecake,195000.0,0,0.136,14,3.9,0
2024-03-16,Givral,Macaron,40000.0,0,0.077,3,4.3,1
2024-03-16,Givral,Éclair,57000.0,0,0.138,23,3.9,1
2024-03-16,Givral,Croissant,34000.0,0,0.061,23,3.8,1
2024-03-16,Givral,Red Velvet Cake,268000.0,0,0.211,18,4.1,0
2024-03-16,Local Bakery A,Tiramisu,217000.0,0,0.218,19,3.6,1
2024-03-16,Local Bakery A,Cheesecake,191000.0,0,0.186,8,4.0,1
2024-03-16,Local Bakery A,Macaron,38000.0,0,0.192,5,4.4,1
2024-03-16,Local Bakery A,Éclair,46000.0,1,0.146,9,3.9,0
2024-03-16,Local Bakery A,Croissant,34000.0,0,0.071,9,4.6,0
2024-03-16,Local Bakery A,Red Velvet Cake,190000.0,1,0.185,18,4.4,1
2024-03-16,Supermarket Chain,Tiramisu,162000.0,0,0.23,8,4.2,1
2024-03-16,Supermarket Chain,Cheesecake,137000.0,0,0.061,4,3.8,1
2024-03-16,Supermarket Chain,Macaron,30000.0,0,0.066,9,3.6,1
2024-03-16,Supermarket Chain,Éclair,31000.0,1,0.051,3,4.6,0
2024-03-16,Supermarket Chain,Croissant,26000.0,0,0.231,20,3.9,1
2024-03-16,Supermarket Chain,Red Velvet Cake,160000.0,1,0.177,17,4.8,1
2024-03-17,Paris Baguette,Tiramisu,297000.0,0,0.089,22,4.8,1
2024-03-17,Paris Baguette,Cheesecake,255000.0,0,0.087,15,3.6,1
2024-03-17,Paris Baguette,Macaron,52000.0,0,0.197,5,3.5,0
2024-03-17,Paris Baguette,Éclair,78000.0,0,0.222,17,4.7,0
2024-03-17,Paris Baguette,Croissant,44000.0,0,0.144,24,3.6,1
2024-03-17,Paris Baguette,Red Velvet Cake,324000.0,0,0.245,21,4.6,1
2024-03-17,Tous Les Jours,Tiramisu,277000.0,0,0.132,1,4.7,1
2024-03-17,Tous Les Jours,Cheesecake,242000.0,0,0.102,18,4.5,1
2024-03-17,Tous Les Jours,Macaron,48000.0,0,0.169,7,4.5,1
2024-03-17,Tous Les Jours,Éclair,68000.0,0,0.212,17,4.7,1
2024-03-17,Tous Les Jours,Croissant,42000.0,0,0.073,11,3.7,1
2024-03-17,Tous Les Jours,Red Velvet Cake,313000.0,0,0.125,24,4.1,1
2024-03-17,ABC Bakery,Tiramisu,244000.0,0,0.183,5,3.9,1
2024-03-17,ABC Bakery,Cheesecake,201000.0,0,0.244,1,4.7,1
2024-03-17,ABC Bakery,Macaron,42000.0,0,0.096,3,4.0,1
2024-03-17,ABC Bakery,Éclair,59000.0,0,0.104,13,4.5,1
2024-03-17,ABC Bakery,Croissant,36000.0,0,0.142,14,4.7,1
2024-03-17,ABC Bakery,Red Velvet Cake,276000.0,0,0.15,10,4.0,1
2024-03-17,Givral,Tiramisu,228000.0,0,0.089,7,4.5,0
2024-03-17,Givral,Cheesecake,189000.0,0,0.235,10,4.3,1
2024-03-17,Givral,Macaron,40000.0,0,0.051,11,3.8,1
2024-03-17,Givral,Éclair,57000.0,0,0.138,4,4.5,1
2024-03-17,Givral,Croissant,33000.0,0,0.223,24,4.0,0
2024-03-17,Givral,Red Velvet Cake,179000.0,1,0.222,24,3.7,1
2024-03-17,Local Bakery A,Tiramisu,214000.0,0,0.094,4,4.2,1
2024-03-17,Local Bakery A,Cheesecake,197000.0,0,0.073,7,3.9,1
2024-03-17,Local Bakery A,Macaron,37000.0,0,0.242,8,4.8,1
2024-03-17,Local Bakery A,Éclair,55000.0,0,0.107,17,4.7,1
2024-03-17,Local Bakery A,Croissant,31000.0,0,0.094,12,3.8,1
2024-03-17,Local Bakery A,Red Velvet Cake,170000.0,1,0.087,5,3.9,1
2024-03-17,Supermarket Chain,Tiramisu,163000.0,0,0.19,19,4.3,1
2024-03-17,Supermarket Chain,Cheesecake,136000.0,0,0.201,20,4.4,1
2024-03-17,Supermarket Chain,Macaron,28000.0,0,0.146,3,4.5,1
2024-03-17,Supermarket Chain,Éclair,42000.0,0,0.061,17,4.0,1
2024-03-17,Supermarket Chain,Croissant,25000.0,0,0.247,10,4.5,1
2024-03-17,Supermarket Chain,Red Velvet Cake,182000.0,0,0.249,14,3.9,1
2024-03-18,Paris Baguette,Tiramisu,286000.0,0,0.064,7,4.2,1
2024-03-18,Paris Baguette,Cheesecake,246000.0,0,0.232,18,4.8,0
2024-03-18,Paris Baguette,Macaron,50000.0,0,0.125,19,4.4,1
2024-03-18,Paris Baguette,Éclair,67000.0,0,0.193,23,4.4,1
2024-03-18,Paris Baguette,Croissant,43000.0,0,0.117,13,3.7,1
2024-03-18,Paris Baguette,Red Velvet Cake,305000.0,0,0.073,1,4.3,1
2024-03-18,Tous Les Jours,Tiramisu,277000.0,0,0.078,10,4.6,0
2024-03-18,Tous Les Jours,Cheesecake,174000.0,1,0.142,20,3.5,0
2024-03-18,Tous Les Jours,Macaron,46000.0,0,0.115,5,4.6,0
2024-03-18,Tous Les Jours,Éclair,56000.0,1,0.227,5,4.4,0
2024-03-18,Tous Les Jours,Croissant,41000.0,0,0.069,15,4.0,1
2024-03-18,Tous Les Jours,Red Velvet Cake,305000.0,0,0.114,10,3.8,1
2024-03-18,ABC Bakery,Tiramisu,231000.0,0,0.056,13,4.0,1
2024-03-18,ABC Bakery,Cheesecake,190000.0,0,0.164,24,3.7,0
2024-03-18,ABC Bakery,Macaron,38000.0,0,0.25,2,3.8,0
2024-03-18,ABC Bakery,Éclair,56000.0,0,0.191,5,4.7,0
2024-03-18,ABC Bakery,Croissant,35000.0,0,0.144,11,3.6,1
2024-03-18,ABC Bakery,Red Velvet Cake,244000.0,0,0.231,20,4.5,1
2024-03-18,Givral,Tiramisu,201000.0,0,0.173,12,3.9,1
2024-03-18,Givral,Cheesecake,188000.0,0,0.063,4,4.0,1
2024-03-18,Givral,Macaron,36000.0,0,0.134,17,4.8,1
2024-03-18,Givral,Éclair,57000.0,0,0.195,2,4.4,1
2024-03-18,Givral,Croissant,31000.0,0,0.217,3,4.0,1
2024-03-18,Givral,Red Velvet Cake,237000.0,0,0.128,12,4.6,0
2024-03-18,Local Bakery A,Tiramisu,204000.0,0,0.051,19,3.7,1
2024-03-18,Local Bakery A,Cheesecake,179000.0,0,0.23,20,4.8,1
2024-03-18,Local Bakery A,Macaron,31000.0,1,0.165,20,4.5,1
2024-03-18,Local Bakery A,Éclair,48000.0,0,0.139,10,4.7,1
2024-03-18,Local Bakery A,Croissant,30000.0,0,0.098,20,3.9,1
2024-03-18,Local Bakery A,Red Velvet Cake,227000.0,0,0.25,8,4.1,0
2024-03-18,Supermarket Chain,Tiramisu,159000.0,0,0.176,7,3.9,1
2024-03-18,Supermarket Chain,Cheesecake,132000.0,0,0.127,7,4.1,0
2024-03-18,Supermarket Chain,Macaron,28000.0,0,0.162,7,4.7,0
2024-03-18,Supermarket Chain,Éclair,42000.0,0,0.182,1,3.6,1
2024-03-18,Supermarket Chain,Croissant,23000.0,0,0.233,6,3.8,1
2024-03-18,Supermarket Chain,Red Velvet Cake,146000.0,1,0.162,11,4.1,1
2024-03-19,Paris Baguette,Tiramisu,273000.0,0,0.198,6,3.5,1
2024-03-19,Paris Baguette,Cheesecake,245000.0,0,0.094,9,4.8,0
2024-03-19,Paris Baguette,Macaron,47000.0,0,0.074,20,4.4,1
2024-03-19,Paris Baguette,Éclair,68000.0,0,0.244,19,4.2,1
2024-03-19,Paris Baguette,Croissant,42000.0,0,0.073,8,3.6,1
2024-03-19,Paris Baguette,Red Velvet Cake,299000.0,0,0.069,15,4.6,0
2024-03-19,Tous Les Jours,Tiramisu,290000.0,0,0.211,2,3.6,1
2024-03-19,Tous Les Jours,Cheesecake,233000.0,0,0.068,3,3.9,1
2024-03-19,Tous Les Jours,Macaron,37000.0,1,0.163,18,4.5,1
2024-03-19,Tous Les Jours,Éclair,67000.0,0,0.103,22,3.7,0
2024-03-19,Tous Les Jours,Croissant,40000.0,0,0.11,18,4.4,1
2024-03-19,Tous Les Jours,Red Velvet Cake,223000.0,1,0.206,8,4.5,0
2024-03-19,ABC Bakery,Tiramisu,230000.0,0,0.159,11,4.0,1
2024-03-19,ABC Bakery,Cheesecake,190000.0,0,0.156,21,3.7,0
2024-03-19,ABC Bakery,Macaron,41000.0,0,0.209,18,3.5,1
2024-03-19,ABC Bakery,Éclair,58000.0,0,0.11,8,4.2,1
2024-03-19,ABC Bakery,Croissant,33000.0,0,0.094,11,3.7,1
2024-03-19,ABC Bakery,Red Velvet Cake,243000.0,0,0.169,4,4.0,1
2024-03-19,Givral,Tiramisu,210000.0,0,0.243,15,4.2,1
2024-03-19,Givral,Cheesecake,186000.0,0,0.182,24,3.9,1
2024-03-19,Givral,Macaron,38000.0,0,0.126,20,4.6,1
2024-03-19,Givral,Éclair,52000.0,0,0.051,17,4.6,1
2024-03-19,Givral,Croissant,32000.0,0,0.204,7,4.0,1
2024-03-19,Givral,Red Velvet Cake,242000.0,0,0.126,14,4.1,1
2024-03-19,Local Bakery A,Tiramisu,143000.0,1,0.156,5,4.2,1
2024-03-19,Local Bakery A,Cheesecake,174000.0,0,0.166,12,4.0,0
2024-03-19,Local Bakery A,Macaron,37000.0,0,0.086,24,3.8,0
2024-03-19,Local Bakery A,Éclair,38000.0,1,0.094,22,4.0,1
2024-03-19,Local Bakery A,Croissant,30000.0,0,0.169,14,4.2,1
2024-03-19,Local Bakery A,Red Velvet Cake,231000.0,0,0.124,4,4.4,1
2024-03-19,Supermarket Chain,Tiramisu,164000.0,0,0.204,23,4.5,1
2024-03-19,Supermarket Chain,Cheesecake,140000.0,0,0.151,15,4.0,1
2024-03-19,Supermarket Chain,Macaron,28000.0,0,0.091,24,3.7,1
2024-03-19,Supermarket Chain,Éclair,38000.0,0,0.212,4,4.1,1
2024-03-19,Supermarket Chain,Croissant,23000.0,0,0.065,4,4.2,0
2024-03-19,Supermarket Chain,Red Velvet Cake,174000.0,0,0.236,20,4.7,1
2024-03-20,Paris Baguette,Tiramisu,284000.0,0,0.087,17,4.1,1
2024-03-20,Paris Baguette,Cheesecake,233000.0,0,0.093,13,4.0,0
2024-03-20,Paris Baguette,Macaron,53000.0,0,0.229,10,4.3,1
2024-03-20,Paris Baguette,Éclair,72000.0,0,0.181,6,4.0,0
2024-03-20,Paris Baguette,Croissant,40000.0,0,0.227,12,4.5,0
2024-03-20,Paris Baguette,Red Velvet Cake,308000.0,0,0.241,15,4.2,1
2024-03-20,Tous Les Jours,Tiramisu,261000.0,0,0.202,13,4.6,0
2024-03-20,Tous Les Jours,Cheesecake,222000.0,0,0.124,11,3.5,1
2024-03-20,Tous Les Jours,Macaron,48000.0,0,0.155,18,4.5,1
2024-03-20,Tous Les Jours,Éclair,68000.0,0,0.151,5,4.2,1
2024-03-20,Tous Les Jours,Croissant,41000.0,0,0.059,16,4.5,1
2024-03-20,Tous Les Jours,Red Velvet Cake,293000.0,0,0.11,7,4.4,1
2024-03-20,ABC Bakery,Tiramisu,232000.0,0,0.177,7,4.3,0
2024-03-20,ABC Bakery,Cheesecake,173000.0,1,0.234,8,4.6,1
2024-03-20,ABC Bakery,Macaron,38000.0,0,0.209,14,4.8,0
2024-03-20,ABC Bakery,Éclair,59000.0,0,0.191,15,4.4,1
2024-03-20,ABC Bakery,Croissant,33000.0,0,0.108,4,3.6,1
2024-03-20,ABC Bakery,Red Velvet Cake,242000.0,0,0.092,12,4.0,1
2024-03-20,Givral,Tiramisu,200000.0,0,0.188,3,4.3,0
2024-03-20,Givral,Cheesecake,180000.0,0,0.231,1,4.5,0
2024-03-20,Givral,Macaron,37000.0,0,0.21,4,4.3,1
2024-03-20,Givral,Éclair,52000.0,0,0.241,19,3.9,1
2024-03-20,Givral,Croissant,33000.0,0,0.218,15,3.9,1
2024-03-20,Givral,Red Velvet Cake,240000.0,0,0.084,22,4.4,0
2024-03-20,Local Bakery A,Tiramisu,222000.0,0,0.055,24,4.2,0
2024-03-20,Local Bakery A,Cheesecake,174000.0,0,0.08,19,4.3,1
2024-03-20,Local Bakery A,Macaron,35000.0,0,0.122,18,4.2,1
2024-03-20,Local Bakery A,Éclair,52000.0,0,0.068,1,3.7,1
2024-03-20,Local Bakery A,Croissant,31000.0,0,0.076,15,3.6,0
2024-03-20,Local Bakery A,Red Velvet Cake,206000.0,1,0.217,16,4.2,1
2024-03-20,Supermarket Chain,Tiramisu,163000.0,0,0.051,20,4.5,1
2024-03-20,Supermarket Chain,Cheesecake,140000.0,0,0.238,16,4.1,1
2024-03-20,Supermarket Chain,Macaron,27000.0,0,0.123,20,3.7,1
2024-03-20,Supermarket Chain,Éclair,38000.0,0,0.248,2,3.8,0
2024-03-20,Supermarket Chain,Croissant,23000.0,0,0.236,16,4.6,1
2024-03-20,Supermarket Chain,Red Velvet Cake,174000.0,0,0.078,3,3.6,1
2024-03-21,Paris Baguette,Tiramisu,277000.0,0,0.113,15,4.7,1
2024-03-21,Paris Baguette,Cheesecake,245000.0,0,0.204,4,4.0,0
2024-03-21,Paris Baguette,Macaron,47000.0,0,0.184,23,3.5,0
2024-03-21,Paris Baguette,Éclair,68000.0,0,0.228,7,4.2,0
2024-03-21,Paris Baguette,Croissant,41000.0,0,0.052,16,3.6,0
2024-03-21,Paris Baguette,Red Velvet Cake,319000.0,0,0.241,11,3.9,1
2024-03-21,Tous Les Jours,Tiramisu,269000.0,0,0.162,16,3.6,0
2024-03-21,Tous Les Jours,Cheesecake,223000.0,0,0.184,21,4.6,1
2024-03-21,Tous Les Jours,Macaron,50000.0,0,0.115,21,3.9,0
2024-03-21,Tous Les Jours,Éclair,67000.0,0,0.151,1,4.1,1
2024-03-21,Tous Les Jours,Croissant,35000.0,1,0.063,11,4.4,1
2024-03-21,Tous Les Jours,Red Velvet Cake,285000.0,0,0.224,22,3.7,1
2024-03-21,ABC Bakery,Tiramisu,231000.0,0,0.074,4,3.8,1
2024-03-21,ABC Bakery,Cheesecake,197000.0,0,0.177,22,4.5,0
2024-03-21,ABC Bakery,Macaron,39000.0,0,0.171,19,4.2,1
2024-03-21,ABC Bakery,Éclair,59000.0,0,0.07,7,4.3,0
2024-03-21,ABC Bakery,Croissant,34000.0,0,0.166,11,3.7,1
2024-03-21,ABC Bakery,Red Velvet Cake,245000.0,0,0.074,10,4.1,1
2024-03-21,Givral,Tiramisu,212000.0,0,0.102,10,4.8,1
2024-03-21,Givral,Cheesecake,176000.0,0,0.092,6,4.0,1
2024-03-21,Givral,Macaron,36000.0,0,0.11,21,4.5,0
2024-03-21,Givral,Éclair,53000.0,0,0.247,22,4.4,1
2024-03-21,Givral,Croissant,32000.0,0,0.214,17,4.6,1
2024-03-21,Givral,Red Velvet Cake,229000.0,0,0.067,13,4.3,1
2024-03-21,Local Bakery A,Tiramisu,206000.0,0,0.119,1,4.8,0
2024-03-21,Local Bakery A,Cheesecake,173000.0,0,0.059,12,3.7,0
2024-03-21,Local Bakery A,Macaron,33000.0,0,0.078,23,4.3,1
2024-03-21,Local Bakery A,Éclair,51000.0,0,0.192,2,4.0,0
2024-03-21,Local Bakery A,Croissant,30000.0,0,0.144,9,4.4,1
2024-03-21,Local Bakery A,Red Velvet Cake,176000.0,1,0.165,3,3.6,0
2024-03-21,Supermarket Chain,Tiramisu,161000.0,0,0.223,15,3.7,1
2024-03-21,Supermarket Chain,Cheesecake,131000.0,0,0.17,16,4.3,1
2024-03-21,Supermarket Chain,Macaron,20000.0,1,0.218,12,4.2,0
2024-03-21,Supermarket Chain,Éclair,39000.0,0,0.112,21,4.2,1
2024-03-21,Supermarket Chain,Croissant,16000.0,1,0.243,24,3.5,1
2024-03-21,Supermarket Chain,Red Velvet Cake,177000.0,0,0.123,7,4.7,1
2024-03-22,Paris Baguette,Tiramisu,283000.0,0,0.143,5,4.2,0
2024-03-22,Paris Baguette,Cheesecake,230000.0,0,0.22,9,4.0,0
2024-03-22,Paris Baguette,Macaron,50000.0,0,0.146,17,4.1,1
2024-03-22,Paris Baguette,Éclair,72000.0,0,0.191,9,3.8,1
2024-03-22,Paris Baguette,Croissant,36000.0,1,0.051,15,4.4,1
2024-03-22,Paris Baguette,Red Velvet Cake,282000.0,0,0.097,1,3.7,1
2024-03-22,Tous Les Jours,Tiramisu,263000.0,0,0.21,5,3.7,1
2024-03-22,Tous Les Jours,Cheesecake,209000.0,0,0.14,23,4.3,1
2024-03-22,Tous Les Jours,Macaron,46000.0,0,0.196,16,3.9,0
2024-03-22,Tous Les Jours,Éclair,67000.0,0,0.205,3,3.5,1
2024-03-22,Tous Les Jours,Croissant,42000.0,0,0.063,7,3.6,1
2024-03-22,Tous Les Jours,Red Velvet Cake,276000.0,0,0.246,20,4.1,1
2024-03-22,ABC Bakery,Tiramisu,230000.0,0,0.089,6,3.9,0
2024-03-22,ABC Bakery,Cheesecake,194000.0,0,0.162,21,3.7,1
2024-03-22,ABC Bakery,Macaron,40000.0,0,0.159,15,4.8,0
2024-03-22,ABC Bakery,Éclair,58000.0,0,0.185,16,3.6,1
2024-03-22,ABC Bakery,Croissant,34000.0,0,0.139,5,4.2,0
2024-03-22,ABC Bakery,Red Velvet Cake,239000.0,0,0.135,2,4.8,1
2024-03-22,Givral,Tiramisu,204000.0,0,0.087,5,4.0,1
2024-03-22,Givral,Cheesecake,126000.0,1,0.139,14,4.0,1
2024-03-22,Givral,Macaron,36000.0,0,0.061,24,4.4,1
2024-03-22,Givral,Éclair,50000.0,0,0.22,22,4.7,0
2024-03-22,Givral,Croissant,31000.0,0,0.108,18,3.5,0
2024-03-22,Givral,Red Velvet Cake,237000.0,0,0.097,11,4.5,1
2024-03-22,Local Bakery A,Tiramisu,201000.0,0,0.124,12,4.4,1
2024-03-22,Local Bakery A,Cheesecake,124000.0,1,0.164,17,4.6,0
2024-03-22,Local Bakery A,Macaron,36000.0,0,0.193,13,4.0,0
2024-03-22,Local Bakery A,Éclair,49000.0,0,0.082,4,4.7,1
2024-03-22,Local Bakery A,Croissant,30000.0,0,0.113,1,4.2,1
2024-03-22,Local Bakery A,Red Velvet Cake,226000.0,0,0.21,13,3.6,1
2024-03-22,Supermarket Chain,Tiramisu,156000.0,0,0.169,17,4.4,1
2024-03-22,Supermarket Chain,Cheesecake,133000.0,0,0.169,10,4.5,1
2024-03-22,Supermarket Chain,Macaron,21000.0,1,0.121,9,4.6,1
2024-03-22,Supermarket Chain,Éclair,39000.0,0,0.145,21,3.7,1
2024-03-22,Supermarket Chain,Croissant,23000.0,0,0.067,10,3.6,1
2024-03-22,Supermarket Chain,Red Velvet Cake,164000.0,0,0.135,16,4.0,0
2024-03-23,Paris Baguette,Tiramisu,286000.0,0,0.171,4,4.5,0
2024-03-23,Paris Baguette,Cheesecake,182000.0,1,0.191,7,4.7,0
2024-03-23,Paris Baguette,Macaron,50000.0,0,0.061,12,4.5,1
2024-03-23,Paris Baguette,Éclair,75000.0,0,0.141,15,4.4,0
2024-03-23,Paris Baguette,Croissant,32000.0,1,0.135,17,4.3,0
2024-03-23,Paris Baguette,Red Velvet Cake,317000.0,0,0.161,15,4.5,0
2024-03-23,Tous Les Jours,Tiramisu,288000.0,0,0.124,15,3.5,1
2024-03-23,Tous Les Jours,Cheesecake,251000.0,0,0.13,13,3.5,0
2024-03-23,Tous Les Jours,Macaron,49000.0,0,0.198,18,3.9,1
2024-03-23,Tous Les Jours,Éclair,70000.0,0,0.144,8,3.7,1
2024-03-23,Tous Les Jours,Croissant,42000.0,0,0.083,7,3.9,1
2024-03-23,Tous Les Jours,Red Velvet Cake,309000.0,0,0.144,17,4.6,1
2024-03-23,ABC Bakery,Tiramisu,237000.0,0,0.097,4,3.8,0
2024-03-23,ABC Bakery,Cheesecake,199000.0,0,0.225,18,3.6,0
2024-03-23,ABC Bakery,Macaron,43000.0,0,0.233,21,4.3,1
2024-03-23,ABC Bakery,Éclair,60000.0,0,0.155,14,4.4,1
2024-03-23,ABC Bakery,Croissant,35000.0,0,0.173,6,3.8,0
2024-03-23,ABC Bakery,Red Velvet Cake,264000.0,0,0.194,14,4.8,1
2024-03-23,Givral,Tiramisu,212000.0,0,0.055,9,3.9,0
2024-03-23,Givral,Cheesecake,194000.0,0,0.18,5,4.4,1
2024-03-23,Givral,Macaron,38000.0,0,0.217,3,4.6,0
2024-03-23,Givral,Éclair,55000.0,0,0.071,19,4.3,1
2024-03-23,Givral,Croissant,33000.0,0,0.092,6,4.8,1
2024-03-23,Givral,Red Velvet Cake,234000.0,0,0.19,8,3.6,1
2024-03-23,Local Bakery A,Tiramisu,213000.0,0,0.091,16,3.5,1
2024-03-23,Local Bakery A,Cheesecake,184000.0,0,0.197,6,4.0,1
2024-03-23,Local Bakery A,Macaron,37000.0,0,0.226,21,3.7,1
2024-03-23,Local Bakery A,Éclair,54000.0,0,0.091,19,4.5,1
2024-03-23,Local Bakery A,Croissant,31000.0,0,0.076,20,3.5,1
2024-03-23,Local Bakery A,Red Velvet Cake,236000.0,0,0.244,4,4.4,1
2024-03-23,Supermarket Chain,Tiramisu,164000.0,0,0.093,16,4.6,1
2024-03-23,Supermarket Chain,Cheesecake,136000.0,0,0.219,15,4.4,1
2024-03-23,Supermarket Chain,Macaron,28000.0,0,0.121,15,4.5,1
2024-03-23,Supermarket Chain,Éclair,42000.0,0,0.154,19,4.1,1
2024-03-23,Supermarket Chain,Croissant,20000.0,1,0.112,19,3.5,1
2024-03-23,Supermarket Chain,Red Velvet Cake,184000.0,0,0.243,24,4.2,0
2024-03-24,Paris Baguette,Tiramisu,250000.0,1,0.191,3,4.6,0
2024-03-24,Paris Baguette,Cheesecake,254000.0,0,0.221,21,4.6,0
2024-03-24,Paris Baguette,Macaron,51000.0,0,0.213,24,3.5,0
2024-03-24,Paris Baguette,Éclair,73000.0,0,0.125,2,4.1,1
2024-03-24,Paris Baguette,Croissant,46000.0,0,0.186,12,4.6,0
2024-03-24,Paris Baguette,Red Velvet Cake,274000.0,1,0.165,6,3.7,1
2024-03-24,Tous Les Jours,Tiramisu,270000.0,0,0.07,12,4.7,0
2024-03-24,Tous Les Jours,Cheesecake,242000.0,0,0.075,17,4.4,0
2024-03-24,Tous Les Jours,Macaron,50000.0,0,0.089,18,3.8,1
2024-03-24,Tous Les Jours,Éclair,75000.0,0,0.084,4,4.0,1
2024-03-24,Tous Les Jours,Croissant,44000.0,0,0.18,1,4.3,1
2024-03-24,Tous Les Jours,Red Velvet Cake,304000.0,0,0.188,9,3.8,0
2024-03-24,ABC Bakery,Tiramisu,242000.0,0,0.246,11,3.6,0
2024-03-24,ABC Bakery,Cheesecake,193000.0,0,0.153,13,4.2,1
2024-03-24,ABC Bakery,Macaron,42000.0,0,0.151,5,4.5,0
2024-03-24,ABC Bakery,Éclair,58000.0,0,0.113,10,4.3,1
2024-03-24,ABC Bakery,Croissant,34000.0,0,0.089,23,4.8,1
2024-03-24,ABC Bakery,Red Velvet Cake,252000.0,0,0.145,6,4.4,0
2024-03-24,Givral,Tiramisu,230000.0,0,0.052,19,4.7,0
2024-03-24,Givral,Cheesecake,185000.0,0,0.152,23,4.1,1
2024-03-24,Givral,Macaron,38000.0,0,0.218,18,3.6,1
2024-03-24,Givral,Éclair,57000.0,0,0.109,23,4.4,1
2024-03-24,Givral,Croissant,34000.0,0,0.219,4,3.5,1
2024-03-24,Givral,Red Velvet Cake,255000.0,0,0.096,23,3.6,1
2024-03-24,Local Bakery A,Tiramisu,208000.0,0,0.179,7,4.2,1
2024-03-24,Local Bakery A,Cheesecake,185000.0,0,0.143,10,4.5,1
2024-03-24,Local Bakery A,Macaron,36000.0,0,0.183,22,4.1,1
2024-03-24,Local Bakery A,Éclair,52000.0,0,0.123,10,4.2,1
2024-03-24,Local Bakery A,Croissant,33000.0,0,0.054,16,3.9,1
2024-03-24,Local Bakery A,Red Velvet Cake,234000.0,0,0.221,4,3.9,1
2024-03-24,Supermarket Chain,Tiramisu,157000.0,0,0.143,1,4.4,1
2024-03-24,Supermarket Chain,Cheesecake,141000.0,0,0.224,15,4.3,1
2024-03-24,Supermarket Chain,Macaron,28000.0,0,0.054,17,4.8,1
2024-03-24,Supermarket Chain,Éclair,41000.0,0,0.069,2,3.8,0
2024-03-24,Supermarket Chain,Croissant,25000.0,0,0.056,17,3.9,1
2024-03-24,Supermarket Chain,Red Velvet Cake,180000.0,0,0.213,17,3.6,1
2024-03-25,Paris Baguette,Tiramisu,290000.0,0,0.163,10,4.2,1
2024-03-25,Paris Baguette,Cheesecake,241000.0,0,0.055,23,4.0,1
2024-03-25,Paris Baguette,Macaron,41000.0,1,0.22,4,4.7,0
2024-03-25,Paris Baguette,Éclair,69000.0,0,0.185,18,3.7,0
2024-03-25,Paris Baguette,Croissant,43000.0,0,0.158,8,4.3,1
2024-03-25,Paris Baguette,Red Velvet Cake,297000.0,0,0.113,15,3.8,0
2024-03-25,Tous Les Jours,Tiramisu,263000.0,0,0.13,7,4.2,1
2024-03-25,Tous Les Jours,Cheesecake,231000.0,0,0.057,24,3.7,1
2024-03-25,Tous Les Jours,Macaron,47000.0,0,0.085,22,3.6,1
2024-03-25,Tous Les Jours,Éclair,67000.0,0,0.055,8,4.2,1
2024-03-25,Tous Les Jours,Croissant,39000.0,0,0.193,15,4.8,1
2024-03-25,Tous Les Jours,Red Velvet Cake,286000.0,0,0.111,23,4.7,1
2024-03-25,ABC Bakery,Tiramisu,226000.0,0,0.054,18,4.5,0
2024-03-25,ABC Bakery,Cheesecake,186000.0,0,0.195,13,4.3,1
2024-03-25,ABC Bakery,Macaron,38000.0,0,0.197,15,3.8,1
2024-03-25,ABC Bakery,Éclair,56000.0,0,0.133,8,4.7,1
2024-03-25,ABC Bakery,Croissant,33000.0,0,0.091,23,4.7,0
2024-03-25,ABC Bakery,Red Velvet Cake,246000.0,0,0.083,24,3.5,0
2024-03-25,Givral,Tiramisu,214000.0,0,0.148,17,3.9,1
2024-03-25,Givral,Cheesecake,183000.0,0,0.237,12,4.8,0
2024-03-25,Givral,Macaron,37000.0,0,0.124,14,4.1,0
2024-03-25,Givral,Éclair,53000.0,0,0.137,2,4.5,1
2024-03-25,Givral,Croissant,31000.0,0,0.058,11,4.4,1
2024-03-25,Givral,Red Velvet Cake,244000.0,0,0.161,11,4.3,0
2024-03-25,Local Bakery A,Tiramisu,151000.0,1,0.116,18,4.5,1
2024-03-25,Local Bakery A,Cheesecake,171000.0,0,0.053,1,4.1,0
2024-03-25,Local Bakery A,Macaron,35000.0,0,0.053,8,4.1,0
2024-03-25,Local Bakery A,Éclair,49000.0,0,0.183,3,3.7,1
2024-03-25,Local Bakery A,Croissant,31000.0,0,0.122,18,4.6,0
2024-03-25,Local Bakery A,Red Velvet Cake,214000.0,0,0.17,19,4.6,1
2024-03-25,Supermarket Chain,Tiramisu,149000.0,0,0.21,9,4.8,1
2024-03-25,Supermarket Chain,Cheesecake,136000.0,0,0.103,23,4.1,1
2024-03-25,Supermarket Chain,Macaron,24000.0,1,0.186,24,4.4,0
2024-03-25,Supermarket Chain,Éclair,40000.0,0,0.123,8,4.4,1
2024-03-25,Supermarket Chain,Croissant,22000.0,0,0.061,7,4.8,0
2024-03-25,Supermarket Chain,Red Velvet Cake,146000.0,1,0.126,23,4.0,0
2024-03-26,Paris Baguette,Tiramisu,285000.0,0,0.159,11,4.2,1
2024-03-26,Paris Baguette,Cheesecake,230000.0,0,0.113,9,4.5,1
2024-03-26,Paris Baguette,Macaron,48000.0,0,0.245,4,3.7,1
2024-03-26,Paris Baguette,Éclair,69000.0,0,0.245,8,4.2,0
2024-03-26,Paris Baguette,Croissant,31000.0,1,0.24,7,4.5,0
2024-03-26,Paris Baguette,Red Velvet Cake,211000.0,1,0.215,19,3.7,1
2024-03-26,Tous Les Jours,Tiramisu,261000.0,0,0.13,17,3.8,1
2024-03-26,Tous Les Jours,Cheesecake,223000.0,0,0.123,2,4.2,1
2024-03-26,Tous Les Jours,Macaron,36000.0,1,0.151,17,4.2,1
2024-03-26,Tous Les Jours,Éclair,66000.0,0,0.24,11,4.4,1
2024-03-26,Tous Les Jours,Croissant,41000.0,0,0.107,14,3.9,1
2024-03-26,Tous Les Jours,Red Velvet Cake,288000.0,0,0.066,13,4.5,0
2024-03-26,ABC Bakery,Tiramisu,224000.0,0,0.158,23,3.8,1
2024-03-26,ABC Bakery,Cheesecake,198000.0,0,0.235,24,4.2,1
2024-03-26,ABC Bakery,Macaron,38000.0,0,0.114,14,4.3,1
2024-03-26,ABC Bakery,Éclair,60000.0,0,0.216,8,4.2,1
2024-03-26,ABC Bakery,Croissant,33000.0,0,0.1,10,3.9,0
2024-03-26,ABC Bakery,Red Velvet Cake,250000.0,0,0.149,21,4.6,1
2024-03-26,Givral,Tiramisu,209000.0,0,0.162,6,3.8,1
2024-03-26,Givral,Cheesecake,124000.0,1,0.129,10,3.9,1
2024-03-26,Givral,Macaron,31000.0,1,0.14,18,4.0,1
2024-03-26,Givral,Éclair,54000.0,0,0.2,15,3.9,1
2024-03-26,Givral,Croissant,32000.0,0,0.078,7,3.7,1
2024-03-26,Givral,Red Velvet Cake,229000.0,0,0.174,15,4.1,1
2024-03-26,Local Bakery A,Tiramisu,195000.0,0,0.208,21,3.8,1
2024-03-26,Local Bakery A,Cheesecake,177000.0,0,0.058,6,4.8,1
2024-03-26,Local Bakery A,Macaron,35000.0,0,0.248,12,3.7,0
2024-03-26,Local Bakery A,Éclair,51000.0,0,0.083,11,3.5,1
2024-03-26,Local Bakery A,Croissant,30000.0,0,0.241,21,3.9,0
2024-03-26,Local Bakery A,Red Velvet Cake,225000.0,0,0.129,6,4.4,1
2024-03-26,Supermarket Chain,Tiramisu,149000.0,0,0.053,12,4.0,1
2024-03-26,Supermarket Chain,Cheesecake,107000.0,1,0.231,10,4.6,1
2024-03-26,Supermarket Chain,Macaron,20000.0,1,0.167,19,4.3,0
2024-03-26,Supermarket Chain,Éclair,40000.0,0,0.107,17,4.3,1
2024-03-26,Supermarket Chain,Croissant,25000.0,0,0.085,12,3.6,1
2024-03-26,Supermarket Chain,Red Velvet Cake,171000.0,0,0.193,12,4.0,1
2024-03-27,Paris Baguette,Tiramisu,288000.0,0,0.164,11,4.4,1
2024-03-27,Paris Baguette,Cheesecake,237000.0,0,0.22,20,3.5,1
2024-03-27,Paris Baguette,Macaron,50000.0,0,0.052,10,4.2,1
2024-03-27,Paris Baguette,Éclair,69000.0,0,0.051,13,4.7,1
2024-03-27,Paris Baguette,Croissant,39000.0,0,0.243,19,3.9,1
2024-03-27,Paris Baguette,Red Velvet Cake,295000.0,0,0.195,24,4.8,0
2024-03-27,Tous Les Jours,Tiramisu,256000.0,0,0.143,14,4.4,0
2024-03-27,Tous Les Jours,Cheesecake,224000.0,0,0.154,16,3.8,1
2024-03-27,Tous Les Jours,Macaron,47000.0,0,0.242,12,3.7,0
2024-03-27,Tous Les Jours,Éclair,68000.0,0,0.073,14,4.5,1
2024-03-27,Tous Les Jours,Croissant,40000.0,0,0.193,8,3.5,1
2024-03-27,Tous Les Jours,Red Velvet Cake,286000.0,0,0.061,20,4.1,1
2024-03-27,ABC Bakery,Tiramisu,225000.0,0,0.14,14,4.0,0
2024-03-27,ABC Bakery,Cheesecake,184000.0,0,0.17,5,4.7,1
2024-03-27,ABC Bakery,Macaron,39000.0,0,0.206,12,3.6,1
2024-03-27,ABC Bakery,Éclair,55000.0,0,0.215,18,3.6,1
2024-03-27,ABC Bakery,Croissant,34000.0,0,0.054,14,4.2,0
2024-03-27,ABC Bakery,Red Velvet Cake,253000.0,0,0.051,2,3.5,0
2024-03-27,Givral,Tiramisu,214000.0,0,0.119,23,4.5,1
2024-03-27,Givral,Cheesecake,182000.0,0,0.178,23,3.8,1
2024-03-27,Givral,Macaron,36000.0,0,0.106,1,4.1,0
2024-03-27,Givral,Éclair,55000.0,0,0.112,17,4.3,1
2024-03-27,Givral,Croissant,32000.0,0,0.092,15,4.6,1
2024-03-27,Givral,Red Velvet Cake,239000.0,0,0.213,11,3.6,1
2024-03-27,Local Bakery A,Tiramisu,192000.0,0,0.101,9,4.2,1
2024-03-27,Local Bakery A,Cheesecake,176000.0,0,0.206,21,4.5,0
2024-03-27,Local Bakery A,Macaron,37000.0,0,0.1,3,3.8,0
2024-03-27,Local Bakery A,Éclair,50000.0,0,0.07,17,4.1,1
2024-03-27,Local Bakery A,Croissant,31000.0,0,0.147,21,3.7,1
2024-03-27,Local Bakery A,Red Velvet Cake,203000.0,1,0.172,19,4.2,1
2024-03-27,Supermarket Chain,Tiramisu,112000.0,1,0.245,6,3.9,0
2024-03-27,Supermarket Chain,Cheesecake,132000.0,0,0.096,21,4.0,1
2024-03-27,Supermarket Chain,Macaron,22000.0,1,0.104,19,3.6,1
2024-03-27,Supermarket Chain,Éclair,38000.0,0,0.19,13,4.4,0
2024-03-27,Supermarket Chain,Croissant,24000.0,0,0.246,24,3.9,0
2024-03-27,Supermarket Chain,Red Velvet Cake,163000.0,0,0.111,13,3.7,1
2024-03-28,Paris Baguette,Tiramisu,266000.0,0,0.06,18,4.3,1
2024-03-28,Paris Baguette,Cheesecake,230000.0,0,0.075,5,3.8,1
2024-03-28,Paris Baguette,Macaron,49000.0,0,0.059,11,4.7,1
2024-03-28,Paris Baguette,Éclair,69000.0,0,0.165,18,3.7,1
2024-03-28,Paris Baguette,Croissant,41000.0,0,0.22,11,4.8,1
2024-03-28,Paris Baguette,Red Velvet Cake,313000.0,0,0.228,13,3.7,1
2024-03-28,Tous Les Jours,Tiramisu,266000.0,0,0.123,24,4.1,1
2024-03-28,Tous Les Jours,Cheesecake,225000.0,0,0.172,22,4.7,1
2024-03-28,Tous Les Jours,Macaron,49000.0,0,0.188,5,4.4,0
2024-03-28,Tous Les Jours,Éclair,49000.0,1,0.083,9,4.1,0
2024-03-28,Tous Les Jours,Croissant,42000.0,0,0.182,2,4.0,0
2024-03-28,Tous Les Jours,Red Velvet Cake,294000.0,0,0.147,8,3.5,1
2024-03-28,ABC Bakery,Tiramisu,224000.0,0,0.152,24,3.5,1
2024-03-28,ABC Bakery,Cheesecake,203000.0,0,0.23,3,4.7,0
2024-03-28,ABC Bakery,Macaron,39000.0,0,0.211,5,3.8,1
2024-03-28,ABC Bakery,Éclair,52000.0,0,0.187,20,4.5,0
2024-03-28,ABC Bakery,Croissant,33000.0,0,0.159,15,4.8,1
2024-03-28,ABC Bakery,Red Velvet Cake,255000.0,0,0.174,7,3.5,1
2024-03-28,Givral,Tiramisu,148000.0,1,0.113,17,4.0,1
2024-03-28,Givral,Cheesecake,182000.0,0,0.236,10,4.0,1
2024-03-28,Givral,Macaron,27000.0,1,0.058,20,4.3,1
2024-03-28,Givral,Éclair,50000.0,0,0.16,13,4.3,1
2024-03-28,Givral,Croissant,23000.0,1,0.134,6,3.7,0
2024-03-28,Givral,Red Velvet Cake,168000.0,1,0.194,22,4.0,1
2024-03-28,Local Bakery A,Tiramisu,193000.0,0,0.157,11,3.6,0
2024-03-28,Local Bakery A,Cheesecake,176000.0,0,0.198,6,3.8,1
2024-03-28,Local Bakery A,Macaron,36000.0,0,0.089,5,4.6,1
2024-03-28,Local Bakery A,Éclair,51000.0,0,0.142,14,4.7,1
2024-03-28,Local Bakery A,Croissant,31000.0,0,0.192,2,4.2,1
2024-03-28,Local Bakery A,Red Velvet Cake,224000.0,0,0.058,20,3.8,1
2024-03-28,Supermarket Chain,Tiramisu,151000.0,0,0.134,14,3.9,1
2024-03-28,Supermarket Chain,Cheesecake,115000.0,1,0.221,6,4.0,1
2024-03-28,Supermarket Chain,Macaron,26000.0,0,0.126,21,4.8,0
2024-03-28,Supermarket Chain,Éclair,39000.0,0,0.147,23,4.3,0
2024-03-28,Supermarket Chain,Croissant,22000.0,0,0.249,1,4.6,1
2024-03-28,Supermarket Chain,Red Velvet Cake,172000.0,0,0.196,18,3.7,0
2024-03-29,Paris Baguette,Tiramisu,279000.0,0,0.056,6,4.1,0
2024-03-29,Paris Baguette,Cheesecake,232000.0,0,0.228,21,4.6,1
2024-03-29,Paris Baguette,Macaron,48000.0,0,0.231,20,4.7,1
2024-03-29,Paris Baguette,Éclair,71000.0,0,0.158,18,4.0,0
2024-03-29,Paris Baguette,Croissant,41000.0,0,0.222,6,4.2,1
2024-03-29,Paris Baguette,Red Velvet Cake,308000.0,0,0.169,24,3.8,1
2024-03-29,Tous Les Jours,Tiramisu,274000.0,0,0.176,12,4.0,1
2024-03-29,Tous Les Jours,Cheesecake,222000.0,0,0.086,7,4.1,0
2024-03-29,Tous Les Jours,Macaron,47000.0,0,0.086,16,3.6,1
2024-03-29,Tous Les Jours,Éclair,64000.0,0,0.218,4,3.6,1
2024-03-29,Tous Les Jours,Croissant,39000.0,0,0.112,5,4.6,0
2024-03-29,Tous Les Jours,Red Velvet Cake,299000.0,0,0.232,12,4.1,1
2024-03-29,ABC Bakery,Tiramisu,235000.0,0,0.197,5,4.3,1
2024-03-29,ABC Bakery,Cheesecake,190000.0,0,0.115,12,3.6,1
2024-03-29,ABC Bakery,Macaron,29000.0,1,0.089,14,4.6,0
2024-03-29,ABC Bakery,Éclair,55000.0,0,0.222,7,3.9,1
2024-03-29,ABC Bakery,Croissant,27000.0,1,0.061,19,4.3,1
2024-03-29,ABC Bakery,Red Velvet Cake,200000.0,1,0.143,10,4.2,0
2024-03-29,Givral,Tiramisu,204000.0,0,0.112,23,4.4,1
2024-03-29,Givral,Cheesecake,180000.0,0,0.121,15,4.6,1
2024-03-29,Givral,Macaron,36000.0,0,0.225,15,3.5,1
2024-03-29,Givral,Éclair,53000.0,0,0.129,5,3.9,1
2024-03-29,Givral,Croissant,34000.0,0,0.186,17,4.6,1
2024-03-29,Givral,Red Velvet Cake,231000.0,0,0.142,1,3.7,1
2024-03-29,Local Bakery A,Tiramisu,196000.0,0,0.133,18,4.6,1
2024-03-29,Local Bakery A,Cheesecake,180000.0,0,0.239,7,4.6,1
2024-03-29,Local Bakery A,Macaron,35000.0,0,0.173,6,4.6,0
2024-03-29,Local Bakery A,Éclair,50000.0,0,0.174,9,3.9,1
2024-03-29,Local Bakery A,Croissant,31000.0,0,0.127,2,4.3,1
2024-03-29,Local Bakery A,Red Velvet Cake,214000.0,0,0.075,20,4.0,0
2024-03-29,Supermarket Chain,Tiramisu,154000.0,0,0.168,21,3.5,1
2024-03-29,Supermarket Chain,Cheesecake,128000.0,0,0.121,16,3.5,1
2024-03-29,Supermarket Chain,Macaron,26000.0,0,0.164,22,3.6,1
2024-03-29,Supermarket Chain,Éclair,33000.0,1,0.082,16,4.7,1
2024-03-29,Supermarket Chain,Croissant,24000.0,0,0.204,20,4.7,1
2024-03-29,Supermarket Chain,Red Velvet Cake,167000.0,0,0.193,24,4.6,0
2024-03-30,Paris Baguette,Tiramisu,285000.0,0,0.067,6,3.6,1
2024-03-30,Paris Baguette,Cheesecake,248000.0,0,0.188,3,4.8,1
2024-03-30,Paris Baguette,Macaron,51000.0,0,0.191,23,3.5,1
2024-03-30,Paris Baguette,Éclair,70000.0,0,0.12,7,4.6,1
2024-03-30,Paris Baguette,Croissant,44000.0,0,0.213,4,4.8,1
2024-03-30,Paris Baguette,Red Velvet Cake,326000.0,0,0.102,23,4.6,1
2024-03-30,Tous Les Jours,Tiramisu,280000.0,0,0.182,22,3.9,1
2024-03-30,Tous Les Jours,Cheesecake,230000.0,0,0.076,14,4.2,0
2024-03-30,Tous Les Jours,Macaron,53000.0,0,0.204,2,3.6,0
2024-03-30,Tous Les Jours,Éclair,71000.0,0,0.072,5,4.6,1
2024-03-30,Tous Les Jours,Croissant,44000.0,0,0.214,23,4.0,1
2024-03-30,Tous Les Jours,Red Velvet Cake,214000.0,1,0.185,15,3.5,1
2024-03-30,ABC Bakery,Tiramisu,253000.0,0,0.192,3,3.5,0
2024-03-30,ABC Bakery,Cheesecake,197000.0,0,0.167,21,4.4,1
2024-03-30,ABC Bakery,Macaron,41000.0,0,0.156,4,3.7,1
2024-03-30,ABC Bakery,Éclair,61000.0,0,0.073,11,4.4,1
2024-03-30,ABC Bakery,Croissant,36000.0,0,0.079,14,4.3,1
2024-03-30,ABC Bakery,Red Velvet Cake,247000.0,0,0.139,13,3.8,0
2024-03-30,Givral,Tiramisu,225000.0,0,0.185,13,4.1,1
2024-03-30,Givral,Cheesecake,181000.0,0,0.068,18,3.6,1
2024-03-30,Givral,Macaron,39000.0,0,0.207,8,4.1,1
2024-03-30,Givral,Éclair,56000.0,0,0.065,11,4.0,1
2024-03-30,Givral,Croissant,35000.0,0,0.218,1,3.8,1
2024-03-30,Givral,Red Velvet Cake,240000.0,0,0.229,18,4.8,1
2024-03-30,Local Bakery A,Tiramisu,207000.0,0,0.218,15,4.3,1
2024-03-30,Local Bakery A,Cheesecake,178000.0,0,0.08,16,3.6,1
2024-03-30,Local Bakery A,Macaron,37000.0,0,0.229,4,4.1,1
2024-03-30,Local Bakery A,Éclair,44000.0,1,0.097,13,3.8,0
2024-03-30,Local Bakery A,Croissant,31000.0,0,0.229,24,4.5,1
2024-03-30,Local Bakery A,Red Velvet Cake,235000.0,0,0.225,9,4.8,1
2024-03-30,Supermarket Chain,Tiramisu,160000.0,0,0.144,23,4.4,1
2024-03-30,Supermarket Chain,Cheesecake,138000.0,0,0.242,7,3.7,0
2024-03-30,Supermarket Chain,Macaron,30000.0,0,0.167,22,4.6,1
2024-03-30,Supermarket Chain,Éclair,40000.0,0,0.144,18,3.7,1
2024-03-30,Supermarket Chain,Croissant,24000.0,0,0.249,12,3.8,1
2024-03-30,Supermarket Chain,Red Velvet Cake,175000.0,0,0.195,17,4.3,1
2024-03-31,Paris Baguette,Tiramisu,308000.0,0,0.106,10,4.4,1
2024-03-31,Paris Baguette,Cheesecake,258000.0,0,0.092,22,4.1,1
2024-03-31,Paris Baguette,Macaron,51000.0,0,0.059,20,4.8,1
2024-03-31,Paris Baguette,Éclair,71000.0,0,0.088,23,4.7,1
2024-03-31,Paris Baguette,Croissant,43000.0,0,0.061,9,3.8,1
2024-03-31,Paris Baguette,Red Velvet Cake,314000.0,0,0.071,3,4.6,1
2024-03-31,Tous Les Jours,Tiramisu,261000.0,0,0.138,24,3.9,1
2024-03-31,Tous Les Jours,Cheesecake,191000.0,1,0.187,20,4.7,1
2024-03-31,Tous Les Jours,Macaron,47000.0,0,0.09,2,4.2,1
2024-03-31,Tous Les Jours,Éclair,70000.0,0,0.087,21,4.3,1
2024-03-31,Tous Les Jours,Croissant,42000.0,0,0.181,8,4.1,0
2024-03-31,Tous Les Jours,Red Velvet Cake,319000.0,0,0.218,12,3.5,0
2024-03-31,ABC Bakery,Tiramisu,229000.0,0,0.237,10,4.5,0
2024-03-31,ABC Bakery,Cheesecake,202000.0,0,0.167,10,4.6,0
2024-03-31,ABC Bakery,Macaron,43000.0,0,0.225,15,4.0,0
2024-03-31,ABC Bakery,Éclair,60000.0,0,0.121,9,4.1,1
2024-03-31,ABC Bakery,Croissant,35000.0,0,0.211,20,4.3,1
2024-03-31,ABC Bakery,Red Velvet Cake,239000.0,0,0.119,10,4.0,1
2024-03-31,Givral,Tiramisu,219000.0,0,0.138,14,4.1,1
2024-03-31,Givral,Cheesecake,178000.0,0,0.135,22,4.1,1
2024-03-31,Givral,Macaron,40000.0,0,0.071,6,4.3,1
2024-03-31,Givral,Éclair,56000.0,0,0.131,17,3.6,0
2024-03-31,Givral,Croissant,34000.0,0,0.084,21,3.8,1
2024-03-31,Givral,Red Velvet Cake,237000.0,0,0.06,20,4.0,0
2024-03-31,Local Bakery A,Tiramisu,203000.0,0,0.096,8,4.6,0
2024-03-31,Local Bakery A,Cheesecake,180000.0,0,0.185,15,4.2,1
2024-03-31,Local Bakery A,Macaron,38000.0,0,0.097,17,4.3,0
2024-03-31,Local Bakery A,Éclair,53000.0,0,0.086,1,4.5,0
2024-03-31,Local Bakery A,Croissant,30000.0,0,0.158,12,4.4,0
2024-03-31,Local Bakery A,Red Velvet Cake,233000.0,0,0.249,23,3.7,0
2024-03-31,Supermarket Chain,Tiramisu,165000.0,0,0.186,16,4.8,1
2024-03-31,Supermarket Chain,Cheesecake,98000.0,1,0.157,16,4.5,1
2024-03-31,Supermarket Chain,Macaron,30000.0,0,0.087,4,4.3,1
2024-03-31,Supermarket Chain,Éclair,41000.0,0,0.147,19,3.7,1
2024-03-31,Supermarket Chain,Croissant,25000.0,0,0.164,20,4.4,1
2024-03-31,Supermarket Chain,Red Velvet Cake,184000.0,0,0.106,14,3.8,0
2024-04-01,Paris Baguette,Tiramisu,282000.0,0,0.175,24,4.7,1
2024-04-01,Paris Baguette,Cheesecake,231000.0,0,0.093,20,4.4,1
2024-04-01,Paris Baguette,Macaron,45000.0,0,0.226,9,3.9,1
2024-04-01,Paris Baguette,Éclair,69000.0,0,0.239,18,4.0,1
2024-04-01,Paris Baguette,Croissant,42000.0,0,0.156,14,4.4,1
2024-04-01,Paris Baguette,Red Velvet Cake,307000.0,0,0.213,1,4.6,1
2024-04-01,Tous Les Jours,Tiramisu,265000.0,0,0.056,10,3.5,1
2024-04-01,Tous Les Jours,Cheesecake,217000.0,0,0.116,17,4.6,0
2024-04-01,Tous Les Jours,Macaron,48000.0,0,0.147,16,3.8,0
2024-04-01,Tous Les Jours,Éclair,66000.0,0,0.092,5,4.3,1
2024-04-01,Tous Les Jours,Croissant,41000.0,0,0.056,9,4.5,1
2024-04-01,Tous Les Jours,Red Velvet Cake,289000.0,0,0.167,10,4.2,1
2024-04-01,ABC Bakery,Tiramisu,218000.0,0,0.205,11,4.1,1
2024-04-01,ABC Bakery,Cheesecake,156000.0,1,0.05,3,3.8,1
2024-04-01,ABC Bakery,Macaron,32000.0,1,0.15,11,4.6,1
2024-04-01,ABC Bakery,Éclair,56000.0,0,0.083,5,4.2,1
2024-04-01,ABC Bakery,Croissant,33000.0,0,0.131,14,3.5,1
2024-04-01,ABC Bakery,Red Velvet Cake,238000.0,0,0.138,16,3.6,1
2024-04-01,Givral,Tiramisu,202000.0,0,0.234,16,3.5,1
2024-04-01,Givral,Cheesecake,174000.0,0,0.1,12,4.4,1
2024-04-01,Givral,Macaron,29000.0,1,0.239,14,3.9,0
2024-04-01,Givral,Éclair,53000.0,0,0.11,12,4.5,0
2024-04-01,Givral,Croissant,31000.0,0,0.204,8,4.7,1
2024-04-01,Givral,Red Velvet Cake,232000.0,0,0.089,22,3.6,0
2024-04-01,Local Bakery A,Tiramisu,192000.0,0,0.222,9,4.0,1
2024-04-01,Local Bakery A,Cheesecake,170000.0,0,0.083,17,3.6,1
2024-04-01,Local Bakery A,Macaron,34000.0,0,0.219,15,4.6,1
2024-04-01,Local Bakery A,Éclair,53000.0,0,0.075,23,4.5,0
2024-04-01,Local Bakery A,Croissant,28000.0,0,0.18,11,3.8,0
2024-04-01,Local Bakery A,Red Velvet Cake,229000.0,0,0.082,12,3.8,0
2024-04-01,Supermarket Chain,Tiramisu,133000.0,1,0.052,5,4.8,1
2024-04-01,Supermarket Chain,Cheesecake,131000.0,0,0.127,8,4.5,1
2024-04-01,Supermarket Chain,Macaron,26000.0,0,0.207,5,4.3,1
2024-04-01,Supermarket Chain,Éclair,38000.0,0,0.183,13,4.4,0
2024-04-01,Supermarket Chain,Croissant,21000.0,1,0.159,10,3.5,1
2024-04-01,Supermarket Chain,Red Velvet Cake,176000.0,0,0.207,7,4.0,1
2024-04-02,Paris Baguette,Tiramisu,284000.0,0,0.176,24,3.8,1
2024-04-02,Paris Baguette,Cheesecake,228000.0,0,0.126,7,3.7,1
2024-04-02,Paris Baguette,Macaron,47000.0,0,0.161,13,4.4,1
2024-04-02,Paris Baguette,Éclair,68000.0,0,0.106,9,3.6,0
2024-04-02,Paris Baguette,Croissant,43000.0,0,0.152,6,4.6,1
2024-04-02,Paris Baguette,Red Velvet Cake,309000.0,0,0.189,5,4.7,0
2024-04-02,Tous Les Jours,Tiramisu,274000.0,0,0.226,15,4.4,1
2024-04-02,Tous Les Jours,Cheesecake,217000.0,0,0.192,13,4.3,1
2024-04-02,Tous Les Jours,Macaron,46000.0,0,0.193,9,3.8,1
2024-04-02,Tous Les Jours,Éclair,66000.0,0,0.148,21,4.7,1
2024-04-02,Tous Les Jours,Croissant,39000.0,0,0.161,3,4.4,1
2024-04-02,Tous Les Jours,Red Velvet Cake,304000.0,0,0.142,9,4.6,1
2024-04-02,ABC Bakery,Tiramisu,166000.0,1,0.111,19,3.7,1
2024-04-02,ABC Bakery,Cheesecake,188000.0,0,0.222,4,3.5,1
2024-04-02,ABC Bakery,Macaron,38000.0,0,0.15,15,4.2,1
2024-04-02,ABC Bakery,Éclair,55000.0,0,0.092,19,3.6,1
2024-04-02,ABC Bakery,Croissant,33000.0,0,0.09,17,4.7,1
2024-04-02,ABC Bakery,Red Velvet Cake,250000.0,0,0.116,22,3.7,0
2024-04-02,Givral,Tiramisu,205000.0,0,0.075,5,3.7,1
2024-04-02,Givral,Cheesecake,185000.0,0,0.054,14,3.5,1
2024-04-02,Givral,Macaron,38000.0,0,0.146,7,4.6,0
2024-04-02,Givral,Éclair,53000.0,0,0.212,5,3.5,0
2024-04-02,Givral,Croissant,29000.0,0,0.086,19,4.4,0
2024-04-02,Givral,Red Velvet Cake,228000.0,0,0.128,12,3.5,1
2024-04-02,Local Bakery A,Tiramisu,193000.0,0,0.087,7,4.0,0
2024-04-02,Local Bakery A,Cheesecake,173000.0,0,0.217,24,4.2,1
2024-04-02,Local Bakery A,Macaron,33000.0,0,0.093,5,4.2,1
2024-04-02,Local Bakery A,Éclair,50000.0,0,0.165,17,4.1,1
2024-04-02,Local Bakery A,Croissant,31000.0,0,0.205,12,4.7,1
2024-04-02,Local Bakery A,Red Velvet Cake,213000.0,0,0.179,4,4.6,1
2024-04-02,Supermarket Chain,Tiramisu,158000.0,0,0.133,3,4.4,1
2024-04-02,Supermarket Chain,Cheesecake,133000.0,0,0.234,2,3.8,1
2024-04-02,Supermarket Chain,Macaron,27000.0,0,0.138,8,4.4,1
2024-04-02,Supermarket Chain,Éclair,28000.0,1,0.062,19,4.2,0
2024-04-02,Supermarket Chain,Croissant,23000.0,0,0.213,18,4.1,1
2024-04-02,Supermarket Chain,Red Velvet Cake,176000.0,0,0.239,18,4.1,0
2024-04-03,Paris Baguette,Tiramisu,278000.0,0,0.11,16,3.7,1
2024-04-03,Paris Baguette,Cheesecake,231000.0,0,0.117,21,4.7,0
2024-04-03,Paris Baguette,Macaron,48000.0,0,0.213,20,4.0,1
2024-04-03,Paris Baguette,Éclair,60000.0,1,0.21,7,4.6,1
2024-04-03,Paris Baguette,Croissant,42000.0,0,0.214,13,3.6,1
2024-04-03,Paris Baguette,Red Velvet Cake,309000.0,0,0.145,10,4.8,1
2024-04-03,Tous Les Jours,Tiramisu,266000.0,0,0.184,1,3.7,1
2024-04-03,Tous Les Jours,Cheesecake,220000.0,0,0.106,21,4.2,1
2024-04-03,Tous Les Jours,Macaron,45000.0,0,0.213,2,4.4,1
2024-04-03,Tous Les Jours,Éclair,57000.0,1,0.072,19,4.6,0
2024-04-03,Tous Les Jours,Croissant,39000.0,0,0.176,9,4.0,0
2024-04-03,Tous Les Jours,Red Velvet Cake,289000.0,0,0.086,3,3.6,0
2024-04-03,ABC Bakery,Tiramisu,230000.0,0,0.106,22,4.8,1
2024-04-03,ABC Bakery,Cheesecake,190000.0,0,0.235,17,4.8,0
2024-04-03,ABC Bakery,Macaron,38000.0,0,0.175,12,3.7,1
2024-04-03,ABC Bakery,Éclair,56000.0,0,0.164,15,4.4,0
2024-04-03,ABC Bakery,Croissant,33000.0,0,0.248,16,4.4,1
2024-04-03,ABC Bakery,Red Velvet Cake,254000.0,0,0.101,10,4.0,1
2024-04-03,Givral,Tiramisu,220000.0,0,0.15,14,4.0,1
2024-04-03,Givral,Cheesecake,179000.0,0,0.127,8,4.0,1
2024-04-03,Givral,Macaron,35000.0,0,0.117,1,4.5,0
2024-04-03,Givral,Éclair,52000.0,0,0.074,2,3.8,1
2024-04-03,Givral,Croissant,27000.0,1,0.185,13,4.1,1
2024-04-03,Givral,Red Velvet Cake,226000.0,0,0.197,11,3.5,1
2024-04-03,Local Bakery A,Tiramisu,178000.0,0,0.055,17,4.7,1
2024-04-03,Local Bakery A,Cheesecake,163000.0,0,0.085,6,4.6,1
2024-04-03,Local Bakery A,Macaron,34000.0,0,0.065,16,4.1,1
2024-04-03,Local Bakery A,Éclair,50000.0,0,0.053,16,3.8,1
2024-04-03,Local Bakery A,Croissant,30000.0,0,0.053,11,4.3,0
2024-04-03,Local Bakery A,Red Velvet Cake,216000.0,0,0.143,9,3.8,1
2024-04-03,Supermarket Chain,Tiramisu,153000.0,0,0.236,9,4.0,1
2024-04-03,Supermarket Chain,Cheesecake,129000.0,0,0.244,16,3.7,1
2024-04-03,Supermarket Chain,Macaron,19000.0,1,0.197,12,4.4,0
2024-04-03,Supermarket Chain,Éclair,39000.0,0,0.133,3,4.3,1
2024-04-03,Supermarket Chain,Croissant,24000.0,0,0.095,18,3.8,1
2024-04-03,Supermarket Chain,Red Velvet Cake,170000.0,0,0.15,13,4.2,1
2024-04-04,Paris Baguette,Tiramisu,214000.0,1,0.136,5,4.1,0
2024-04-04,Paris Baguette,Cheesecake,233000.0,0,0.139,9,4.7,0
2024-04-04,Paris Baguette,Macaron,47000.0,0,0.146,14,3.8,0
2024-04-04,Paris Baguette,Éclair,53000.0,1,0.125,2,4.4,0
2024-04-04,Paris Baguette,Croissant,40000.0,0,0.195,23,4.2,1
2024-04-04,Paris Baguette,Red Velvet Cake,304000.0,0,0.224,20,4.1,0
2024-04-04,Tous Les Jours,Tiramisu,267000.0,0,0.057,18,4.7,0
2024-04-04,Tous Les Jours,Cheesecake,227000.0,0,0.19,16,4.7,1
2024-04-04,Tous Les Jours,Macaron,47000.0,0,0.206,2,4.5,1
2024-04-04,Tous Les Jours,Éclair,65000.0,0,0.113,5,4.6,1
2024-04-04,Tous Les Jours,Croissant,29000.0,1,0.06,8,4.7,0
2024-04-04,Tous Les Jours,Red Velvet Cake,285000.0,0,0.129,15,4.1,1
2024-04-04,ABC Bakery,Tiramisu,215000.0,0,0.052,3,4.6,1
2024-04-04,ABC Bakery,Cheesecake,190000.0,0,0.199,9,4.4,0
2024-04-04,ABC Bakery,Macaron,40000.0,0,0.123,22,3.7,1
2024-04-04,ABC Bakery,Éclair,55000.0,0,0.173,18,3.5,0
2024-04-04,ABC Bakery,Croissant,32000.0,0,0.211,24,3.6,1
2024-04-04,ABC Bakery,Red Velvet Cake,248000.0,0,0.193,8,3.6,1
2024-04-04,Givral,Tiramisu,209000.0,0,0.081,8,4.4,1
2024-04-04,Givral,Cheesecake,179000.0,0,0.241,1,3.8,1
2024-04-04,Givral,Macaron,35000.0,0,0.203,11,4.1,0
2024-04-04,Givral,Éclair,54000.0,0,0.217,6,3.8,0
2024-04-04,Givral,Croissant,31000.0,0,0.082,21,3.9,1
2024-04-04,Givral,Red Velvet Cake,170000.0,1,0.12,1,3.8,1
2024-04-04,Local Bakery A,Tiramisu,192000.0,0,0.094,14,3.7,1
2024-04-04,Local Bakery A,Cheesecake,161000.0,0,0.068,22,3.9,0
2024-04-04,Local Bakery A,Macaron,35000.0,0,0.051,4,4.7,0
2024-04-04,Local Bakery A,Éclair,50000.0,0,0.163,2,4.6,0
2024-04-04,Local Bakery A,Croissant,26000.0,1,0.195,21,4.0,1
2024-04-04,Local Bakery A,Red Velvet Cake,228000.0,0,0.222,14,4.8,1
2024-04-04,Supermarket Chain,Tiramisu,158000.0,0,0.054,18,4.2,1
2024-04-04,Supermarket Chain,Cheesecake,113000.0,1,0.16,23,3.6,1
2024-04-04,Supermarket Chain,Macaron,26000.0,0,0.154,3,3.7,1
2024-04-04,Supermarket Chain,Éclair,38000.0,0,0.175,22,4.4,1
2024-04-04,Supermarket Chain,Croissant,17000.0,1,0.054,13,4.3,1
2024-04-04,Supermarket Chain,Red Velvet Cake,174000.0,0,0.113,9,4.4,1
2024-04-05,Paris Baguette,Tiramisu,294000.0,0,0.173,1,3.9,1
2024-04-05,Paris Baguette,Cheesecake,238000.0,0,0.098,10,4.8,1
2024-04-05,Paris Baguette,Macaron,48000.0,0,0.23,22,4.6,1
2024-04-05,Paris Baguette,Éclair,49000.0,1,0.194,7,4.3,1
2024-04-05,Paris Baguette,Croissant,39000.0,0,0.239,6,4.7,0
2024-04-05,Paris Baguette,Red Velvet Cake,287000.0,0,0.125,8,3.7,1
2024-04-05,Tous Les Jours,Tiramisu,265000.0,0,0.213,5,4.2,0
2024-04-05,Tous Les Jours,Cheesecake,167000.0,1,0.081,14,4.0,1
2024-04-05,Tous Les Jours,Macaron,45000.0,0,0.081,18,4.6,1
2024-04-05,Tous Les Jours,Éclair,67000.0,0,0.133,22,4.6,0
2024-04-05,Tous Les Jours,Croissant,40000.0,0,0.217,19,3.7,0
2024-04-05,Tous Les Jours,Red Velvet Cake,292000.0,0,0.11,2,3.6,1
2024-04-05,ABC Bakery,Tiramisu,218000.0,0,0.197,1,4.1,1
2024-04-05,ABC Bakery,Cheesecake,129000.0,1,0.082,9,4.4,1
2024-04-05,ABC Bakery,Macaron,39000.0,0,0.085,4,4.5,1
2024-04-05,ABC Bakery,Éclair,54000.0,0,0.181,4,3.6,1
2024-04-05,ABC Bakery,Croissant,33000.0,0,0.239,14,3.6,1
2024-04-05,ABC Bakery,Red Velvet Cake,234000.0,0,0.18,5,4.2,0
2024-04-05,Givral,Tiramisu,210000.0,0,0.161,8,4.2,1
2024-04-05,Givral,Cheesecake,136000.0,1,0.157,17,4.4,1
2024-04-05,Givral,Macaron,32000.0,1,0.156,2,4.0,0
2024-04-05,Givral,Éclair,52000.0,0,0.169,23,4.5,1
2024-04-05,Givral,Croissant,32000.0,0,0.223,5,4.3,1
2024-04-05,Givral,Red Velvet Cake,230000.0,0,0.11,9,4.0,1
2024-04-05,Local Bakery A,Tiramisu,198000.0,0,0.194,14,3.8,1
2024-04-05,Local Bakery A,Cheesecake,181000.0,0,0.231,8,3.8,1
2024-04-05,Local Bakery A,Macaron,35000.0,0,0.175,5,3.8,1
2024-04-05,Local Bakery A,Éclair,51000.0,0,0.08,21,3.5,1
2024-04-05,Local Bakery A,Croissant,22000.0,1,0.144,20,3.8,1
2024-04-05,Local Bakery A,Red Velvet Cake,211000.0,0,0.185,8,4.7,1
2024-04-05,Supermarket Chain,Tiramisu,159000.0,0,0.234,1,4.8,1
2024-04-05,Supermarket Chain,Cheesecake,94000.0,1,0.164,15,4.7,1
2024-04-05,Supermarket Chain,Macaron,27000.0,0,0.195,4,4.3,1
2024-04-05,Supermarket Chain,Éclair,30000.0,1,0.209,2,3.9,0
2024-04-05,Supermarket Chain,Croissant,19000.0,1,0.122,5,3.7,1
2024-04-05,Supermarket Chain,Red Velvet Cake,169000.0,0,0.125,24,3.6,1
2024-04-06,Paris Baguette,Tiramisu,306000.0,0,0.243,2,4.3,1
2024-04-06,Paris Baguette,Cheesecake,255000.0,0,0.143,14,3.6,1
2024-04-06,Paris Baguette,Macaron,51000.0,0,0.174,14,3.6,1
2024-04-06,Paris Baguette,Éclair,57000.0,1,0.086,16,4.7,0
2024-04-06,Paris Baguette,Croissant,44000.0,0,0.05,22,4.4,0
2024-04-06,Paris Baguette,Red Velvet Cake,229000.0,1,0.115,20,4.3,1
2024-04-06,Tous Les Jours,Tiramisu,267000.0,0,0.228,16,3.9,0
2024-04-06,Tous Les Jours,Cheesecake,239000.0,0,0.171,24,4.2,1
2024-04-06,Tous Les Jours,Macaron,49000.0,0,0.157,15,4.0,1
2024-04-06,Tous Les Jours,Éclair,70000.0,0,0.166,16,4.5,1
2024-04-06,Tous Les Jours,Croissant,43000.0,0,0.086,6,3.9,0
2024-04-06,Tous Les Jours,Red Velvet Cake,317000.0,0,0.204,15,3.8,1
2024-04-06,ABC Bakery,Tiramisu,225000.0,0,0.182,10,4.7,1
2024-04-06,ABC Bakery,Cheesecake,190000.0,0,0.135,19,4.2,1
2024-04-06,ABC Bakery,Macaron,41000.0,0,0.137,17,3.9,0
2024-04-06,ABC Bakery,Éclair,59000.0,0,0.191,6,3.6,0
2024-04-06,ABC Bakery,Croissant,33000.0,0,0.152,4,4.4,1
2024-04-06,ABC Bakery,Red Velvet Cake,246000.0,0,0.221,23,4.0,1
2024-04-06,Givral,Tiramisu,219000.0,0,0.126,12,4.6,1
2024-04-06,Givral,Cheesecake,180000.0,0,0.132,5,4.8,0
2024-04-06,Givral,Macaron,39000.0,0,0.181,11,3.9,1
2024-04-06,Givral,Éclair,55000.0,0,0.15,17,4.6,1
2024-04-06,Givral,Croissant,31000.0,0,0.145,11,4.0,0
2024-04-06,Givral,Red Velvet Cake,237000.0,0,0.183,23,4.2,1
2024-04-06,Local Bakery A,Tiramisu,214000.0,0,0.224,12,4.7,1
2024-04-06,Local Bakery A,Cheesecake,172000.0,0,0.054,2,3.7,1
2024-04-06,Local Bakery A,Macaron,27000.0,1,0.195,6,4.5,1
2024-04-06,Local Bakery A,Éclair,52000.0,0,0.162,1,3.6,1
2024-04-06,Local Bakery A,Croissant,31000.0,0,0.152,15,4.2,1
2024-04-06,Local Bakery A,Red Velvet Cake,228000.0,0,0.178,4,4.4,1
2024-04-06,Supermarket Chain,Tiramisu,149000.0,0,0.185,8,3.7,1
2024-04-06,Supermarket Chain,Cheesecake,134000.0,0,0.132,9,3.9,1
2024-04-06,Supermarket Chain,Macaron,28000.0,0,0.162,8,4.6,0
2024-04-06,Supermarket Chain,Éclair,41000.0,0,0.175,7,4.2,1
2024-04-06,Supermarket Chain,Croissant,24000.0,0,0.108,10,4.4,1
2024-04-06,Supermarket Chain,Red Velvet Cake,181000.0,0,0.135,7,3.6,0
2024-04-07,Paris Baguette,Tiramisu,281000.0,0,0.221,6,4.4,0
2024-04-07,Paris Baguette,Cheesecake,247000.0,0,0.069,7,4.5,0
2024-04-07,Paris Baguette,Macaron,51000.0,0,0.24,18,4.4,1
2024-04-07,Paris Baguette,Éclair,71000.0,0,0.149,15,4.4,1
2024-04-07,Paris Baguette,Croissant,43000.0,0,0.088,24,3.9,0
2024-04-07,Paris Baguette,Red Velvet Cake,327000.0,0,0.067,15,4.7,0
2024-04-07,Tous Les Jours,Tiramisu,231000.0,1,0.234,7,4.0,1
2024-04-07,Tous Les Jours,Cheesecake,235000.0,0,0.197,6,3.6,0
2024-04-07,Tous Les Jours,Macaron,40000.0,1,0.184,22,4.7,1
2024-04-07,Tous Les Jours,Éclair,69000.0,0,0.134,14,4.5,1
2024-04-07,Tous Les Jours,Croissant,43000.0,0,0.205,22,4.6,1
2024-04-07,Tous Les Jours,Red Velvet Cake,314000.0,0,0.163,8,4.4,0
2024-04-07,ABC Bakery,Tiramisu,239000.0,0,0.123,14,3.7,0
2024-04-07,ABC Bakery,Cheesecake,176000.0,1,0.201,11,3.8,0
2024-04-07,ABC Bakery,Macaron,42000.0,0,0.163,6,3.6,0
2024-04-07,ABC Bakery,Éclair,57000.0,0,0.145,24,4.7,1
2024-04-07,ABC Bakery,Croissant,34000.0,0,0.109,7,4.8,0
2024-04-07,ABC Bakery,Red Velvet Cake,250000.0,0,0.063,14,4.4,0
2024-04-07,Givral,Tiramisu,211000.0,0,0.201,24,3.6,1
2024-04-07,Givral,Cheesecake,184000.0,0,0.199,12,3.8,1
2024-04-07,Givral,Macaron,39000.0,0,0.07,17,3.9,0
2024-04-07,Givral,Éclair,52000.0,0,0.21,2,4.2,1
2024-04-07,Givral,Croissant,34000.0,0,0.238,2,3.8,0
2024-04-07,Givral,Red Velvet Cake,240000.0,0,0.142,1,4.1,0
2024-04-07,Local Bakery A,Tiramisu,205000.0,0,0.203,5,3.6,0
2024-04-07,Local Bakery A,Cheesecake,184000.0,0,0.081,3,3.7,1
2024-04-07,Local Bakery A,Macaron,35000.0,0,0.207,17,4.6,0
2024-04-07,Local Bakery A,Éclair,53000.0,0,0.223,21,4.0,1
2024-04-07,Local Bakery A,Croissant,30000.0,0,0.218,3,4.3,1
2024-04-07,Local Bakery A,Red Velvet Cake,226000.0,0,0.129,15,3.9,1
2024-04-07,Supermarket Chain,Tiramisu,168000.0,0,0.215,10,4.2,1
2024-04-07,Supermarket Chain,Cheesecake,138000.0,0,0.068,12,3.5,1
2024-04-07,Supermarket Chain,Macaron,28000.0,0,0.223,24,4.2,1
2024-04-07,Supermarket Chain,Éclair,33000.0,1,0.099,19,3.5,1
2024-04-07,Supermarket Chain,Croissant,24000.0,0,0.066,9,3.8,0
2024-04-07,Supermarket Chain,Red Velvet Cake,163000.0,0,0.065,22,4.2,0
2024-04-08,Paris Baguette,Tiramisu,272000.0,0,0.116,24,4.2,0
2024-04-08,Paris Baguette,Cheesecake,225000.0,0,0.196,21,3.7,1
2024-04-08,Paris Baguette,Macaron,48000.0,0,0.06,1,4.7,1
2024-04-08,Paris Baguette,Éclair,68000.0,0,0.134,5,4.0,1
2024-04-08,Paris Baguette,Croissant,41000.0,0,0.18,20,4.8,1
2024-04-08,Paris Baguette,Red Velvet Cake,297000.0,0,0.245,10,3.9,1
2024-04-08,Tous Les Jours,Tiramisu,267000.0,0,0.086,5,4.3,0
2024-04-08,Tous Les Jours,Cheesecake,221000.0,0,0.108,8,4.5,0
2024-04-08,Tous Les Jours,Macaron,46000.0,0,0.071,12,3.5,1
2024-04-08,Tous Les Jours,Éclair,66000.0,0,0.229,12,4.7,1
2024-04-08,Tous Les Jours,Croissant,41000.0,0,0.217,20,4.0,1
2024-04-08,Tous Les Jours,Red Velvet Cake,279000.0,0,0.219,21,3.9,0
2024-04-08,ABC Bakery,Tiramisu,222000.0,0,0.161,20,4.0,1
2024-04-08,ABC Bakery,Cheesecake,195000.0,0,0.198,11,3.8,1
2024-04-08,ABC Bakery,Macaron,37000.0,0,0.154,16,4.1,1
2024-04-08,ABC Bakery,Éclair,54000.0,0,0.207,3,4.6,0
2024-04-08,ABC Bakery,Croissant,33000.0,0,0.222,7,4.7,1
2024-04-08,ABC Bakery,Red Velvet Cake,249000.0,0,0.228,1,3.8,1
2024-04-08,Givral,Tiramisu,207000.0,0,0.063,20,4.6,1
2024-04-08,Givral,Cheesecake,179000.0,0,0.201,16,4.6,0
2024-04-08,Givral,Macaron,36000.0,0,0.057,2,4.3,1
2024-04-08,Givral,Éclair,51000.0,0,0.08,14,3.7,1
2024-04-08,Givral,Croissant,34000.0,0,0.127,19,3.9,1
2024-04-08,Givral,Red Velvet Cake,225000.0,0,0.192,3,3.9,1
2024-04-08,Local Bakery A,Tiramisu,190000.0,0,0.11,13,4.7,1
2024-04-08,Local Bakery A,Cheesecake,168000.0,0,0.197,6,4.1,1
2024-04-08,Local Bakery A,Macaron,35000.0,0,0.063,12,4.7,1
2024-04-08,Local Bakery A,Éclair,49000.0,0,0.079,3,4.7,0
2024-04-08,Local Bakery A,Croissant,30000.0,0,0.155,21,4.1,1
2024-04-08,Local Bakery A,Red Velvet Cake,204000.0,0,0.081,19,4.1,1
2024-04-08,Supermarket Chain,Tiramisu,151000.0,0,0.19,14,3.8,1
2024-04-08,Supermarket Chain,Cheesecake,133000.0,0,0.242,5,4.3,0
2024-04-08,Supermarket Chain,Macaron,28000.0,0,0.246,24,4.2,1
2024-04-08,Supermarket Chain,Éclair,38000.0,0,0.093,3,4.1,0
2024-04-08,Supermarket Chain,Croissant,22000.0,0,0.093,18,3.9,0
2024-04-08,Supermarket Chain,Red Velvet Cake,162000.0,0,0.121,1,3.6,1
2024-04-09,Paris Baguette,Tiramisu,278000.0,0,0.144,17,3.9,1
2024-04-09,Paris Baguette,Cheesecake,235000.0,0,0.085,22,3.6,0
2024-04-09,Paris Baguette,Macaron,46000.0,0,0.095,9,4.4,0
2024-04-09,Paris Baguette,Éclair,71000.0,0,0.068,7,3.8,1
2024-04-09,Paris Baguette,Croissant,41000.0,0,0.197,12,3.8,0
2024-04-09,Paris Baguette,Red Velvet Cake,298000.0,0,0.11,17,4.1,0
2024-04-09,Tous Les Jours,Tiramisu,266000.0,0,0.108,7,3.6,1
2024-04-09,Tous Les Jours,Cheesecake,223000.0,0,0.161,23,4.4,0
2024-04-09,Tous Les Jours,Macaron,49000.0,0,0.093,8,3.6,1
2024-04-09,Tous Les Jours,Éclair,66000.0,0,0.109,19,4.7,1
2024-04-09,Tous Les Jours,Croissant,39000.0,0,0.115,9,3.6,0
2024-04-09,Tous Les Jours,Red Velvet Cake,284000.0,0,0.213,16,3.5,1
2024-04-09,ABC Bakery,Tiramisu,227000.0,0,0.198,6,3.8,1
2024-04-09,ABC Bakery,Cheesecake,143000.0,1,0.209,3,4.1,1
2024-04-09,ABC Bakery,Macaron,36000.0,0,0.077,9,4.0,0
2024-04-09,ABC Bakery,Éclair,57000.0,0,0.2,12,4.2,0
2024-04-09,ABC Bakery,Croissant,28000.0,1,0.074,3,4.7,1
2024-04-09,ABC Bakery,Red Velvet Cake,242000.0,0,0.103,10,4.2,1
2024-04-09,Givral,Tiramisu,215000.0,0,0.176,2,4.8,1
2024-04-09,Givral,Cheesecake,171000.0,0,0.108,11,4.1,1
2024-04-09,Givral,Macaron,35000.0,0,0.191,1,4.0,1
2024-04-09,Givral,Éclair,53000.0,0,0.085,18,4.1,0
2024-04-09,Givral,Croissant,33000.0,0,0.089,17,4.4,0
2024-04-09,Givral,Red Velvet Cake,227000.0,0,0.075,5,3.7,1
2024-04-09,Local Bakery A,Tiramisu,197000.0,0,0.14,15,4.3,1
2024-04-09,Local Bakery A,Cheesecake,161000.0,0,0.187,3,3.8,1
2024-04-09,Local Bakery A,Macaron,33000.0,0,0.127,14,4.7,1
2024-04-09,Local Bakery A,Éclair,50000.0,0,0.211,22,4.3,0
2024-04-09,Local Bakery A,Croissant,28000.0,0,0.208,12,4.0,1
2024-04-09,Local Bakery A,Red Velvet Cake,214000.0,0,0.112,17,3.5,1
2024-04-09,Supermarket Chain,Tiramisu,132000.0,1,0.055,22,4.4,1
2024-04-09,Supermarket Chain,Cheesecake,124000.0,0,0.081,15,4.0,1
2024-04-09,Supermarket Chain,Macaron,19000.0,1,0.095,19,3.7,1
2024-04-09,Supermarket Chain,Éclair,40000.0,0,0.075,9,4.4,1
2024-04-09,Supermarket Chain,Croissant,23000.0,0,0.156,11,4.2,0
2024-04-09,Supermarket Chain,Red Velvet Cake,153000.0,0,0.229,8,4.5,1
2024-04-10,Paris Baguette,Tiramisu,267000.0,0,0.24,3,4.4,1
2024-04-10,Paris Baguette,Cheesecake,229000.0,0,0.115,12,4.7,1
2024-04-10,Paris Baguette,Macaron,45000.0,0,0.181,16,4.3,1
2024-04-10,Paris Baguette,Éclair,53000.0,1,0.134,4,4.1,0
2024-04-10,Paris Baguette,Croissant,31000.0,1,0.088,7,4.5,0
2024-04-10,Paris Baguette,Red Velvet Cake,294000.0,0,0.224,2,4.0,0
2024-04-10,Tous Les Jours,Tiramisu,255000.0,0,0.133,1,4.0,0
2024-04-10,Tous Les Jours,Cheesecake,211000.0,0,0.215,11,3.8,0
2024-04-10,Tous Les Jours,Macaron,33000.0,1,0.237,3,3.8,1
2024-04-10,Tous Les Jours,Éclair,70000.0,0,0.199,15,3.7,0
2024-04-10,Tous Les Jours,Croissant,40000.0,0,0.069,24,3.7,1
2024-04-10,Tous Les Jours,Red Velvet Cake,274000.0,0,0.057,24,4.1,0
2024-04-10,ABC Bakery,Tiramisu,230000.0,0,0.217,11,4.6,1
2024-04-10,ABC Bakery,Cheesecake,191000.0,0,0.136,23,4.4,1
2024-04-10,ABC Bakery,Macaron,36000.0,0,0.166,7,4.7,1
2024-04-10,ABC Bakery,Éclair,52000.0,0,0.186,17,3.9,1
2024-04-10,ABC Bakery,Croissant,32000.0,0,0.23,8,3.6,1
2024-04-10,ABC Bakery,Red Velvet Cake,205000.0,1,0.2,2,4.3,1
2024-04-10,Givral,Tiramisu,183000.0,1,0.216,10,3.7,1
2024-04-10,Givral,Cheesecake,173000.0,0,0.241,15,4.6,1
2024-04-10,Givral,Macaron,36000.0,0,0.196,20,4.3,1
2024-04-10,Givral,Éclair,52000.0,0,0.218,17,4.1,0
2024-04-10,Givral,Croissant,30000.0,0,0.13,12,4.7,1
2024-04-10,Givral,Red Velvet Cake,226000.0,0,0.179,11,3.7,1
2024-04-10,Local Bakery A,Tiramisu,195000.0,0,0.101,17,4.2,1
2024-04-10,Local Bakery A,Cheesecake,148000.0,1,0.177,22,3.8,1
2024-04-10,Local Bakery A,Macaron,35000.0,0,0.099,24,3.6,1
2024-04-10,Local Bakery A,Éclair,49000.0,0,0.1,2,4.4,0
2024-04-10,Local Bakery A,Croissant,30000.0,0,0.053,22,4.2,0
2024-04-10,Local Bakery A,Red Velvet Cake,178000.0,1,0.133,7,4.3,1
2024-04-10,Supermarket Chain,Tiramisu,150000.0,0,0.219,22,3.8,0
2024-04-10,Supermarket Chain,Cheesecake,130000.0,0,0.099,10,4.1,1
2024-04-10,Supermarket Chain,Macaron,23000.0,1,0.074,15,4.8,0
2024-04-10,Supermarket Chain,Éclair,34000.0,0,0.075,3,3.8,1
2024-04-10,Supermarket Chain,Croissant,23000.0,0,0.238,14,4.6,0
2024-04-10,Supermarket Chain,Red Velvet Cake,165000.0,0,0.068,1,4.8,1
2024-04-11,Paris Baguette,Tiramisu,269000.0,0,0.211,10,3.6,1
2024-04-11,Paris Baguette,Cheesecake,225000.0,0,0.115,9,4.0,1
2024-04-11,Paris Baguette,Macaron,44000.0,0,0.155,5,3.6,0
2024-04-11,Paris Baguette,Éclair,68000.0,0,0.196,21,3.9,1
2024-04-11,Paris Baguette,Croissant,40000.0,0,0.175,19,4.4,0
2024-04-11,Paris Baguette,Red Velvet Cake,279000.0,0,0.109,11,4.4,0
2024-04-11,Tous Les Jours,Tiramisu,251000.0,0,0.07,10,4.8,0
2024-04-11,Tous Les Jours,Cheesecake,222000.0,0,0.108,6,4.0,0
2024-04-11,Tous Les Jours,Macaron,46000.0,0,0.083,3,3.9,1
2024-04-11,Tous Les Jours,Éclair,63000.0,0,0.164,23,4.5,0
2024-04-11,Tous Les Jours,Croissant,28000.0,1,0.087,20,4.5,1
2024-04-11,Tous Les Jours,Red Velvet Cake,272000.0,0,0.056,6,4.0,1
2024-04-11,ABC Bakery,Tiramisu,207000.0,0,0.051,5,4.8,1
2024-04-11,ABC Bakery,Cheesecake,189000.0,0,0.073,21,4.4,1
2024-04-11,ABC Bakery,Macaron,38000.0,0,0.225,15,3.8,1
2024-04-11,ABC Bakery,Éclair,52000.0,0,0.222,2,4.8,1
2024-04-11,ABC Bakery,Croissant,32000.0,0,0.22,3,4.6,1
2024-04-11,ABC Bakery,Red Velvet Cake,236000.0,0,0.169,16,3.6,0
2024-04-11,Givral,Tiramisu,216000.0,0,0.05,16,4.7,0
2024-04-11,Givral,Cheesecake,183000.0,0,0.142,14,3.7,1
2024-04-11,Givral,Macaron,35000.0,0,0.086,11,3.9,0
2024-04-11,Givral,Éclair,51000.0,0,0.147,3,4.4,1
2024-04-11,Givral,Croissant,31000.0,0,0.058,7,4.3,1
2024-04-11,Givral,Red Velvet Cake,222000.0,0,0.232,20,3.5,0
2024-04-11,Local Bakery A,Tiramisu,203000.0,0,0.092,12,4.2,1
2024-04-11,Local Bakery A,Cheesecake,171000.0,0,0.231,19,4.0,1
2024-04-11,Local Bakery A,Macaron,30000.0,1,0.217,19,4.5,1
2024-04-11,Local Bakery A,Éclair,50000.0,0,0.186,14,3.8,1
2024-04-11,Local Bakery A,Croissant,31000.0,0,0.107,9,3.7,0
2024-04-11,Local Bakery A,Red Velvet Cake,213000.0,0,0.249,11,4.7,1
2024-04-11,Supermarket Chain,Tiramisu,162000.0,0,0.056,10,4.3,0
2024-04-11,Supermarket Chain,Cheesecake,100000.0,1,0.197,1,4.6,1
2024-04-11,Supermarket Chain,Macaron,27000.0,0,0.069,1,4.2,1
2024-04-11,Supermarket Chain,Éclair,37000.0,0,0.168,18,4.7,1
2024-04-11,Supermarket Chain,Croissant,23000.0,0,0.077,11,3.6,1
2024-04-11,Supermarket Chain,Red Velvet Cake,168000.0,0,0.179,12,3.7,1
2024-04-12,Paris Baguette,Tiramisu,263000.0,0,0.247,18,4.3,1
2024-04-12,Paris Baguette,Cheesecake,221000.0,0,0.107,10,4.2,1
2024-04-12,Paris Baguette,Macaron,49000.0,0,0.122,11,4.5,1
2024-04-12,Paris Baguette,Éclair,55000.0,1,0.075,19,4.3,1
2024-04-12,Paris Baguette,Croissant,42000.0,0,0.112,4,3.6,1
2024-04-12,Paris Baguette,Red Velvet Cake,300000.0,0,0.131,5,4.7,1
2024-04-12,Tous Les Jours,Tiramisu,220000.0,1,0.143,10,4.1,1
2024-04-12,Tous Les Jours,Cheesecake,222000.0,0,0.178,11,4.7,0
2024-04-12,Tous Les Jours,Macaron,43000.0,0,0.135,23,3.6,1
2024-04-12,Tous Les Jours,Éclair,57000.0,1,0.168,22,4.6,1
2024-04-12,Tous Les Jours,Croissant,39000.0,0,0.1,23,3.9,1
2024-04-12,Tous Les Jours,Red Velvet Cake,293000.0,0,0.243,6,3.7,1
2024-04-12,ABC Bakery,Tiramisu,210000.0,0,0.221,2,4.4,1
2024-04-12,ABC Bakery,Cheesecake,192000.0,0,0.167,2,4.3,0
2024-04-12,ABC Bakery,Macaron,38000.0,0,0.083,20,4.5,1
2024-04-12,ABC Bakery,Éclair,54000.0,0,0.175,23,4.0,0
2024-04-12,ABC Bakery,Croissant,28000.0,1,0.24,23,3.9,1
2024-04-12,ABC Bakery,Red Velvet Cake,238000.0,0,0.159,13,3.6,1
2024-04-12,Givral,Tiramisu,209000.0,0,0.207,3,3.7,0
2024-04-12,Givral,Cheesecake,181000.0,0,0.091,7,3.7,1
2024-04-12,Givral,Macaron,36000.0,0,0.115,15,3.5,1
2024-04-12,Givral,Éclair,47000.0,0,0.245,17,4.5,1
2024-04-12,Givral,Croissant,32000.0,0,0.128,8,3.8,1
2024-04-12,Givral,Red Velvet Cake,220000.0,0,0.071,7,3.5,0
2024-04-12,Local Bakery A,Tiramisu,197000.0,0,0.21,2,3.6,1
2024-04-12,Local Bakery A,Cheesecake,169000.0,0,0.157,18,4.1,1
2024-04-12,Local Bakery A,Macaron,32000.0,0,0.114,15,4.5,1
2024-04-12,Local Bakery A,Éclair,49000.0,0,0.132,14,3.7,1
2024-04-12,Local Bakery A,Croissant,29000.0,0,0.215,21,3.5,0
2024-04-12,Local Bakery A,Red Velvet Cake,208000.0,0,0.074,22,4.7,1
2024-04-12,Supermarket Chain,Tiramisu,149000.0,0,0.232,22,3.9,0
2024-04-12,Supermarket Chain,Cheesecake,101000.0,1,0.175,20,4.6,1
2024-04-12,Supermarket Chain,Macaron,27000.0,0,0.234,1,4.3,0
2024-04-12,Supermarket Chain,Éclair,40000.0,0,0.14,17,3.7,0
2024-04-12,Supermarket Chain,Croissant,22000.0,0,0.103,17,3.6,0
2024-04-12,Supermarket Chain,Red Velvet Cake,167000.0,0,0.191,16,4.0,1
2024-04-13,Paris Baguette,Tiramisu,277000.0,0,0.141,23,4.4,1
2024-04-13,Paris Baguette,Cheesecake,179000.0,1,0.195,6,3.7,1
2024-04-13,Paris Baguette,Macaron,52000.0,0,0.188,5,3.6,1
2024-04-13,Paris Baguette,Éclair,75000.0,0,0.052,12,4.0,0
2024-04-13,Paris Baguette,Croissant,42000.0,0,0.06,14,4.6,0
2024-04-13,Paris Baguette,Red Velvet Cake,243000.0,1,0.193,14,4.4,0
2024-04-13,Tous Les Jours,Tiramisu,274000.0,0,0.212,5,4.1,1
2024-04-13,Tous Les Jours,Cheesecake,240000.0,0,0.224,16,4.7,0
2024-04-13,Tous Les Jours,Macaron,49000.0,0,0.139,17,3.9,1
2024-04-13,Tous Les Jours,Éclair,71000.0,0,0.134,18,4.7,1
2024-04-13,Tous Les Jours,Croissant,41000.0,0,0.077,20,4.2,1
2024-04-13,Tous Les Jours,Red Velvet Cake,298000.0,0,0.147,10,4.5,0
2024-04-13,ABC Bakery,Tiramisu,225000.0,0,0.14,11,4.7,0
2024-04-13,ABC Bakery,Cheesecake,181000.0,0,0.115,15,4.6,1
2024-04-13,ABC Bakery,Macaron,39000.0,0,0.14,9,4.1,1
2024-04-13,ABC Bakery,Éclair,58000.0,0,0.116,5,4.5,1
2024-04-13,ABC Bakery,Croissant,35000.0,0,0.142,22,4.6,1
2024-04-13,ABC Bakery,Red Velvet Cake,213000.0,1,0.199,7,4.0,1
2024-04-13,Givral,Tiramisu,227000.0,0,0.151,18,4.1,1
2024-04-13,Givral,Cheesecake,175000.0,0,0.18,6,4.2,1
2024-04-13,Givral,Macaron,39000.0,0,0.237,16,4.3,1
2024-04-13,Givral,Éclair,53000.0,0,0.169,10,3.7,1
2024-04-13,Givral,Croissant,33000.0,0,0.24,18,3.5,1
2024-04-13,Givral,Red Velvet Cake,234000.0,0,0.247,6,4.3,1
2024-04-13,Local Bakery A,Tiramisu,200000.0,0,0.086,14,3.6,1
2024-04-13,Local Bakery A,Cheesecake,174000.0,0,0.154,16,3.7,0
2024-04-13,Local Bakery A,Macaron,34000.0,0,0.186,10,4.4,0
2024-04-13,Local Bakery A,Éclair,52000.0,0,0.089,11,4.2,1
2024-04-13,Local Bakery A,Croissant,30000.0,0,0.115,18,4.4,1
2024-04-13,Local Bakery A,Red Velvet Cake,218000.0,0,0.134,16,4.3,0
2024-04-13,Supermarket Chain,Tiramisu,163000.0,0,0.16,24,4.6,1
2024-04-13,Supermarket Chain,Cheesecake,129000.0,0,0.172,4,3.7,1
2024-04-13,Supermarket Chain,Macaron,27000.0,0,0.211,1,4.7,0
2024-04-13,Supermarket Chain,Éclair,37000.0,0,0.217,11,4.8,1
2024-04-13,Supermarket Chain,Croissant,24000.0,0,0.248,2,4.5,1
2024-04-13,Supermarket Chain,Red Velvet Cake,170000.0,0,0.077,3,4.5,1
2024-04-14,Paris Baguette,Tiramisu,226000.0,1,0.218,5,4.7,1
2024-04-14,Paris Baguette,Cheesecake,240000.0,0,0.191,10,4.0,1
2024-04-14,Paris Baguette,Macaron,48000.0,0,0.099,21,4.7,1
2024-04-14,Paris Baguette,Éclair,70000.0,0,0.148,5,4.7,0
2024-04-14,Paris Baguette,Croissant,43000.0,0,0.248,2,4.6,1
2024-04-14,Paris Baguette,Red Velvet Cake,295000.0,0,0.159,14,4.0,0
2024-04-14,Tous Les Jours,Tiramisu,268000.0,0,0.079,4,4.2,0
2024-04-14,Tous Les Jours,Cheesecake,225000.0,0,0.104,7,4.7,1
2024-04-14,Tous Les Jours,Macaron,47000.0,0,0.219,7,4.3,1
2024-04-14,Tous Les Jours,Éclair,67000.0,0,0.194,17,4.2,1
2024-04-14,Tous Les Jours,Croissant,43000.0,0,0.079,5,4.4,1
2024-04-14,Tous Les Jours,Red Velvet Cake,316000.0,0,0.212,5,4.0,1
2024-04-14,ABC Bakery,Tiramisu,222000.0,0,0.199,10,3.5,1
2024-04-14,ABC Bakery,Cheesecake,189000.0,0,0.136,4,4.7,1
2024-04-14,ABC Bakery,Macaron,39000.0,0,0.106,6,3.8,1
2024-04-14,ABC Bakery,Éclair,56000.0,0,0.165,1,4.4,1
2024-04-14,ABC Bakery,Croissant,33000.0,0,0.128,14,4.4,1
2024-04-14,ABC Bakery,Red Velvet Cake,244000.0,0,0.151,11,3.5,1
2024-04-14,Givral,Tiramisu,208000.0,0,0.115,18,3.9,1
2024-04-14,Givral,Cheesecake,184000.0,0,0.162,17,4.2,0
2024-04-14,Givral,Macaron,38000.0,0,0.169,23,4.6,1
2024-04-14,Givral,Éclair,53000.0,0,0.18,6,3.9,1
2024-04-14,Givral,Croissant,32000.0,0,0.108,3,4.1,1
2024-04-14,Givral,Red Velvet Cake,241000.0,0,0.175,10,4.3,1
2024-04-14,Local Bakery A,Tiramisu,204000.0,0,0.195,7,3.8,1
2024-04-14,Local Bakery A,Cheesecake,169000.0,0,0.248,2,4.7,0
2024-04-14,Local Bakery A,Macaron,34000.0,0,0.085,10,4.7,1
2024-04-14,Local Bakery A,Éclair,50000.0,0,0.14,18,4.4,1
2024-04-14,Local Bakery A,Croissant,30000.0,0,0.194,3,4.7,1
2024-04-14,Local Bakery A,Red Velvet Cake,225000.0,0,0.116,2,4.2,1
2024-04-14,Supermarket Chain,Tiramisu,160000.0,0,0.082,14,3.9,1
2024-04-14,Supermarket Chain,Cheesecake,140000.0,0,0.16,14,4.0,0
2024-04-14,Supermarket Chain,Macaron,27000.0,0,0.082,1,4.7,1
2024-04-14,Supermarket Chain,Éclair,40000.0,0,0.097,14,3.9,0
2024-04-14,Supermarket Chain,Croissant,24000.0,0,0.245,24,4.4,1
2024-04-14,Supermarket Chain,Red Velvet Cake,166000.0,0,0.082,12,4.3,0
2024-04-15,Paris Baguette,Tiramisu,261000.0,0,0.216,13,3.8,1
2024-04-15,Paris Baguette,Cheesecake,222000.0,0,0.132,13,4.1,1
2024-04-15,Paris Baguette,Macaron,48000.0,0,0.21,7,4.0,1
2024-04-15,Paris Baguette,Éclair,53000.0,1,0.138,5,3.6,1
2024-04-15,Paris Baguette,Croissant,39000.0,0,0.183,3,4.1,1
2024-04-15,Paris Baguette,Red Velvet Cake,278000.0,0,0.186,4,3.7,1
2024-04-15,Tous Les Jours,Tiramisu,268000.0,0,0.238,12,4.3,0
2024-04-15,Tous Les Jours,Cheesecake,181000.0,1,0.108,3,3.5,1
2024-04-15,Tous Les Jours,Macaron,45000.0,0,0.181,22,3.9,0
2024-04-15,Tous Les Jours,Éclair,64000.0,0,0.064,16,3.8,1
2024-04-15,Tous Les Jours,Croissant,37000.0,0,0.135,5,3.7,0
2024-04-15,Tous Les Jours,Red Velvet Cake,305000.0,0,0.204,4,3.6,1
2024-04-15,ABC Bakery,Tiramisu,191000.0,1,0.126,24,4.0,0
2024-04-15,ABC Bakery,Cheesecake,135000.0,1,0.203,15,4.7,1
2024-04-15,ABC Bakery,Macaron,37000.0,0,0.1,17,4.7,1
2024-04-15,ABC Bakery,Éclair,53000.0,0,0.093,19,4.7,1
2024-04-15,ABC Bakery,Croissant,32000.0,0,0.175,21,4.1,1
2024-04-15,ABC Bakery,Red Velvet Cake,247000.0,0,0.183,22,3.7,1
2024-04-15,Givral,Tiramisu,206000.0,0,0.089,22,4.2,1
2024-04-15,Givral,Cheesecake,154000.0,1,0.243,20,3.7,0
2024-04-15,Givral,Macaron,31000.0,1,0.166,5,4.3,1
2024-04-15,Givral,Éclair,51000.0,0,0.055,23,4.3,0
2024-04-15,Givral,Croissant,31000.0,0,0.095,2,4.3,0
2024-04-15,Givral,Red Velvet Cake,167000.0,1,0.205,24,4.6,1
2024-04-15,Local Bakery A,Tiramisu,192000.0,0,0.114,5,4.6,0
2024-04-15,Local Bakery A,Cheesecake,171000.0,0,0.115,9,4.3,1
2024-04-15,Local Bakery A,Macaron,35000.0,0,0.084,14,3.9,0
2024-04-15,Local Bakery A,Éclair,49000.0,0,0.209,20,3.8,1
2024-04-15,Local Bakery A,Croissant,29000.0,0,0.239,22,4.4,0
2024-04-15,Local Bakery A,Red Velvet Cake,220000.0,0,0.095,3,4.2,0
2024-04-15,Supermarket Chain,Tiramisu,149000.0,0,0.122,14,4.3,1
2024-04-15,Supermarket Chain,Cheesecake,130000.0,0,0.242,13,4.1,0
2024-04-15,Supermarket Chain,Macaron,25000.0,0,0.152,2,4.3,1
2024-04-15,Supermarket Chain,Éclair,38000.0,0,0.226,18,3.9,1
2024-04-15,Supermarket Chain,Croissant,21000.0,0,0.145,13,4.5,1
2024-04-15,Supermarket Chain,Red Velvet Cake,165000.0,0,0.132,6,4.7,1
2024-04-16,Paris Baguette,Tiramisu,287000.0,0,0.125,17,4.3,1
2024-04-16,Paris Baguette,Cheesecake,237000.0,0,0.117,1,3.7,1
2024-04-16,Paris Baguette,Macaron,48000.0,0,0.059,5,3.8,1
2024-04-16,Paris Baguette,Éclair,67000.0,0,0.169,16,3.7,1
2024-04-16,Paris Baguette,Croissant,39000.0,0,0.137,21,4.2,1
2024-04-16,Paris Baguette,Red Velvet Cake,308000.0,0,0.104,11,4.6,1
2024-04-16,Tous Les Jours,Tiramisu,250000.0,0,0.19,4,4.0,0
2024-04-16,Tous Les Jours,Cheesecake,216000.0,0,0.172,18,4.5,1
2024-04-16,Tous Les Jours,Macaron,45000.0,0,0.175,6,4.1,1
2024-04-16,Tous Les Jours,Éclair,61000.0,0,0.096,5,3.6,1
2024-04-16,Tous Les Jours,Croissant,40000.0,0,0.229,15,3.6,1
2024-04-16,Tous Les Jours,Red Velvet Cake,281000.0,0,0.065,24,4.4,1
2024-04-16,ABC Bakery,Tiramisu,211000.0,0,0.23,8,3.7,1
2024-04-16,ABC Bakery,Cheesecake,181000.0,0,0.179,5,4.0,0
2024-04-16,ABC Bakery,Macaron,34000.0,1,0.116,4,4.8,1
2024-04-16,ABC Bakery,Éclair,55000.0,0,0.187,3,4.7,1
2024-04-16,ABC Bakery,Croissant,32000.0,0,0.153,8,4.1,1
2024-04-16,ABC Bakery,Red Velvet Cake,244000.0,0,0.167,3,4.4,0
2024-04-16,Givral,Tiramisu,209000.0,0,0.235,15,3.8,0
2024-04-16,Givral,Cheesecake,168000.0,0,0.141,16,4.5,0
2024-04-16,Givral,Macaron,36000.0,0,0.211,4,3.9,1
2024-04-16,Givral,Éclair,50000.0,0,0.144,13,3.7,1
2024-04-16,Givral,Croissant,32000.0,0,0.229,12,3.6,1
2024-04-16,Givral,Red Velvet Cake,224000.0,0,0.199,19,4.4,1
2024-04-16,Local Bakery A,Tiramisu,165000.0,1,0.082,21,3.7,1
2024-04-16,Local Bakery A,Cheesecake,172000.0,0,0.203,10,4.0,1
2024-04-16,Local Bakery A,Macaron,34000.0,0,0.056,20,4.7,1
2024-04-16,Local Bakery A,Éclair,47000.0,0,0.242,21,3.6,1
2024-04-16,Local Bakery A,Croissant,28000.0,0,0.13,8,3.6,1
2024-04-16,Local Bakery A,Red Velvet Cake,218000.0,0,0.16,14,4.4,1
2024-04-16,Supermarket Chain,Tiramisu,133000.0,1,0.187,19,3.6,1
2024-04-16,Supermarket Chain,Cheesecake,106000.0,1,0.077,18,3.7,0
2024-04-16,Supermarket Chain,Macaron,26000.0,0,0.145,2,3.6,1
2024-04-16,Supermarket Chain,Éclair,29000.0,1,0.079,8,3.9,1
2024-04-16,Supermarket Chain,Croissant,24000.0,0,0.226,11,4.5,1
2024-04-16,Supermarket Chain,Red Velvet Cake,160000.0,0,0.09,14,4.1,0
2024-04-17,Paris Baguette,Tiramisu,283000.0,0,0.191,8,4.3,0
2024-04-17,Paris Baguette,Cheesecake,220000.0,0,0.061,1,4.1,1
2024-04-17,Paris Baguette,Macaron,39000.0,1,0.167,5,4.6,1
2024-04-17,Paris Baguette,Éclair,66000.0,0,0.222,3,4.7,1
2024-04-17,Paris Baguette,Croissant,40000.0,0,0.093,24,4.7,0
2024-04-17,Paris Baguette,Red Velvet Cake,310000.0,0,0.193,15,4.1,0
2024-04-17,Tous Les Jours,Tiramisu,262000.0,0,0.235,13,4.2,1
2024-04-17,Tous Les Jours,Cheesecake,219000.0,0,0.142,2,3.8,1
2024-04-17,Tous Les Jours,Macaron,47000.0,0,0.132,9,4.7,1
2024-04-17,Tous Les Jours,Éclair,65000.0,0,0.109,17,3.6,1
2024-04-17,Tous Les Jours,Croissant,38000.0,0,0.109,19,3.8,1
2024-04-17,Tous Les Jours,Red Velvet Cake,231000.0,1,0.167,17,3.8,1
2024-04-17,ABC Bakery,Tiramisu,212000.0,0,0.146,20,4.6,1
2024-04-17,ABC Bakery,Cheesecake,190000.0,0,0.201,17,4.7,1
2024-04-17,ABC Bakery,Macaron,38000.0,0,0.123,9,4.6,0
2024-04-17,ABC Bakery,Éclair,54000.0,0,0.113,4,4.4,1
2024-04-17,ABC Bakery,Croissant,31000.0,0,0.056,4,4.4,0
2024-04-17,ABC Bakery,Red Velvet Cake,238000.0,0,0.115,22,4.0,1
2024-04-17,Givral,Tiramisu,210000.0,0,0.185,10,4.6,1
2024-04-17,Givral,Cheesecake,171000.0,0,0.053,17,4.2,0
2024-04-17,Givral,Macaron,35000.0,0,0.186,2,4.8,1
2024-04-17,Givral,Éclair,52000.0,0,0.137,5,3.5,1
2024-04-17,Givral,Croissant,30000.0,0,0.191,22,4.5,1
2024-04-17,Givral,Red Velvet Cake,231000.0,0,0.173,19,3.9,1
2024-04-17,Local Bakery A,Tiramisu,200000.0,0,0.244,15,3.5,0
2024-04-17,Local Bakery A,Cheesecake,147000.0,1,0.129,21,4.1,0
2024-04-17,Local Bakery A,Macaron,33000.0,0,0.068,23,4.1,1
2024-04-17,Local Bakery A,Éclair,49000.0,0,0.072,2,4.0,1
2024-04-17,Local Bakery A,Croissant,29000.0,0,0.092,8,3.6,1
2024-04-17,Local Bakery A,Red Velvet Cake,200000.0,0,0.072,23,4.1,1
2024-04-17,Supermarket Chain,Tiramisu,129000.0,1,0.113,24,4.4,0
2024-04-17,Supermarket Chain,Cheesecake,125000.0,0,0.066,2,4.4,0
2024-04-17,Supermarket Chain,Macaron,26000.0,0,0.2,24,3.9,1
2024-04-17,Supermarket Chain,Éclair,39000.0,0,0.23,8,4.4,0
2024-04-17,Supermarket Chain,Croissant,22000.0,0,0.249,3,3.5,1
2024-04-17,Supermarket Chain,Red Velvet Cake,165000.0,0,0.22,24,4.0,1
2024-04-18,Paris Baguette,Tiramisu,215000.0,1,0.23,13,4.2,0
2024-04-18,Paris Baguette,Cheesecake,231000.0,0,0.204,11,4.0,1
2024-04-18,Paris Baguette,Macaron,40000.0,1,0.205,7,4.2,1
2024-04-18,Paris Baguette,Éclair,66000.0,0,0.09,20,3.9,1
2024-04-18,Paris Baguette,Croissant,39000.0,0,0.147,17,3.5,1
2024-04-18,Paris Baguette,Red Velvet Cake,281000.0,0,0.069,6,4.5,1
2024-04-18,Tous Les Jours,Tiramisu,252000.0,0,0.193,24,3.9,1
2024-04-18,Tous Les Jours,Cheesecake,217000.0,0,0.054,17,4.5,1
2024-04-18,Tous Les Jours,Macaron,45000.0,0,0.232,6,4.4,0
2024-04-18,Tous Les Jours,Éclair,64000.0,0,0.164,3,4.0,1
2024-04-18,Tous Les Jours,Croissant,40000.0,0,0.199,5,3.8,1
2024-04-18,Tous Les Jours,Red Velvet Cake,281000.0,0,0.221,23,3.8,0
2024-04-18,ABC Bakery,Tiramisu,219000.0,0,0.097,23,4.7,0
2024-04-18,ABC Bakery,Cheesecake,185000.0,0,0.2,23,3.7,0
2024-04-18,ABC Bakery,Macaron,38000.0,0,0.166,23,4.6,0
2024-04-18,ABC Bakery,Éclair,53000.0,0,0.119,10,4.5,1
2024-04-18,ABC Bakery,Croissant,32000.0,0,0.138,3,3.6,1
2024-04-18,ABC Bakery,Red Velvet Cake,235000.0,0,0.081,17,4.7,0
2024-04-18,Givral,Tiramisu,200000.0,0,0.138,2,4.1,1
2024-04-18,Givral,Cheesecake,165000.0,0,0.104,2,4.4,1
2024-04-18,Givral,Macaron,35000.0,0,0.109,16,4.7,1
2024-04-18,Givral,Éclair,50000.0,0,0.129,10,3.5,1
2024-04-18,Givral,Croissant,30000.0,0,0.144,19,3.5,1
2024-04-18,Givral,Red Velvet Cake,224000.0,0,0.136,5,4.8,0
2024-04-18,Local Bakery A,Tiramisu,192000.0,0,0.056,15,4.0,1
2024-04-18,Local Bakery A,Cheesecake,161000.0,0,0.141,16,4.0,0
2024-04-18,Local Bakery A,Macaron,34000.0,0,0.07,10,4.4,1
2024-04-18,Local Bakery A,Éclair,47000.0,0,0.242,24,4.8,0
2024-04-18,Local Bakery A,Croissant,29000.0,0,0.16,18,4.8,1
2024-04-18,Local Bakery A,Red Velvet Cake,208000.0,0,0.24,5,3.6,1
2024-04-18,Supermarket Chain,Tiramisu,140000.0,1,0.17,11,4.5,1
2024-04-18,Supermarket Chain,Cheesecake,131000.0,0,0.2,24,4.0,1
2024-04-18,Supermarket Chain,Macaron,27000.0,0,0.1,2,4.7,1
2024-04-18,Supermarket Chain,Éclair,33000.0,1,0.145,19,4.6,1
2024-04-18,Supermarket Chain,Croissant,23000.0,0,0.06,3,4.6,0
2024-04-18,Supermarket Chain,Red Velvet Cake,161000.0,0,0.136,8,3.8,1
2024-04-19,Paris Baguette,Tiramisu,261000.0,0,0.115,3,3.7,1
2024-04-19,Paris Baguette,Cheesecake,228000.0,0,0.091,18,3.8,1
2024-04-19,Paris Baguette,Macaron,47000.0,0,0.184,9,4.6,1
2024-04-19,Paris Baguette,Éclair,67000.0,0,0.101,5,4.6,1
2024-04-19,Paris Baguette,Croissant,41000.0,0,0.209,21,4.2,0
2024-04-19,Paris Baguette,Red Velvet Cake,288000.0,0,0.146,1,4.6,1
2024-04-19,Tous Les Jours,Tiramisu,252000.0,0,0.162,14,3.7,1
2024-04-19,Tous Les Jours,Cheesecake,208000.0,0,0.167,20,4.2,1
2024-04-19,Tous Les Jours,Macaron,45000.0,0,0.112,3,4.3,1
2024-04-19,Tous Les Jours,Éclair,65000.0,0,0.139,16,4.0,1
2024-04-19,Tous Les Jours,Croissant,38000.0,0,0.245,17,3.8,0
2024-04-19,Tous Les Jours,Red Velvet Cake,291000.0,0,0.167,16,4.7,1
2024-04-19,ABC Bakery,Tiramisu,209000.0,0,0.184,14,3.7,0
2024-04-19,ABC Bakery,Cheesecake,183000.0,0,0.13,5,3.6,1
2024-04-19,ABC Bakery,Macaron,38000.0,0,0.219,14,4.6,1
2024-04-19,ABC Bakery,Éclair,52000.0,0,0.098,17,4.2,1
2024-04-19,ABC Bakery,Croissant,32000.0,0,0.227,11,4.5,1
2024-04-19,ABC Bakery,Red Velvet Cake,220000.0,0,0.052,19,4.6,1
2024-04-19,Givral,Tiramisu,205000.0,0,0.084,14,4.3,1
2024-04-19,Givral,Cheesecake,174000.0,0,0.182,3,3.7,0
2024-04-19,Givral,Macaron,35000.0,0,0.2,12,4.5,1
2024-04-19,Givral,Éclair,54000.0,0,0.129,8,3.9,1
2024-04-19,Givral,Croissant,26000.0,1,0.247,11,4.3,1
2024-04-19,Givral,Red Velvet Cake,220000.0,0,0.218,17,3.9,1
2024-04-19,Local Bakery A,Tiramisu,195000.0,0,0.177,23,4.8,1
2024-04-19,Local Bakery A,Cheesecake,156000.0,0,0.159,6,4.3,1
2024-04-19,Local Bakery A,Macaron,32000.0,0,0.112,7,3.5,1
2024-04-19,Local Bakery A,Éclair,47000.0,0,0.064,1,4.5,1
2024-04-19,Local Bakery A,Croissant,30000.0,0,0.052,10,4.2,0
2024-04-19,Local Bakery A,Red Velvet Cake,200000.0,0,0.186,22,4.5,0
2024-04-19,Supermarket Chain,Tiramisu,146000.0,0,0.216,1,4.3,1
2024-04-19,Supermarket Chain,Cheesecake,132000.0,0,0.191,6,4.1,1
2024-04-19,Supermarket Chain,Macaron,20000.0,1,0.112,11,4.5,1
2024-04-19,Supermarket Chain,Éclair,39000.0,0,0.129,23,3.7,1
2024-04-19,Supermarket Chain,Croissant,18000.0,1,0.178,22,3.5,0
2024-04-19,Supermarket Chain,Red Velvet Cake,160000.0,0,0.182,13,3.9,1
2024-04-20,Paris Baguette,Tiramisu,281000.0,0,0.12,23,4.1,1
2024-04-20,Paris Baguette,Cheesecake,229000.0,0,0.066,7,4.6,1
2024-04-20,Paris Baguette,Macaron,47000.0,0,0.103,20,3.7,0
2024-04-20,Paris Baguette,Éclair,71000.0,0,0.202,13,3.8,1
2024-04-20,Paris Baguette,Croissant,39000.0,0,0.075,5,4.0,1
2024-04-20,Paris Baguette,Red Velvet Cake,316000.0,0,0.17,14,4.7,0
2024-04-20,Tous Les Jours,Tiramisu,265000.0,0,0.221,5,4.2,0
2024-04-20,Tous Les Jours,Cheesecake,234000.0,0,0.196,12,4.7,1
2024-04-20,Tous Les Jours,Macaron,48000.0,0,0.057,8,3.9,1
2024-04-20,Tous Les Jours,Éclair,66000.0,0,0.238,23,3.7,0
2024-04-20,Tous Les Jours,Croissant,40000.0,0,0.093,17,4.5,0
2024-04-20,Tous Les Jours,Red Velvet Cake,296000.0,0,0.124,23,4.7,1
2024-04-20,ABC Bakery,Tiramisu,230000.0,0,0.137,22,4.1,0
2024-04-20,ABC Bakery,Cheesecake,191000.0,0,0.111,23,4.5,1
2024-04-20,ABC Bakery,Macaron,39000.0,0,0.249,8,4.2,1
2024-04-20,ABC Bakery,Éclair,45000.0,1,0.104,3,3.5,1
2024-04-20,ABC Bakery,Croissant,35000.0,0,0.112,8,3.8,1
2024-04-20,ABC Bakery,Red Velvet Cake,240000.0,0,0.112,17,4.6,1
2024-04-20,Givral,Tiramisu,209000.0,0,0.103,23,3.9,1
2024-04-20,Givral,Cheesecake,177000.0,0,0.135,2,4.4,1
2024-04-20,Givral,Macaron,35000.0,0,0.215,14,4.7,1
2024-04-20,Givral,Éclair,54000.0,0,0.167,1,3.7,1
2024-04-20,Givral,Croissant,32000.0,0,0.109,2,4.1,1
2024-04-20,Givral,Red Velvet Cake,236000.0,0,0.064,8,4.2,1
2024-04-20,Local Bakery A,Tiramisu,174000.0,1,0.201,14,4.1,1
2024-04-20,Local Bakery A,Cheesecake,172000.0,0,0.147,6,4.7,1
2024-04-20,Local Bakery A,Macaron,35000.0,0,0.103,13,4.8,1
2024-04-20,Local Bakery A,Éclair,52000.0,0,0.141,7,3.8,0
2024-04-20,Local Bakery A,Croissant,30000.0,0,0.153,18,4.7,1
2024-04-20,Local Bakery A,Red Velvet Cake,219000.0,0,0.236,22,3.9,1
2024-04-20,Supermarket Chain,Tiramisu,161000.0,0,0.199,18,4.0,1
2024-04-20,Supermarket Chain,Cheesecake,119000.0,1,0.168,15,4.6,1
2024-04-20,Supermarket Chain,Macaron,27000.0,0,0.203,7,4.4,1
2024-04-20,Supermarket Chain,Éclair,39000.0,0,0.06,4,4.1,0
2024-04-20,Supermarket Chain,Croissant,23000.0,0,0.13,15,4.7,1
2024-04-20,Supermarket Chain,Red Velvet Cake,177000.0,0,0.133,16,3.8,0
2024-04-21,Paris Baguette,Tiramisu,283000.0,0,0.249,7,4.2,0
2024-04-21,Paris Baguette,Cheesecake,241000.0,0,0.074,5,4.8,1
2024-04-21,Paris Baguette,Macaron,47000.0,0,0.087,2,4.2,1
2024-04-21,Paris Baguette,Éclair,72000.0,0,0.203,6,3.6,1
2024-04-21,Paris Baguette,Croissant,40000.0,0,0.226,17,4.3,0
2024-04-21,Paris Baguette,Red Velvet Cake,311000.0,0,0.058,19,3.6,1
2024-04-21,Tous Les Jours,Tiramisu,231000.0,1,0.206,18,3.8,1
2024-04-21,Tous Les Jours,Cheesecake,220000.0,0,0.061,14,4.0,1
2024-04-21,Tous Les Jours,Macaron,46000.0,0,0.103,16,4.1,1
2024-04-21,Tous Les Jours,Éclair,65000.0,0,0.088,11,4.5,0
2024-04-21,Tous Les Jours,Croissant,40000.0,0,0.096,13,3.5,1
2024-04-21,Tous Les Jours,Red Velvet Cake,265000.0,1,0.106,19,4.2,1
2024-04-21,ABC Bakery,Tiramisu,222000.0,0,0.167,9,4.5,0
2024-04-21,ABC Bakery,Cheesecake,189000.0,0,0.153,7,4.1,1
2024-04-21,ABC Bakery,Macaron,39000.0,0,0.248,24,3.7,1
2024-04-21,ABC Bakery,Éclair,54000.0,0,0.173,4,4.1,1
2024-04-21,ABC Bakery,Croissant,36000.0,0,0.132,24,4.5,1
2024-04-21,ABC Bakery,Red Velvet Cake,251000.0,0,0.203,24,4.1,1
2024-04-21,Givral,Tiramisu,216000.0,0,0.131,10,4.6,1
2024-04-21,Givral,Cheesecake,178000.0,0,0.097,12,4.3,0
2024-04-21,Givral,Macaron,37000.0,0,0.204,10,3.9,0
2024-04-21,Givral,Éclair,53000.0,0,0.197,17,3.8,1
2024-04-21,Givral,Croissant,32000.0,0,0.101,18,4.6,1
2024-04-21,Givral,Red Velvet Cake,243000.0,0,0.075,22,4.8,1
2024-04-21,Local Bakery A,Tiramisu,203000.0,0,0.167,19,4.1,1
2024-04-21,Local Bakery A,Cheesecake,172000.0,0,0.1,9,3.8,0
2024-04-21,Local Bakery A,Macaron,36000.0,0,0.183,10,4.4,1
2024-04-21,Local Bakery A,Éclair,48000.0,0,0.11,17,3.7,0
2024-04-21,Local Bakery A,Croissant,32000.0,0,0.202,9,4.1,1
2024-04-21,Local Bakery A,Red Velvet Cake,234000.0,0,0.155,19,3.9,1
2024-04-21,Supermarket Chain,Tiramisu,153000.0,0,0.089,9,3.6,1
2024-04-21,Supermarket Chain,Cheesecake,116000.0,1,0.101,11,4.0,0
2024-04-21,Supermarket Chain,Macaron,22000.0,1,0.222,1,3.7,1
2024-04-21,Supermarket Chain,Éclair,33000.0,1,0.164,21,4.6,0
2024-04-21,Supermarket Chain,Croissant,24000.0,0,0.099,4,4.0,1
2024-04-21,Supermarket Chain,Red Velvet Cake,177000.0,0,0.155,9,4.0,1
2024-04-22,Paris Baguette,Tiramisu,268000.0,0,0.185,14,4.5,1
2024-04-22,Paris Baguette,Cheesecake,235000.0,0,0.055,4,3.8,1
2024-04-22,Paris Baguette,Macaron,47000.0,0,0.115,24,4.0,0
2024-04-22,Paris Baguette,Éclair,66000.0,0,0.158,11,4.8,1
2024-04-22,Paris Baguette,Croissant,40000.0,0,0.107,4,4.5,1
2024-04-22,Paris Baguette,Red Velvet Cake,295000.0,0,0.082,22,4.3,0
2024-04-22,Tous Les Jours,Tiramisu,256000.0,0,0.109,12,4.7,0
2024-04-22,Tous Les Jours,Cheesecake,214000.0,0,0.2,15,3.8,1
2024-04-22,Tous Les Jours,Macaron,45000.0,0,0.229,4,4.4,0
2024-04-22,Tous Les Jours,Éclair,65000.0,0,0.106,20,4.1,1
2024-04-22,Tous Les Jours,Croissant,40000.0,0,0.066,23,4.4,1
2024-04-22,Tous Les Jours,Red Velvet Cake,284000.0,0,0.156,22,4.1,0
2024-04-22,ABC Bakery,Tiramisu,183000.0,1,0.224,8,4.8,1
2024-04-22,ABC Bakery,Cheesecake,178000.0,0,0.109,2,3.8,1
2024-04-22,ABC Bakery,Macaron,37000.0,0,0.073,24,3.5,1
2024-04-22,ABC Bakery,Éclair,52000.0,0,0.244,20,4.2,1
2024-04-22,ABC Bakery,Croissant,34000.0,0,0.174,19,4.0,1
2024-04-22,ABC Bakery,Red Velvet Cake,231000.0,0,0.236,15,4.0,0
2024-04-22,Givral,Tiramisu,202000.0,0,0.19,5,4.5,1
2024-04-22,Givral,Cheesecake,174000.0,0,0.136,18,4.6,1
2024-04-22,Givral,Macaron,36000.0,0,0.24,22,3.8,1
2024-04-22,Givral,Éclair,49000.0,0,0.151,12,4.3,1
2024-04-22,Givral,Croissant,29000.0,0,0.09,16,3.6,1
2024-04-22,Givral,Red Velvet Cake,238000.0,0,0.221,12,4.1,1
2024-04-22,Local Bakery A,Tiramisu,193000.0,0,0.055,21,3.7,1
2024-04-22,Local Bakery A,Cheesecake,162000.0,0,0.192,15,4.7,1
2024-04-22,Local Bakery A,Macaron,32000.0,0,0.068,21,4.5,1
2024-04-22,Local Bakery A,Éclair,46000.0,0,0.178,17,4.2,1
2024-04-22,Local Bakery A,Croissant,27000.0,0,0.066,22,4.3,1
2024-04-22,Local Bakery A,Red Velvet Cake,207000.0,0,0.081,6,3.5,1
2024-04-22,Supermarket Chain,Tiramisu,136000.0,1,0.209,18,4.7,1
2024-04-22,Supermarket Chain,Cheesecake,96000.0,1,0.153,22,4.1,0
2024-04-22,Supermarket Chain,Macaron,25000.0,0,0.144,4,3.7,0
2024-04-22,Supermarket Chain,Éclair,37000.0,0,0.06,7,3.6,0
2024-04-22,Supermarket Chain,Croissant,24000.0,0,0.177,8,3.8,0
2024-04-22,Supermarket Chain,Red Velvet Cake,168000.0,0,0.162,24,4.4,1
2024-04-23,Paris Baguette,Tiramisu,271000.0,0,0.221,16,4.2,0
2024-04-23,Paris Baguette,Cheesecake,234000.0,0,0.056,20,4.5,1
2024-04-23,Paris Baguette,Macaron,44000.0,0,0.202,1,4.1,1
2024-04-23,Paris Baguette,Éclair,53000.0,1,0.207,12,3.8,1
2024-04-23,Paris Baguette,Croissant,35000.0,1,0.187,15,4.6,1
2024-04-23,Paris Baguette,Red Velvet Cake,263000.0,1,0.167,1,4.2,1
2024-04-23,Tous Les Jours,Tiramisu,245000.0,0,0.085,13,3.9,1
2024-04-23,Tous Les Jours,Cheesecake,217000.0,0,0.094,11,3.7,0
2024-04-23,Tous Les Jours,Macaron,43000.0,0,0.122,2,4.7,1
2024-04-23,Tous Les Jours,Éclair,61000.0,0,0.105,19,3.8,0
2024-04-23,Tous Les Jours,Croissant,38000.0,0,0.084,21,3.6,1
2024-04-23,Tous Les Jours,Red Velvet Cake,279000.0,0,0.247,11,4.5,1
2024-04-23,ABC Bakery,Tiramisu,215000.0,0,0.165,23,4.4,0
2024-04-23,ABC Bakery,Cheesecake,174000.0,0,0.112,15,4.8,0
2024-04-23,ABC Bakery,Macaron,36000.0,0,0.151,19,4.6,1
2024-04-23,ABC Bakery,Éclair,45000.0,1,0.112,21,4.4,1
2024-04-23,ABC Bakery,Croissant,26000.0,1,0.154,3,3.5,1
2024-04-23,ABC Bakery,Red Velvet Cake,196000.0,1,0.218,11,4.3,1
2024-04-23,Givral,Tiramisu,200000.0,0,0.095,7,4.6,1
2024-04-23,Givral,Cheesecake,173000.0,0,0.227,20,4.6,0
2024-04-23,Givral,Macaron,35000.0,0,0.144,20,4.7,1
2024-04-23,Givral,Éclair,50000.0,0,0.101,13,3.7,1
2024-04-23,Givral,Croissant,31000.0,0,0.206,3,4.3,0
2024-04-23,Givral,Red Velvet Cake,222000.0,0,0.133,24,4.7,1
2024-04-23,Local Bakery A,Tiramisu,187000.0,0,0.121,8,4.0,1
2024-04-23,Local Bakery A,Cheesecake,158000.0,0,0.178,14,4.7,1
2024-04-23,Local Bakery A,Macaron,34000.0,0,0.129,2,4.4,0
2024-04-23,Local Bakery A,Éclair,45000.0,0,0.091,1,4.7,1
2024-04-23,Local Bakery A,Croissant,30000.0,0,0.091,23,3.6,1
2024-04-23,Local Bakery A,Red Velvet Cake,201000.0,0,0.23,11,3.6,1
2024-04-23,Supermarket Chain,Tiramisu,151000.0,0,0.194,19,3.9,1
2024-04-23,Supermarket Chain,Cheesecake,127000.0,0,0.24,21,4.2,1
2024-04-23,Supermarket Chain,Macaron,26000.0,0,0.212,10,4.6,1
2024-04-23,Supermarket Chain,Éclair,38000.0,0,0.129,13,4.0,0
2024-04-23,Supermarket Chain,Croissant,20000.0,1,0.075,9,3.9,1
2024-04-23,Supermarket Chain,Red Velvet Cake,165000.0,0,0.062,18,4.2,0
2024-04-24,Paris Baguette,Tiramisu,255000.0,0,0.064,9,4.6,1
2024-04-24,Paris Baguette,Cheesecake,235000.0,0,0.097,17,4.5,1
2024-04-24,Paris Baguette,Macaron,48000.0,0,0.25,18,3.8,1
2024-04-24,Paris Baguette,Éclair,46000.0,1,0.174,22,4.2,1
2024-04-24,Paris Baguette,Croissant,40000.0,0,0.178,16,4.0,0
2024-04-24,Paris Baguette,Red Velvet Cake,313000.0,0,0.102,7,4.8,0
2024-04-24,Tous Les Jours,Tiramisu,240000.0,0,0.109,18,4.7,1
2024-04-24,Tous Les Jours,Cheesecake,212000.0,0,0.186,16,4.8,1
2024-04-24,Tous Les Jours,Macaron,43000.0,0,0.174,24,4.4,1
2024-04-24,Tous Les Jours,Éclair,62000.0,0,0.193,1,4.2,1
2024-04-24,Tous Les Jours,Croissant,36000.0,0,0.205,24,4.6,0
2024-04-24,Tous Les Jours,Red Velvet Cake,281000.0,0,0.117,14,4.1,0
2024-04-24,ABC Bakery,Tiramisu,219000.0,0,0.108,18,3.8,1
2024-04-24,ABC Bakery,Cheesecake,192000.0,0,0.08,18,4.0,1
2024-04-24,ABC Bakery,Macaron,37000.0,0,0.151,21,4.0,1
2024-04-24,ABC Bakery,Éclair,39000.0,1,0.145,16,4.5,1
2024-04-24,ABC Bakery,Croissant,31000.0,0,0.111,7,4.2,1
2024-04-24,ABC Bakery,Red Velvet Cake,236000.0,0,0.245,3,4.7,1
2024-04-24,Givral,Tiramisu,196000.0,0,0.224,21,3.7,0
2024-04-24,Givral,Cheesecake,171000.0,0,0.06,2,3.7,1
2024-04-24,Givral,Macaron,35000.0,0,0.106,20,4.1,1
2024-04-24,Givral,Éclair,50000.0,0,0.175,4,4.3,0
2024-04-24,Givral,Croissant,29000.0,0,0.113,22,4.5,0
2024-04-24,Givral,Red Velvet Cake,228000.0,0,0.081,16,4.7,0
2024-04-24,Local Bakery A,Tiramisu,185000.0,0,0.138,5,4.8,1
2024-04-24,Local Bakery A,Cheesecake,166000.0,0,0.242,7,4.8,0
2024-04-24,Local Bakery A,Macaron,35000.0,0,0.2,15,4.4,1
2024-04-24,Local Bakery A,Éclair,48000.0,0,0.216,24,4.7,1
2024-04-24,Local Bakery A,Croissant,29000.0,0,0.096,21,4.5,0
2024-04-24,Local Bakery A,Red Velvet Cake,185000.0,1,0.204,20,4.0,1
2024-04-24,Supermarket Chain,Tiramisu,152000.0,0,0.101,3,4.4,1
2024-04-24,Supermarket Chain,Cheesecake,127000.0,0,0.239,23,4.0,0
2024-04-24,Supermarket Chain,Macaron,26000.0,0,0.107,23,3.6,1
2024-04-24,Supermarket Chain,Éclair,35000.0,0,0.245,23,3.7,1
2024-04-24,Supermarket Chain,Croissant,21000.0,0,0.103,5,4.6,1
2024-04-24,Supermarket Chain,Red Velvet Cake,161000.0,0,0.171,22,3.8,1
2024-04-25,Paris Baguette,Tiramisu,263000.0,0,0.202,3,4.0,0
2024-04-25,Paris Baguette,Cheesecake,230000.0,0,0.192,1,3.6,0
2024-04-25,Paris Baguette,Macaron,42000.0,1,0.167,4,3.9,1
2024-04-25,Paris Baguette,Éclair,61000.0,0,0.166,24,4.6,1
2024-04-25,Paris Baguette,Croissant,39000.0,0,0.125,18,4.5,1
2024-04-25,Paris Baguette,Red Velvet Cake,292000.0,0,0.124,20,4.5,1
2024-04-25,Tous Les Jours,Tiramisu,173000.0,1,0.132,13,4.2,1
2024-04-25,Tous Les Jours,Cheesecake,222000.0,0,0.215,5,4.1,1
2024-04-25,Tous Les Jours,Macaron,43000.0,0,0.128,18,4.2,1
2024-04-25,Tous Les Jours,Éclair,65000.0,0,0.172,12,4.4,1
2024-04-25,Tous Les Jours,Croissant,38000.0,0,0.088,12,4.0,1
2024-04-25,Tous Les Jours,Red Velvet Cake,295000.0,0,0.223,17,4.1,1
2024-04-25,ABC Bakery,Tiramisu,147000.0,1,0.239,1,3.6,1
2024-04-25,ABC Bakery,Cheesecake,161000.0,1,0.186,4,4.5,1
2024-04-25,ABC Bakery,Macaron,36000.0,0,0.071,13,3.5,1
2024-04-25,ABC Bakery,Éclair,53000.0,0,0.219,12,4.1,1
2024-04-25,ABC Bakery,Croissant,27000.0,1,0.064,5,4.7,1
2024-04-25,ABC Bakery,Red Velvet Cake,221000.0,0,0.192,19,3.9,1
2024-04-25,Givral,Tiramisu,198000.0,0,0.243,11,4.5,1
2024-04-25,Givral,Cheesecake,175000.0,0,0.124,2,4.7,1
2024-04-25,Givral,Macaron,34000.0,0,0.107,8,4.8,0
2024-04-25,Givral,Éclair,50000.0,0,0.129,1,3.8,1
2024-04-25,Givral,Croissant,30000.0,0,0.183,24,4.8,1
2024-04-25,Givral,Red Velvet Cake,223000.0,0,0.205,18,3.9,0
2024-04-25,Local Bakery A,Tiramisu,187000.0,0,0.095,8,3.7,0
2024-04-25,Local Bakery A,Cheesecake,160000.0,0,0.213,16,4.5,1
2024-04-25,Local Bakery A,Macaron,34000.0,0,0.124,6,3.8,0
2024-04-25,Local Bakery A,Éclair,46000.0,0,0.091,7,3.5,1
2024-04-25,Local Bakery A,Croissant,29000.0,0,0.212,17,4.1,1
2024-04-25,Local Bakery A,Red Velvet Cake,208000.0,0,0.182,18,4.0,1
2024-04-25,Supermarket Chain,Tiramisu,112000.0,1,0.102,24,3.8,1
2024-04-25,Supermarket Chain,Cheesecake,129000.0,0,0.063,6,3.6,1
2024-04-25,Supermarket Chain,Macaron,26000.0,0,0.245,6,4.2,1
2024-04-25,Supermarket Chain,Éclair,38000.0,0,0.214,22,3.6,0
2024-04-25,Supermarket Chain,Croissant,23000.0,0,0.098,3,4.8,1
2024-04-25,Supermarket Chain,Red Velvet Cake,155000.0,0,0.097,3,3.9,1
2024-04-26,Paris Baguette,Tiramisu,239000.0,1,0.187,6,4.0,0
2024-04-26,Paris Baguette,Cheesecake,211000.0,0,0.214,4,4.7,1
2024-04-26,Paris Baguette,Macaron,44000.0,0,0.164,22,4.6,1
2024-04-26,Paris Baguette,Éclair,65000.0,0,0.172,9,4.3,1
2024-04-26,Paris Baguette,Croissant,37000.0,0,0.154,10,3.9,1
2024-04-26,Paris Baguette,Red Velvet Cake,276000.0,0,0.198,22,4.5,1
2024-04-26,Tous Les Jours,Tiramisu,261000.0,0,0.152,21,4.7,1
2024-04-26,Tous Les Jours,Cheesecake,177000.0,1,0.172,17,3.8,1
2024-04-26,Tous Les Jours,Macaron,44000.0,0,0.062,7,3.6,0
2024-04-26,Tous Les Jours,Éclair,63000.0,0,0.133,10,4.0,1
2024-04-26,Tous Les Jours,Croissant,37000.0,0,0.202,23,4.6,1
2024-04-26,Tous Les Jours,Red Velvet Cake,272000.0,0,0.142,6,4.5,0
2024-04-26,ABC Bakery,Tiramisu,201000.0,0,0.103,24,3.6,1
2024-04-26,ABC Bakery,Cheesecake,177000.0,0,0.208,7,3.9,1
2024-04-26,ABC Bakery,Macaron,37000.0,0,0.137,19,4.5,1
2024-04-26,ABC Bakery,Éclair,55000.0,0,0.196,4,3.5,1
2024-04-26,ABC Bakery,Croissant,31000.0,0,0.165,16,3.8,1
2024-04-26,ABC Bakery,Red Velvet Cake,235000.0,0,0.239,8,3.9,1
2024-04-26,Givral,Tiramisu,198000.0,0,0.137,15,3.7,1
2024-04-26,Givral,Cheesecake,170000.0,0,0.093,9,4.1,1
2024-04-26,Givral,Macaron,26000.0,1,0.073,19,4.0,0
2024-04-26,Givral,Éclair,50000.0,0,0.114,10,4.8,0
2024-04-26,Givral,Croissant,31000.0,0,0.188,5,3.8,0
2024-04-26,Givral,Red Velvet Cake,215000.0,0,0.23,19,4.8,1
2024-04-26,Local Bakery A,Tiramisu,193000.0,0,0.15,9,3.8,1
2024-04-26,Local Bakery A,Cheesecake,165000.0,0,0.235,17,3.6,1
2024-04-26,Local Bakery A,Macaron,33000.0,0,0.062,24,4.8,0
2024-04-26,Local Bakery A,Éclair,49000.0,0,0.069,11,4.7,1
2024-04-26,Local Bakery A,Croissant,22000.0,1,0.198,5,4.2,0
2024-04-26,Local Bakery A,Red Velvet Cake,201000.0,0,0.149,3,4.4,0
2024-04-26,Supermarket Chain,Tiramisu,145000.0,0,0.056,3,3.6,0
2024-04-26,Supermarket Chain,Cheesecake,123000.0,0,0.072,1,3.8,1
2024-04-26,Supermarket Chain,Macaron,25000.0,0,0.153,1,3.7,0
2024-04-26,Supermarket Chain,Éclair,36000.0,0,0.127,18,4.0,1
2024-04-26,Supermarket Chain,Croissant,22000.0,0,0.184,19,3.9,1
2024-04-26,Supermarket Chain,Red Velvet Cake,159000.0,0,0.084,19,4.4,0
2024-04-27,Paris Baguette,Tiramisu,272000.0,0,0.192,19,4.3,0
2024-04-27,Paris Baguette,Cheesecake,233000.0,0,0.198,20,4.4,1
2024-04-27,Paris Baguette,Macaron,48000.0,0,0.208,24,4.8,1
2024-04-27,Paris Baguette,Éclair,68000.0,0,0.06,9,4.0,0
2024-04-27,Paris Baguette,Croissant,42000.0,0,0.189,3,3.6,1
2024-04-27,Paris Baguette,Red Velvet Cake,287000.0,0,0.091,12,4.3,1
2024-04-27,Tous Les Jours,Tiramisu,222000.0,1,0.199,10,4.5,1
2024-04-27,Tous Les Jours,Cheesecake,228000.0,0,0.208,20,4.3,1
2024-04-27,Tous Les Jours,Macaron,47000.0,0,0.09,7,4.2,1
2024-04-27,Tous Les Jours,Éclair,68000.0,0,0.112,3,4.2,1
2024-04-27,Tous Les Jours,Croissant,40000.0,0,0.237,2,3.7,1
2024-04-27,Tous Les Jours,Red Velvet Cake,286000.0,0,0.229,2,3.7,1
2024-04-27,ABC Bakery,Tiramisu,218000.0,0,0.05,12,4.0,0
2024-04-27,ABC Bakery,Cheesecake,190000.0,0,0.12,6,4.5,1
2024-04-27,ABC Bakery,Macaron,39000.0,0,0.125,10,3.6,0
2024-04-27,ABC Bakery,Éclair,52000.0,0,0.157,21,3.5,0
2024-04-27,ABC Bakery,Croissant,33000.0,0,0.206,6,3.6,1
2024-04-27,ABC Bakery,Red Velvet Cake,241000.0,0,0.114,16,4.1,1
2024-04-27,Givral,Tiramisu,191000.0,0,0.111,3,4.3,0
2024-04-27,Givral,Cheesecake,170000.0,0,0.15,9,4.7,1
2024-04-27,Givral,Macaron,38000.0,0,0.149,23,4.6,1
2024-04-27,Givral,Éclair,53000.0,0,0.203,21,4.4,1
2024-04-27,Givral,Croissant,24000.0,1,0.111,12,4.2,1
2024-04-27,Givral,Red Velvet Cake,238000.0,0,0.062,17,3.8,1
2024-04-27,Local Bakery A,Tiramisu,200000.0,0,0.187,13,4.5,1
2024-04-27,Local Bakery A,Cheesecake,170000.0,0,0.207,10,4.0,1
2024-04-27,Local Bakery A,Macaron,33000.0,0,0.188,5,4.4,0
2024-04-27,Local Bakery A,Éclair,49000.0,0,0.133,7,3.9,1
2024-04-27,Local Bakery A,Croissant,29000.0,0,0.092,3,4.6,1
2024-04-27,Local Bakery A,Red Velvet Cake,209000.0,0,0.079,22,4.4,1
2024-04-27,Supermarket Chain,Tiramisu,148000.0,0,0.142,23,3.7,1
2024-04-27,Supermarket Chain,Cheesecake,135000.0,0,0.158,17,3.5,1
2024-04-27,Supermarket Chain,Macaron,19000.0,1,0.164,24,4.2,0
2024-04-27,Supermarket Chain,Éclair,36000.0,0,0.227,1,4.7,1
2024-04-27,Supermarket Chain,Croissant,23000.0,0,0.05,3,4.1,1
2024-04-27,Supermarket Chain,Red Velvet Cake,112000.0,1,0.218,13,4.2,1
2024-04-28,Paris Baguette,Tiramisu,288000.0,0,0.157,6,4.3,1
2024-04-28,Paris Baguette,Cheesecake,237000.0,0,0.096,4,3.5,1
2024-04-28,Paris Baguette,Macaron,46000.0,0,0.171,19,4.5,1
2024-04-28,Paris Baguette,Éclair,67000.0,0,0.232,22,4.6,0
2024-04-28,Paris Baguette,Croissant,42000.0,0,0.122,8,3.9,0
2024-04-28,Paris Baguette,Red Velvet Cake,290000.0,0,0.197,24,4.4,0
2024-04-28,Tous Les Jours,Tiramisu,259000.0,0,0.173,3,4.7,1
2024-04-28,Tous Les Jours,Cheesecake,230000.0,0,0.062,23,3.5,1
2024-04-28,Tous Les Jours,Macaron,45000.0,0,0.133,17,3.9,0
2024-04-28,Tous Les Jours,Éclair,69000.0,0,0.184,21,4.7,1
2024-04-28,Tous Les Jours,Croissant,41000.0,0,0.248,13,4.6,0
2024-04-28,Tous Les Jours,Red Velvet Cake,291000.0,0,0.239,18,3.8,0
2024-04-28,ABC Bakery,Tiramisu,222000.0,0,0.092,23,4.5,1
2024-04-28,ABC Bakery,Cheesecake,185000.0,0,0.142,15,4.1,0
2024-04-28,ABC Bakery,Macaron,37000.0,0,0.146,23,4.1,1
2024-04-28,ABC Bakery,Éclair,41000.0,1,0.171,10,4.2,1
2024-04-28,ABC Bakery,Croissant,25000.0,1,0.081,2,4.4,1
2024-04-28,ABC Bakery,Red Velvet Cake,239000.0,0,0.233,2,4.5,1
2024-04-28,Givral,Tiramisu,165000.0,1,0.068,23,4.6,1
2024-04-28,Givral,Cheesecake,179000.0,0,0.214,11,4.6,0
2024-04-28,Givral,Macaron,37000.0,0,0.083,1,3.5,1
2024-04-28,Givral,Éclair,53000.0,0,0.051,13,4.6,1
2024-04-28,Givral,Croissant,23000.0,1,0.126,17,4.0,1
2024-04-28,Givral,Red Velvet Cake,227000.0,0,0.129,19,4.3,1
2024-04-28,Local Bakery A,Tiramisu,175000.0,1,0.247,8,4.5,1
2024-04-28,Local Bakery A,Cheesecake,170000.0,0,0.07,7,3.9,1
2024-04-28,Local Bakery A,Macaron,36000.0,0,0.146,14,3.6,1
2024-04-28,Local Bakery A,Éclair,52000.0,0,0.189,3,4.5,0
2024-04-28,Local Bakery A,Croissant,30000.0,0,0.228,9,4.0,1
2024-04-28,Local Bakery A,Red Velvet Cake,219000.0,0,0.181,22,4.1,0
2024-04-28,Supermarket Chain,Tiramisu,156000.0,0,0.224,20,3.6,0
2024-04-28,Supermarket Chain,Cheesecake,130000.0,0,0.15,4,3.9,1
2024-04-28,Supermarket Chain,Macaron,27000.0,0,0.14,7,3.6,1
2024-04-28,Supermarket Chain,Éclair,38000.0,0,0.235,9,4.4,1
2024-04-28,Supermarket Chain,Croissant,23000.0,0,0.093,23,3.6,0
2024-04-28,Supermarket Chain,Red Velvet Cake,164000.0,0,0.198,13,4.3,1
2024-04-29,Paris Baguette,Tiramisu,254000.0,0,0.237,17,4.1,1
2024-04-29,Paris Baguette,Cheesecake,225000.0,0,0.178,15,3.9,0
2024-04-29,Paris Baguette,Macaron,46000.0,0,0.143,23,4.6,0
2024-04-29,Paris Baguette,Éclair,68000.0,0,0.095,19,3.6,1
2024-04-29,Paris Baguette,Croissant,32000.0,1,0.184,2,4.3,1
2024-04-29,Paris Baguette,Red Velvet Cake,283000.0,0,0.114,14,4.2,0
2024-04-29,Tous Les Jours,Tiramisu,254000.0,0,0.231,6,3.5,1
2024-04-29,Tous Les Jours,Cheesecake,212000.0,0,0.081,9,4.5,1
2024-04-29,Tous Les Jours,Macaron,41000.0,0,0.091,7,3.9,1
2024-04-29,Tous Les Jours,Éclair,61000.0,0,0.156,21,3.8,1
2024-04-29,Tous Les Jours,Croissant,37000.0,0,0.053,16,4.3,1
2024-04-29,Tous Les Jours,Red Velvet Cake,271000.0,0,0.188,23,4.0,1
2024-04-29,ABC Bakery,Tiramisu,212000.0,0,0.171,21,3.9,0
2024-04-29,ABC Bakery,Cheesecake,176000.0,0,0.125,6,4.1,1
2024-04-29,ABC Bakery,Macaron,30000.0,1,0.184,18,3.6,1
2024-04-29,ABC Bakery,Éclair,50000.0,0,0.102,18,3.7,1
2024-04-29,ABC Bakery,Croissant,31000.0,0,0.072,7,3.8,0
2024-04-29,ABC Bakery,Red Velvet Cake,221000.0,0,0.136,15,3.6,1
2024-04-29,Givral,Tiramisu,198000.0,0,0.243,23,4.3,0
2024-04-29,Givral,Cheesecake,136000.0,1,0.231,23,4.3,0
2024-04-29,Givral,Macaron,34000.0,0,0.204,8,3.8,0
2024-04-29,Givral,Éclair,49000.0,0,0.247,2,4.3,0
2024-04-29,Givral,Croissant,30000.0,0,0.101,3,4.6,1
2024-04-29,Givral,Red Velvet Cake,228000.0,0,0.098,6,4.2,1
2024-04-29,Local Bakery A,Tiramisu,137000.0,1,0.108,21,4.1,1
2024-04-29,Local Bakery A,Cheesecake,157000.0,0,0.055,11,4.6,1
2024-04-29,Local Bakery A,Macaron,32000.0,0,0.075,15,3.7,0
2024-04-29,Local Bakery A,Éclair,45000.0,0,0.208,5,4.3,0
2024-04-29,Local Bakery A,Croissant,22000.0,1,0.183,18,3.6,1
2024-04-29,Local Bakery A,Red Velvet Cake,204000.0,0,0.245,8,3.7,1
2024-04-29,Supermarket Chain,Tiramisu,145000.0,0,0.08,24,3.9,1
2024-04-29,Supermarket Chain,Cheesecake,125000.0,0,0.086,23,4.5,1
2024-04-29,Supermarket Chain,Macaron,25000.0,0,0.173,23,4.3,0
2024-04-29,Supermarket Chain,Éclair,35000.0,0,0.054,14,4.8,1
2024-04-29,Supermarket Chain,Croissant,21000.0,0,0.135,5,4.3,1
2024-04-29,Supermarket Chain,Red Velvet Cake,156000.0,0,0.194,23,4.5,1
2024-04-30,Paris Baguette,Tiramisu,266000.0,0,0.113,15,4.5,1
2024-04-30,Paris Baguette,Cheesecake,228000.0,0,0.085,15,4.0,1
2024-04-30,Paris Baguette,Macaron,46000.0,0,0.204,24,3.9,0
2024-04-30,Paris Baguette,Éclair,67000.0,0,0.091,8,4.8,1
2024-04-30,Paris Baguette,Croissant,33000.0,1,0.236,24,4.4,1
2024-04-30,Paris Baguette,Red Velvet Cake,288000.0,0,0.125,21,4.3,1
2024-04-30,Tous Les Jours,Tiramisu,198000.0,1,0.074,22,4.8,0
2024-04-30,Tous Les Jours,Cheesecake,171000.0,1,0.063,17,4.2,1
2024-04-30,Tous Les Jours,Macaron,44000.0,0,0.11,11,4.8,1
2024-04-30,Tous Les Jours,Éclair,63000.0,0,0.177,4,4.5,1
2024-04-30,Tous Les Jours,Croissant,37000.0,0,0.141,17,4.4,1
2024-04-30,Tous Les Jours,Red Velvet Cake,286000.0,0,0.055,2,4.5,0
2024-04-30,ABC Bakery,Tiramisu,213000.0,0,0.124,11,4.0,1
2024-04-30,ABC Bakery,Cheesecake,174000.0,0,0.124,16,4.8,1
2024-04-30,ABC Bakery,Macaron,38000.0,0,0.108,15,4.1,1
2024-04-30,ABC Bakery,Éclair,52000.0,0,0.152,4,4.2,0
2024-04-30,ABC Bakery,Croissant,30000.0,0,0.158,14,4.3,1
2024-04-30,ABC Bakery,Red Velvet Cake,234000.0,0,0.074,8,4.3,0
2024-04-30,Givral,Tiramisu,200000.0,0,0.19,21,4.8,1
2024-04-30,Givral,Cheesecake,165000.0,0,0.199,10,4.4,1
2024-04-30,Givral,Macaron,35000.0,0,0.133,5,4.2,1
2024-04-30,Givral,Éclair,49000.0,0,0.233,17,3.9,1
2024-04-30,Givral,Croissant,31000.0,0,0.195,17,4.4,0
2024-04-30,Givral,Red Velvet Cake,231000.0,0,0.112,10,4.3,1
2024-04-30,Local Bakery A,Tiramisu,155000.0,1,0.168,16,4.6,1
2024-04-30,Local Bakery A,Cheesecake,159000.0,0,0.216,5,4.8,1
2024-04-30,Local Bakery A,Macaron,34000.0,0,0.246,10,4.7,1
2024-04-30,Local Bakery A,Éclair,47000.0,0,0.159,20,4.1,1
2024-04-30,Local Bakery A,Croissant,27000.0,0,0.214,18,4.7,1
2024-04-30,Local Bakery A,Red Velvet Cake,203000.0,0,0.212,19,3.8,1
2024-04-30,Supermarket Chain,Tiramisu,140000.0,0,0.208,10,3.8,1
2024-04-30,Supermarket Chain,Cheesecake,118000.0,0,0.189,24,3.5,1
2024-04-30,Supermarket Chain,Macaron,25000.0,0,0.068,6,4.6,1
2024-04-30,Supermarket Chain,Éclair,36000.0,0,0.166,6,4.7,1
2024-04-30,Supermarket Chain,Croissant,22000.0,0,0.138,11,3.7,1
2024-04-30,Supermarket Chain,Red Velvet Cake,163000.0,0,0.052,4,4.4,1
2024-05-01,Paris Baguette,Tiramisu,256000.0,0,0.073,5,4.5,1
2024-05-01,Paris Baguette,Cheesecake,219000.0,0,0.072,22,4.6,1
2024-05-01,Paris Baguette,Macaron,46000.0,0,0.119,7,4.6,1
2024-05-01,Paris Baguette,Éclair,69000.0,0,0.129,17,3.7,1
2024-05-01,Paris Baguette,Croissant,40000.0,0,0.107,2,3.6,1
2024-05-01,Paris Baguette,Red Velvet Cake,283000.0,0,0.23,17,4.5,1
2024-05-01,Tous Les Jours,Tiramisu,206000.0,1,0.062,5,3.6,1
2024-05-01,Tous Les Jours,Cheesecake,203000.0,0,0.133,4,3.9,0
2024-05-01,Tous Les Jours,Macaron,45000.0,0,0.21,18,3.9,0
2024-05-01,Tous Les Jours,Éclair,63000.0,0,0.229,20,3.6,1
2024-05-01,Tous Les Jours,Croissant,38000.0,0,0.16,18,3.6,1
2024-05-01,Tous Les Jours,Red Velvet Cake,286000.0,0,0.183,20,3.6,1
2024-05-01,ABC Bakery,Tiramisu,207000.0,0,0.078,21,3.6,1
2024-05-01,ABC Bakery,Cheesecake,166000.0,0,0.201,21,4.0,1
2024-05-01,ABC Bakery,Macaron,35000.0,0,0.243,8,4.1,0
2024-05-01,ABC Bakery,Éclair,54000.0,0,0.052,17,3.6,0
2024-05-01,ABC Bakery,Croissant,31000.0,0,0.187,17,4.5,1
2024-05-01,ABC Bakery,Red Velvet Cake,188000.0,1,0.065,21,4.3,1
2024-05-01,Givral,Tiramisu,148000.0,1,0.115,21,3.8,1
2024-05-01,Givral,Cheesecake,166000.0,0,0.13,2,4.8,0
2024-05-01,Givral,Macaron,27000.0,1,0.094,21,3.5,1
2024-05-01,Givral,Éclair,48000.0,0,0.183,5,3.9,1
2024-05-01,Givral,Croissant,31000.0,0,0.121,15,4.5,1
2024-05-01,Givral,Red Velvet Cake,210000.0,0,0.163,13,3.6,1
2024-05-01,Local Bakery A,Tiramisu,197000.0,0,0.101,2,3.8,0
2024-05-01,Local Bakery A,Cheesecake,156000.0,0,0.224,1,3.7,1
2024-05-01,Local Bakery A,Macaron,33000.0,0,0.243,8,3.6,1
2024-05-01,Local Bakery A,Éclair,34000.0,1,0.106,10,4.3,1
2024-05-01,Local Bakery A,Croissant,29000.0,0,0.152,22,4.5,1
2024-05-01,Local Bakery A,Red Velvet Cake,202000.0,0,0.207,15,3.7,1
2024-05-01,Supermarket Chain,Tiramisu,118000.0,1,0.179,24,4.4,1
2024-05-01,Supermarket Chain,Cheesecake,83000.0,1,0.152,8,4.4,0
2024-05-01,Supermarket Chain,Macaron,25000.0,0,0.184,1,4.6,0
2024-05-01,Supermarket Chain,Éclair,37000.0,0,0.061,12,3.9,0
2024-05-01,Supermarket Chain,Croissant,16000.0,1,0.158,13,4.4,0
2024-05-01,Supermarket Chain,Red Velvet Cake,162000.0,0,0.231,13,3.5,1
2024-05-02,Paris Baguette,Tiramisu,269000.0,0,0.23,19,4.6,1
2024-05-02,Paris Baguette,Cheesecake,208000.0,0,0.085,24,4.3,0
2024-05-02,Paris Baguette,Macaron,47000.0,0,0.15,5,4.7,1
2024-05-02,Paris Baguette,Éclair,52000.0,1,0.145,20,4.7,0
2024-05-02,Paris Baguette,Croissant,38000.0,0,0.068,10,4.2,1
2024-05-02,Paris Baguette,Red Velvet Cake,295000.0,0,0.139,3,4.4,0
2024-05-02,Tous Les Jours,Tiramisu,249000.0,0,0.2,16,3.8,1
2024-05-02,Tous Les Jours,Cheesecake,217000.0,0,0.15,13,3.6,0
2024-05-02,Tous Les Jours,Macaron,44000.0,0,0.226,9,4.2,1
2024-05-02,Tous Les Jours,Éclair,61000.0,0,0.193,7,4.8,1
2024-05-02,Tous Les Jours,Croissant,29000.0,1,0.06,2,4.2,1
2024-05-02,Tous Les Jours,Red Velvet Cake,244000.0,1,0.075,8,3.9,1
2024-05-02,ABC Bakery,Tiramisu,205000.0,0,0.209,22,3.9,1
2024-05-02,ABC Bakery,Cheesecake,171000.0,0,0.18,6,4.0,1
2024-05-02,ABC Bakery,Macaron,36000.0,0,0.088,5,4.3,1
2024-05-02,ABC Bakery,Éclair,50000.0,0,0.2,7,4.6,1
2024-05-02,ABC Bakery,Croissant,31000.0,0,0.236,11,4.2,1
2024-05-02,ABC Bakery,Red Velvet Cake,228000.0,0,0.228,2,3.9,1
2024-05-02,Givral,Tiramisu,193000.0,0,0.08,11,3.9,0
2024-05-02,Givral,Cheesecake,160000.0,0,0.125,6,4.4,1
2024-05-02,Givral,Macaron,34000.0,0,0.088,12,4.8,0
2024-05-02,Givral,Éclair,48000.0,0,0.186,10,3.9,0
2024-05-02,Givral,Croissant,31000.0,0,0.146,21,4.0,0
2024-05-02,Givral,Red Velvet Cake,211000.0,0,0.144,15,4.5,1
2024-05-02,Local Bakery A,Tiramisu,181000.0,0,0.058,4,3.8,1
2024-05-02,Local Bakery A,Cheesecake,153000.0,0,0.192,19,4.6,0
2024-05-02,Local Bakery A,Macaron,32000.0,0,0.221,13,4.3,1
2024-05-02,Local Bakery A,Éclair,47000.0,0,0.148,3,3.9,1
2024-05-02,Local Bakery A,Croissant,28000.0,0,0.056,20,4.0,1
2024-05-02,Local Bakery A,Red Velvet Cake,206000.0,0,0.099,13,4.7,0
2024-05-02,Supermarket Chain,Tiramisu,150000.0,0,0.143,24,4.3,0
2024-05-02,Supermarket Chain,Cheesecake,119000.0,0,0.07,5,4.7,1
2024-05-02,Supermarket Chain,Macaron,25000.0,0,0.054,12,4.3,1
2024-05-02,Supermarket Chain,Éclair,36000.0,0,0.171,5,4.2,1
2024-05-02,Supermarket Chain,Croissant,22000.0,0,0.211,22,4.7,0
2024-05-02,Supermarket Chain,Red Velvet Cake,128000.0,1,0.143,9,3.5,1
2024-05-03,Paris Baguette,Tiramisu,272000.0,0,0.207,24,4.0,1
2024-05-03,Paris Baguette,Cheesecake,214000.0,0,0.092,15,3.6,0
2024-05-03,Paris Baguette,Macaron,44000.0,0,0.112,1,4.2,1
2024-05-03,Paris Baguette,Éclair,66000.0,0,0.139,19,3.7,1
2024-05-03,Paris Baguette,Croissant,38000.0,0,0.243,16,3.7,1
2024-05-03,Paris Baguette,Red Velvet Cake,286000.0,0,0.079,6,3.8,1
2024-05-03,Tous Les Jours,Tiramisu,226000.0,0,0.102,22,4.1,1
2024-05-03,Tous Les Jours,Cheesecake,205000.0,0,0.117,14,4.4,1
2024-05-03,Tous Les Jours,Macaron,44000.0,0,0.229,7,4.5,1
2024-05-03,Tous Les Jours,Éclair,60000.0,0,0.068,1,4.4,1
2024-05-03,Tous Les Jours,Croissant,35000.0,0,0.19,1,4.4,1
2024-05-03,Tous Les Jours,Red Velvet Cake,263000.0,0,0.117,8,4.7,1
2024-05-03,ABC Bakery,Tiramisu,200000.0,0,0.192,16,3.9,0
2024-05-03,ABC Bakery,Cheesecake,178000.0,0,0.062,20,4.4,1
2024-05-03,ABC Bakery,Macaron,35000.0,0,0.104,14,4.3,1
2024-05-03,ABC Bakery,Éclair,51000.0,0,0.14,15,3.7,0
2024-05-03,ABC Bakery,Croissant,31000.0,0,0.054,3,3.7,1
2024-05-03,ABC Bakery,Red Velvet Cake,229000.0,0,0.143,19,4.0,0
2024-05-03,Givral,Tiramisu,198000.0,0,0.135,15,4.3,1
2024-05-03,Givral,Cheesecake,168000.0,0,0.068,7,4.3,1
2024-05-03,Givral,Macaron,35000.0,0,0.237,6,3.8,1
2024-05-03,Givral,Éclair,39000.0,1,0.064,22,4.1,1
2024-05-03,Givral,Croissant,28000.0,0,0.18,21,4.3,1
2024-05-03,Givral,Red Velvet Cake,225000.0,0,0.078,3,4.4,1
2024-05-03,Local Bakery A,Tiramisu,185000.0,0,0.073,7,3.7,1
2024-05-03,Local Bakery A,Cheesecake,161000.0,0,0.062,20,4.3,0
2024-05-03,Local Bakery A,Macaron,33000.0,0,0.098,7,3.8,1
2024-05-03,Local Bakery A,Éclair,49000.0,0,0.101,18,3.7,1
2024-05-03,Local Bakery A,Croissant,28000.0,0,0.066,23,3.6,1
2024-05-03,Local Bakery A,Red Velvet Cake,210000.0,0,0.215,16,4.7,1
2024-05-03,Supermarket Chain,Tiramisu,148000.0,0,0.186,5,3.9,1
2024-05-03,Supermarket Chain,Cheesecake,127000.0,0,0.225,16,3.9,0
2024-05-03,Supermarket Chain,Macaron,20000.0,1,0.051,15,4.4,0
2024-05-03,Supermarket Chain,Éclair,37000.0,0,0.142,22,4.5,1
2024-05-03,Supermarket Chain,Croissant,22000.0,0,0.241,24,3.9,1
2024-05-03,Supermarket Chain,Red Velvet Cake,122000.0,1,0.196,1,4.1,0
2024-05-04,Paris Baguette,Tiramisu,297000.0,0,0.142,23,4.8,0
2024-05-04,Paris Baguette,Cheesecake,229000.0,0,0.17,5,4.6,1
2024-05-04,Paris Baguette,Macaron,44000.0,1,0.094,13,3.7,1
2024-05-04,Paris Baguette,Éclair,64000.0,0,0.244,10,4.5,1
2024-05-04,Paris Baguette,Croissant,42000.0,0,0.057,21,3.5,0
2024-05-04,Paris Baguette,Red Velvet Cake,272000.0,0,0.128,11,4.6,1
2024-05-04,Tous Les Jours,Tiramisu,285000.0,0,0.246,16,4.5,0
2024-05-04,Tous Les Jours,Cheesecake,226000.0,0,0.172,13,4.0,0
2024-05-04,Tous Les Jours,Macaron,47000.0,0,0.192,1,4.5,1
2024-05-04,Tous Les Jours,Éclair,65000.0,0,0.181,6,3.7,1
2024-05-04,Tous Les Jours,Croissant,38000.0,0,0.081,13,3.7,0
2024-05-04,Tous Les Jours,Red Velvet Cake,284000.0,0,0.189,4,3.6,1
2024-05-04,ABC Bakery,Tiramisu,212000.0,0,0.195,12,4.0,0
2024-05-04,ABC Bakery,Cheesecake,180000.0,0,0.172,18,3.6,0
2024-05-04,ABC Bakery,Macaron,38000.0,0,0.1,19,3.9,1
2024-05-04,ABC Bakery,Éclair,57000.0,0,0.108,22,3.5,1
2024-05-04,ABC Bakery,Croissant,32000.0,0,0.081,11,4.3,1
2024-05-04,ABC Bakery,Red Velvet Cake,231000.0,0,0.16,5,3.8,1
2024-05-04,Givral,Tiramisu,204000.0,0,0.187,5,4.5,1
2024-05-04,Givral,Cheesecake,172000.0,0,0.07,10,4.5,0
2024-05-04,Givral,Macaron,29000.0,1,0.145,7,4.0,1
2024-05-04,Givral,Éclair,51000.0,0,0.126,19,3.9,1
2024-05-04,Givral,Croissant,31000.0,0,0.121,13,4.4,1
2024-05-04,Givral,Red Velvet Cake,239000.0,0,0.118,17,4.3,1
2024-05-04,Local Bakery A,Tiramisu,195000.0,0,0.188,5,4.1,0
2024-05-04,Local Bakery A,Cheesecake,171000.0,0,0.066,2,4.0,1
2024-05-04,Local Bakery A,Macaron,35000.0,0,0.182,10,4.2,1
2024-05-04,Local Bakery A,Éclair,48000.0,0,0.138,9,4.1,1
2024-05-04,Local Bakery A,Croissant,29000.0,0,0.234,21,4.2,0
2024-05-04,Local Bakery A,Red Velvet Cake,217000.0,0,0.13,22,3.9,1
2024-05-04,Supermarket Chain,Tiramisu,160000.0,0,0.145,6,3.6,1
2024-05-04,Supermarket Chain,Cheesecake,127000.0,0,0.135,14,3.9,1
2024-05-04,Supermarket Chain,Macaron,28000.0,0,0.182,20,4.7,1
2024-05-04,Supermarket Chain,Éclair,38000.0,0,0.213,16,3.7,1
2024-05-04,Supermarket Chain,Croissant,18000.0,1,0.157,8,4.5,0
2024-05-04,Supermarket Chain,Red Velvet Cake,166000.0,0,0.128,17,3.7,0
2024-05-05,Paris Baguette,Tiramisu,267000.0,0,0.222,14,4.6,1
2024-05-05,Paris Baguette,Cheesecake,230000.0,0,0.078,6,4.8,0
2024-05-05,Paris Baguette,Macaron,46000.0,0,0.17,8,4.4,1
2024-05-05,Paris Baguette,Éclair,64000.0,0,0.195,4,4.8,1
2024-05-05,Paris Baguette,Croissant,41000.0,0,0.178,7,3.9,1
2024-05-05,Paris Baguette,Red Velvet Cake,285000.0,0,0.059,10,3.9,0
2024-05-05,Tous Les Jours,Tiramisu,250000.0,0,0.217,6,4.4,1
2024-05-05,Tous Les Jours,Cheesecake,213000.0,0,0.078,14,4.6,1
2024-05-05,Tous Les Jours,Macaron,44000.0,0,0.215,6,3.7,0
2024-05-05,Tous Les Jours,Éclair,67000.0,0,0.19,3,4.0,0
2024-05-05,Tous Les Jours,Croissant,39000.0,0,0.115,3,4.0,0
2024-05-05,Tous Les Jours,Red Velvet Cake,286000.0,0,0.075,24,3.6,1
2024-05-05,ABC Bakery,Tiramisu,199000.0,0,0.126,18,4.7,1
2024-05-05,ABC Bakery,Cheesecake,166000.0,1,0.076,12,4.7,1
2024-05-05,ABC Bakery,Macaron,37000.0,0,0.176,16,3.8,1
2024-05-05,ABC Bakery,Éclair,54000.0,0,0.062,23,3.6,1
2024-05-05,ABC Bakery,Croissant,31000.0,0,0.212,15,3.7,1
2024-05-05,ABC Bakery,Red Velvet Cake,170000.0,1,0.059,3,4.4,1
2024-05-05,Givral,Tiramisu,206000.0,0,0.062,23,3.8,0
2024-05-05,Givral,Cheesecake,170000.0,0,0.097,5,4.3,0
2024-05-05,Givral,Macaron,37000.0,0,0.133,3,4.7,0
2024-05-05,Givral,Éclair,49000.0,0,0.218,19,4.6,0
2024-05-05,Givral,Croissant,26000.0,1,0.221,21,3.9,0
2024-05-05,Givral,Red Velvet Cake,188000.0,1,0.121,8,4.0,1
2024-05-05,Local Bakery A,Tiramisu,207000.0,0,0.086,23,4.5,1
2024-05-05,Local Bakery A,Cheesecake,163000.0,0,0.058,10,3.6,1
2024-05-05,Local Bakery A,Macaron,36000.0,0,0.159,14,3.8,1
2024-05-05,Local Bakery A,Éclair,49000.0,0,0.096,11,4.7,1
2024-05-05,Local Bakery A,Croissant,29000.0,0,0.21,3,4.5,1
2024-05-05,Local Bakery A,Red Velvet Cake,209000.0,0,0.128,22,3.9,0
2024-05-05,Supermarket Chain,Tiramisu,155000.0,0,0.079,2,3.7,1
2024-05-05,Supermarket Chain,Cheesecake,132000.0,0,0.135,18,4.4,1
2024-05-05,Supermarket Chain,Macaron,29000.0,0,0.165,8,4.6,1
2024-05-05,Supermarket Chain,Éclair,37000.0,0,0.161,7,3.8,1
2024-05-05,Supermarket Chain,Croissant,23000.0,0,0.145,9,3.6,0
2024-05-05,Supermarket Chain,Red Velvet Cake,171000.0,0,0.099,9,4.2,0
2024-05-06,Paris Baguette,Tiramisu,252000.0,0,0.128,16,4.1,1
2024-05-06,Paris Baguette,Cheesecake,221000.0,0,0.078,4,4.6,1
2024-05-06,Paris Baguette,Macaron,44000.0,0,0.248,23,4.2,0
2024-05-06,Paris Baguette,Éclair,62000.0,0,0.093,8,4.7,1
2024-05-06,Paris Baguette,Croissant,39000.0,0,0.222,14,3.8,0
2024-05-06,Paris Baguette,Red Velvet Cake,290000.0,0,0.19,12,4.4,1
2024-05-06,Tous Les Jours,Tiramisu,256000.0,0,0.088,9,3.8,1
2024-05-06,Tous Les Jours,Cheesecake,224000.0,0,0.144,19,4.5,1
2024-05-06,Tous Les Jours,Macaron,40000.0,0,0.139,12,4.8,0
2024-05-06,Tous Les Jours,Éclair,61000.0,0,0.152,12,3.6,1
2024-05-06,Tous Les Jours,Croissant,37000.0,0,0.161,22,4.0,1
2024-05-06,Tous Les Jours,Red Velvet Cake,261000.0,0,0.21,4,4.5,1
2024-05-06,ABC Bakery,Tiramisu,209000.0,0,0.056,21,3.6,1
2024-05-06,ABC Bakery,Cheesecake,174000.0,0,0.237,3,4.2,1
2024-05-06,ABC Bakery,Macaron,37000.0,0,0.109,19,3.6,1
2024-05-06,ABC Bakery,Éclair,52000.0,0,0.218,11,4.1,0
2024-05-06,ABC Bakery,Croissant,30000.0,0,0.241,8,4.2,0
2024-05-06,ABC Bakery,Red Velvet Cake,218000.0,0,0.222,2,3.5,1
2024-05-06,Givral,Tiramisu,202000.0,0,0.151,3,3.9,0
2024-05-06,Givral,Cheesecake,163000.0,0,0.235,7,4.6,0
2024-05-06,Givral,Macaron,34000.0,0,0.114,6,4.5,0
2024-05-06,Givral,Éclair,50000.0,0,0.162,1,3.8,1
2024-05-06,Givral,Croissant,30000.0,0,0.104,22,4.5,1
2024-05-06,Givral,Red Velvet Cake,227000.0,0,0.093,2,4.3,0
2024-05-06,Local Bakery A,Tiramisu,173000.0,0,0.053,17,3.9,0
2024-05-06,Local Bakery A,Cheesecake,163000.0,0,0.241,15,4.8,1
2024-05-06,Local Bakery A,Macaron,32000.0,0,0.173,16,4.3,1
2024-05-06,Local Bakery A,Éclair,46000.0,0,0.165,2,3.7,0
2024-05-06,Local Bakery A,Croissant,22000.0,1,0.199,1,3.8,1
2024-05-06,Local Bakery A,Red Velvet Cake,210000.0,0,0.075,11,4.2,0
2024-05-06,Supermarket Chain,Tiramisu,134000.0,0,0.152,5,4.0,0
2024-05-06,Supermarket Chain,Cheesecake,120000.0,0,0.183,23,3.8,1
2024-05-06,Supermarket Chain,Macaron,25000.0,0,0.164,24,4.3,1
2024-05-06,Supermarket Chain,Éclair,36000.0,0,0.085,16,4.0,1
2024-05-06,Supermarket Chain,Croissant,21000.0,0,0.08,15,4.5,1
2024-05-06,Supermarket Chain,Red Velvet Cake,129000.0,1,0.172,22,4.7,1
2024-05-07,Paris Baguette,Tiramisu,263000.0,0,0.116,6,4.1,1
2024-05-07,Paris Baguette,Cheesecake,220000.0,0,0.083,7,4.1,1
2024-05-07,Paris Baguette,Macaron,43000.0,0,0.07,3,4.4,0
2024-05-07,Paris Baguette,Éclair,62000.0,0,0.055,5,4.2,1
2024-05-07,Paris Baguette,Croissant,39000.0,0,0.166,8,4.0,1
2024-05-07,Paris Baguette,Red Velvet Cake,224000.0,1,0.189,23,3.6,0
2024-05-07,Tous Les Jours,Tiramisu,246000.0,0,0.198,9,4.0,0
2024-05-07,Tous Les Jours,Cheesecake,210000.0,0,0.104,6,3.6,1
2024-05-07,Tous Les Jours,Macaron,43000.0,0,0.107,23,4.8,1
2024-05-07,Tous Les Jours,Éclair,62000.0,0,0.198,8,3.7,1
2024-05-07,Tous Les Jours,Croissant,38000.0,0,0.117,4,3.8,1
2024-05-07,Tous Les Jours,Red Velvet Cake,264000.0,0,0.224,17,4.0,1
2024-05-07,ABC Bakery,Tiramisu,199000.0,0,0.053,10,4.7,0
2024-05-07,ABC Bakery,Cheesecake,179000.0,0,0.221,8,4.4,0
2024-05-07,ABC Bakery,Macaron,29000.0,1,0.246,19,3.9,1
2024-05-07,ABC Bakery,Éclair,48000.0,0,0.164,20,4.0,1
2024-05-07,ABC Bakery,Croissant,30000.0,0,0.187,1,4.6,1
2024-05-07,ABC Bakery,Red Velvet Cake,232000.0,0,0.126,16,4.7,1
2024-05-07,Givral,Tiramisu,198000.0,0,0.083,11,3.9,1
2024-05-07,Givral,Cheesecake,164000.0,0,0.124,14,4.7,1
2024-05-07,Givral,Macaron,33000.0,0,0.172,10,4.7,1
2024-05-07,Givral,Éclair,33000.0,1,0.137,14,4.8,1
2024-05-07,Givral,Croissant,30000.0,0,0.143,11,4.3,1
2024-05-07,Givral,Red Velvet Cake,154000.0,1,0.133,7,3.7,0
2024-05-07,Local Bakery A,Tiramisu,190000.0,0,0.171,7,4.3,1
2024-05-07,Local Bakery A,Cheesecake,157000.0,0,0.132,2,4.2,1
2024-05-07,Local Bakery A,Macaron,33000.0,0,0.147,12,3.6,1
2024-05-07,Local Bakery A,Éclair,46000.0,0,0.164,24,4.0,1
2024-05-07,Local Bakery A,Croissant,27000.0,0,0.093,24,4.0,1
2024-05-07,Local Bakery A,Red Velvet Cake,197000.0,0,0.054,12,3.6,0
2024-05-07,Supermarket Chain,Tiramisu,106000.0,1,0.139,12,3.8,0
2024-05-07,Supermarket Chain,Cheesecake,104000.0,1,0.248,4,4.8,0
2024-05-07,Supermarket Chain,Macaron,24000.0,0,0.158,5,4.6,1
2024-05-07,Supermarket Chain,Éclair,35000.0,0,0.203,8,4.4,1
2024-05-07,Supermarket Chain,Croissant,23000.0,0,0.119,6,4.6,0
2024-05-07,Supermarket Chain,Red Velvet Cake,160000.0,0,0.232,9,4.5,1
2024-05-08,Paris Baguette,Tiramisu,247000.0,0,0.217,7,3.6,1
2024-05-08,Paris Baguette,Cheesecake,223000.0,0,0.248,21,4.0,1
2024-05-08,Paris Baguette,Macaron,47000.0,0,0.057,17,4.0,1
2024-05-08,Paris Baguette,Éclair,62000.0,0,0.174,14,3.5,1
2024-05-08,Paris Baguette,Croissant,39000.0,0,0.113,19,3.9,1
2024-05-08,Paris Baguette,Red Velvet Cake,282000.0,0,0.19,24,4.0,1
2024-05-08,Tous Les Jours,Tiramisu,232000.0,0,0.234,13,4.8,0
2024-05-08,Tous Les Jours,Cheesecake,211000.0,0,0.233,17,4.0,1
2024-05-08,Tous Les Jours,Macaron,44000.0,0,0.104,8,3.6,1
2024-05-08,Tous Les Jours,Éclair,60000.0,0,0.229,4,3.9,0
2024-05-08,Tous Les Jours,Croissant,32000.0,1,0.055,13,4.4,1
2024-05-08,Tous Les Jours,Red Velvet Cake,264000.0,0,0.111,4,4.0,1
2024-05-08,ABC Bakery,Tiramisu,204000.0,0,0.185,15,4.5,1
2024-05-08,ABC Bakery,Cheesecake,171000.0,0,0.078,18,3.8,1
2024-05-08,ABC Bakery,Macaron,35000.0,0,0.115,13,3.9,1
2024-05-08,ABC Bakery,Éclair,49000.0,0,0.062,11,3.8,0
2024-05-08,ABC Bakery,Croissant,32000.0,0,0.213,18,4.6,1
2024-05-08,ABC Bakery,Red Velvet Cake,219000.0,0,0.236,6,4.1,1
2024-05-08,Givral,Tiramisu,192000.0,0,0.193,3,4.6,1
2024-05-08,Givral,Cheesecake,138000.0,1,0.206,17,3.5,1
2024-05-08,Givral,Macaron,33000.0,0,0.229,3,3.7,1
2024-05-08,Givral,Éclair,50000.0,0,0.062,6,4.3,1
2024-05-08,Givral,Croissant,29000.0,0,0.111,20,3.8,1
2024-05-08,Givral,Red Velvet Cake,219000.0,0,0.051,21,4.7,0
2024-05-08,Local Bakery A,Tiramisu,177000.0,0,0.105,23,4.0,1
2024-05-08,Local Bakery A,Cheesecake,159000.0,0,0.108,8,3.5,0
2024-05-08,Local Bakery A,Macaron,33000.0,0,0.094,16,4.2,1
2024-05-08,Local Bakery A,Éclair,47000.0,0,0.186,2,4.6,1
2024-05-08,Local Bakery A,Croissant,27000.0,0,0.242,4,3.5,1
2024-05-08,Local Bakery A,Red Velvet Cake,199000.0,0,0.186,15,4.3,1
2024-05-08,Supermarket Chain,Tiramisu,113000.0,1,0.094,4,4.0,1
2024-05-08,Supermarket Chain,Cheesecake,121000.0,0,0.146,12,3.5,0
2024-05-08,Supermarket Chain,Macaron,25000.0,0,0.219,12,4.8,1
2024-05-08,Supermarket Chain,Éclair,34000.0,0,0.177,22,4.5,1
2024-05-08,Supermarket Chain,Croissant,22000.0,0,0.148,3,4.0,1
2024-05-08,Supermarket Chain,Red Velvet Cake,160000.0,0,0.134,2,4.6,1
2024-05-09,Paris Baguette,Tiramisu,248000.0,0,0.112,6,3.8,1
2024-05-09,Paris Baguette,Cheesecake,224000.0,0,0.106,14,3.8,1
2024-05-09,Paris Baguette,Macaron,46000.0,0,0.103,18,4.0,1
2024-05-09,Paris Baguette,Éclair,63000.0,0,0.14,2,4.1,1
2024-05-09,Paris Baguette,Croissant,40000.0,0,0.148,1,3.7,1
2024-05-09,Paris Baguette,Red Velvet Cake,285000.0,0,0.206,11,3.8,1
2024-05-09,Tous Les Jours,Tiramisu,237000.0,0,0.23,14,4.5,1
2024-05-09,Tous Les Jours,Cheesecake,207000.0,0,0.237,24,4.0,0
2024-05-09,Tous Les Jours,Macaron,43000.0,0,0.242,17,4.3,0
2024-05-09,Tous Les Jours,Éclair,62000.0,0,0.057,4,4.3,1
2024-05-09,Tous Les Jours,Croissant,37000.0,0,0.106,14,3.5,1
2024-05-09,Tous Les Jours,Red Velvet Cake,272000.0,0,0.211,7,3.5,0
2024-05-09,ABC Bakery,Tiramisu,157000.0,1,0.09,5,3.7,1
2024-05-09,ABC Bakery,Cheesecake,182000.0,0,0.217,20,4.0,1
2024-05-09,ABC Bakery,Macaron,36000.0,0,0.124,13,3.7,0
2024-05-09,ABC Bakery,Éclair,49000.0,0,0.216,9,4.8,1
2024-05-09,ABC Bakery,Croissant,24000.0,1,0.195,17,4.2,0
2024-05-09,ABC Bakery,Red Velvet Cake,222000.0,0,0.071,19,4.8,1
2024-05-09,Givral,Tiramisu,198000.0,0,0.21,11,3.5,1
2024-05-09,Givral,Cheesecake,170000.0,0,0.237,22,4.4,1
2024-05-09,Givral,Macaron,33000.0,0,0.168,12,4.6,1
2024-05-09,Givral,Éclair,48000.0,0,0.086,6,4.1,1
2024-05-09,Givral,Croissant,28000.0,0,0.165,23,4.1,1
2024-05-09,Givral,Red Velvet Cake,213000.0,0,0.102,9,4.0,0
2024-05-09,Local Bakery A,Tiramisu,186000.0,0,0.21,17,4.3,0
2024-05-09,Local Bakery A,Cheesecake,166000.0,0,0.21,7,4.3,1
2024-05-09,Local Bakery A,Macaron,32000.0,0,0.231,6,4.7,0
2024-05-09,Local Bakery A,Éclair,46000.0,0,0.216,7,4.4,1
2024-05-09,Local Bakery A,Croissant,28000.0,0,0.169,18,4.2,1
2024-05-09,Local Bakery A,Red Velvet Cake,206000.0,0,0.095,22,3.9,0
2024-05-09,Supermarket Chain,Tiramisu,145000.0,0,0.204,21,4.1,1
2024-05-09,Supermarket Chain,Cheesecake,116000.0,0,0.168,22,4.1,1
2024-05-09,Supermarket Chain,Macaron,26000.0,0,0.231,10,4.2,0
2024-05-09,Supermarket Chain,Éclair,36000.0,0,0.188,23,4.5,1
2024-05-09,Supermarket Chain,Croissant,20000.0,0,0.083,24,4.7,0
2024-05-09,Supermarket Chain,Red Velvet Cake,158000.0,0,0.249,11,4.5,0
2024-05-10,Paris Baguette,Tiramisu,254000.0,0,0.192,5,4.4,1
2024-05-10,Paris Baguette,Cheesecake,183000.0,1,0.144,15,3.6,1
2024-05-10,Paris Baguette,Macaron,43000.0,0,0.086,14,4.6,0
2024-05-10,Paris Baguette,Éclair,64000.0,0,0.188,19,4.7,1
2024-05-10,Paris Baguette,Croissant,37000.0,0,0.219,11,3.9,1
2024-05-10,Paris Baguette,Red Velvet Cake,286000.0,0,0.228,19,4.3,1
2024-05-10,Tous Les Jours,Tiramisu,234000.0,0,0.117,11,4.7,1
2024-05-10,Tous Les Jours,Cheesecake,215000.0,0,0.064,20,3.7,1
2024-05-10,Tous Les Jours,Macaron,45000.0,0,0.139,16,4.4,1
2024-05-10,Tous Les Jours,Éclair,60000.0,0,0.12,13,3.7,1
2024-05-10,Tous Les Jours,Croissant,36000.0,0,0.173,10,4.8,1
2024-05-10,Tous Les Jours,Red Velvet Cake,263000.0,0,0.21,8,4.2,1
2024-05-10,ABC Bakery,Tiramisu,211000.0,0,0.153,8,3.6,0
2024-05-10,ABC Bakery,Cheesecake,178000.0,0,0.227,24,3.7,1
2024-05-10,ABC Bakery,Macaron,36000.0,0,0.123,5,4.2,1
2024-05-10,ABC Bakery,Éclair,49000.0,0,0.249,22,3.6,1
2024-05-10,ABC Bakery,Croissant,30000.0,0,0.193,4,3.8,1
2024-05-10,ABC Bakery,Red Velvet Cake,220000.0,0,0.176,22,3.8,0
2024-05-10,Givral,Tiramisu,193000.0,0,0.08,5,4.5,0
2024-05-10,Givral,Cheesecake,166000.0,0,0.055,12,3.7,1
2024-05-10,Givral,Macaron,25000.0,1,0.105,24,4.3,0
2024-05-10,Givral,Éclair,49000.0,0,0.063,7,4.3,1
2024-05-10,Givral,Croissant,28000.0,0,0.059,4,4.2,1
2024-05-10,Givral,Red Velvet Cake,213000.0,0,0.06,10,3.6,1
2024-05-10,Local Bakery A,Tiramisu,178000.0,0,0.214,6,3.9,1
2024-05-10,Local Bakery A,Cheesecake,161000.0,0,0.155,6,3.9,1
2024-05-10,Local Bakery A,Macaron,30000.0,0,0.192,15,4.8,1
2024-05-10,Local Bakery A,Éclair,46000.0,0,0.206,10,3.7,1
2024-05-10,Local Bakery A,Croissant,21000.0,1,0.056,23,4.3,0
2024-05-10,Local Bakery A,Red Velvet Cake,197000.0,0,0.149,4,4.1,1
2024-05-10,Supermarket Chain,Tiramisu,118000.0,1,0.133,8,3.8,1
2024-05-10,Supermarket Chain,Cheesecake,105000.0,1,0.105,19,4.2,1
2024-05-10,Supermarket Chain,Macaron,27000.0,0,0.125,9,3.7,1
2024-05-10,Supermarket Chain,Éclair,35000.0,0,0.127,3,4.3,1
2024-05-10,Supermarket Chain,Croissant,21000.0,0,0.192,8,4.1,1
2024-05-10,Supermarket Chain,Red Velvet Cake,159000.0,0,0.063,12,4.1,1
2024-05-11,Paris Baguette,Tiramisu,269000.0,0,0.247,19,4.5,0
2024-05-11,Paris Baguette,Cheesecake,224000.0,0,0.232,19,4.2,1
2024-05-11,Paris Baguette,Macaron,47000.0,0,0.106,2,3.6,0
2024-05-11,Paris Baguette,Éclair,68000.0,0,0.229,15,3.6,1
2024-05-11,Paris Baguette,Croissant,41000.0,0,0.058,23,4.5,0
2024-05-11,Paris Baguette,Red Velvet Cake,295000.0,0,0.137,17,4.5,0
2024-05-11,Tous Les Jours,Tiramisu,246000.0,0,0.226,22,4.5,1
2024-05-11,Tous Les Jours,Cheesecake,220000.0,0,0.172,22,4.3,1
2024-05-11,Tous Les Jours,Macaron,44000.0,0,0.056,10,4.8,1
2024-05-11,Tous Les Jours,Éclair,63000.0,0,0.078,1,4.5,1
2024-05-11,Tous Les Jours,Croissant,40000.0,0,0.125,23,3.7,1
2024-05-11,Tous Les Jours,Red Velvet Cake,272000.0,0,0.222,11,4.4,0
2024-05-11,ABC Bakery,Tiramisu,211000.0,0,0.2,6,4.0,1
2024-05-11,ABC Bakery,Cheesecake,180000.0,0,0.19,22,4.3,1
2024-05-11,ABC Bakery,Macaron,26000.0,1,0.202,23,4.6,1
2024-05-11,ABC Bakery,Éclair,53000.0,0,0.224,19,4.7,1
2024-05-11,ABC Bakery,Croissant,25000.0,1,0.203,2,4.7,0
2024-05-11,ABC Bakery,Red Velvet Cake,237000.0,0,0.144,9,4.6,1
2024-05-11,Givral,Tiramisu,177000.0,1,0.109,13,3.9,1
2024-05-11,Givral,Cheesecake,174000.0,0,0.222,6,4.1,0
2024-05-11,Givral,Macaron,33000.0,0,0.137,11,4.2,1
2024-05-11,Givral,Éclair,50000.0,0,0.166,12,4.3,1
2024-05-11,Givral,Croissant,30000.0,0,0.12,15,3.7,1
2024-05-11,Givral,Red Velvet Cake,232000.0,0,0.067,14,3.7,1
2024-05-11,Local Bakery A,Tiramisu,188000.0,0,0.182,17,3.7,0
2024-05-11,Local Bakery A,Cheesecake,157000.0,0,0.237,16,4.3,0
2024-05-11,Local Bakery A,Macaron,24000.0,1,0.17,23,4.6,1
2024-05-11,Local Bakery A,Éclair,49000.0,0,0.239,7,4.5,1
2024-05-11,Local Bakery A,Croissant,24000.0,1,0.172,16,4.6,1
2024-05-11,Local Bakery A,Red Velvet Cake,209000.0,0,0.194,14,3.5,1
2024-05-11,Supermarket Chain,Tiramisu,146000.0,0,0.084,11,3.6,1
2024-05-11,Supermarket Chain,Cheesecake,129000.0,0,0.051,6,4.3,1
2024-05-11,Supermarket Chain,Macaron,27000.0,0,0.187,14,4.1,1
2024-05-11,Supermarket Chain,Éclair,29000.0,1,0.071,2,3.5,0
2024-05-11,Supermarket Chain,Croissant,18000.0,1,0.177,16,3.8,0
2024-05-11,Supermarket Chain,Red Velvet Cake,161000.0,0,0.102,9,3.6,1
2024-05-12,Paris Baguette,Tiramisu,260000.0,0,0.089,10,4.7,1
2024-05-12,Paris Baguette,Cheesecake,228000.0,0,0.242,10,4.4,1
2024-05-12,Paris Baguette,Macaron,48000.0,0,0.233,24,4.4,1
2024-05-12,Paris Baguette,Éclair,68000.0,0,0.245,11,4.1,1
2024-05-12,Paris Baguette,Croissant,36000.0,1,0.206,9,4.0,1
2024-05-12,Paris Baguette,Red Velvet Cake,297000.0,0,0.078,16,3.8,1
2024-05-12,Tous Les Jours,Tiramisu,251000.0,0,0.156,20,4.4,0
2024-05-12,Tous Les Jours,Cheesecake,208000.0,0,0.12,3,3.7,1
2024-05-12,Tous Les Jours,Macaron,44000.0,0,0.106,12,4.8,1
2024-05-12,Tous Les Jours,Éclair,62000.0,0,0.182,15,3.7,1
2024-05-12,Tous Les Jours,Croissant,37000.0,0,0.217,16,4.8,1
2024-05-12,Tous Les Jours,Red Velvet Cake,277000.0,0,0.114,9,3.6,1
2024-05-12,ABC Bakery,Tiramisu,210000.0,0,0.144,5,3.9,1
2024-05-12,ABC Bakery,Cheesecake,176000.0,0,0.052,5,3.8,1
2024-05-12,ABC Bakery,Macaron,38000.0,0,0.177,12,3.5,1
2024-05-12,ABC Bakery,Éclair,54000.0,0,0.173,8,4.5,1
2024-05-12,ABC Bakery,Croissant,24000.0,1,0.123,10,4.1,1
2024-05-12,ABC Bakery,Red Velvet Cake,238000.0,0,0.233,18,3.7,0
2024-05-12,Givral,Tiramisu,206000.0,0,0.171,22,4.4,1
2024-05-12,Givral,Cheesecake,164000.0,0,0.088,17,4.7,1
2024-05-12,Givral,Macaron,36000.0,0,0.051,6,3.5,0
2024-05-12,Givral,Éclair,47000.0,0,0.181,9,4.7,1
2024-05-12,Givral,Croissant,32000.0,0,0.145,3,3.8,1
2024-05-12,Givral,Red Velvet Cake,221000.0,0,0.208,12,4.1,0
2024-05-12,Local Bakery A,Tiramisu,190000.0,0,0.084,1,4.6,1
2024-05-12,Local Bakery A,Cheesecake,112000.0,1,0.052,23,4.0,0
2024-05-12,Local Bakery A,Macaron,33000.0,0,0.184,20,3.8,1
2024-05-12,Local Bakery A,Éclair,49000.0,0,0.146,15,4.0,1
2024-05-12,Local Bakery A,Croissant,26000.0,0,0.096,19,3.9,1
2024-05-12,Local Bakery A,Red Velvet Cake,211000.0,0,0.137,16,4.7,1
2024-05-12,Supermarket Chain,Tiramisu,144000.0,0,0.088,17,3.5,0
2024-05-12,Supermarket Chain,Cheesecake,123000.0,0,0.177,3,4.4,1
2024-05-12,Supermarket Chain,Macaron,27000.0,0,0.157,9,4.2,1
2024-05-12,Supermarket Chain,Éclair,37000.0,0,0.114,20,4.7,1
2024-05-12,Supermarket Chain,Croissant,22000.0,0,0.176,2,4.0,1
2024-05-12,Supermarket Chain,Red Velvet Cake,174000.0,0,0.19,17,4.1,1
2024-05-13,Paris Baguette,Tiramisu,243000.0,0,0.177,2,4.3,0
2024-05-13,Paris Baguette,Cheesecake,213000.0,0,0.141,1,4.4,1
2024-05-13,Paris Baguette,Macaron,45000.0,0,0.189,9,4.4,1
2024-05-13,Paris Baguette,Éclair,63000.0,0,0.096,13,3.6,1
2024-05-13,Paris Baguette,Croissant,38000.0,0,0.081,21,4.8,1
2024-05-13,Paris Baguette,Red Velvet Cake,280000.0,0,0.171,8,4.5,1
2024-05-13,Tous Les Jours,Tiramisu,244000.0,0,0.214,6,4.8,1
2024-05-13,Tous Les Jours,Cheesecake,202000.0,0,0.09,23,4.6,1
2024-05-13,Tous Les Jours,Macaron,41000.0,0,0.067,16,4.2,1
2024-05-13,Tous Les Jours,Éclair,60000.0,0,0.101,1,3.8,0
2024-05-13,Tous Les Jours,Croissant,37000.0,0,0.138,14,4.1,0
2024-05-13,Tous Les Jours,Red Velvet Cake,268000.0,0,0.098,5,4.4,0
2024-05-13,ABC Bakery,Tiramisu,199000.0,0,0.211,14,3.9,1
2024-05-13,ABC Bakery,Cheesecake,166000.0,0,0.102,9,3.9,1
2024-05-13,ABC Bakery,Macaron,30000.0,1,0.193,24,4.3,0
2024-05-13,ABC Bakery,Éclair,54000.0,0,0.222,19,3.8,1
2024-05-13,ABC Bakery,Croissant,30000.0,0,0.123,13,4.0,1
2024-05-13,ABC Bakery,Red Velvet Cake,221000.0,0,0.172,7,4.4,1
2024-05-13,Givral,Tiramisu,186000.0,0,0.175,2,4.4,1
2024-05-13,Givral,Cheesecake,155000.0,0,0.16,10,4.6,1
2024-05-13,Givral,Macaron,34000.0,0,0.148,6,4.3,0
2024-05-13,Givral,Éclair,48000.0,0,0.158,22,4.2,1
2024-05-13,Givral,Croissant,27000.0,0,0.086,14,4.5,0
2024-05-13,Givral,Red Velvet Cake,205000.0,0,0.226,24,3.6,0
2024-05-13,Local Bakery A,Tiramisu,188000.0,0,0.081,5,3.9,1
2024-05-13,Local Bakery A,Cheesecake,156000.0,0,0.068,21,4.3,1
2024-05-13,Local Bakery A,Macaron,31000.0,0,0.152,2,4.5,1
2024-05-13,Local Bakery A,Éclair,35000.0,1,0.057,9,3.7,1
2024-05-13,Local Bakery A,Croissant,27000.0,0,0.211,8,3.8,0
2024-05-13,Local Bakery A,Red Velvet Cake,143000.0,1,0.21,1,4.3,1
2024-05-13,Supermarket Chain,Tiramisu,133000.0,0,0.059,14,4.6,1
2024-05-13,Supermarket Chain,Cheesecake,116000.0,0,0.108,16,3.5,1
2024-05-13,Supermarket Chain,Macaron,26000.0,0,0.141,6,4.4,1
2024-05-13,Supermarket Chain,Éclair,36000.0,0,0.104,10,4.8,1
2024-05-13,Supermarket Chain,Croissant,21000.0,0,0.155,20,4.4,1
2024-05-13,Supermarket Chain,Red Velvet Cake,169000.0,0,0.128,3,4.5,0
2024-05-14,Paris Baguette,Tiramisu,258000.0,0,0.172,19,4.7,1
2024-05-14,Paris Baguette,Cheesecake,214000.0,0,0.163,13,4.1,1
2024-05-14,Paris Baguette,Macaron,42000.0,0,0.096,10,4.0,1
2024-05-14,Paris Baguette,Éclair,60000.0,0,0.222,14,4.1,1
2024-05-14,Paris Baguette,Croissant,37000.0,0,0.171,8,4.4,0
2024-05-14,Paris Baguette,Red Velvet Cake,278000.0,0,0.113,6,4.3,1
2024-05-14,Tous Les Jours,Tiramisu,249000.0,0,0.153,1,4.1,1
2024-05-14,Tous Les Jours,Cheesecake,201000.0,0,0.179,12,4.1,0
2024-05-14,Tous Les Jours,Macaron,41000.0,0,0.1,9,3.9,1
2024-05-14,Tous Les Jours,Éclair,64000.0,0,0.093,1,3.8,1
2024-05-14,Tous Les Jours,Croissant,33000.0,1,0.095,14,3.6,1
2024-05-14,Tous Les Jours,Red Velvet Cake,257000.0,0,0.182,6,4.5,1
2024-05-14,ABC Bakery,Tiramisu,204000.0,0,0.188,22,3.7,0
2024-05-14,ABC Bakery,Cheesecake,173000.0,0,0.113,12,4.2,0
2024-05-14,ABC Bakery,Macaron,34000.0,0,0.112,17,4.8,1
2024-05-14,ABC Bakery,Éclair,51000.0,0,0.115,15,4.8,1
2024-05-14,ABC Bakery,Croissant,29000.0,0,0.08,15,3.9,1
2024-05-14,ABC Bakery,Red Velvet Cake,219000.0,0,0.114,5,4.4,1
2024-05-14,Givral,Tiramisu,205000.0,0,0.249,20,4.7,1
2024-05-14,Givral,Cheesecake,162000.0,0,0.161,22,4.6,0
2024-05-14,Givral,Macaron,34000.0,0,0.18,1,4.7,0
2024-05-14,Givral,Éclair,47000.0,0,0.205,20,4.5,1
2024-05-14,Givral,Croissant,30000.0,0,0.071,12,4.3,1
2024-05-14,Givral,Red Velvet Cake,211000.0,0,0.098,6,4.4,0
2024-05-14,Local Bakery A,Tiramisu,185000.0,0,0.051,3,3.9,1
2024-05-14,Local Bakery A,Cheesecake,154000.0,0,0.228,24,3.7,1
2024-05-14,Local Bakery A,Macaron,24000.0,1,0.064,20,4.7,1
2024-05-14,Local Bakery A,Éclair,45000.0,0,0.225,16,3.6,0
2024-05-14,Local Bakery A,Croissant,27000.0,0,0.156,22,4.5,0
2024-05-14,Local Bakery A,Red Velvet Cake,202000.0,0,0.179,15,4.4,0
2024-05-14,Supermarket Chain,Tiramisu,141000.0,0,0.15,5,4.4,1
2024-05-14,Supermarket Chain,Cheesecake,117000.0,0,0.196,8,3.6,1
2024-05-14,Supermarket Chain,Macaron,24000.0,0,0.06,5,3.8,1
2024-05-14,Supermarket Chain,Éclair,35000.0,0,0.122,9,3.8,1
2024-05-14,Supermarket Chain,Croissant,22000.0,0,0.11,2,4.5,0
2024-05-14,Supermarket Chain,Red Velvet Cake,151000.0,0,0.089,23,4.7,1
2024-05-15,Paris Baguette,Tiramisu,241000.0,0,0.066,12,4.8,1
2024-05-15,Paris Baguette,Cheesecake,222000.0,0,0.076,8,3.7,1
2024-05-15,Paris Baguette,Macaron,44000.0,0,0.21,13,3.5,0
2024-05-15,Paris Baguette,Éclair,62000.0,0,0.09,19,3.6,0
2024-05-15,Paris Baguette,Croissant,40000.0,0,0.173,16,4.0,0
2024-05-15,Paris Baguette,Red Velvet Cake,279000.0,0,0.106,4,4.3,0
2024-05-15,Tous Les Jours,Tiramisu,247000.0,0,0.212,8,3.7,0
2024-05-15,Tous Les Jours,Cheesecake,212000.0,0,0.142,23,4.4,0
2024-05-15,Tous Les Jours,Macaron,42000.0,0,0.155,6,4.0,1
2024-05-15,Tous Les Jours,Éclair,59000.0,0,0.18,22,4.7,1
2024-05-15,Tous Les Jours,Croissant,38000.0,0,0.082,6,3.9,1
2024-05-15,Tous Les Jours,Red Velvet Cake,264000.0,0,0.174,2,4.5,1
2024-05-15,ABC Bakery,Tiramisu,169000.0,1,0.052,14,4.6,0
2024-05-15,ABC Bakery,Cheesecake,175000.0,0,0.112,6,4.8,0
2024-05-15,ABC Bakery,Macaron,30000.0,1,0.187,11,4.0,1
2024-05-15,ABC Bakery,Éclair,51000.0,0,0.18,4,4.1,1
2024-05-15,ABC Bakery,Croissant,30000.0,0,0.097,18,4.2,1
2024-05-15,ABC Bakery,Red Velvet Cake,227000.0,0,0.202,1,3.8,0
2024-05-15,Givral,Tiramisu,188000.0,0,0.12,20,4.2,1
2024-05-15,Givral,Cheesecake,161000.0,0,0.168,22,3.9,1
2024-05-15,Givral,Macaron,36000.0,0,0.054,18,3.5,1
2024-05-15,Givral,Éclair,33000.0,1,0.153,16,4.1,1
2024-05-15,Givral,Croissant,31000.0,0,0.235,13,4.0,1
2024-05-15,Givral,Red Velvet Cake,213000.0,0,0.224,18,3.9,1
2024-05-15,Local Bakery A,Tiramisu,180000.0,0,0.179,15,3.5,1
2024-05-15,Local Bakery A,Cheesecake,115000.0,1,0.066,2,4.4,1
2024-05-15,Local Bakery A,Macaron,31000.0,0,0.058,1,4.1,1
2024-05-15,Local Bakery A,Éclair,34000.0,1,0.215,1,3.7,1
2024-05-15,Local Bakery A,Croissant,28000.0,0,0.14,7,4.6,1
2024-05-15,Local Bakery A,Red Velvet Cake,194000.0,0,0.109,14,4.2,1
2024-05-15,Supermarket Chain,Tiramisu,144000.0,0,0.084,24,4.0,1
2024-05-15,Supermarket Chain,Cheesecake,119000.0,0,0.126,18,4.6,1
2024-05-15,Supermarket Chain,Macaron,25000.0,0,0.234,5,3.5,1
2024-05-15,Supermarket Chain,Éclair,30000.0,1,0.132,3,4.6,0
2024-05-15,Supermarket Chain,Croissant,21000.0,0,0.206,5,4.6,1
2024-05-15,Supermarket Chain,Red Velvet Cake,120000.0,1,0.057,8,4.0,0
2024-05-16,Paris Baguette,Tiramisu,256000.0,0,0.152,19,3.6,1
2024-05-16,Paris Baguette,Cheesecake,172000.0,1,0.181,7,3.8,1
2024-05-16,Paris Baguette,Macaron,45000.0,0,0.2,18,4.1,1
2024-05-16,Paris Baguette,Éclair,59000.0,0,0.218,20,4.6,1
2024-05-16,Paris Baguette,Croissant,37000.0,0,0.141,11,3.5,1
2024-05-16,Paris Baguette,Red Velvet Cake,271000.0,0,0.225,22,3.8,1
2024-05-16,Tous Les Jours,Tiramisu,243000.0,0,0.202,11,4.6,0
2024-05-16,Tous Les Jours,Cheesecake,207000.0,0,0.135,21,3.9,1
2024-05-16,Tous Les Jours,Macaron,41000.0,0,0.06,22,4.2,0
2024-05-16,Tous Les Jours,Éclair,60000.0,0,0.161,3,4.7,1
2024-05-16,Tous Les Jours,Croissant,35000.0,0,0.123,10,3.7,1
2024-05-16,Tous Les Jours,Red Velvet Cake,268000.0,0,0.189,9,4.2,1
2024-05-16,ABC Bakery,Tiramisu,203000.0,0,0.053,20,3.7,1
2024-05-16,ABC Bakery,Cheesecake,170000.0,0,0.21,18,4.1,0
2024-05-16,ABC Bakery,Macaron,34000.0,0,0.194,13,4.4,1
2024-05-16,ABC Bakery,Éclair,46000.0,0,0.147,15,4.5,1
2024-05-16,ABC Bakery,Croissant,21000.0,1,0.138,2,3.9,1
2024-05-16,ABC Bakery,Red Velvet Cake,216000.0,0,0.156,7,4.2,1
2024-05-16,Givral,Tiramisu,162000.0,1,0.081,13,4.8,1
2024-05-16,Givral,Cheesecake,157000.0,0,0.234,15,4.1,1
2024-05-16,Givral,Macaron,33000.0,0,0.219,10,4.4,1
2024-05-16,Givral,Éclair,47000.0,0,0.105,1,4.4,1
2024-05-16,Givral,Croissant,30000.0,0,0.225,17,4.8,1
2024-05-16,Givral,Red Velvet Cake,214000.0,0,0.193,18,3.8,1
2024-05-16,Local Bakery A,Tiramisu,182000.0,0,0.105,16,3.9,0
2024-05-16,Local Bakery A,Cheesecake,151000.0,0,0.166,20,4.1,1
2024-05-16,Local Bakery A,Macaron,32000.0,0,0.195,5,4.6,1
2024-05-16,Local Bakery A,Éclair,46000.0,0,0.241,17,4.4,0
2024-05-16,Local Bakery A,Croissant,27000.0,0,0.14,8,3.6,1
2024-05-16,Local Bakery A,Red Velvet Cake,191000.0,0,0.208,13,4.1,0
2024-05-16,Supermarket Chain,Tiramisu,147000.0,0,0.197,4,4.5,0
2024-05-16,Supermarket Chain,Cheesecake,117000.0,0,0.075,1,4.5,1
2024-05-16,Supermarket Chain,Macaron,19000.0,1,0.057,2,3.6,1
2024-05-16,Supermarket Chain,Éclair,36000.0,0,0.148,3,3.6,1
2024-05-16,Supermarket Chain,Croissant,20000.0,0,0.222,3,4.6,1
2024-05-16,Supermarket Chain,Red Velvet Cake,161000.0,0,0.155,17,4.4,1
2024-05-17,Paris Baguette,Tiramisu,257000.0,0,0.16,22,4.3,1
2024-05-17,Paris Baguette,Cheesecake,210000.0,0,0.082,1,3.9,1
2024-05-17,Paris Baguette,Macaron,45000.0,0,0.116,23,4.0,1
2024-05-17,Paris Baguette,Éclair,65000.0,0,0.2,1,4.3,1
2024-05-17,Paris Baguette,Croissant,39000.0,0,0.053,17,4.3,0
2024-05-17,Paris Baguette,Red Velvet Cake,286000.0,0,0.205,10,4.1,0
2024-05-17,Tous Les Jours,Tiramisu,228000.0,0,0.109,3,3.8,1
2024-05-17,Tous Les Jours,Cheesecake,201000.0,0,0.077,7,4.7,1
2024-05-17,Tous Les Jours,Macaron,40000.0,0,0.229,15,4.4,1
2024-05-17,Tous Les Jours,Éclair,58000.0,0,0.093,19,4.6,1
2024-05-17,Tous Les Jours,Croissant,30000.0,1,0.201,9,3.9,1
2024-05-17,Tous Les Jours,Red Velvet Cake,257000.0,0,0.239,14,4.6,1
2024-05-17,ABC Bakery,Tiramisu,204000.0,0,0.097,9,3.7,1
2024-05-17,ABC Bakery,Cheesecake,162000.0,0,0.117,23,4.0,1
2024-05-17,ABC Bakery,Macaron,34000.0,0,0.09,8,3.9,0
2024-05-17,ABC Bakery,Éclair,50000.0,0,0.1,8,4.2,1
2024-05-17,ABC Bakery,Croissant,30000.0,0,0.07,4,4.1,0
2024-05-17,ABC Bakery,Red Velvet Cake,213000.0,0,0.236,11,4.6,0
2024-05-17,Givral,Tiramisu,190000.0,0,0.068,15,3.7,0
2024-05-17,Givral,Cheesecake,158000.0,0,0.111,1,4.6,1
2024-05-17,Givral,Macaron,33000.0,0,0.2,8,3.6,1
2024-05-17,Givral,Éclair,46000.0,0,0.082,10,4.0,1
2024-05-17,Givral,Croissant,29000.0,0,0.126,2,4.6,1
2024-05-17,Givral,Red Velvet Cake,209000.0,0,0.13,3,4.1,1
2024-05-17,Local Bakery A,Tiramisu,181000.0,0,0.182,7,4.3,1
2024-05-17,Local Bakery A,Cheesecake,152000.0,0,0.086,2,3.7,1
2024-05-17,Local Bakery A,Macaron,25000.0,1,0.073,17,4.4,0
2024-05-17,Local Bakery A,Éclair,44000.0,0,0.229,20,3.6,0
2024-05-17,Local Bakery A,Croissant,26000.0,0,0.17,1,3.6,1
2024-05-17,Local Bakery A,Red Velvet Cake,133000.0,1,0.081,5,4.6,0
2024-05-17,Supermarket Chain,Tiramisu,132000.0,0,0.08,6,3.7,0
2024-05-17,Supermarket Chain,Cheesecake,119000.0,0,0.122,17,3.5,0
2024-05-17,Supermarket Chain,Macaron,23000.0,0,0.211,22,4.3,1
2024-05-17,Supermarket Chain,Éclair,35000.0,0,0.113,17,4.5,1
2024-05-17,Supermarket Chain,Croissant,20000.0,0,0.243,18,4.4,1
2024-05-17,Supermarket Chain,Red Velvet Cake,128000.0,1,0.169,7,4.2,0
2024-05-18,Paris Baguette,Tiramisu,276000.0,0,0.213,9,4.2,0
2024-05-18,Paris Baguette,Cheesecake,224000.0,0,0.139,22,4.0,1
2024-05-18,Paris Baguette,Macaron,36000.0,1,0.131,9,4.2,1
2024-05-18,Paris Baguette,Éclair,65000.0,0,0.15,21,3.7,1
2024-05-18,Paris Baguette,Croissant,39000.0,0,0.219,10,4.2,1
2024-05-18,Paris Baguette,Red Velvet Cake,294000.0,0,0.122,11,3.5,1
2024-05-18,Tous Les Jours,Tiramisu,203000.0,1,0.232,24,4.0,1
2024-05-18,Tous Les Jours,Cheesecake,220000.0,0,0.068,21,4.4,1
2024-05-18,Tous Les Jours,Macaron,43000.0,0,0.111,11,4.4,0
2024-05-18,Tous Les Jours,Éclair,63000.0,0,0.082,22,4.2,1
2024-05-18,Tous Les Jours,Croissant,39000.0,0,0.16,21,4.4,1
2024-05-18,Tous Les Jours,Red Velvet Cake,268000.0,0,0.095,15,4.0,1
2024-05-18,ABC Bakery,Tiramisu,213000.0,0,0.135,5,3.6,1
2024-05-18,ABC Bakery,Cheesecake,180000.0,0,0.157,23,4.0,1
2024-05-18,ABC Bakery,Macaron,38000.0,0,0.227,14,4.2,1
2024-05-18,ABC Bakery,Éclair,55000.0,0,0.239,14,4.4,1
2024-05-18,ABC Bakery,Croissant,31000.0,0,0.129,22,4.1,1
2024-05-18,ABC Bakery,Red Velvet Cake,230000.0,0,0.204,11,4.6,1
2024-05-18,Givral,Tiramisu,198000.0,0,0.243,19,3.8,1
2024-05-18,Givral,Cheesecake,158000.0,0,0.214,3,4.8,1
2024-05-18,Givral,Macaron,36000.0,0,0.143,5,4.6,1
2024-05-18,Givral,Éclair,50000.0,0,0.106,7,4.4,1
2024-05-18,Givral,Croissant,31000.0,0,0.124,4,4.2,1
2024-05-18,Givral,Red Velvet Cake,206000.0,0,0.216,1,3.5,1
2024-05-18,Local Bakery A,Tiramisu,184000.0,0,0.247,7,4.7,0
2024-05-18,Local Bakery A,Cheesecake,166000.0,0,0.207,21,3.5,1
2024-05-18,Local Bakery A,Macaron,33000.0,0,0.052,18,4.3,1
2024-05-18,Local Bakery A,Éclair,47000.0,0,0.15,8,4.2,0
2024-05-18,Local Bakery A,Croissant,28000.0,0,0.148,22,4.1,0
2024-05-18,Local Bakery A,Red Velvet Cake,209000.0,0,0.062,9,4.3,1
2024-05-18,Supermarket Chain,Tiramisu,149000.0,0,0.108,13,4.7,1
2024-05-18,Supermarket Chain,Cheesecake,125000.0,0,0.14,13,4.0,1
2024-05-18,Supermarket Chain,Macaron,25000.0,0,0.117,3,4.3,1
2024-05-18,Supermarket Chain,Éclair,39000.0,0,0.193,23,4.7,1
2024-05-18,Supermarket Chain,Croissant,22000.0,0,0.141,21,4.2,0
2024-05-18,Supermarket Chain,Red Velvet Cake,161000.0,0,0.229,11,3.8,1
2024-05-19,Paris Baguette,Tiramisu,248000.0,0,0.102,4,3.6,1
2024-05-19,Paris Baguette,Cheesecake,220000.0,0,0.237,5,4.1,0
2024-05-19,Paris Baguette,Macaron,45000.0,0,0.135,12,3.6,1
2024-05-19,Paris Baguette,Éclair,66000.0,0,0.054,12,3.7,0
2024-05-19,Paris Baguette,Croissant,40000.0,0,0.173,15,4.0,0
2024-05-19,Paris Baguette,Red Velvet Cake,294000.0,0,0.176,22,3.8,1
2024-05-19,Tous Les Jours,Tiramisu,254000.0,0,0.108,10,4.3,0
2024-05-19,Tous Les Jours,Cheesecake,206000.0,0,0.207,10,3.9,0
2024-05-19,Tous Les Jours,Macaron,40000.0,1,0.15,18,4.2,0
2024-05-19,Tous Les Jours,Éclair,65000.0,0,0.1,1,4.4,1
2024-05-19,Tous Les Jours,Croissant,37000.0,0,0.223,23,4.1,1
2024-05-19,Tous Les Jours,Red Velvet Cake,268000.0,0,0.139,21,4.1,1
2024-05-19,ABC Bakery,Tiramisu,208000.0,0,0.184,19,4.1,0
2024-05-19,ABC Bakery,Cheesecake,180000.0,0,0.075,18,4.8,1
2024-05-19,ABC Bakery,Macaron,30000.0,1,0.222,22,4.2,1
2024-05-19,ABC Bakery,Éclair,53000.0,0,0.115,17,3.7,1
2024-05-19,ABC Bakery,Croissant,25000.0,1,0.175,10,4.1,1
2024-05-19,ABC Bakery,Red Velvet Cake,227000.0,0,0.06,10,3.5,1
2024-05-19,Givral,Tiramisu,194000.0,0,0.131,8,4.2,1
2024-05-19,Givral,Cheesecake,168000.0,0,0.064,5,4.8,0
2024-05-19,Givral,Macaron,35000.0,0,0.183,17,4.4,1
2024-05-19,Givral,Éclair,50000.0,0,0.171,1,4.7,0
2024-05-19,Givral,Croissant,30000.0,0,0.149,7,4.4,1
2024-05-19,Givral,Red Velvet Cake,215000.0,0,0.065,19,4.0,0
2024-05-19,Local Bakery A,Tiramisu,180000.0,0,0.131,19,4.6,1
2024-05-19,Local Bakery A,Cheesecake,160000.0,0,0.174,13,4.7,1
2024-05-19,Local Bakery A,Macaron,33000.0,0,0.15,16,4.1,1
2024-05-19,Local Bakery A,Éclair,47000.0,0,0.089,15,4.1,1
2024-05-19,Local Bakery A,Croissant,28000.0,0,0.246,1,4.8,0
2024-05-19,Local Bakery A,Red Velvet Cake,208000.0,0,0.216,4,3.6,0
2024-05-19,Supermarket Chain,Tiramisu,145000.0,0,0.063,6,3.8,0
2024-05-19,Supermarket Chain,Cheesecake,116000.0,0,0.179,7,4.7,0
2024-05-19,Supermarket Chain,Macaron,26000.0,0,0.128,9,4.4,1
2024-05-19,Supermarket Chain,Éclair,37000.0,0,0.084,17,4.5,0
2024-05-19,Supermarket Chain,Croissant,16000.0,1,0.228,10,3.9,1
2024-05-19,Supermarket Chain,Red Velvet Cake,163000.0,0,0.08,22,4.3,0
2024-05-20,Paris Baguette,Tiramisu,263000.0,0,0.163,1,3.6,1
2024-05-20,Paris Baguette,Cheesecake,210000.0,0,0.137,14,3.8,1
2024-05-20,Paris Baguette,Macaron,33000.0,1,0.173,6,4.6,0
2024-05-20,Paris Baguette,Éclair,64000.0,0,0.082,2,3.7,0
2024-05-20,Paris Baguette,Croissant,35000.0,0,0.167,7,4.4,1
2024-05-20,Paris Baguette,Red Velvet Cake,237000.0,1,0.182,9,4.2,0
2024-05-20,Tous Les Jours,Tiramisu,235000.0,0,0.109,4,3.6,0
2024-05-20,Tous Les Jours,Cheesecake,210000.0,0,0.149,1,3.5,1
2024-05-20,Tous Les Jours,Macaron,40000.0,0,0.09,10,3.7,0
2024-05-20,Tous Les Jours,Éclair,54000.0,0,0.135,14,4.7,0
2024-05-20,Tous Les Jours,Croissant,36000.0,0,0.099,16,3.7,1
2024-05-20,Tous Les Jours,Red Velvet Cake,256000.0,0,0.184,16,3.9,1
2024-05-20,ABC Bakery,Tiramisu,190000.0,0,0.224,24,3.6,0
2024-05-20,ABC Bakery,Cheesecake,169000.0,0,0.082,22,4.2,0
2024-05-20,ABC Bakery,Macaron,33000.0,0,0.243,11,3.5,1
2024-05-20,ABC Bakery,Éclair,52000.0,0,0.187,2,4.5,1
2024-05-20,ABC Bakery,Croissant,30000.0,0,0.064,19,3.9,0
2024-05-20,ABC Bakery,Red Velvet Cake,186000.0,1,0.093,16,4.3,0
2024-05-20,Givral,Tiramisu,183000.0,0,0.084,3,3.6,0
2024-05-20,Givral,Cheesecake,164000.0,0,0.239,6,4.7,1
2024-05-20,Givral,Macaron,32000.0,0,0.229,18,3.8,0
2024-05-20,Givral,Éclair,47000.0,0,0.227,16,4.6,1
2024-05-20,Givral,Croissant,27000.0,0,0.118,17,3.9,1
2024-05-20,Givral,Red Velvet Cake,210000.0,0,0.149,2,4.3,0
2024-05-20,Local Bakery A,Tiramisu,175000.0,0,0.133,4,4.1,1
2024-05-20,Local Bakery A,Cheesecake,154000.0,0,0.099,1,3.5,1
2024-05-20,Local Bakery A,Macaron,32000.0,0,0.141,17,3.8,1
2024-05-20,Local Bakery A,Éclair,44000.0,0,0.224,16,4.0,1
2024-05-20,Local Bakery A,Croissant,26000.0,0,0.066,8,4.1,1
2024-05-20,Local Bakery A,Red Velvet Cake,189000.0,0,0.224,21,4.5,1
2024-05-20,Supermarket Chain,Tiramisu,132000.0,0,0.217,20,4.2,1
2024-05-20,Supermarket Chain,Cheesecake,118000.0,0,0.082,4,4.1,1
2024-05-20,Supermarket Chain,Macaron,24000.0,0,0.236,24,3.7,1
2024-05-20,Supermarket Chain,Éclair,35000.0,0,0.113,6,3.7,0
2024-05-20,Supermarket Chain,Croissant,21000.0,0,0.057,18,3.7,0
2024-05-20,Supermarket Chain,Red Velvet Cake,131000.0,1,0.179,7,4.5,1
2024-05-21,Paris Baguette,Tiramisu,244000.0,0,0.106,7,3.7,1
2024-05-21,Paris Baguette,Cheesecake,212000.0,0,0.141,13,4.5,1
2024-05-21,Paris Baguette,Macaron,45000.0,0,0.052,22,3.6,1
2024-05-21,Paris Baguette,Éclair,64000.0,0,0.194,1,3.7,1
2024-05-21,Paris Baguette,Croissant,38000.0,0,0.179,3,3.5,1
2024-05-21,Paris Baguette,Red Velvet Cake,275000.0,0,0.118,11,4.3,0
2024-05-21,Tous Les Jours,Tiramisu,235000.0,0,0.16,4,4.4,1
2024-05-21,Tous Les Jours,Cheesecake,204000.0,0,0.114,24,3.6,1
2024-05-21,Tous Les Jours,Macaron,43000.0,0,0.145,5,4.2,1
2024-05-21,Tous Les Jours,Éclair,61000.0,0,0.159,11,4.2,0
2024-05-21,Tous Les Jours,Croissant,36000.0,0,0.069,19,4.1,0
2024-05-21,Tous Les Jours,Red Velvet Cake,274000.0,0,0.12,22,4.7,0
2024-05-21,ABC Bakery,Tiramisu,198000.0,0,0.072,11,4.1,1
2024-05-21,ABC Bakery,Cheesecake,169000.0,0,0.171,13,4.2,1
2024-05-21,ABC Bakery,Macaron,35000.0,0,0.121,22,4.4,0
2024-05-21,ABC Bakery,Éclair,48000.0,0,0.192,21,4.5,1
2024-05-21,ABC Bakery,Croissant,25000.0,1,0.249,6,4.6,0
2024-05-21,ABC Bakery,Red Velvet Cake,150000.0,1,0.197,22,4.7,1
2024-05-21,Givral,Tiramisu,186000.0,0,0.068,1,4.5,1
2024-05-21,Givral,Cheesecake,105000.0,1,0.174,23,3.9,0
2024-05-21,Givral,Macaron,27000.0,1,0.167,12,3.6,1
2024-05-21,Givral,Éclair,39000.0,1,0.123,23,4.3,1
2024-05-21,Givral,Croissant,29000.0,0,0.11,5,4.5,1
2024-05-21,Givral,Red Velvet Cake,205000.0,0,0.125,10,4.2,0
2024-05-21,Local Bakery A,Tiramisu,121000.0,1,0.18,22,3.6,0
2024-05-21,Local Bakery A,Cheesecake,151000.0,0,0.103,9,4.1,1
2024-05-21,Local Bakery A,Macaron,31000.0,0,0.229,15,4.3,1
2024-05-21,Local Bakery A,Éclair,38000.0,1,0.222,22,4.4,1
2024-05-21,Local Bakery A,Croissant,26000.0,0,0.165,8,3.6,1
2024-05-21,Local Bakery A,Red Velvet Cake,170000.0,1,0.23,8,3.6,1
2024-05-21,Supermarket Chain,Tiramisu,100000.0,1,0.131,22,4.5,1
2024-05-21,Supermarket Chain,Cheesecake,118000.0,0,0.143,9,4.8,0
2024-05-21,Supermarket Chain,Macaron,24000.0,0,0.063,1,4.2,1
2024-05-21,Supermarket Chain,Éclair,36000.0,0,0.089,22,3.9,0
2024-05-21,Supermarket Chain,Croissant,21000.0,0,0.182,15,3.6,0
2024-05-21,Supermarket Chain,Red Velvet Cake,143000.0,0,0.194,22,4.6,0
2024-05-22,Paris Baguette,Tiramisu,246000.0,0,0.165,13,3.8,1
2024-05-22,Paris Baguette,Cheesecake,149000.0,1,0.096,6,4.7,0
2024-05-22,Paris Baguette,Macaron,42000.0,0,0.115,8,3.5,1
2024-05-22,Paris Baguette,Éclair,64000.0,0,0.096,13,4.3,1
2024-05-22,Paris Baguette,Croissant,37000.0,0,0.213,7,3.5,0
2024-05-22,Paris Baguette,Red Velvet Cake,276000.0,0,0.192,8,3.9,1
2024-05-22,Tous Les Jours,Tiramisu,247000.0,0,0.083,17,3.7,0
2024-05-22,Tous Les Jours,Cheesecake,194000.0,0,0.179,16,4.7,0
2024-05-22,Tous Les Jours,Macaron,39000.0,0,0.188,7,3.7,1
2024-05-22,Tous Les Jours,Éclair,57000.0,0,0.17,21,3.8,1
2024-05-22,Tous Les Jours,Croissant,29000.0,1,0.188,4,4.3,1
2024-05-22,Tous Les Jours,Red Velvet Cake,266000.0,0,0.068,15,4.4,1
2024-05-22,ABC Bakery,Tiramisu,191000.0,0,0.13,16,3.8,1
2024-05-22,ABC Bakery,Cheesecake,172000.0,0,0.074,9,4.3,0
2024-05-22,ABC Bakery,Macaron,36000.0,0,0.133,12,3.7,1
2024-05-22,ABC Bakery,Éclair,49000.0,0,0.078,14,4.5,0
2024-05-22,ABC Bakery,Croissant,29000.0,0,0.062,10,4.7,1
2024-05-22,ABC Bakery,Red Velvet Cake,219000.0,0,0.142,18,4.4,1
2024-05-22,Givral,Tiramisu,193000.0,0,0.24,14,4.3,1
2024-05-22,Givral,Cheesecake,136000.0,1,0.163,19,4.0,1
2024-05-22,Givral,Macaron,32000.0,0,0.17,14,3.6,1
2024-05-22,Givral,Éclair,49000.0,0,0.052,18,4.4,1
2024-05-22,Givral,Croissant,27000.0,0,0.126,21,4.6,1
2024-05-22,Givral,Red Velvet Cake,203000.0,0,0.09,16,4.2,1
2024-05-22,Local Bakery A,Tiramisu,184000.0,0,0.224,11,3.7,1
2024-05-22,Local Bakery A,Cheesecake,143000.0,0,0.094,4,4.4,1
2024-05-22,Local Bakery A,Macaron,32000.0,0,0.066,18,4.7,0
2024-05-22,Local Bakery A,Éclair,45000.0,0,0.231,24,3.7,1
2024-05-22,Local Bakery A,Croissant,26000.0,0,0.147,3,3.5,0
2024-05-22,Local Bakery A,Red Velvet Cake,192000.0,0,0.199,1,4.3,0
2024-05-22,Supermarket Chain,Tiramisu,134000.0,0,0.156,12,4.3,0
2024-05-22,Supermarket Chain,Cheesecake,118000.0,0,0.152,1,4.5,1
2024-05-22,Supermarket Chain,Macaron,26000.0,0,0.096,11,3.6,1
2024-05-22,Supermarket Chain,Éclair,35000.0,0,0.231,17,4.0,0
2024-05-22,Supermarket Chain,Croissant,20000.0,0,0.107,20,4.3,1
2024-05-22,Supermarket Chain,Red Velvet Cake,152000.0,0,0.067,10,3.7,0
2024-05-23,Paris Baguette,Tiramisu,238000.0,0,0.079,11,3.7,1
2024-05-23,Paris Baguette,Cheesecake,207000.0,0,0.215,5,4.4,0
2024-05-23,Paris Baguette,Macaron,44000.0,0,0.16,19,4.7,0
2024-05-23,Paris Baguette,Éclair,64000.0,0,0.187,6,4.7,1
2024-05-23,Paris Baguette,Croissant,38000.0,0,0.08,10,4.5,1
2024-05-23,Paris Baguette,Red Velvet Cake,230000.0,1,0.054,9,4.5,1
2024-05-23,Tous Les Jours,Tiramisu,231000.0,0,0.172,10,4.5,0
2024-05-23,Tous Les Jours,Cheesecake,197000.0,0,0.215,7,3.8,1
2024-05-23,Tous Les Jours,Macaron,40000.0,0,0.21,23,3.7,0
2024-05-23,Tous Les Jours,Éclair,59000.0,0,0.1,18,3.9,1
2024-05-23,Tous Les Jours,Croissant,35000.0,0,0.131,4,4.1,1
2024-05-23,Tous Les Jours,Red Velvet Cake,262000.0,0,0.165,19,3.9,0
2024-05-23,ABC Bakery,Tiramisu,196000.0,0,0.249,8,4.5,0
2024-05-23,ABC Bakery,Cheesecake,162000.0,0,0.054,15,3.6,1
2024-05-23,ABC Bakery,Macaron,32000.0,0,0.143,10,4.5,1
2024-05-23,ABC Bakery,Éclair,48000.0,0,0.116,17,3.8,0
2024-05-23,ABC Bakery,Croissant,32000.0,0,0.102,9,3.8,1
2024-05-23,ABC Bakery,Red Velvet Cake,220000.0,0,0.249,24,3.7,0
2024-05-23,Givral,Tiramisu,176000.0,0,0.102,1,4.7,0
2024-05-23,Givral,Cheesecake,132000.0,1,0.097,6,3.9,1
2024-05-23,Givral,Macaron,35000.0,0,0.164,3,3.6,1
2024-05-23,Givral,Éclair,44000.0,0,0.187,19,4.2,1
2024-05-23,Givral,Croissant,28000.0,0,0.224,15,4.6,1
2024-05-23,Givral,Red Velvet Cake,194000.0,0,0.152,11,3.9,1
2024-05-23,Local Bakery A,Tiramisu,175000.0,0,0.184,17,4.6,1
2024-05-23,Local Bakery A,Cheesecake,154000.0,0,0.094,2,4.1,1
2024-05-23,Local Bakery A,Macaron,32000.0,0,0.084,6,4.3,0
2024-05-23,Local Bakery A,Éclair,35000.0,1,0.192,16,4.0,1
2024-05-23,Local Bakery A,Croissant,27000.0,0,0.189,22,3.8,1
2024-05-23,Local Bakery A,Red Velvet Cake,187000.0,0,0.179,14,4.6,1
2024-05-23,Supermarket Chain,Tiramisu,141000.0,0,0.139,9,4.8,1
2024-05-23,Supermarket Chain,Cheesecake,125000.0,0,0.11,1,3.6,1
2024-05-23,Supermarket Chain,Macaron,25000.0,0,0.067,21,4.0,1
2024-05-23,Supermarket Chain,Éclair,36000.0,0,0.128,7,4.5,1
2024-05-23,Supermarket Chain,Croissant,21000.0,0,0.172,4,3.6,0
2024-05-23,Supermarket Chain,Red Velvet Cake,120000.0,1,0.232,3,3.8,1
2024-05-24,Paris Baguette,Tiramisu,244000.0,0,0.065,6,4.4,1
2024-05-24,Paris Baguette,Cheesecake,218000.0,0,0.201,15,4.2,0
2024-05-24,Paris Baguette,Macaron,45000.0,0,0.18,15,3.6,1
2024-05-24,Paris Baguette,Éclair,56000.0,0,0.134,6,4.5,1
2024-05-24,Paris Baguette,Croissant,36000.0,0,0.057,14,4.5,1
2024-05-24,Paris Baguette,Red Velvet Cake,280000.0,0,0.121,12,4.1,1
2024-05-24,Tous Les Jours,Tiramisu,230000.0,0,0.173,22,4.7,1
2024-05-24,Tous Les Jours,Cheesecake,213000.0,0,0.068,19,4.8,0
2024-05-24,Tous Les Jours,Macaron,42000.0,0,0.167,3,4.5,1
2024-05-24,Tous Les Jours,Éclair,60000.0,0,0.199,16,4.0,1
2024-05-24,Tous Les Jours,Croissant,35000.0,0,0.188,15,4.5,1
2024-05-24,Tous Les Jours,Red Velvet Cake,250000.0,0,0.17,5,4.5,1
2024-05-24,ABC Bakery,Tiramisu,199000.0,0,0.221,7,4.8,1
2024-05-24,ABC Bakery,Cheesecake,173000.0,0,0.099,22,3.9,1
2024-05-24,ABC Bakery,Macaron,34000.0,0,0.068,20,4.3,1
2024-05-24,ABC Bakery,Éclair,51000.0,0,0.202,4,4.6,0
2024-05-24,ABC Bakery,Croissant,29000.0,0,0.203,14,4.2,0
2024-05-24,ABC Bakery,Red Velvet Cake,221000.0,0,0.077,3,3.5,0
2024-05-24,Givral,Tiramisu,192000.0,0,0.127,11,4.4,0
2024-05-24,Givral,Cheesecake,158000.0,0,0.096,18,3.6,1
2024-05-24,Givral,Macaron,33000.0,0,0.204,4,4.0,1
2024-05-24,Givral,Éclair,34000.0,1,0.25,19,3.9,0
2024-05-24,Givral,Croissant,29000.0,0,0.1,21,3.6,0
2024-05-24,Givral,Red Velvet Cake,192000.0,0,0.169,23,3.6,1
2024-05-24,Local Bakery A,Tiramisu,172000.0,0,0.166,4,4.3,1
2024-05-24,Local Bakery A,Cheesecake,149000.0,0,0.245,7,3.5,1
2024-05-24,Local Bakery A,Macaron,27000.0,1,0.092,21,4.4,0
2024-05-24,Local Bakery A,Éclair,46000.0,0,0.089,21,4.0,1
2024-05-24,Local Bakery A,Croissant,25000.0,0,0.122,10,4.5,1
2024-05-24,Local Bakery A,Red Velvet Cake,195000.0,0,0.247,11,4.0,1
2024-05-24,Supermarket Chain,Tiramisu,137000.0,0,0.243,3,3.9,1
2024-05-24,Supermarket Chain,Cheesecake,114000.0,0,0.061,23,4.7,1
2024-05-24,Supermarket Chain,Macaron,24000.0,0,0.115,7,4.8,1
2024-05-24,Supermarket Chain,Éclair,34000.0,0,0.195,1,4.5,1
2024-05-24,Supermarket Chain,Croissant,20000.0,0,0.165,5,4.3,1
2024-05-24,Supermarket Chain,Red Velvet Cake,148000.0,0,0.053,10,4.7,0
2024-05-25,Paris Baguette,Tiramisu,264000.0,0,0.098,4,3.9,1
2024-05-25,Paris Baguette,Cheesecake,226000.0,0,0.051,16,3.6,1
2024-05-25,Paris Baguette,Macaron,43000.0,0,0.051,10,4.6,0
2024-05-25,Paris Baguette,Éclair,65000.0,0,0.19,10,4.2,1
2024-05-25,Paris Baguette,Croissant,30000.0,1,0.14,22,4.4,1
2024-05-25,Paris Baguette,Red Velvet Cake,277000.0,0,0.07,8,4.2,0
2024-05-25,Tous Les Jours,Tiramisu,245000.0,0,0.156,13,4.5,1
2024-05-25,Tous Les Jours,Cheesecake,211000.0,0,0.058,13,3.6,0
2024-05-25,Tous Les Jours,Macaron,39000.0,1,0.211,13,4.0,1
2024-05-25,Tous Les Jours,Éclair,51000.0,1,0.087,16,4.3,1
2024-05-25,Tous Les Jours,Croissant,35000.0,0,0.206,15,3.5,0
2024-05-25,Tous Les Jours,Red Velvet Cake,272000.0,0,0.151,13,4.7,1
2024-05-25,ABC Bakery,Tiramisu,208000.0,0,0.163,1,3.6,0
2024-05-25,ABC Bakery,Cheesecake,168000.0,0,0.168,3,4.6,1
2024-05-25,ABC Bakery,Macaron,35000.0,0,0.055,7,3.6,0
2024-05-25,ABC Bakery,Éclair,52000.0,0,0.161,13,4.7,0
2024-05-25,ABC Bakery,Croissant,32000.0,0,0.131,7,4.8,1
2024-05-25,ABC Bakery,Red Velvet Cake,231000.0,0,0.052,2,4.0,1
2024-05-25,Givral,Tiramisu,160000.0,1,0.148,10,3.9,0
2024-05-25,Givral,Cheesecake,167000.0,0,0.2,3,4.5,1
2024-05-25,Givral,Macaron,35000.0,0,0.086,18,4.1,1
2024-05-25,Givral,Éclair,39000.0,1,0.166,16,4.3,1
2024-05-25,Givral,Croissant,29000.0,0,0.138,8,4.6,1
2024-05-25,Givral,Red Velvet Cake,219000.0,0,0.226,24,3.8,1
2024-05-25,Local Bakery A,Tiramisu,176000.0,0,0.118,7,3.6,0
2024-05-25,Local Bakery A,Cheesecake,156000.0,0,0.207,6,4.2,1
2024-05-25,Local Bakery A,Macaron,32000.0,0,0.075,9,4.0,0
2024-05-25,Local Bakery A,Éclair,47000.0,0,0.169,7,4.7,0
2024-05-25,Local Bakery A,Croissant,29000.0,0,0.06,2,3.6,1
2024-05-25,Local Bakery A,Red Velvet Cake,205000.0,0,0.205,22,4.1,1
2024-05-25,Supermarket Chain,Tiramisu,147000.0,0,0.072,9,4.2,1
2024-05-25,Supermarket Chain,Cheesecake,121000.0,0,0.079,19,4.5,1
2024-05-25,Supermarket Chain,Macaron,25000.0,0,0.163,15,4.2,1
2024-05-25,Supermarket Chain,Éclair,36000.0,0,0.127,16,3.6,1
2024-05-25,Supermarket Chain,Croissant,17000.0,1,0.161,21,4.3,1
2024-05-25,Supermarket Chain,Red Velvet Cake,163000.0,0,0.2,8,4.4,1
2024-05-26,Paris Baguette,Tiramisu,254000.0,0,0.177,7,3.6,0
2024-05-26,Paris Baguette,Cheesecake,216000.0,0,0.082,18,3.6,0
2024-05-26,Paris Baguette,Macaron,46000.0,0,0.134,19,4.6,1
2024-05-26,Paris Baguette,Éclair,64000.0,0,0.173,9,4.7,1
2024-05-26,Paris Baguette,Croissant,38000.0,0,0.09,3,4.7,1
2024-05-26,Paris Baguette,Red Velvet Cake,290000.0,0,0.152,12,4.3,1
2024-05-26,Tous Les Jours,Tiramisu,236000.0,0,0.222,7,4.5,0
2024-05-26,Tous Les Jours,Cheesecake,219000.0,0,0.121,3,3.7,1
2024-05-26,Tous Les Jours,Macaron,44000.0,0,0.178,19,3.5,0
2024-05-26,Tous Les Jours,Éclair,64000.0,0,0.104,8,4.3,0
2024-05-26,Tous Les Jours,Croissant,36000.0,0,0.232,24,4.8,0
2024-05-26,Tous Les Jours,Red Velvet Cake,272000.0,0,0.202,15,4.1,0
2024-05-26,ABC Bakery,Tiramisu,205000.0,0,0.128,15,3.9,1
2024-05-26,ABC Bakery,Cheesecake,181000.0,0,0.182,16,3.7,1
2024-05-26,ABC Bakery,Macaron,37000.0,0,0.23,17,4.4,0
2024-05-26,ABC Bakery,Éclair,53000.0,0,0.207,11,4.3,1
2024-05-26,ABC Bakery,Croissant,32000.0,0,0.07,7,3.6,0
2024-05-26,ABC Bakery,Red Velvet Cake,223000.0,0,0.065,7,3.6,1
2024-05-26,Givral,Tiramisu,193000.0,0,0.11,15,4.3,1
2024-05-26,Givral,Cheesecake,168000.0,0,0.137,13,4.5,1
2024-05-26,Givral,Macaron,35000.0,0,0.242,5,4.2,1
2024-05-26,Givral,Éclair,47000.0,0,0.183,9,4.7,1
2024-05-26,Givral,Croissant,29000.0,0,0.126,24,3.9,0
2024-05-26,Givral,Red Velvet Cake,215000.0,0,0.079,20,4.1,1
2024-05-26,Local Bakery A,Tiramisu,187000.0,0,0.182,17,3.8,1
2024-05-26,Local Bakery A,Cheesecake,158000.0,0,0.094,4,3.7,1
2024-05-26,Local Bakery A,Macaron,33000.0,0,0.098,4,4.5,0
2024-05-26,Local Bakery A,Éclair,47000.0,0,0.226,9,3.9,1
2024-05-26,Local Bakery A,Croissant,27000.0,0,0.13,22,3.6,1
2024-05-26,Local Bakery A,Red Velvet Cake,203000.0,0,0.088,23,4.4,1
2024-05-26,Supermarket Chain,Tiramisu,148000.0,0,0.217,17,4.3,1
2024-05-26,Supermarket Chain,Cheesecake,117000.0,0,0.131,6,4.0,1
2024-05-26,Supermarket Chain,Macaron,24000.0,0,0.225,15,4.3,0
2024-05-26,Supermarket Chain,Éclair,35000.0,0,0.182,11,4.2,1
2024-05-26,Supermarket Chain,Croissant,21000.0,0,0.237,6,4.2,1
2024-05-26,Supermarket Chain,Red Velvet Cake,159000.0,0,0.188,24,3.6,0
2024-05-27,Paris Baguette,Tiramisu,242000.0,0,0.089,18,3.6,1
2024-05-27,Paris Baguette,Cheesecake,194000.0,0,0.165,16,3.6,1
2024-05-27,Paris Baguette,Macaron,42000.0,0,0.075,22,4.4,1
2024-05-27,Paris Baguette,Éclair,63000.0,0,0.186,16,4.1,1
2024-05-27,Paris Baguette,Croissant,38000.0,0,0.24,4,4.4,0
2024-05-27,Paris Baguette,Red Velvet Cake,225000.0,1,0.059,10,4.7,1
2024-05-27,Tous Les Jours,Tiramisu,238000.0,0,0.186,10,4.0,1
2024-05-27,Tous Les Jours,Cheesecake,197000.0,0,0.197,17,3.8,0
2024-05-27,Tous Les Jours,Macaron,36000.0,1,0.12,17,3.9,0
2024-05-27,Tous Les Jours,Éclair,58000.0,0,0.217,22,4.0,1
2024-05-27,Tous Les Jours,Croissant,34000.0,0,0.15,20,4.6,0
2024-05-27,Tous Les Jours,Red Velvet Cake,266000.0,0,0.17,13,4.5,1
2024-05-27,ABC Bakery,Tiramisu,196000.0,0,0.138,17,4.5,1
2024-05-27,ABC Bakery,Cheesecake,169000.0,0,0.105,17,4.0,1
2024-05-27,ABC Bakery,Macaron,33000.0,0,0.151,21,3.9,1
2024-05-27,ABC Bakery,Éclair,47000.0,0,0.158,4,4.0,1
2024-05-27,ABC Bakery,Croissant,29000.0,0,0.06,3,3.7,1
2024-05-27,ABC Bakery,Red Velvet Cake,209000.0,0,0.196,7,4.3,1
2024-05-27,Givral,Tiramisu,190000.0,0,0.225,19,4.5,0
2024-05-27,Givral,Cheesecake,159000.0,0,0.169,6,4.5,1
2024-05-27,Givral,Macaron,32000.0,0,0.23,3,4.2,1
2024-05-27,Givral,Éclair,46000.0,0,0.148,8,4.0,0
2024-05-27,Givral,Croissant,26000.0,0,0.103,8,4.6,0
2024-05-27,Givral,Red Velvet Cake,206000.0,0,0.215,12,4.3,0
2024-05-27,Local Bakery A,Tiramisu,167000.0,0,0.122,1,4.6,1
2024-05-27,Local Bakery A,Cheesecake,157000.0,0,0.199,3,4.0,0
2024-05-27,Local Bakery A,Macaron,32000.0,0,0.249,11,3.8,1
2024-05-27,Local Bakery A,Éclair,45000.0,0,0.239,19,4.2,1
2024-05-27,Local Bakery A,Croissant,26000.0,0,0.079,18,4.2,1
2024-05-27,Local Bakery A,Red Velvet Cake,182000.0,0,0.133,22,3.9,1
2024-05-27,Supermarket Chain,Tiramisu,97000.0,1,0.23,2,4.1,0
2024-05-27,Supermarket Chain,Cheesecake,114000.0,0,0.114,18,3.8,1
2024-05-27,Supermarket Chain,Macaron,24000.0,0,0.134,9,3.6,1
2024-05-27,Supermarket Chain,Éclair,33000.0,0,0.221,11,3.7,1
2024-05-27,Supermarket Chain,Croissant,20000.0,0,0.21,16,4.4,1
2024-05-27,Supermarket Chain,Red Velvet Cake,146000.0,0,0.204,4,4.5,1
2024-05-28,Paris Baguette,Tiramisu,238000.0,0,0.165,12,4.4,1
2024-05-28,Paris Baguette,Cheesecake,210000.0,0,0.176,10,4.0,0
2024-05-28,Paris Baguette,Macaron,44000.0,0,0.101,13,4.5,1
2024-05-28,Paris Baguette,Éclair,62000.0,0,0.087,17,4.2,1
2024-05-28,Paris Baguette,Croissant,37000.0,0,0.142,8,4.4,0
2024-05-28,Paris Baguette,Red Velvet Cake,187000.0,1,0.167,14,4.2,1
2024-05-28,Tous Les Jours,Tiramisu,238000.0,0,0.125,6,4.3,1
2024-05-28,Tous Les Jours,Cheesecake,198000.0,0,0.164,5,4.1,1
2024-05-28,Tous Les Jours,Macaron,42000.0,0,0.156,13,3.8,1
2024-05-28,Tous Les Jours,Éclair,55000.0,0,0.194,16,4.3,0
2024-05-28,Tous Les Jours,Croissant,34000.0,0,0.161,10,3.6,1
2024-05-28,Tous Les Jours,Red Velvet Cake,222000.0,1,0.078,24,3.6,1
2024-05-28,ABC Bakery,Tiramisu,187000.0,0,0.112,3,3.9,1
2024-05-28,ABC Bakery,Cheesecake,143000.0,1,0.182,22,4.4,1
2024-05-28,ABC Bakery,Macaron,36000.0,0,0.25,5,3.9,0
2024-05-28,ABC Bakery,Éclair,49000.0,0,0.139,12,4.8,1
2024-05-28,ABC Bakery,Croissant,30000.0,0,0.111,4,4.5,1
2024-05-28,ABC Bakery,Red Velvet Cake,215000.0,0,0.141,3,3.9,1
2024-05-28,Givral,Tiramisu,188000.0,0,0.178,2,3.6,0
2024-05-28,Givral,Cheesecake,151000.0,0,0.087,19,4.1,1
2024-05-28,Givral,Macaron,32000.0,0,0.066,11,4.5,1
2024-05-28,Givral,Éclair,48000.0,0,0.155,17,4.6,0
2024-05-28,Givral,Croissant,27000.0,0,0.121,8,4.6,1
2024-05-28,Givral,Red Velvet Cake,204000.0,0,0.249,13,4.8,1
2024-05-28,Local Bakery A,Tiramisu,172000.0,0,0.169,7,4.6,0
2024-05-28,Local Bakery A,Cheesecake,151000.0,0,0.103,8,4.3,1
2024-05-28,Local Bakery A,Macaron,30000.0,0,0.128,1,3.6,1
2024-05-28,Local Bakery A,Éclair,45000.0,0,0.202,10,3.9,1
2024-05-28,Local Bakery A,Croissant,23000.0,1,0.09,10,4.5,0
2024-05-28,Local Bakery A,Red Velvet Cake,202000.0,0,0.135,9,3.7,0
2024-05-28,Supermarket Chain,Tiramisu,140000.0,0,0.151,13,4.5,1
2024-05-28,Supermarket Chain,Cheesecake,121000.0,0,0.167,13,4.6,1
2024-05-28,Supermarket Chain,Macaron,23000.0,0,0.162,7,4.4,1
2024-05-28,Supermarket Chain,Éclair,34000.0,0,0.138,2,4.1,1
2024-05-28,Supermarket Chain,Croissant,19000.0,0,0.246,3,3.5,1
2024-05-28,Supermarket Chain,Red Velvet Cake,150000.0,0,0.094,13,4.1,0
2024-05-29,Paris Baguette,Tiramisu,254000.0,0,0.064,11,3.9,0
2024-05-29,Paris Baguette,Cheesecake,160000.0,1,0.085,1,4.1,0
2024-05-29,Paris Baguette,Macaron,42000.0,0,0.069,15,4.5,1
2024-05-29,Paris Baguette,Éclair,61000.0,0,0.237,7,4.3,1
2024-05-29,Paris Baguette,Croissant,35000.0,0,0.07,11,4.5,0
2024-05-29,Paris Baguette,Red Velvet Cake,276000.0,0,0.193,20,3.9,1
2024-05-29,Tous Les Jours,Tiramisu,229000.0,0,0.11,15,4.4,1
2024-05-29,Tous Les Jours,Cheesecake,203000.0,0,0.207,5,4.7,1
2024-05-29,Tous Les Jours,Macaron,31000.0,1,0.181,9,4.3,1
2024-05-29,Tous Les Jours,Éclair,57000.0,0,0.206,17,3.9,1
2024-05-29,Tous Les Jours,Croissant,34000.0,0,0.139,16,4.3,1
2024-05-29,Tous Les Jours,Red Velvet Cake,257000.0,0,0.09,8,4.7,0
2024-05-29,ABC Bakery,Tiramisu,204000.0,0,0.147,17,4.2,0
2024-05-29,ABC Bakery,Cheesecake,163000.0,0,0.106,16,3.8,1
2024-05-29,ABC Bakery,Macaron,35000.0,0,0.135,9,3.9,0
2024-05-29,ABC Bakery,Éclair,44000.0,1,0.112,16,4.6,1
2024-05-29,ABC Bakery,Croissant,27000.0,0,0.075,14,4.7,1
2024-05-29,ABC Bakery,Red Velvet Cake,215000.0,0,0.182,3,4.6,1
2024-05-29,Givral,Tiramisu,191000.0,0,0.212,20,3.6,1
2024-05-29,Givral,Cheesecake,157000.0,0,0.109,1,4.5,1
2024-05-29,Givral,Macaron,31000.0,0,0.059,24,4.6,0
2024-05-29,Givral,Éclair,46000.0,0,0.245,10,4.1,1
2024-05-29,Givral,Croissant,26000.0,0,0.204,5,4.4,1
2024-05-29,Givral,Red Velvet Cake,199000.0,0,0.127,24,3.6,1
2024-05-29,Local Bakery A,Tiramisu,179000.0,0,0.145,23,4.7,1
2024-05-29,Local Bakery A,Cheesecake,153000.0,0,0.114,1,3.7,1
2024-05-29,Local Bakery A,Macaron,31000.0,0,0.122,22,4.6,1
2024-05-29,Local Bakery A,Éclair,42000.0,0,0.129,22,4.2,1
2024-05-29,Local Bakery A,Croissant,27000.0,0,0.093,1,3.7,1
2024-05-29,Local Bakery A,Red Velvet Cake,192000.0,0,0.096,5,3.7,1
2024-05-29,Supermarket Chain,Tiramisu,139000.0,0,0.245,13,4.8,0
2024-05-29,Supermarket Chain,Cheesecake,115000.0,0,0.187,23,3.5,1
2024-05-29,Supermarket Chain,Macaron,25000.0,0,0.092,23,4.7,1
2024-05-29,Supermarket Chain,Éclair,33000.0,0,0.06,7,4.7,1
2024-05-29,Supermarket Chain,Croissant,20000.0,0,0.244,24,3.7,1
2024-05-29,Supermarket Chain,Red Velvet Cake,149000.0,0,0.08,2,3.8,0
2024-05-30,Paris Baguette,Tiramisu,253000.0,0,0.081,23,3.6,1
2024-05-30,Paris Baguette,Cheesecake,210000.0,0,0.215,10,3.6,1
2024-05-30,Paris Baguette,Macaron,43000.0,0,0.201,1,4.6,1
2024-05-30,Paris Baguette,Éclair,60000.0,0,0.162,4,3.9,1
2024-05-30,Paris Baguette,Croissant,35000.0,0,0.116,11,4.7,1
2024-05-30,Paris Baguette,Red Velvet Cake,263000.0,0,0.222,22,3.5,1
2024-05-30,Tous Les Jours,Tiramisu,229000.0,0,0.244,1,4.2,1
2024-05-30,Tous Les Jours,Cheesecake,191000.0,0,0.23,3,4.2,1
2024-05-30,Tous Les Jours,Macaron,39000.0,0,0.21,22,4.8,1
2024-05-30,Tous Les Jours,Éclair,59000.0,0,0.235,11,3.6,1
2024-05-30,Tous Les Jours,Croissant,35000.0,0,0.221,21,4.2,1
2024-05-30,Tous Les Jours,Red Velvet Cake,247000.0,0,0.156,7,4.5,1
2024-05-30,ABC Bakery,Tiramisu,191000.0,0,0.206,24,3.8,1
2024-05-30,ABC Bakery,Cheesecake,160000.0,0,0.167,17,3.7,0
2024-05-30,ABC Bakery,Macaron,33000.0,0,0.202,18,3.6,1
2024-05-30,ABC Bakery,Éclair,50000.0,0,0.186,6,4.2,0
2024-05-30,ABC Bakery,Croissant,30000.0,0,0.219,14,4.4,0
2024-05-30,ABC Bakery,Red Velvet Cake,205000.0,0,0.219,8,3.9,1
2024-05-30,Givral,Tiramisu,191000.0,0,0.171,9,3.9,1
2024-05-30,Givral,Cheesecake,155000.0,0,0.111,20,3.6,0
2024-05-30,Givral,Macaron,31000.0,0,0.176,5,4.1,1
2024-05-30,Givral,Éclair,45000.0,0,0.095,13,4.0,1
2024-05-30,Givral,Croissant,27000.0,0,0.22,21,4.4,1
2024-05-30,Givral,Red Velvet Cake,196000.0,0,0.207,19,4.2,1
2024-05-30,Local Bakery A,Tiramisu,170000.0,0,0.073,18,4.6,1
2024-05-30,Local Bakery A,Cheesecake,124000.0,1,0.05,24,4.7,0
2024-05-30,Local Bakery A,Macaron,22000.0,1,0.189,12,4.4,1
2024-05-30,Local Bakery A,Éclair,43000.0,0,0.197,8,3.5,0
2024-05-30,Local Bakery A,Croissant,27000.0,0,0.076,9,3.6,0
2024-05-30,Local Bakery A,Red Velvet Cake,184000.0,0,0.145,6,4.1,1
2024-05-30,Supermarket Chain,Tiramisu,136000.0,0,0.092,5,3.6,0
2024-05-30,Supermarket Chain,Cheesecake,120000.0,0,0.136,12,4.1,1
2024-05-30,Supermarket Chain,Macaron,23000.0,0,0.167,13,3.7,0
2024-05-30,Supermarket Chain,Éclair,29000.0,1,0.098,5,4.0,1
2024-05-30,Supermarket Chain,Croissant,20000.0,0,0.074,8,4.3,1
2024-05-30,Supermarket Chain,Red Velvet Cake,144000.0,0,0.239,6,4.4,0
2024-05-31,Paris Baguette,Tiramisu,245000.0,0,0.099,21,4.1,0
2024-05-31,Paris Baguette,Cheesecake,177000.0,1,0.233,17,3.8,0
2024-05-31,Paris Baguette,Macaron,41000.0,0,0.151,13,4.8,1
2024-05-31,Paris Baguette,Éclair,63000.0,0,0.159,8,4.4,0
2024-05-31,Paris Baguette,Croissant,36000.0,0,0.073,16,4.6,1
2024-05-31,Paris Baguette,Red Velvet Cake,264000.0,0,0.233,24,3.7,1
2024-05-31,Tous Les Jours,Tiramisu,221000.0,0,0.058,20,4.5,1
2024-05-31,Tous Les Jours,Cheesecake,181000.0,0,0.243,9,4.6,1
2024-05-31,Tous Les Jours,Macaron,39000.0,0,0.121,5,4.0,1
2024-05-31,Tous Les Jours,Éclair,58000.0,0,0.225,18,4.8,1
2024-05-31,Tous Les Jours,Croissant,35000.0,0,0.061,6,3.8,0
2024-05-31,Tous Les Jours,Red Velvet Cake,251000.0,0,0.206,8,4.4,1
2024-05-31,ABC Bakery,Tiramisu,191000.0,0,0.24,2,4.6,1
2024-05-31,ABC Bakery,Cheesecake,158000.0,0,0.098,7,4.4,1
2024-05-31,ABC Bakery,Macaron,33000.0,0,0.188,17,4.3,1
2024-05-31,ABC Bakery,Éclair,47000.0,0,0.059,24,4.6,1
2024-05-31,ABC Bakery,Croissant,28000.0,0,0.199,23,4.1,0
2024-05-31,ABC Bakery,Red Velvet Cake,160000.0,1,0.053,15,4.7,0
2024-05-31,Givral,Tiramisu,177000.0,0,0.129,19,4.2,0
2024-05-31,Givral,Cheesecake,153000.0,0,0.122,20,4.1,1
2024-05-31,Givral,Macaron,32000.0,0,0.065,8,4.2,1
2024-05-31,Givral,Éclair,46000.0,0,0.206,3,4.3,1
2024-05-31,Givral,Croissant,26000.0,0,0.107,12,3.8,1
2024-05-31,Givral,Red Velvet Cake,196000.0,0,0.053,2,4.2,1
2024-05-31,Local Bakery A,Tiramisu,171000.0,0,0.189,2,4.4,1
2024-05-31,Local Bakery A,Cheesecake,147000.0,0,0.119,12,3.6,0
2024-05-31,Local Bakery A,Macaron,23000.0,1,0.248,4,3.6,1
2024-05-31,Local Bakery A,Éclair,44000.0,0,0.163,3,3.9,0
2024-05-31,Local Bakery A,Croissant,25000.0,0,0.133,3,4.6,1
2024-05-31,Local Bakery A,Red Velvet Cake,199000.0,0,0.242,8,4.7,1
2024-05-31,Supermarket Chain,Tiramisu,135000.0,0,0.081,8,3.9,1
2024-05-31,Supermarket Chain,Cheesecake,118000.0,0,0.123,16,3.8,1
2024-05-31,Supermarket Chain,Macaron,24000.0,0,0.077,18,4.4,1
2024-05-31,Supermarket Chain,Éclair,34000.0,0,0.198,4,4.6,1
2024-05-31,Supermarket Chain,Croissant,20000.0,0,0.155,7,4.0,1
2024-05-31,Supermarket Chain,Red Velvet Cake,145000.0,0,0.056,17,4.3,1
2024-06-01,Paris Baguette,Tiramisu,248000.0,0,0.119,5,4.7,1
2024-06-01,Paris Baguette,Cheesecake,220000.0,0,0.08,10,4.2,1
2024-06-01,Paris Baguette,Macaron,44000.0,0,0.185,8,4.6,1
2024-06-01,Paris Baguette,Éclair,63000.0,0,0.089,14,4.0,1
2024-06-01,Paris Baguette,Croissant,38000.0,0,0.203,8,4.5,1
2024-06-01,Paris Baguette,Red Velvet Cake,250000.0,0,0.224,11,3.6,1
2024-06-01,Tous Les Jours,Tiramisu,230000.0,0,0.084,1,4.6,1
2024-06-01,Tous Les Jours,Cheesecake,167000.0,1,0.096,9,4.0,0
2024-06-01,Tous Les Jours,Macaron,43000.0,0,0.055,5,3.6,1
2024-06-01,Tous Les Jours,Éclair,59000.0,0,0.22,24,3.7,0
2024-06-01,Tous Les Jours,Croissant,37000.0,0,0.134,12,4.2,0
2024-06-01,Tous Les Jours,Red Velvet Cake,268000.0,0,0.133,14,3.6,1
2024-06-01,ABC Bakery,Tiramisu,208000.0,0,0.2,11,4.4,1
2024-06-01,ABC Bakery,Cheesecake,178000.0,0,0.237,16,4.0,0
2024-06-01,ABC Bakery,Macaron,35000.0,0,0.102,14,4.3,1
2024-06-01,ABC Bakery,Éclair,50000.0,0,0.157,2,3.7,1
2024-06-01,ABC Bakery,Croissant,30000.0,0,0.222,11,4.6,1
2024-06-01,ABC Bakery,Red Velvet Cake,166000.0,1,0.068,6,4.1,1
2024-06-01,Givral,Tiramisu,189000.0,0,0.067,13,4.0,1
2024-06-01,Givral,Cheesecake,121000.0,1,0.122,7,4.6,1
2024-06-01,Givral,Macaron,32000.0,0,0.118,15,4.5,1
2024-06-01,Givral,Éclair,48000.0,0,0.191,23,3.9,1
2024-06-01,Givral,Croissant,28000.0,0,0.065,7,4.7,1
2024-06-01,Givral,Red Velvet Cake,215000.0,0,0.187,24,4.6,1
2024-06-01,Local Bakery A,Tiramisu,181000.0,0,0.214,19,4.6,1
2024-06-01,Local Bakery A,Cheesecake,158000.0,0,0.128,24,4.5,0
2024-06-01,Local Bakery A,Macaron,32000.0,0,0.237,18,4.7,0
2024-06-01,Local Bakery A,Éclair,38000.0,1,0.238,5,4.3,0
2024-06-01,Local Bakery A,Croissant,28000.0,0,0.066,19,3.7,0
2024-06-01,Local Bakery A,Red Velvet Cake,190000.0,0,0.088,18,4.3,1
2024-06-01,Supermarket Chain,Tiramisu,136000.0,0,0.188,5,4.3,1
2024-06-01,Supermarket Chain,Cheesecake,118000.0,0,0.242,21,4.2,1
2024-06-01,Supermarket Chain,Macaron,24000.0,0,0.201,24,4.5,1
2024-06-01,Supermarket Chain,Éclair,34000.0,0,0.203,23,4.5,1
2024-06-01,Supermarket Chain,Croissant,21000.0,0,0.098,1,4.4,1
2024-06-01,Supermarket Chain,Red Velvet Cake,159000.0,0,0.237,17,4.2,1
2024-06-02,Paris Baguette,Tiramisu,255000.0,0,0.245,13,4.7,1
2024-06-02,Paris Baguette,Cheesecake,224000.0,0,0.096,6,3.5,0
2024-06-02,Paris Baguette,Macaron,42000.0,0,0.065,6,3.8,1
2024-06-02,Paris Baguette,Éclair,61000.0,0,0.095,13,4.0,1
2024-06-02,Paris Baguette,Croissant,40000.0,0,0.215,24,3.7,1
2024-06-02,Paris Baguette,Red Velvet Cake,273000.0,0,0.141,3,3.8,1
2024-06-02,Tous Les Jours,Tiramisu,243000.0,0,0.138,14,4.6,1
2024-06-02,Tous Les Jours,Cheesecake,190000.0,0,0.097,6,4.1,1
2024-06-02,Tous Les Jours,Macaron,42000.0,0,0.156,15,3.8,0
2024-06-02,Tous Les Jours,Éclair,61000.0,0,0.075,23,3.5,0
2024-06-02,Tous Les Jours,Croissant,34000.0,0,0.123,11,4.7,1
2024-06-02,Tous Les Jours,Red Velvet Cake,262000.0,0,0.236,1,3.8,0
2024-06-02,ABC Bakery,Tiramisu,198000.0,0,0.171,3,3.9,0
2024-06-02,ABC Bakery,Cheesecake,176000.0,0,0.054,17,3.9,0
2024-06-02,ABC Bakery,Macaron,33000.0,0,0.121,10,4.0,1
2024-06-02,ABC Bakery,Éclair,52000.0,0,0.061,19,3.6,1
2024-06-02,ABC Bakery,Croissant,31000.0,0,0.07,18,3.6,0
2024-06-02,ABC Bakery,Red Velvet Cake,236000.0,0,0.24,7,3.8,1
2024-06-02,Givral,Tiramisu,188000.0,0,0.107,21,4.3,1
2024-06-02,Givral,Cheesecake,168000.0,0,0.1,11,4.2,0
2024-06-02,Givral,Macaron,34000.0,0,0.243,10,4.1,0
2024-06-02,Givral,Éclair,48000.0,0,0.187,5,3.8,1
2024-06-02,Givral,Croissant,29000.0,0,0.163,19,3.5,0
2024-06-02,Givral,Red Velvet Cake,204000.0,0,0.073,15,4.0,0
2024-06-02,Local Bakery A,Tiramisu,185000.0,0,0.075,11,3.6,1
2024-06-02,Local Bakery A,Cheesecake,159000.0,0,0.074,4,3.6,1
2024-06-02,Local Bakery A,Macaron,23000.0,1,0.175,20,4.2,0
2024-06-02,Local Bakery A,Éclair,43000.0,0,0.092,12,3.8,1
2024-06-02,Local Bakery A,Croissant,23000.0,1,0.178,8,3.7,0
2024-06-02,Local Bakery A,Red Velvet Cake,206000.0,0,0.227,13,3.9,0
2024-06-02,Supermarket Chain,Tiramisu,145000.0,0,0.06,10,4.5,1
2024-06-02,Supermarket Chain,Cheesecake,123000.0,0,0.217,10,4.7,0
2024-06-02,Supermarket Chain,Macaron,24000.0,0,0.141,20,4.7,1
2024-06-02,Supermarket Chain,Éclair,35000.0,0,0.217,20,4.6,1
2024-06-02,Supermarket Chain,Croissant,21000.0,0,0.227,12,3.6,1
2024-06-02,Supermarket Chain,Red Velvet Cake,157000.0,0,0.229,1,4.0,1
2024-06-03,Paris Baguette,Tiramisu,234000.0,0,0.175,9,4.4,1
2024-06-03,Paris Baguette,Cheesecake,201000.0,0,0.124,19,4.5,0
2024-06-03,Paris Baguette,Macaron,43000.0,0,0.211,13,3.7,1
2024-06-03,Paris Baguette,Éclair,60000.0,0,0.212,10,4.3,0
2024-06-03,Paris Baguette,Croissant,35000.0,0,0.246,1,4.5,1
2024-06-03,Paris Baguette,Red Velvet Cake,253000.0,0,0.221,15,3.5,0
2024-06-03,Tous Les Jours,Tiramisu,243000.0,0,0.054,19,4.3,1
2024-06-03,Tous Les Jours,Cheesecake,195000.0,0,0.102,17,3.6,1
2024-06-03,Tous Les Jours,Macaron,38000.0,0,0.062,15,4.1,1
2024-06-03,Tous Les Jours,Éclair,56000.0,0,0.199,14,4.2,0
2024-06-03,Tous Les Jours,Croissant,34000.0,0,0.071,12,3.8,0
2024-06-03,Tous Les Jours,Red Velvet Cake,255000.0,0,0.174,3,4.1,1
2024-06-03,ABC Bakery,Tiramisu,193000.0,0,0.099,14,4.1,1
2024-06-03,ABC Bakery,Cheesecake,164000.0,0,0.209,16,4.3,1
2024-06-03,ABC Bakery,Macaron,32000.0,0,0.178,4,4.8,0
2024-06-03,ABC Bakery,Éclair,51000.0,0,0.197,4,4.1,1
2024-06-03,ABC Bakery,Croissant,28000.0,0,0.142,4,4.6,1
2024-06-03,ABC Bakery,Red Velvet Cake,222000.0,0,0.058,14,3.9,0
2024-06-03,Givral,Tiramisu,185000.0,0,0.127,20,4.7,1
2024-06-03,Givral,Cheesecake,154000.0,0,0.142,12,3.6,1
2024-06-03,Givral,Macaron,31000.0,0,0.063,20,3.9,1
2024-06-03,Givral,Éclair,47000.0,0,0.086,1,4.1,1
2024-06-03,Givral,Croissant,27000.0,0,0.1,13,4.4,1
2024-06-03,Givral,Red Velvet Cake,155000.0,1,0.058,15,4.5,1
2024-06-03,Local Bakery A,Tiramisu,174000.0,0,0.163,2,4.1,1
2024-06-03,Local Bakery A,Cheesecake,141000.0,0,0.064,13,4.0,1
2024-06-03,Local Bakery A,Macaron,27000.0,1,0.216,2,4.4,1
2024-06-03,Local Bakery A,Éclair,44000.0,0,0.135,5,3.7,0
2024-06-03,Local Bakery A,Croissant,25000.0,0,0.132,1,4.6,0
2024-06-03,Local Bakery A,Red Velvet Cake,196000.0,0,0.215,13,3.6,0
2024-06-03,Supermarket Chain,Tiramisu,136000.0,0,0.134,17,4.1,1
2024-06-03,Supermarket Chain,Cheesecake,116000.0,0,0.215,7,4.4,0
2024-06-03,Supermarket Chain,Macaron,24000.0,0,0.213,16,3.8,1
2024-06-03,Supermarket Chain,Éclair,34000.0,0,0.056,10,4.1,0
2024-06-03,Supermarket Chain,Croissant,15000.0,1,0.061,15,3.7,1
2024-06-03,Supermarket Chain,Red Velvet Cake,148000.0,0,0.154,2,4.8,1
2024-06-04,Paris Baguette,Tiramisu,247000.0,0,0.089,24,3.8,0
2024-06-04,Paris Baguette,Cheesecake,150000.0,1,0.106,13,3.7,0
2024-06-04,Paris Baguette,Macaron,42000.0,0,0.123,24,4.2,1
2024-06-04,Paris Baguette,Éclair,61000.0,0,0.236,12,3.6,1
2024-06-04,Paris Baguette,Croissant,37000.0,0,0.227,19,4.6,1
2024-06-04,Paris Baguette,Red Velvet Cake,264000.0,0,0.133,24,4.0,1
2024-06-04,Tous Les Jours,Tiramisu,214000.0,0,0.228,23,4.7,0
2024-06-04,Tous Les Jours,Cheesecake,200000.0,0,0.236,15,3.5,1
2024-06-04,Tous Les Jours,Macaron,39000.0,0,0.137,7,4.6,1
2024-06-04,Tous Les Jours,Éclair,54000.0,0,0.171,5,3.9,1
2024-06-04,Tous Les Jours,Croissant,33000.0,0,0.213,21,3.6,0
2024-06-04,Tous Les Jours,Red Velvet Cake,256000.0,0,0.184,6,4.2,1
2024-06-04,ABC Bakery,Tiramisu,161000.0,1,0.23,12,4.4,1
2024-06-04,ABC Bakery,Cheesecake,164000.0,0,0.203,4,4.5,0
2024-06-04,ABC Bakery,Macaron,32000.0,0,0.126,10,4.8,1
2024-06-04,ABC Bakery,Éclair,35000.0,1,0.157,2,4.6,0
2024-06-04,ABC Bakery,Croissant,29000.0,0,0.227,4,4.1,1
2024-06-04,ABC Bakery,Red Velvet Cake,215000.0,0,0.203,1,3.8,0
2024-06-04,Givral,Tiramisu,149000.0,1,0.22,3,4.1,1
2024-06-04,Givral,Cheesecake,144000.0,0,0.201,17,4.1,1
2024-06-04,Givral,Macaron,31000.0,0,0.127,22,4.3,1
2024-06-04,Givral,Éclair,44000.0,0,0.056,9,4.1,0
2024-06-04,Givral,Croissant,27000.0,0,0.104,15,4.7,1
2024-06-04,Givral,Red Velvet Cake,196000.0,0,0.248,1,4.3,0
2024-06-04,Local Bakery A,Tiramisu,172000.0,0,0.198,8,3.7,0
2024-06-04,Local Bakery A,Cheesecake,137000.0,0,0.112,15,3.9,0
2024-06-04,Local Bakery A,Macaron,30000.0,0,0.165,4,3.7,0
2024-06-04,Local Bakery A,Éclair,45000.0,0,0.057,12,3.8,1
2024-06-04,Local Bakery A,Croissant,26000.0,0,0.104,23,4.5,1
2024-06-04,Local Bakery A,Red Velvet Cake,184000.0,0,0.131,13,4.4,0
2024-06-04,Supermarket Chain,Tiramisu,142000.0,0,0.188,4,4.4,1
2024-06-04,Supermarket Chain,Cheesecake,105000.0,1,0.121,7,4.2,1
2024-06-04,Supermarket Chain,Macaron,17000.0,1,0.064,7,4.2,1
2024-06-04,Supermarket Chain,Éclair,35000.0,0,0.23,1,4.0,1
2024-06-04,Supermarket Chain,Croissant,20000.0,0,0.22,6,4.7,1
2024-06-04,Supermarket Chain,Red Velvet Cake,144000.0,0,0.126,2,3.8,1
2024-06-05,Paris Baguette,Tiramisu,246000.0,0,0.128,11,4.7,1
2024-06-05,Paris Baguette,Cheesecake,189000.0,0,0.165,21,4.0,1
2024-06-05,Paris Baguette,Macaron,41000.0,0,0.133,17,4.1,1
2024-06-05,Paris Baguette,Éclair,59000.0,0,0.132,4,4.8,0
2024-06-05,Paris Baguette,Croissant,38000.0,0,0.217,6,4.3,0
2024-06-05,Paris Baguette,Red Velvet Cake,259000.0,0,0.21,23,3.9,1
2024-06-05,Tous Les Jours,Tiramisu,237000.0,0,0.203,22,3.7,1
2024-06-05,Tous Les Jours,Cheesecake,183000.0,0,0.085,20,3.7,1
2024-06-05,Tous Les Jours,Macaron,40000.0,0,0.111,12,3.9,0
2024-06-05,Tous Les Jours,Éclair,50000.0,1,0.077,6,3.7,0
2024-06-05,Tous Les Jours,Croissant,34000.0,0,0.091,4,4.0,1
2024-06-05,Tous Les Jours,Red Velvet Cake,241000.0,0,0.22,21,4.3,1
2024-06-05,ABC Bakery,Tiramisu,191000.0,0,0.083,3,3.6,1
2024-06-05,ABC Bakery,Cheesecake,166000.0,0,0.182,5,3.8,1
2024-06-05,ABC Bakery,Macaron,32000.0,0,0.129,19,4.1,1
2024-06-05,ABC Bakery,Éclair,46000.0,0,0.099,9,3.9,0
2024-06-05,ABC Bakery,Croissant,28000.0,0,0.118,14,4.4,0
2024-06-05,ABC Bakery,Red Velvet Cake,210000.0,0,0.071,8,3.7,1
2024-06-05,Givral,Tiramisu,187000.0,0,0.177,24,3.6,1
2024-06-05,Givral,Cheesecake,148000.0,0,0.18,24,4.6,1
2024-06-05,Givral,Macaron,31000.0,0,0.077,1,4.3,1
2024-06-05,Givral,Éclair,44000.0,0,0.133,15,3.6,1
2024-06-05,Givral,Croissant,27000.0,0,0.147,1,4.0,1
2024-06-05,Givral,Red Velvet Cake,204000.0,0,0.096,1,4.3,0
2024-06-05,Local Bakery A,Tiramisu,182000.0,0,0.156,20,3.8,1
2024-06-05,Local Bakery A,Cheesecake,141000.0,0,0.149,4,4.3,1
2024-06-05,Local Bakery A,Macaron,30000.0,0,0.149,22,4.3,1
2024-06-05,Local Bakery A,Éclair,44000.0,0,0.068,24,3.5,1
2024-06-05,Local Bakery A,Croissant,26000.0,0,0.182,17,3.7,1
2024-06-05,Local Bakery A,Red Velvet Cake,178000.0,0,0.184,17,4.4,1
2024-06-05,Supermarket Chain,Tiramisu,131000.0,0,0.077,15,4.8,1
2024-06-05,Supermarket Chain,Cheesecake,110000.0,0,0.157,2,3.9,0
2024-06-05,Supermarket Chain,Macaron,24000.0,0,0.156,13,4.0,0
2024-06-05,Supermarket Chain,Éclair,34000.0,0,0.171,8,4.6,1
2024-06-05,Supermarket Chain,Croissant,17000.0,1,0.223,6,4.4,0
2024-06-05,Supermarket Chain,Red Velvet Cake,144000.0,0,0.225,9,3.7,0
2024-06-06,Paris Baguette,Tiramisu,222000.0,0,0.133,18,4.5,1
2024-06-06,Paris Baguette,Cheesecake,203000.0,0,0.09,23,3.5,1
2024-06-06,Paris Baguette,Macaron,42000.0,0,0.231,15,4.2,1
2024-06-06,Paris Baguette,Éclair,57000.0,0,0.067,4,3.7,1
2024-06-06,Paris Baguette,Croissant,36000.0,0,0.177,20,4.3,1
2024-06-06,Paris Baguette,Red Velvet Cake,253000.0,0,0.068,13,4.6,0
2024-06-06,Tous Les Jours,Tiramisu,227000.0,0,0.193,5,3.6,1
2024-06-06,Tous Les Jours,Cheesecake,201000.0,0,0.178,16,3.6,1
2024-06-06,Tous Les Jours,Macaron,38000.0,0,0.248,9,3.7,1
2024-06-06,Tous Les Jours,Éclair,55000.0,0,0.239,24,4.0,1
2024-06-06,Tous Les Jours,Croissant,34000.0,0,0.108,11,4.2,1
2024-06-06,Tous Les Jours,Red Velvet Cake,253000.0,0,0.14,21,4.8,1
2024-06-06,ABC Bakery,Tiramisu,190000.0,0,0.065,11,3.8,1
2024-06-06,ABC Bakery,Cheesecake,157000.0,0,0.082,13,4.1,1
2024-06-06,ABC Bakery,Macaron,32000.0,0,0.115,20,3.7,1
2024-06-06,ABC Bakery,Éclair,46000.0,0,0.222,7,4.1,0
2024-06-06,ABC Bakery,Croissant,27000.0,0,0.195,14,4.1,1
2024-06-06,ABC Bakery,Red Velvet Cake,210000.0,0,0.227,19,4.5,0
2024-06-06,Givral,Tiramisu,177000.0,0,0.144,24,4.0,1
2024-06-06,Givral,Cheesecake,144000.0,0,0.219,3,4.1,1
2024-06-06,Givral,Macaron,27000.0,1,0.24,13,4.0,1
2024-06-06,Givral,Éclair,46000.0,0,0.104,17,4.5,0
2024-06-06,Givral,Croissant,20000.0,1,0.137,19,4.3,0
2024-06-06,Givral,Red Velvet Cake,209000.0,0,0.216,6,3.6,1
2024-06-06,Local Bakery A,Tiramisu,180000.0,0,0.124,5,4.4,0
2024-06-06,Local Bakery A,Cheesecake,145000.0,0,0.12,8,4.5,1
2024-06-06,Local Bakery A,Macaron,30000.0,0,0.14,12,3.5,1
2024-06-06,Local Bakery A,Éclair,43000.0,0,0.24,12,4.6,0
2024-06-06,Local Bakery A,Croissant,26000.0,0,0.212,4,3.6,0
2024-06-06,Local Bakery A,Red Velvet Cake,154000.0,1,0.108,15,4.6,1
2024-06-06,Supermarket Chain,Tiramisu,128000.0,0,0.16,12,4.8,1
2024-06-06,Supermarket Chain,Cheesecake,115000.0,0,0.16,13,4.7,0
2024-06-06,Supermarket Chain,Macaron,20000.0,1,0.227,8,4.3,1
2024-06-06,Supermarket Chain,Éclair,32000.0,0,0.081,9,4.4,0
2024-06-06,Supermarket Chain,Croissant,20000.0,0,0.114,14,4.5,1
2024-06-06,Supermarket Chain,Red Velvet Cake,146000.0,0,0.225,12,3.7,1
2024-06-07,Paris Baguette,Tiramisu,234000.0,0,0.094,4,4.0,1
2024-06-07,Paris Baguette,Cheesecake,206000.0,0,0.172,12,4.5,0
2024-06-07,Paris Baguette,Macaron,40000.0,0,0.181,22,4.2,0
2024-06-07,Paris Baguette,Éclair,61000.0,0,0.055,12,3.5,1
2024-06-07,Paris Baguette,Croissant,35000.0,0,0.222,11,3.6,0
2024-06-07,Paris Baguette,Red Velvet Cake,196000.0,1,0.125,15,4.7,1
2024-06-07,Tous Les Jours,Tiramisu,227000.0,0,0.134,6,4.5,1
2024-06-07,Tous Les Jours,Cheesecake,208000.0,0,0.146,20,4.7,0
2024-06-07,Tous Les Jours,Macaron,39000.0,0,0.085,4,4.7,1
2024-06-07,Tous Les Jours,Éclair,57000.0,0,0.099,4,3.6,1
2024-06-07,Tous Les Jours,Croissant,26000.0,1,0.188,18,4.2,1
2024-06-07,Tous Les Jours,Red Velvet Cake,250000.0,0,0.171,17,3.6,0
2024-06-07,ABC Bakery,Tiramisu,193000.0,0,0.099,6,3.6,1
2024-06-07,ABC Bakery,Cheesecake,165000.0,0,0.219,10,4.5,1
2024-06-07,ABC Bakery,Macaron,35000.0,0,0.191,14,4.4,1
2024-06-07,ABC Bakery,Éclair,47000.0,0,0.078,16,4.3,1
2024-06-07,ABC Bakery,Croissant,28000.0,0,0.24,18,4.4,0
2024-06-07,ABC Bakery,Red Velvet Cake,199000.0,0,0.231,6,3.7,1
2024-06-07,Givral,Tiramisu,174000.0,0,0.109,10,4.7,1
2024-06-07,Givral,Cheesecake,150000.0,0,0.189,18,4.8,1
2024-06-07,Givral,Macaron,31000.0,0,0.051,3,4.6,0
2024-06-07,Givral,Éclair,44000.0,0,0.166,3,3.9,1
2024-06-07,Givral,Croissant,26000.0,0,0.053,17,3.7,1
2024-06-07,Givral,Red Velvet Cake,202000.0,0,0.22,19,3.9,1
2024-06-07,Local Bakery A,Tiramisu,165000.0,0,0.052,24,3.9,0
2024-06-07,Local Bakery A,Cheesecake,146000.0,0,0.162,5,3.8,1
2024-06-07,Local Bakery A,Macaron,31000.0,0,0.218,8,3.8,1
2024-06-07,Local Bakery A,Éclair,44000.0,0,0.129,17,4.8,1
2024-06-07,Local Bakery A,Croissant,24000.0,0,0.058,22,4.2,1
2024-06-07,Local Bakery A,Red Velvet Cake,188000.0,0,0.125,13,4.8,1
2024-06-07,Supermarket Chain,Tiramisu,137000.0,0,0.178,12,4.3,1
2024-06-07,Supermarket Chain,Cheesecake,111000.0,0,0.239,24,3.6,0
2024-06-07,Supermarket Chain,Macaron,24000.0,0,0.137,14,4.4,1
2024-06-07,Supermarket Chain,Éclair,35000.0,0,0.143,22,3.7,0
2024-06-07,Supermarket Chain,Croissant,20000.0,0,0.093,18,4.8,0
2024-06-07,Supermarket Chain,Red Velvet Cake,143000.0,0,0.134,6,4.8,1
2024-06-08,Paris Baguette,Tiramisu,247000.0,0,0.158,1,4.2,1
2024-06-08,Paris Baguette,Cheesecake,159000.0,1,0.173,16,4.4,1
2024-06-08,Paris Baguette,Macaron,44000.0,0,0.089,15,4.7,0
2024-06-08,Paris Baguette,Éclair,62000.0,0,0.1,16,4.5,1
2024-06-08,Paris Baguette,Croissant,26000.0,1,0.145,17,4.4,0
2024-06-08,Paris Baguette,Red Velvet Cake,264000.0,0,0.072,12,4.7,1
2024-06-08,Tous Les Jours,Tiramisu,239000.0,0,0.074,18,4.3,0
2024-06-08,Tous Les Jours,Cheesecake,195000.0,0,0.134,12,4.6,1
2024-06-08,Tous Les Jours,Macaron,40000.0,0,0.202,23,3.6,0
2024-06-08,Tous Les Jours,Éclair,57000.0,0,0.066,22,3.6,1
2024-06-08,Tous Les Jours,Croissant,36000.0,0,0.128,14,4.5,1
2024-06-08,Tous Les Jours,Red Velvet Cake,261000.0,0,0.053,2,4.8,1
2024-06-08,ABC Bakery,Tiramisu,213000.0,0,0.112,2,3.9,1
2024-06-08,ABC Bakery,Cheesecake,164000.0,0,0.17,19,4.0,1
2024-06-08,ABC Bakery,Macaron,34000.0,0,0.242,11,3.6,0
2024-06-08,ABC Bakery,Éclair,50000.0,0,0.169,15,3.7,1
2024-06-08,ABC Bakery,Croissant,30000.0,0,0.209,5,4.7,1
2024-06-08,ABC Bakery,Red Velvet Cake,210000.0,0,0.068,14,3.7,1
2024-06-08,Givral,Tiramisu,181000.0,0,0.059,24,3.9,0
2024-06-08,Givral,Cheesecake,155000.0,0,0.244,14,4.3,1
2024-06-08,Givral,Macaron,23000.0,1,0.118,7,4.1,1
2024-06-08,Givral,Éclair,47000.0,0,0.067,17,3.6,1
2024-06-08,Givral,Croissant,30000.0,0,0.213,18,4.6,1
2024-06-08,Givral,Red Velvet Cake,210000.0,0,0.075,15,3.8,0
2024-06-08,Local Bakery A,Tiramisu,177000.0,0,0.078,18,3.7,1
2024-06-08,Local Bakery A,Cheesecake,154000.0,0,0.131,13,3.6,1
2024-06-08,Local Bakery A,Macaron,32000.0,0,0.099,7,4.3,0
2024-06-08,Local Bakery A,Éclair,42000.0,0,0.14,9,3.7,1
2024-06-08,Local Bakery A,Croissant,27000.0,0,0.171,3,4.8,1
2024-06-08,Local Bakery A,Red Velvet Cake,180000.0,1,0.156,21,4.7,0
2024-06-08,Supermarket Chain,Tiramisu,135000.0,0,0.197,7,3.9,1
2024-06-08,Supermarket Chain,Cheesecake,123000.0,0,0.193,8,3.7,1
2024-06-08,Supermarket Chain,Macaron,25000.0,0,0.137,17,3.6,0
2024-06-08,Supermarket Chain,Éclair,34000.0,0,0.146,24,4.0,0
2024-06-08,Supermarket Chain,Croissant,20000.0,0,0.181,15,3.6,1
2024-06-08,Supermarket Chain,Red Velvet Cake,152000.0,0,0.105,15,3.7,1
2024-06-09,Paris Baguette,Tiramisu,245000.0,0,0.165,2,4.7,0
2024-06-09,Paris Baguette,Cheesecake,205000.0,0,0.207,13,4.0,1
2024-06-09,Paris Baguette,Macaron,44000.0,0,0.124,7,3.9,1
2024-06-09,Paris Baguette,Éclair,62000.0,0,0.147,15,4.6,1
2024-06-09,Paris Baguette,Croissant,37000.0,0,0.129,23,4.1,0
2024-06-09,Paris Baguette,Red Velvet Cake,280000.0,0,0.142,7,4.8,0
2024-06-09,Tous Les Jours,Tiramisu,230000.0,0,0.178,1,3.9,0
2024-06-09,Tous Les Jours,Cheesecake,194000.0,0,0.168,20,3.7,1
2024-06-09,Tous Les Jours,Macaron,42000.0,0,0.203,16,4.4,0
2024-06-09,Tous Les Jours,Éclair,60000.0,0,0.208,1,4.8,1
2024-06-09,Tous Les Jours,Croissant,35000.0,0,0.087,23,4.0,1
2024-06-09,Tous Les Jours,Red Velvet Cake,252000.0,0,0.07,4,4.4,1
2024-06-09,ABC Bakery,Tiramisu,200000.0,0,0.221,5,3.5,1
2024-06-09,ABC Bakery,Cheesecake,162000.0,0,0.085,15,4.1,1
2024-06-09,ABC Bakery,Macaron,34000.0,0,0.092,18,4.6,1
2024-06-09,ABC Bakery,Éclair,48000.0,0,0.074,2,3.6,1
2024-06-09,ABC Bakery,Croissant,29000.0,0,0.081,20,4.5,1
2024-06-09,ABC Bakery,Red Velvet Cake,213000.0,0,0.226,3,3.7,0
2024-06-09,Givral,Tiramisu,197000.0,0,0.192,11,3.7,0
2024-06-09,Givral,Cheesecake,155000.0,0,0.099,4,4.6,1
2024-06-09,Givral,Macaron,32000.0,0,0.151,1,3.7,1
2024-06-09,Givral,Éclair,45000.0,0,0.209,16,3.6,1
2024-06-09,Givral,Croissant,27000.0,0,0.151,19,4.3,1
2024-06-09,Givral,Red Velvet Cake,202000.0,0,0.054,12,4.1,1
2024-06-09,Local Bakery A,Tiramisu,180000.0,0,0.089,15,4.3,1
2024-06-09,Local Bakery A,Cheesecake,158000.0,0,0.164,14,4.1,1
2024-06-09,Local Bakery A,Macaron,32000.0,0,0.161,8,3.6,1
2024-06-09,Local Bakery A,Éclair,46000.0,0,0.233,9,3.8,0
2024-06-09,Local Bakery A,Croissant,27000.0,0,0.23,15,4.4,1
2024-06-09,Local Bakery A,Red Velvet Cake,202000.0,0,0.079,14,4.0,1
2024-06-09,Supermarket Chain,Tiramisu,131000.0,0,0.125,11,4.7,1
2024-06-09,Supermarket Chain,Cheesecake,114000.0,0,0.051,8,3.8,1
2024-06-09,Supermarket Chain,Macaron,24000.0,0,0.241,23,4.5,1
2024-06-09,Supermarket Chain,Éclair,35000.0,0,0.057,13,3.9,1
2024-06-09,Supermarket Chain,Croissant,21000.0,0,0.207,1,4.0,1
2024-06-09,Supermarket Chain,Red Velvet Cake,143000.0,0,0.235,13,4.1,1
2024-06-10,Paris Baguette,Tiramisu,228000.0,0,0.105,5,4.4,1
2024-06-10,Paris Baguette,Cheesecake,198000.0,0,0.154,22,3.6,0
2024-06-10,Paris Baguette,Macaron,27000.0,1,0.203,12,4.4,1
2024-06-10,Paris Baguette,Éclair,58000.0,0,0.057,5,4.7,1
2024-06-10,Paris Baguette,Croissant,35000.0,0,0.167,10,3.7,1
2024-06-10,Paris Baguette,Red Velvet Cake,238000.0,0,0.11,12,4.6,1
2024-06-10,Tous Les Jours,Tiramisu,234000.0,0,0.083,1,3.6,1
2024-06-10,Tous Les Jours,Cheesecake,185000.0,0,0.215,19,3.9,1
2024-06-10,Tous Les Jours,Macaron,41000.0,0,0.148,16,4.2,1
2024-06-10,Tous Les Jours,Éclair,57000.0,0,0.115,4,4.5,1
2024-06-10,Tous Les Jours,Croissant,35000.0,0,0.217,10,4.8,0
2024-06-10,Tous Les Jours,Red Velvet Cake,257000.0,0,0.192,6,3.6,0
2024-06-10,ABC Bakery,Tiramisu,182000.0,0,0.186,4,3.6,0
2024-06-10,ABC Bakery,Cheesecake,157000.0,0,0.055,5,4.4,1
2024-06-10,ABC Bakery,Macaron,33000.0,0,0.196,19,4.3,1
2024-06-10,ABC Bakery,Éclair,47000.0,0,0.248,19,3.7,1
2024-06-10,ABC Bakery,Croissant,23000.0,1,0.088,20,4.3,1
2024-06-10,ABC Bakery,Red Velvet Cake,202000.0,0,0.063,18,4.5,1
2024-06-10,Givral,Tiramisu,180000.0,0,0.245,3,4.6,1
2024-06-10,Givral,Cheesecake,149000.0,0,0.237,2,4.6,0
2024-06-10,Givral,Macaron,30000.0,0,0.173,16,4.4,1
2024-06-10,Givral,Éclair,46000.0,0,0.124,17,3.7,1
2024-06-10,Givral,Croissant,26000.0,0,0.21,24,3.9,1
2024-06-10,Givral,Red Velvet Cake,190000.0,0,0.201,10,4.6,1
2024-06-10,Local Bakery A,Tiramisu,178000.0,0,0.125,15,3.7,0
2024-06-10,Local Bakery A,Cheesecake,144000.0,0,0.217,19,4.0,1
2024-06-10,Local Bakery A,Macaron,31000.0,0,0.115,1,4.1,1
2024-06-10,Local Bakery A,Éclair,42000.0,0,0.242,23,4.4,0
2024-06-10,Local Bakery A,Croissant,27000.0,0,0.105,13,4.5,1
2024-06-10,Local Bakery A,Red Velvet Cake,187000.0,0,0.248,17,4.7,1
2024-06-10,Supermarket Chain,Tiramisu,129000.0,0,0.177,2,4.0,1
2024-06-10,Supermarket Chain,Cheesecake,113000.0,0,0.199,9,4.4,0
2024-06-10,Supermarket Chain,Macaron,18000.0,1,0.157,17,4.8,0
2024-06-10,Supermarket Chain,Éclair,33000.0,0,0.068,2,3.9,1
2024-06-10,Supermarket Chain,Croissant,21000.0,0,0.062,6,4.2,0
2024-06-10,Supermarket Chain,Red Velvet Cake,151000.0,0,0.069,2,3.7,1
2024-06-11,Paris Baguette,Tiramisu,222000.0,0,0.051,17,4.1,1
2024-06-11,Paris Baguette,Cheesecake,197000.0,0,0.154,23,4.4,1
2024-06-11,Paris Baguette,Macaron,40000.0,0,0.124,20,4.6,1
2024-06-11,Paris Baguette,Éclair,48000.0,1,0.224,8,4.5,0
2024-06-11,Paris Baguette,Croissant,36000.0,0,0.147,12,4.2,1
2024-06-11,Paris Baguette,Red Velvet Cake,263000.0,0,0.152,21,3.5,1
2024-06-11,Tous Les Jours,Tiramisu,227000.0,0,0.103,11,3.9,1
2024-06-11,Tous Les Jours,Cheesecake,186000.0,0,0.126,24,4.8,0
2024-06-11,Tous Les Jours,Macaron,38000.0,0,0.101,13,4.5,1
2024-06-11,Tous Les Jours,Éclair,59000.0,0,0.079,11,3.5,0
2024-06-11,Tous Les Jours,Croissant,34000.0,0,0.058,22,4.1,1
2024-06-11,Tous Les Jours,Red Velvet Cake,247000.0,0,0.073,11,3.7,1
2024-06-11,ABC Bakery,Tiramisu,183000.0,0,0.093,15,4.0,1
2024-06-11,ABC Bakery,Cheesecake,164000.0,0,0.076,11,3.6,1
2024-06-11,ABC Bakery,Macaron,33000.0,0,0.151,11,4.2,0
2024-06-11,ABC Bakery,Éclair,39000.0,1,0.24,12,4.1,1
2024-06-11,ABC Bakery,Croissant,29000.0,0,0.235,14,4.7,0
2024-06-11,ABC Bakery,Red Velvet Cake,195000.0,0,0.108,17,4.3,1
2024-06-11,Givral,Tiramisu,181000.0,0,0.228,6,4.7,0
2024-06-11,Givral,Cheesecake,147000.0,0,0.238,2,4.2,0
2024-06-11,Givral,Macaron,31000.0,0,0.174,23,3.9,0
2024-06-11,Givral,Éclair,43000.0,0,0.096,14,4.1,1
2024-06-11,Givral,Croissant,27000.0,0,0.224,5,4.5,1
2024-06-11,Givral,Red Velvet Cake,191000.0,0,0.184,17,3.6,1
2024-06-11,Local Bakery A,Tiramisu,164000.0,0,0.109,23,4.1,1
2024-06-11,Local Bakery A,Cheesecake,137000.0,0,0.207,22,3.5,1
2024-06-11,Local Bakery A,Macaron,28000.0,0,0.203,6,4.1,1
2024-06-11,Local Bakery A,Éclair,42000.0,0,0.197,3,3.9,0
2024-06-11,Local Bakery A,Croissant,25000.0,0,0.132,9,4.3,1
2024-06-11,Local Bakery A,Red Velvet Cake,190000.0,0,0.244,12,4.1,1
2024-06-11,Supermarket Chain,Tiramisu,93000.0,1,0.205,1,3.6,1
2024-06-11,Supermarket Chain,Cheesecake,109000.0,0,0.21,11,4.3,1
2024-06-11,Supermarket Chain,Macaron,23000.0,0,0.156,3,4.7,0
2024-06-11,Supermarket Chain,Éclair,33000.0,0,0.186,5,3.7,0
2024-06-11,Supermarket Chain,Croissant,20000.0,0,0.172,9,4.7,0
2024-06-11,Supermarket Chain,Red Velvet Cake,141000.0,0,0.133,15,3.7,1
2024-06-12,Paris Baguette,Tiramisu,240000.0,0,0.223,21,4.7,1
2024-06-12,Paris Baguette,Cheesecake,145000.0,1,0.057,13,4.3,1
2024-06-12,Paris Baguette,Macaron,42000.0,0,0.181,5,4.3,0
2024-06-12,Paris Baguette,Éclair,55000.0,0,0.187,20,4.1,0
2024-06-12,Paris Baguette,Croissant,34000.0,0,0.192,17,4.4,1
2024-06-12,Paris Baguette,Red Velvet Cake,255000.0,0,0.128,5,4.0,1
2024-06-12,Tous Les Jours,Tiramisu,150000.0,1,0.162,11,4.7,1
2024-06-12,Tous Les Jours,Cheesecake,199000.0,0,0.196,17,3.8,1
2024-06-12,Tous Les Jours,Macaron,38000.0,0,0.196,1,4.0,0
2024-06-12,Tous Les Jours,Éclair,56000.0,0,0.159,20,3.7,1
2024-06-12,Tous Les Jours,Croissant,34000.0,0,0.198,24,4.2,0
2024-06-12,Tous Les Jours,Red Velvet Cake,243000.0,0,0.178,18,3.6,1
2024-06-12,ABC Bakery,Tiramisu,188000.0,0,0.145,17,4.8,1
2024-06-12,ABC Bakery,Cheesecake,148000.0,0,0.206,3,3.7,1
2024-06-12,ABC Bakery,Macaron,33000.0,0,0.167,22,4.5,1
2024-06-12,ABC Bakery,Éclair,46000.0,0,0.238,18,4.4,1
2024-06-12,ABC Bakery,Croissant,20000.0,1,0.097,21,4.7,0
2024-06-12,ABC Bakery,Red Velvet Cake,210000.0,0,0.234,7,4.7,1
2024-06-12,Givral,Tiramisu,169000.0,0,0.109,1,4.3,1
2024-06-12,Givral,Cheesecake,156000.0,0,0.243,14,3.7,1
2024-06-12,Givral,Macaron,31000.0,0,0.146,17,4.1,1
2024-06-12,Givral,Éclair,44000.0,0,0.081,13,4.3,0
2024-06-12,Givral,Croissant,27000.0,0,0.169,1,3.6,1
2024-06-12,Givral,Red Velvet Cake,188000.0,0,0.182,16,4.2,1
2024-06-12,Local Bakery A,Tiramisu,169000.0,0,0.245,15,4.1,0
2024-06-12,Local Bakery A,Cheesecake,146000.0,0,0.058,2,3.6,1
2024-06-12,Local Bakery A,Macaron,29000.0,0,0.141,5,4.6,1
2024-06-12,Local Bakery A,Éclair,41000.0,0,0.071,11,3.8,1
2024-06-12,Local Bakery A,Croissant,25000.0,0,0.08,6,4.0,1
2024-06-12,Local Bakery A,Red Velvet Cake,194000.0,0,0.152,9,4.5,1
2024-06-12,Supermarket Chain,Tiramisu,136000.0,0,0.14,5,4.1,1
2024-06-12,Supermarket Chain,Cheesecake,111000.0,0,0.245,4,3.8,1
2024-06-12,Supermarket Chain,Macaron,17000.0,1,0.241,23,3.9,1
2024-06-12,Supermarket Chain,Éclair,33000.0,0,0.128,8,3.7,1
2024-06-12,Supermarket Chain,Croissant,19000.0,0,0.087,6,4.4,0
2024-06-12,Supermarket Chain,Red Velvet Cake,141000.0,0,0.103,22,3.7,1
2024-06-13,Paris Baguette,Tiramisu,225000.0,0,0.079,23,4.3,1
2024-06-13,Paris Baguette,Cheesecake,195000.0,0,0.239,2,3.7,1
2024-06-13,Paris Baguette,Macaron,42000.0,0,0.119,6,4.0,1
2024-06-13,Paris Baguette,Éclair,58000.0,0,0.198,11,4.6,0
2024-06-13,Paris Baguette,Croissant,36000.0,0,0.171,18,3.9,1
2024-06-13,Paris Baguette,Red Velvet Cake,245000.0,0,0.053,9,4.1,1
2024-06-13,Tous Les Jours,Tiramisu,232000.0,0,0.101,17,4.0,1
2024-06-13,Tous Les Jours,Cheesecake,159000.0,1,0.146,9,4.2,1
2024-06-13,Tous Les Jours,Macaron,34000.0,1,0.112,24,4.1,0
2024-06-13,Tous Les Jours,Éclair,58000.0,0,0.066,20,3.8,1
2024-06-13,Tous Les Jours,Croissant,35000.0,0,0.091,5,3.6,1
2024-06-13,Tous Les Jours,Red Velvet Cake,238000.0,0,0.105,14,3.8,0
2024-06-13,ABC Bakery,Tiramisu,194000.0,0,0.222,17,4.3,1
2024-06-13,ABC Bakery,Cheesecake,155000.0,0,0.15,15,4.1,1
2024-06-13,ABC Bakery,Macaron,30000.0,0,0.142,13,4.5,1
2024-06-13,ABC Bakery,Éclair,36000.0,1,0.221,11,4.6,1
2024-06-13,ABC Bakery,Croissant,29000.0,0,0.105,15,4.1,1
2024-06-13,ABC Bakery,Red Velvet Cake,203000.0,0,0.079,24,4.3,1
2024-06-13,Givral,Tiramisu,171000.0,0,0.198,1,3.9,1
2024-06-13,Givral,Cheesecake,137000.0,1,0.181,23,4.4,0
2024-06-13,Givral,Macaron,31000.0,0,0.203,19,4.1,1
2024-06-13,Givral,Éclair,45000.0,0,0.205,4,4.7,1
2024-06-13,Givral,Croissant,22000.0,1,0.071,1,4.0,0
2024-06-13,Givral,Red Velvet Cake,197000.0,0,0.155,6,4.2,1
2024-06-13,Local Bakery A,Tiramisu,175000.0,0,0.147,18,4.1,1
2024-06-13,Local Bakery A,Cheesecake,142000.0,0,0.135,12,4.2,1
2024-06-13,Local Bakery A,Macaron,29000.0,0,0.112,13,4.4,1
2024-06-13,Local Bakery A,Éclair,41000.0,0,0.201,8,4.0,1
2024-06-13,Local Bakery A,Croissant,25000.0,0,0.127,19,4.1,1
2024-06-13,Local Bakery A,Red Velvet Cake,127000.0,1,0.102,11,4.6,1
2024-06-13,Supermarket Chain,Tiramisu,131000.0,0,0.241,3,3.5,1
2024-06-13,Supermarket Chain,Cheesecake,118000.0,0,0.079,23,4.6,1
2024-06-13,Supermarket Chain,Macaron,22000.0,0,0.211,6,3.9,1
2024-06-13,Supermarket Chain,Éclair,26000.0,1,0.095,6,4.8,1
2024-06-13,Supermarket Chain,Croissant,19000.0,0,0.086,9,4.5,0
2024-06-13,Supermarket Chain,Red Velvet Cake,141000.0,0,0.069,4,3.9,1
2024-06-14,Paris Baguette,Tiramisu,219000.0,0,0.236,6,4.5,1
2024-06-14,Paris Baguette,Cheesecake,192000.0,0,0.065,18,3.6,1
2024-06-14,Paris Baguette,Macaron,39000.0,0,0.153,16,4.6,1
2024-06-14,Paris Baguette,Éclair,54000.0,0,0.079,19,4.5,1
2024-06-14,Paris Baguette,Croissant,34000.0,0,0.153,24,3.7,1
2024-06-14,Paris Baguette,Red Velvet Cake,195000.0,1,0.121,15,4.6,0
2024-06-14,Tous Les Jours,Tiramisu,228000.0,0,0.164,8,4.4,1
2024-06-14,Tous Les Jours,Cheesecake,193000.0,0,0.094,6,4.7,0
2024-06-14,Tous Les Jours,Macaron,39000.0,0,0.224,22,4.2,1
2024-06-14,Tous Les Jours,Éclair,54000.0,0,0.168,5,4.5,1
2024-06-14,Tous Les Jours,Croissant,33000.0,0,0.143,14,4.2,1
2024-06-14,Tous Les Jours,Red Velvet Cake,246000.0,0,0.233,21,3.9,0
2024-06-14,ABC Bakery,Tiramisu,182000.0,0,0.134,14,3.9,1
2024-06-14,ABC Bakery,Cheesecake,154000.0,0,0.095,10,4.1,1
2024-06-14,ABC Bakery,Macaron,32000.0,0,0.237,8,3.8,1
2024-06-14,ABC Bakery,Éclair,48000.0,0,0.181,22,3.6,0
2024-06-14,ABC Bakery,Croissant,28000.0,0,0.152,15,4.3,1
2024-06-14,ABC Bakery,Red Velvet Cake,201000.0,0,0.13,3,4.4,0
2024-06-14,Givral,Tiramisu,171000.0,0,0.175,6,4.0,0
2024-06-14,Givral,Cheesecake,155000.0,0,0.222,18,4.6,1
2024-06-14,Givral,Macaron,30000.0,0,0.053,6,4.6,0
2024-06-14,Givral,Éclair,46000.0,0,0.097,4,4.3,1
2024-06-14,Givral,Croissant,26000.0,0,0.138,10,4.7,1
2024-06-14,Givral,Red Velvet Cake,208000.0,0,0.207,18,4.1,1
2024-06-14,Local Bakery A,Tiramisu,172000.0,0,0.129,12,3.8,1
2024-06-14,Local Bakery A,Cheesecake,148000.0,0,0.08,2,4.5,1
2024-06-14,Local Bakery A,Macaron,25000.0,1,0.185,24,4.2,0
2024-06-14,Local Bakery A,Éclair,42000.0,0,0.09,12,4.5,1
2024-06-14,Local Bakery A,Croissant,25000.0,0,0.126,14,4.3,1
2024-06-14,Local Bakery A,Red Velvet Cake,181000.0,0,0.084,18,4.6,0
2024-06-14,Supermarket Chain,Tiramisu,126000.0,0,0.173,16,4.7,1
2024-06-14,Supermarket Chain,Cheesecake,109000.0,0,0.059,11,4.3,1
2024-06-14,Supermarket Chain,Macaron,23000.0,0,0.211,23,4.7,1
2024-06-14,Supermarket Chain,Éclair,33000.0,0,0.161,12,4.7,1
2024-06-14,Supermarket Chain,Croissant,18000.0,1,0.156,21,4.1,0
2024-06-14,Supermarket Chain,Red Velvet Cake,115000.0,1,0.134,15,4.7,1
2024-06-15,Paris Baguette,Tiramisu,233000.0,0,0.128,14,4.7,1
2024-06-15,Paris Baguette,Cheesecake,201000.0,0,0.066,10,4.7,1
2024-06-15,Paris Baguette,Macaron,42000.0,0,0.204,2,3.9,1
2024-06-15,Paris Baguette,Éclair,61000.0,0,0.13,15,3.6,1
2024-06-15,Paris Baguette,Croissant,37000.0,0,0.207,21,3.8,1
2024-06-15,Paris Baguette,Red Velvet Cake,209000.0,1,0.096,6,4.0,1
2024-06-15,Tous Les Jours,Tiramisu,232000.0,0,0.246,6,4.0,1
2024-06-15,Tous Les Jours,Cheesecake,193000.0,0,0.219,19,4.7,1
2024-06-15,Tous Les Jours,Macaron,41000.0,0,0.179,6,4.7,1
2024-06-15,Tous Les Jours,Éclair,58000.0,0,0.128,19,4.1,0
2024-06-15,Tous Les Jours,Croissant,35000.0,0,0.152,18,3.5,0
2024-06-15,Tous Les Jours,Red Velvet Cake,259000.0,0,0.125,16,4.4,1
2024-06-15,ABC Bakery,Tiramisu,163000.0,1,0.239,17,3.9,1
2024-06-15,ABC Bakery,Cheesecake,174000.0,0,0.115,16,3.7,0
2024-06-15,ABC Bakery,Macaron,34000.0,0,0.106,3,4.5,1
2024-06-15,ABC Bakery,Éclair,49000.0,0,0.167,15,4.2,1
2024-06-15,ABC Bakery,Croissant,29000.0,0,0.128,5,4.0,0
2024-06-15,ABC Bakery,Red Velvet Cake,206000.0,0,0.055,23,4.5,1
2024-06-15,Givral,Tiramisu,196000.0,0,0.054,2,3.9,1
2024-06-15,Givral,Cheesecake,154000.0,0,0.172,14,3.6,1
2024-06-15,Givral,Macaron,33000.0,0,0.243,1,4.4,1
2024-06-15,Givral,Éclair,46000.0,0,0.081,15,4.1,1
2024-06-15,Givral,Croissant,30000.0,0,0.099,12,3.8,0
2024-06-15,Givral,Red Velvet Cake,204000.0,0,0.104,10,4.3,1
2024-06-15,Local Bakery A,Tiramisu,178000.0,0,0.11,12,3.6,1
2024-06-15,Local Bakery A,Cheesecake,140000.0,0,0.141,10,4.5,1
2024-06-15,Local Bakery A,Macaron,31000.0,0,0.07,10,4.3,1
2024-06-15,Local Bakery A,Éclair,43000.0,0,0.185,5,3.7,1
2024-06-15,Local Bakery A,Croissant,27000.0,0,0.077,1,4.5,1
2024-06-15,Local Bakery A,Red Velvet Cake,193000.0,0,0.097,9,4.0,1
2024-06-15,Supermarket Chain,Tiramisu,131000.0,0,0.068,15,3.8,0
2024-06-15,Supermarket Chain,Cheesecake,113000.0,0,0.238,7,4.3,1
2024-06-15,Supermarket Chain,Macaron,16000.0,1,0.1,8,4.1,1
2024-06-15,Supermarket Chain,Éclair,33000.0,0,0.225,7,4.1,0
2024-06-15,Supermarket Chain,Croissant,21000.0,0,0.186,3,3.6,0
2024-06-15,Supermarket Chain,Red Velvet Cake,150000.0,0,0.227,13,3.6,1
2024-06-16,Paris Baguette,Tiramisu,237000.0,0,0.11,15,3.5,1
2024-06-16,Paris Baguette,Cheesecake,209000.0,0,0.133,3,3.5,0
2024-06-16,Paris Baguette,Macaron,43000.0,0,0.069,11,4.5,1
2024-06-16,Paris Baguette,Éclair,58000.0,0,0.142,16,4.2,0
2024-06-16,Paris Baguette,Croissant,30000.0,1,0.15,12,3.8,1
2024-06-16,Paris Baguette,Red Velvet Cake,259000.0,0,0.111,12,4.3,1
2024-06-16,Tous Les Jours,Tiramisu,226000.0,0,0.184,8,4.6,1
2024-06-16,Tous Les Jours,Cheesecake,194000.0,0,0.075,14,4.6,1
2024-06-16,Tous Les Jours,Macaron,32000.0,1,0.056,2,4.4,0
2024-06-16,Tous Les Jours,Éclair,60000.0,0,0.232,17,3.8,1
2024-06-16,Tous Les Jours,Croissant,35000.0,0,0.06,12,4.5,1
2024-06-16,Tous Les Jours,Red Velvet Cake,256000.0,0,0.085,4,3.7,1
2024-06-16,ABC Bakery,Tiramisu,133000.0,1,0.127,8,4.6,1
2024-06-16,ABC Bakery,Cheesecake,169000.0,0,0.078,21,4.5,1
2024-06-16,ABC Bakery,Macaron,26000.0,1,0.114,3,3.5,1
2024-06-16,ABC Bakery,Éclair,50000.0,0,0.246,24,4.1,1
2024-06-16,ABC Bakery,Croissant,30000.0,0,0.097,19,4.2,0
2024-06-16,ABC Bakery,Red Velvet Cake,210000.0,0,0.184,16,4.3,1
2024-06-16,Givral,Tiramisu,153000.0,1,0.103,22,4.4,1
2024-06-16,Givral,Cheesecake,148000.0,0,0.19,24,4.7,0
2024-06-16,Givral,Macaron,31000.0,0,0.094,8,3.7,1
2024-06-16,Givral,Éclair,45000.0,0,0.227,13,4.6,0
2024-06-16,Givral,Croissant,27000.0,0,0.12,12,4.1,1
2024-06-16,Givral,Red Velvet Cake,204000.0,0,0.217,15,3.7,1
2024-06-16,Local Bakery A,Tiramisu,179000.0,0,0.098,1,3.6,0
2024-06-16,Local Bakery A,Cheesecake,144000.0,0,0.086,14,4.3,1
2024-06-16,Local Bakery A,Macaron,26000.0,1,0.059,15,4.4,0
2024-06-16,Local Bakery A,Éclair,36000.0,1,0.209,1,4.0,1
2024-06-16,Local Bakery A,Croissant,26000.0,0,0.053,4,4.2,0
2024-06-16,Local Bakery A,Red Velvet Cake,137000.0,1,0.13,11,4.0,1
2024-06-16,Supermarket Chain,Tiramisu,128000.0,0,0.21,17,3.6,1
2024-06-16,Supermarket Chain,Cheesecake,118000.0,0,0.078,18,3.9,1
2024-06-16,Supermarket Chain,Macaron,25000.0,0,0.229,21,4.5,1
2024-06-16,Supermarket Chain,Éclair,34000.0,0,0.09,5,4.7,1
2024-06-16,Supermarket Chain,Croissant,20000.0,0,0.191,6,4.5,0
2024-06-16,Supermarket Chain,Red Velvet Cake,136000.0,1,0.141,4,4.2,1
2024-06-17,Paris Baguette,Tiramisu,225000.0,0,0.205,20,3.9,0
2024-06-17,Paris Baguette,Cheesecake,205000.0,0,0.069,9,3.8,1
2024-06-17,Paris Baguette,Macaron,41000.0,0,0.192,9,4.1,1
2024-06-17,Paris Baguette,Éclair,56000.0,0,0.192,16,4.7,0
2024-06-17,Paris Baguette,Croissant,33000.0,0,0.245,14,4.1,0
2024-06-17,Paris Baguette,Red Velvet Cake,262000.0,0,0.215,12,3.7,1
2024-06-17,Tous Les Jours,Tiramisu,227000.0,0,0.2,16,4.2,1
2024-06-17,Tous Les Jours,Cheesecake,180000.0,0,0.25,1,3.7,1
2024-06-17,Tous Les Jours,Macaron,26000.0,1,0.139,3,3.7,1
2024-06-17,Tous Les Jours,Éclair,56000.0,0,0.216,24,4.6,1
2024-06-17,Tous Les Jours,Croissant,33000.0,0,0.246,7,4.6,1
2024-06-17,Tous Les Jours,Red Velvet Cake,227000.0,0,0.147,24,4.8,0
2024-06-17,ABC Bakery,Tiramisu,182000.0,0,0.053,13,4.3,1
2024-06-17,ABC Bakery,Cheesecake,165000.0,0,0.083,6,4.5,1
2024-06-17,ABC Bakery,Macaron,32000.0,0,0.133,11,3.8,1
2024-06-17,ABC Bakery,Éclair,46000.0,0,0.249,20,3.6,1
2024-06-17,ABC Bakery,Croissant,28000.0,0,0.096,11,4.4,0
2024-06-17,ABC Bakery,Red Velvet Cake,197000.0,0,0.222,13,4.2,1
2024-06-17,Givral,Tiramisu,185000.0,0,0.161,18,4.7,0
2024-06-17,Givral,Cheesecake,150000.0,0,0.195,9,3.8,0
2024-06-17,Givral,Macaron,26000.0,1,0.153,15,4.3,1
2024-06-17,Givral,Éclair,44000.0,0,0.229,5,4.2,1
2024-06-17,Givral,Croissant,18000.0,1,0.222,4,3.5,1
2024-06-17,Givral,Red Velvet Cake,189000.0,0,0.103,8,4.2,1
2024-06-17,Local Bakery A,Tiramisu,170000.0,0,0.224,18,3.8,1
2024-06-17,Local Bakery A,Cheesecake,138000.0,0,0.089,17,4.0,0
2024-06-17,Local Bakery A,Macaron,31000.0,0,0.08,12,4.1,0
2024-06-17,Local Bakery A,Éclair,40000.0,0,0.161,11,4.6,1
2024-06-17,Local Bakery A,Croissant,25000.0,0,0.165,22,3.8,1
2024-06-17,Local Bakery A,Red Velvet Cake,179000.0,0,0.212,16,4.7,1
2024-06-17,Supermarket Chain,Tiramisu,92000.0,1,0.167,19,4.0,1
2024-06-17,Supermarket Chain,Cheesecake,92000.0,1,0.191,14,3.9,1
2024-06-17,Supermarket Chain,Macaron,22000.0,0,0.179,21,4.8,1
2024-06-17,Supermarket Chain,Éclair,32000.0,0,0.085,24,4.4,1
2024-06-17,Supermarket Chain,Croissant,20000.0,0,0.23,18,3.7,1
2024-06-17,Supermarket Chain,Red Velvet Cake,111000.0,1,0.136,13,3.8,1
2024-06-18,Paris Baguette,Tiramisu,227000.0,0,0.063,22,3.8,1
2024-06-18,Paris Baguette,Cheesecake,139000.0,1,0.245,24,4.1,1
2024-06-18,Paris Baguette,Macaron,31000.0,1,0.061,18,3.8,1
2024-06-18,Paris Baguette,Éclair,58000.0,0,0.081,8,4.6,1
2024-06-18,Paris Baguette,Croissant,38000.0,0,0.187,20,3.9,1
2024-06-18,Paris Baguette,Red Velvet Cake,247000.0,0,0.167,7,4.0,0
2024-06-18,Tous Les Jours,Tiramisu,221000.0,0,0.211,23,4.1,1
2024-06-18,Tous Les Jours,Cheesecake,189000.0,0,0.159,6,4.8,0
2024-06-18,Tous Les Jours,Macaron,37000.0,0,0.096,2,4.6,1
2024-06-18,Tous Les Jours,Éclair,56000.0,0,0.095,19,3.8,0
2024-06-18,Tous Les Jours,Croissant,33000.0,0,0.087,21,4.6,1
2024-06-18,Tous Les Jours,Red Velvet Cake,234000.0,0,0.067,24,4.2,1
2024-06-18,ABC Bakery,Tiramisu,180000.0,0,0.135,14,4.4,1
2024-06-18,ABC Bakery,Cheesecake,162000.0,0,0.103,10,3.7,1
2024-06-18,ABC Bakery,Macaron,33000.0,0,0.158,11,3.7,1
2024-06-18,ABC Bakery,Éclair,45000.0,0,0.188,16,4.0,0
2024-06-18,ABC Bakery,Croissant,29000.0,0,0.205,23,4.4,1
2024-06-18,ABC Bakery,Red Velvet Cake,199000.0,0,0.242,1,3.8,1
2024-06-18,Givral,Tiramisu,167000.0,0,0.246,3,3.6,0
2024-06-18,Givral,Cheesecake,151000.0,0,0.221,23,4.6,0
2024-06-18,Givral,Macaron,32000.0,0,0.25,17,3.6,1
2024-06-18,Givral,Éclair,44000.0,0,0.091,20,3.6,1
2024-06-18,Givral,Croissant,27000.0,0,0.214,24,4.8,1
2024-06-18,Givral,Red Velvet Cake,199000.0,0,0.126,9,3.7,1
2024-06-18,Local Bakery A,Tiramisu,166000.0,0,0.146,18,3.7,0
2024-06-18,Local Bakery A,Cheesecake,141000.0,0,0.216,15,4.1,0
2024-06-18,Local Bakery A,Macaron,29000.0,0,0.059,1,3.9,1
2024-06-18,Local Bakery A,Éclair,42000.0,0,0.211,24,4.5,0
2024-06-18,Local Bakery A,Croissant,26000.0,0,0.168,20,4.6,1
2024-06-18,Local Bakery A,Red Velvet Cake,169000.0,0,0.083,13,4.0,1
2024-06-18,Supermarket Chain,Tiramisu,132000.0,0,0.207,23,4.2,1
2024-06-18,Supermarket Chain,Cheesecake,105000.0,0,0.096,21,4.0,1
2024-06-18,Supermarket Chain,Macaron,23000.0,0,0.25,20,4.8,1
2024-06-18,Supermarket Chain,Éclair,32000.0,0,0.061,18,4.1,1
2024-06-18,Supermarket Chain,Croissant,18000.0,0,0.074,24,3.6,0
2024-06-18,Supermarket Chain,Red Velvet Cake,141000.0,0,0.226,9,4.6,1
2024-06-19,Paris Baguette,Tiramisu,241000.0,0,0.229,11,4.5,1
2024-06-19,Paris Baguette,Cheesecake,189000.0,0,0.228,13,4.5,1
2024-06-19,Paris Baguette,Macaron,40000.0,0,0.124,8,3.8,1
2024-06-19,Paris Baguette,Éclair,55000.0,0,0.156,15,4.1,1
2024-06-19,Paris Baguette,Croissant,34000.0,0,0.182,14,3.8,1
2024-06-19,Paris Baguette,Red Velvet Cake,249000.0,0,0.176,15,4.8,1
2024-06-19,Tous Les Jours,Tiramisu,217000.0,0,0.075,14,3.5,1
2024-06-19,Tous Les Jours,Cheesecake,181000.0,0,0.235,16,4.8,1
2024-06-19,Tous Les Jours,Macaron,38000.0,0,0.2,24,4.3,1
2024-06-19,Tous Les Jours,Éclair,54000.0,0,0.241,1,3.8,1
2024-06-19,Tous Les Jours,Croissant,32000.0,0,0.165,1,4.7,1
2024-06-19,Tous Les Jours,Red Velvet Cake,242000.0,0,0.209,10,3.7,0
2024-06-19,ABC Bakery,Tiramisu,189000.0,0,0.073,10,4.2,1
2024-06-19,ABC Bakery,Cheesecake,149000.0,0,0.169,6,3.6,1
2024-06-19,ABC Bakery,Macaron,32000.0,0,0.094,20,4.6,1
2024-06-19,ABC Bakery,Éclair,45000.0,0,0.21,12,4.3,1
2024-06-19,ABC Bakery,Croissant,26000.0,0,0.173,3,4.6,0
2024-06-19,ABC Bakery,Red Velvet Cake,205000.0,0,0.082,22,4.2,1
2024-06-19,Givral,Tiramisu,180000.0,0,0.149,8,4.2,1
2024-06-19,Givral,Cheesecake,145000.0,0,0.213,4,4.5,1
2024-06-19,Givral,Macaron,31000.0,0,0.065,7,4.0,1
2024-06-19,Givral,Éclair,43000.0,0,0.091,1,3.6,1
2024-06-19,Givral,Croissant,27000.0,0,0.077,5,3.7,0
2024-06-19,Givral,Red Velvet Cake,190000.0,0,0.122,16,4.0,1
2024-06-19,Local Bakery A,Tiramisu,161000.0,0,0.098,23,3.8,1
2024-06-19,Local Bakery A,Cheesecake,142000.0,0,0.127,13,3.8,0
2024-06-19,Local Bakery A,Macaron,22000.0,1,0.232,1,4.0,1
2024-06-19,Local Bakery A,Éclair,40000.0,0,0.053,13,4.4,1
2024-06-19,Local Bakery A,Croissant,25000.0,0,0.233,7,4.2,1
2024-06-19,Local Bakery A,Red Velvet Cake,181000.0,0,0.11,3,3.5,1
2024-06-19,Supermarket Chain,Tiramisu,133000.0,0,0.056,17,4.4,1
2024-06-19,Supermarket Chain,Cheesecake,115000.0,0,0.161,16,4.5,1
2024-06-19,Supermarket Chain,Macaron,23000.0,0,0.094,9,4.3,1
2024-06-19,Supermarket Chain,Éclair,31000.0,0,0.108,14,4.7,1
2024-06-19,Supermarket Chain,Croissant,15000.0,1,0.198,24,4.5,1
2024-06-19,Supermarket Chain,Red Velvet Cake,139000.0,0,0.188,14,4.4,1
2024-06-20,Paris Baguette,Tiramisu,224000.0,0,0.217,17,4.7,1
2024-06-20,Paris Baguette,Cheesecake,194000.0,0,0.096,9,3.9,1
2024-06-20,Paris Baguette,Macaron,41000.0,0,0.184,11,3.6,1
2024-06-20,Paris Baguette,Éclair,56000.0,0,0.059,23,4.4,1
2024-06-20,Paris Baguette,Croissant,35000.0,0,0.195,14,3.6,1
2024-06-20,Paris Baguette,Red Velvet Cake,244000.0,0,0.201,18,4.7,1
2024-06-20,Tous Les Jours,Tiramisu,226000.0,0,0.156,13,4.6,1
2024-06-20,Tous Les Jours,Cheesecake,154000.0,1,0.148,5,4.2,1
2024-06-20,Tous Les Jours,Macaron,38000.0,0,0.169,2,3.9,0
2024-06-20,Tous Les Jours,Éclair,54000.0,0,0.057,17,4.0,1
2024-06-20,Tous Les Jours,Croissant,32000.0,0,0.174,20,4.5,1
2024-06-20,Tous Les Jours,Red Velvet Cake,230000.0,0,0.097,14,4.1,0
2024-06-20,ABC Bakery,Tiramisu,193000.0,0,0.16,18,3.6,1
2024-06-20,ABC Bakery,Cheesecake,159000.0,0,0.076,23,4.2,1
2024-06-20,ABC Bakery,Macaron,31000.0,0,0.085,16,4.6,0
2024-06-20,ABC Bakery,Éclair,47000.0,0,0.158,1,4.7,1
2024-06-20,ABC Bakery,Croissant,27000.0,0,0.248,4,4.6,1
2024-06-20,ABC Bakery,Red Velvet Cake,166000.0,1,0.078,7,4.3,0
2024-06-20,Givral,Tiramisu,180000.0,0,0.244,16,4.6,1
2024-06-20,Givral,Cheesecake,153000.0,0,0.138,11,4.2,1
2024-06-20,Givral,Macaron,30000.0,0,0.233,12,4.0,1
2024-06-20,Givral,Éclair,46000.0,0,0.062,5,4.8,0
2024-06-20,Givral,Croissant,25000.0,0,0.162,23,4.5,1
2024-06-20,Givral,Red Velvet Cake,181000.0,0,0.179,21,4.0,1
2024-06-20,Local Bakery A,Tiramisu,166000.0,0,0.093,20,4.5,1
2024-06-20,Local Bakery A,Cheesecake,141000.0,0,0.093,23,4.4,0
2024-06-20,Local Bakery A,Macaron,28000.0,0,0.221,19,4.7,0
2024-06-20,Local Bakery A,Éclair,41000.0,0,0.209,18,4.3,1
2024-06-20,Local Bakery A,Croissant,25000.0,0,0.24,9,4.2,1
2024-06-20,Local Bakery A,Red Velvet Cake,180000.0,0,0.143,2,4.3,1
2024-06-20,Supermarket Chain,Tiramisu,94000.0,1,0.123,18,4.8,0
2024-06-20,Supermarket Chain,Cheesecake,102000.0,0,0.16,5,4.0,0
2024-06-20,Supermarket Chain,Macaron,23000.0,0,0.231,8,4.5,1
2024-06-20,Supermarket Chain,Éclair,31000.0,0,0.092,23,4.6,1
2024-06-20,Supermarket Chain,Croissant,17000.0,1,0.083,9,4.6,1
2024-06-20,Supermarket Chain,Red Velvet Cake,143000.0,0,0.192,22,4.6,1
2024-06-21,Paris Baguette,Tiramisu,224000.0,0,0.238,11,4.0,0
2024-06-21,Paris Baguette,Cheesecake,189000.0,0,0.193,6,4.1,1
2024-06-21,Paris Baguette,Macaron,30000.0,1,0.089,24,3.6,1
2024-06-21,Paris Baguette,Éclair,56000.0,0,0.122,4,4.6,1
2024-06-21,Paris Baguette,Croissant,33000.0,0,0.177,1,3.8,0
2024-06-21,Paris Baguette,Red Velvet Cake,256000.0,0,0.128,1,3.8,1
2024-06-21,Tous Les Jours,Tiramisu,212000.0,0,0.066,9,4.4,1
2024-06-21,Tous Les Jours,Cheesecake,192000.0,0,0.075,6,4.2,0
2024-06-21,Tous Les Jours,Macaron,37000.0,0,0.055,23,4.8,0
2024-06-21,Tous Les Jours,Éclair,56000.0,0,0.143,5,3.8,0
2024-06-21,Tous Les Jours,Croissant,33000.0,0,0.106,4,3.6,1
2024-06-21,Tous Les Jours,Red Velvet Cake,240000.0,0,0.108,23,4.1,1
2024-06-21,ABC Bakery,Tiramisu,178000.0,0,0.246,21,3.7,0
2024-06-21,ABC Bakery,Cheesecake,156000.0,0,0.104,1,4.4,1
2024-06-21,ABC Bakery,Macaron,22000.0,1,0.163,12,4.5,0
2024-06-21,ABC Bakery,Éclair,47000.0,0,0.237,21,3.7,0
2024-06-21,ABC Bakery,Croissant,27000.0,0,0.245,22,4.3,1
2024-06-21,ABC Bakery,Red Velvet Cake,198000.0,0,0.12,10,4.2,1
2024-06-21,Givral,Tiramisu,171000.0,0,0.095,5,3.9,1
2024-06-21,Givral,Cheesecake,108000.0,1,0.076,5,3.7,1
2024-06-21,Givral,Macaron,30000.0,0,0.193,15,4.2,1
2024-06-21,Givral,Éclair,45000.0,0,0.161,8,4.8,1
2024-06-21,Givral,Croissant,26000.0,0,0.24,7,4.1,0
2024-06-21,Givral,Red Velvet Cake,195000.0,0,0.226,12,4.6,1
2024-06-21,Local Bakery A,Tiramisu,158000.0,0,0.075,7,3.6,1
2024-06-21,Local Bakery A,Cheesecake,145000.0,0,0.151,10,4.7,1
2024-06-21,Local Bakery A,Macaron,29000.0,0,0.111,7,3.7,0
2024-06-21,Local Bakery A,Éclair,41000.0,0,0.189,12,3.8,1
2024-06-21,Local Bakery A,Croissant,18000.0,1,0.237,12,3.9,0
2024-06-21,Local Bakery A,Red Velvet Cake,179000.0,0,0.126,10,4.7,1
2024-06-21,Supermarket Chain,Tiramisu,106000.0,1,0.169,8,4.7,1
2024-06-21,Supermarket Chain,Cheesecake,91000.0,1,0.088,2,4.6,0
2024-06-21,Supermarket Chain,Macaron,21000.0,0,0.093,10,4.3,1
2024-06-21,Supermarket Chain,Éclair,32000.0,0,0.237,20,4.5,1
2024-06-21,Supermarket Chain,Croissant,19000.0,0,0.202,9,3.6,1
2024-06-21,Supermarket Chain,Red Velvet Cake,136000.0,0,0.086,17,4.7,1
2024-06-22,Paris Baguette,Tiramisu,254000.0,0,0.178,8,3.7,1
2024-06-22,Paris Baguette,Cheesecake,200000.0,0,0.228,3,4.3,0
2024-06-22,Paris Baguette,Macaron,42000.0,0,0.127,1,3.8,0
2024-06-22,Paris Baguette,Éclair,59000.0,0,0.105,11,4.0,1
2024-06-22,Paris Baguette,Croissant,35000.0,0,0.062,6,4.5,1
2024-06-22,Paris Baguette,Red Velvet Cake,268000.0,0,0.148,10,4.5,1
2024-06-22,Tous Les Jours,Tiramisu,221000.0,0,0.128,2,4.8,1
2024-06-22,Tous Les Jours,Cheesecake,199000.0,0,0.073,16,4.5,1
2024-06-22,Tous Les Jours,Macaron,41000.0,0,0.066,16,4.5,1
2024-06-22,Tous Les Jours,Éclair,61000.0,0,0.112,2,3.8,1
2024-06-22,Tous Les Jours,Croissant,35000.0,0,0.131,24,4.0,1
2024-06-22,Tous Les Jours,Red Velvet Cake,260000.0,0,0.162,15,3.8,1
2024-06-22,ABC Bakery,Tiramisu,186000.0,0,0.092,13,4.3,0
2024-06-22,ABC Bakery,Cheesecake,161000.0,0,0.166,2,4.3,1
2024-06-22,ABC Bakery,Macaron,24000.0,1,0.18,8,3.5,1
2024-06-22,ABC Bakery,Éclair,48000.0,0,0.217,13,4.1,1
2024-06-22,ABC Bakery,Croissant,28000.0,0,0.052,4,3.9,1
2024-06-22,ABC Bakery,Red Velvet Cake,211000.0,0,0.064,20,4.1,1
2024-06-22,Givral,Tiramisu,182000.0,0,0.223,11,4.3,1
2024-06-22,Givral,Cheesecake,154000.0,0,0.139,21,4.5,1
2024-06-22,Givral,Macaron,32000.0,0,0.232,23,3.5,1
2024-06-22,Givral,Éclair,45000.0,0,0.101,11,3.9,0
2024-06-22,Givral,Croissant,24000.0,0,0.166,4,3.7,1
2024-06-22,Givral,Red Velvet Cake,210000.0,0,0.197,14,3.7,1
2024-06-22,Local Bakery A,Tiramisu,171000.0,0,0.062,10,4.0,0
2024-06-22,Local Bakery A,Cheesecake,112000.0,1,0.25,18,4.6,0
2024-06-22,Local Bakery A,Macaron,30000.0,0,0.117,7,3.7,1
2024-06-22,Local Bakery A,Éclair,43000.0,0,0.192,5,4.4,1
2024-06-22,Local Bakery A,Croissant,27000.0,0,0.227,7,3.8,1
2024-06-22,Local Bakery A,Red Velvet Cake,187000.0,0,0.118,16,3.5,1
2024-06-22,Supermarket Chain,Tiramisu,130000.0,0,0.092,18,3.9,0
2024-06-22,Supermarket Chain,Cheesecake,103000.0,0,0.22,6,3.9,1
2024-06-22,Supermarket Chain,Macaron,23000.0,0,0.163,3,3.7,0
2024-06-22,Supermarket Chain,Éclair,33000.0,0,0.214,21,4.3,1
2024-06-22,Supermarket Chain,Croissant,20000.0,0,0.123,17,4.3,0
2024-06-22,Supermarket Chain,Red Velvet Cake,142000.0,0,0.194,12,3.6,0
2024-06-23,Paris Baguette,Tiramisu,243000.0,0,0.144,11,3.6,1
2024-06-23,Paris Baguette,Cheesecake,205000.0,0,0.068,18,3.5,1
2024-06-23,Paris Baguette,Macaron,41000.0,0,0.134,5,4.6,1
2024-06-23,Paris Baguette,Éclair,58000.0,0,0.238,15,4.7,1
2024-06-23,Paris Baguette,Croissant,34000.0,0,0.229,9,3.6,1
2024-06-23,Paris Baguette,Red Velvet Cake,260000.0,0,0.197,5,3.9,1
2024-06-23,Tous Les Jours,Tiramisu,234000.0,0,0.22,9,4.6,0
2024-06-23,Tous Les Jours,Cheesecake,189000.0,0,0.247,4,3.9,1
2024-06-23,Tous Les Jours,Macaron,40000.0,0,0.102,3,4.2,1
2024-06-23,Tous Les Jours,Éclair,57000.0,0,0.103,19,4.4,0
2024-06-23,Tous Les Jours,Croissant,35000.0,0,0.094,19,3.8,0
2024-06-23,Tous Les Jours,Red Velvet Cake,248000.0,0,0.145,11,3.9,1
2024-06-23,ABC Bakery,Tiramisu,199000.0,0,0.243,23,3.8,0
2024-06-23,ABC Bakery,Cheesecake,151000.0,0,0.058,5,4.2,1
2024-06-23,ABC Bakery,Macaron,32000.0,0,0.053,24,3.6,1
2024-06-23,ABC Bakery,Éclair,48000.0,0,0.123,6,3.8,1
2024-06-23,ABC Bakery,Croissant,29000.0,0,0.178,3,3.5,0
2024-06-23,ABC Bakery,Red Velvet Cake,206000.0,0,0.056,21,3.7,1
2024-06-23,Givral,Tiramisu,181000.0,0,0.189,9,4.7,0
2024-06-23,Givral,Cheesecake,150000.0,0,0.202,9,4.6,1
2024-06-23,Givral,Macaron,33000.0,0,0.106,22,3.6,1
2024-06-23,Givral,Éclair,46000.0,0,0.2,5,4.8,1
2024-06-23,Givral,Croissant,24000.0,1,0.054,16,3.8,1
2024-06-23,Givral,Red Velvet Cake,215000.0,0,0.105,23,3.8,1
2024-06-23,Local Bakery A,Tiramisu,170000.0,0,0.101,16,4.1,1
2024-06-23,Local Bakery A,Cheesecake,131000.0,1,0.053,6,4.6,0
2024-06-23,Local Bakery A,Macaron,31000.0,0,0.093,24,4.3,0
2024-06-23,Local Bakery A,Éclair,40000.0,0,0.16,23,3.5,1
2024-06-23,Local Bakery A,Croissant,20000.0,1,0.165,2,3.6,1
2024-06-23,Local Bakery A,Red Velvet Cake,198000.0,0,0.199,9,4.5,0
2024-06-23,Supermarket Chain,Tiramisu,135000.0,0,0.108,15,4.8,1
2024-06-23,Supermarket Chain,Cheesecake,110000.0,0,0.108,10,4.3,1
2024-06-23,Supermarket Chain,Macaron,24000.0,0,0.168,7,3.6,1
2024-06-23,Supermarket Chain,Éclair,23000.0,1,0.209,16,4.5,1
2024-06-23,Supermarket Chain,Croissant,19000.0,0,0.054,14,3.9,1
2024-06-23,Supermarket Chain,Red Velvet Cake,133000.0,1,0.2,5,4.4,0
2024-06-24,Paris Baguette,Tiramisu,237000.0,0,0.182,4,4.4,0
2024-06-24,Paris Baguette,Cheesecake,196000.0,0,0.185,24,4.0,0
2024-06-24,Paris Baguette,Macaron,40000.0,0,0.216,21,4.1,1
2024-06-24,Paris Baguette,Éclair,54000.0,0,0.138,14,3.9,1
2024-06-24,Paris Baguette,Croissant,33000.0,0,0.128,6,3.8,0
2024-06-24,Paris Baguette,Red Velvet Cake,253000.0,0,0.141,2,3.6,1
2024-06-24,Tous Les Jours,Tiramisu,228000.0,0,0.091,20,3.6,0
2024-06-24,Tous Les Jours,Cheesecake,185000.0,0,0.077,2,4.6,1
2024-06-24,Tous Les Jours,Macaron,35000.0,1,0.107,23,4.1,0
2024-06-24,Tous Les Jours,Éclair,52000.0,0,0.177,20,3.8,1
2024-06-24,Tous Les Jours,Croissant,32000.0,0,0.165,2,3.6,0
2024-06-24,Tous Les Jours,Red Velvet Cake,251000.0,0,0.192,1,4.0,0
2024-06-24,ABC Bakery,Tiramisu,183000.0,0,0.144,13,4.1,0
2024-06-24,ABC Bakery,Cheesecake,145000.0,0,0.179,10,4.2,1
2024-06-24,ABC Bakery,Macaron,31000.0,0,0.233,1,3.7,0
2024-06-24,ABC Bakery,Éclair,45000.0,0,0.11,13,3.6,0
2024-06-24,ABC Bakery,Croissant,28000.0,0,0.052,24,4.7,1
2024-06-24,ABC Bakery,Red Velvet Cake,204000.0,0,0.217,10,4.5,1
2024-06-24,Givral,Tiramisu,167000.0,0,0.211,23,4.1,1
2024-06-24,Givral,Cheesecake,143000.0,0,0.189,23,3.7,1
2024-06-24,Givral,Macaron,30000.0,0,0.147,13,4.8,1
2024-06-24,Givral,Éclair,45000.0,0,0.185,24,3.8,1
2024-06-24,Givral,Croissant,27000.0,0,0.122,5,3.8,1
2024-06-24,Givral,Red Velvet Cake,195000.0,0,0.162,21,4.7,1
2024-06-24,Local Bakery A,Tiramisu,162000.0,0,0.056,2,4.6,1
2024-06-24,Local Bakery A,Cheesecake,136000.0,0,0.113,12,3.8,1
2024-06-24,Local Bakery A,Macaron,29000.0,0,0.169,17,4.4,1
2024-06-24,Local Bakery A,Éclair,41000.0,0,0.067,21,4.2,1
2024-06-24,Local Bakery A,Croissant,24000.0,0,0.173,11,4.5,1
2024-06-24,Local Bakery A,Red Velvet Cake,168000.0,0,0.058,19,4.0,0
2024-06-24,Supermarket Chain,Tiramisu,134000.0,0,0.183,13,3.5,0
2024-06-24,Supermarket Chain,Cheesecake,92000.0,1,0.106,14,3.9,1
2024-06-24,Supermarket Chain,Macaron,22000.0,0,0.119,12,4.4,1
2024-06-24,Supermarket Chain,Éclair,32000.0,0,0.066,10,4.4,1
2024-06-24,Supermarket Chain,Croissant,19000.0,0,0.201,3,4.8,1
2024-06-24,Supermarket Chain,Red Velvet Cake,136000.0,0,0.162,20,4.0,1
2024-06-25,Paris Baguette,Tiramisu,216000.0,0,0.14,23,4.5,1
2024-06-25,Paris Baguette,Cheesecake,187000.0,0,0.18,17,3.5,1
2024-06-25,Paris Baguette,Macaron,36000.0,1,0.149,5,4.5,1
2024-06-25,Paris Baguette,Éclair,58000.0,0,0.129,21,3.8,0
2024-06-25,Paris Baguette,Croissant,33000.0,0,0.067,12,4.5,1
2024-06-25,Paris Baguette,Red Velvet Cake,254000.0,0,0.079,8,4.5,1
2024-06-25,Tous Les Jours,Tiramisu,222000.0,0,0.167,2,4.6,0
2024-06-25,Tous Les Jours,Cheesecake,185000.0,0,0.075,20,3.6,1
2024-06-25,Tous Les Jours,Macaron,39000.0,0,0.076,24,4.7,1
2024-06-25,Tous Les Jours,Éclair,50000.0,0,0.08,15,4.1,1
2024-06-25,Tous Les Jours,Croissant,32000.0,0,0.181,21,3.7,1
2024-06-25,Tous Les Jours,Red Velvet Cake,245000.0,0,0.249,18,4.6,1
2024-06-25,ABC Bakery,Tiramisu,182000.0,0,0.118,21,3.9,1
2024-06-25,ABC Bakery,Cheesecake,117000.0,1,0.087,12,3.6,0
2024-06-25,ABC Bakery,Macaron,32000.0,0,0.238,2,4.7,0
2024-06-25,ABC Bakery,Éclair,45000.0,0,0.238,15,4.7,1
2024-06-25,ABC Bakery,Croissant,28000.0,0,0.155,15,3.8,1
2024-06-25,ABC Bakery,Red Velvet Cake,199000.0,0,0.167,16,4.0,1
2024-06-25,Givral,Tiramisu,166000.0,0,0.124,2,4.7,1
2024-06-25,Givral,Cheesecake,138000.0,0,0.229,14,3.8,1
2024-06-25,Givral,Macaron,29000.0,0,0.159,11,4.5,1
2024-06-25,Givral,Éclair,43000.0,0,0.174,19,4.7,0
2024-06-25,Givral,Croissant,26000.0,0,0.166,9,3.7,1
2024-06-25,Givral,Red Velvet Cake,189000.0,0,0.147,3,3.7,1
2024-06-25,Local Bakery A,Tiramisu,154000.0,0,0.144,22,4.7,1
2024-06-25,Local Bakery A,Cheesecake,135000.0,0,0.083,7,3.6,1
2024-06-25,Local Bakery A,Macaron,28000.0,0,0.08,24,4.8,1
2024-06-25,Local Bakery A,Éclair,40000.0,0,0.165,24,3.6,1
2024-06-25,Local Bakery A,Croissant,24000.0,0,0.072,4,3.6,0
2024-06-25,Local Bakery A,Red Velvet Cake,173000.0,0,0.237,4,4.7,1
2024-06-25,Supermarket Chain,Tiramisu,127000.0,0,0.203,2,4.4,1
2024-06-25,Supermarket Chain,Cheesecake,108000.0,0,0.225,5,4.5,0
2024-06-25,Supermarket Chain,Macaron,22000.0,0,0.219,4,3.7,0
2024-06-25,Supermarket Chain,Éclair,33000.0,0,0.154,17,4.7,1
2024-06-25,Supermarket Chain,Croissant,17000.0,1,0.179,17,3.7,1
2024-06-25,Supermarket Chain,Red Velvet Cake,149000.0,0,0.24,9,3.6,1
2024-06-26,Paris Baguette,Tiramisu,229000.0,0,0.173,16,3.9,1
2024-06-26,Paris Baguette,Cheesecake,192000.0,0,0.194,18,3.9,1
2024-06-26,Paris Baguette,Macaron,36000.0,0,0.055,12,4.0,1
2024-06-26,Paris Baguette,Éclair,56000.0,0,0.06,20,3.8,0
2024-06-26,Paris Baguette,Croissant,30000.0,1,0.217,23,4.0,1
2024-06-26,Paris Baguette,Red Velvet Cake,236000.0,0,0.113,16,3.8,1
2024-06-26,Tous Les Jours,Tiramisu,227000.0,0,0.078,11,4.6,1
2024-06-26,Tous Les Jours,Cheesecake,182000.0,0,0.102,16,4.0,1
2024-06-26,Tous Les Jours,Macaron,36000.0,0,0.229,6,3.9,1
2024-06-26,Tous Les Jours,Éclair,43000.0,1,0.05,4,4.3,1
2024-06-26,Tous Les Jours,Croissant,31000.0,0,0.111,9,4.7,1
2024-06-26,Tous Les Jours,Red Velvet Cake,237000.0,0,0.074,2,3.8,1
2024-06-26,ABC Bakery,Tiramisu,185000.0,0,0.091,13,3.8,1
2024-06-26,ABC Bakery,Cheesecake,151000.0,0,0.134,6,4.1,1
2024-06-26,ABC Bakery,Macaron,30000.0,0,0.129,14,3.5,1
2024-06-26,ABC Bakery,Éclair,45000.0,0,0.1,12,4.7,0
2024-06-26,ABC Bakery,Croissant,27000.0,0,0.059,11,4.4,1
2024-06-26,ABC Bakery,Red Velvet Cake,193000.0,0,0.238,10,4.7,0
2024-06-26,Givral,Tiramisu,165000.0,0,0.075,14,4.7,1
2024-06-26,Givral,Cheesecake,112000.0,1,0.128,14,4.1,1
2024-06-26,Givral,Macaron,30000.0,0,0.15,1,4.2,1
2024-06-26,Givral,Éclair,43000.0,0,0.241,3,4.7,1
2024-06-26,Givral,Croissant,27000.0,0,0.117,19,3.5,1
2024-06-26,Givral,Red Velvet Cake,183000.0,0,0.062,19,3.8,0
2024-06-26,Local Bakery A,Tiramisu,164000.0,0,0.193,19,4.2,1
2024-06-26,Local Bakery A,Cheesecake,134000.0,0,0.238,23,4.3,1
2024-06-26,Local Bakery A,Macaron,28000.0,0,0.157,19,4.0,1
2024-06-26,Local Bakery A,Éclair,43000.0,0,0.237,15,4.2,0
2024-06-26,Local Bakery A,Croissant,24000.0,0,0.072,16,4.1,1
2024-06-26,Local Bakery A,Red Velvet Cake,184000.0,0,0.17,13,4.2,1
2024-06-26,Supermarket Chain,Tiramisu,128000.0,0,0.171,2,4.4,1
2024-06-26,Supermarket Chain,Cheesecake,106000.0,0,0.194,22,4.0,1
2024-06-26,Supermarket Chain,Macaron,24000.0,0,0.186,22,4.3,1
2024-06-26,Supermarket Chain,Éclair,33000.0,0,0.055,13,4.4,1
2024-06-26,Supermarket Chain,Croissant,14000.0,1,0.065,11,4.6,1
2024-06-26,Supermarket Chain,Red Velvet Cake,141000.0,0,0.129,3,4.0,0
2024-06-27,Paris Baguette,Tiramisu,229000.0,0,0.108,2,3.9,1
2024-06-27,Paris Baguette,Cheesecake,166000.0,1,0.12,19,4.6,1
2024-06-27,Paris Baguette,Macaron,33000.0,1,0.078,1,4.6,0
2024-06-27,Paris Baguette,Éclair,57000.0,0,0.147,21,3.5,1
2024-06-27,Paris Baguette,Croissant,34000.0,0,0.064,3,4.0,1
2024-06-27,Paris Baguette,Red Velvet Cake,250000.0,0,0.232,7,4.0,1
2024-06-27,Tous Les Jours,Tiramisu,214000.0,0,0.107,1,3.8,0
2024-06-27,Tous Les Jours,Cheesecake,184000.0,0,0.054,11,4.4,1
2024-06-27,Tous Les Jours,Macaron,38000.0,0,0.154,6,4.1,0
2024-06-27,Tous Les Jours,Éclair,53000.0,0,0.188,8,4.3,0
2024-06-27,Tous Les Jours,Croissant,33000.0,0,0.09,16,4.0,1
2024-06-27,Tous Les Jours,Red Velvet Cake,245000.0,0,0.101,23,4.6,1
2024-06-27,ABC Bakery,Tiramisu,190000.0,0,0.152,7,4.2,1
2024-06-27,ABC Bakery,Cheesecake,158000.0,0,0.235,19,4.3,1
2024-06-27,ABC Bakery,Macaron,30000.0,0,0.241,14,4.4,0
2024-06-27,ABC Bakery,Éclair,43000.0,0,0.086,16,4.5,0
2024-06-27,ABC Bakery,Croissant,26000.0,0,0.104,12,3.6,0
2024-06-27,ABC Bakery,Red Velvet Cake,200000.0,0,0.072,23,4.5,1
2024-06-27,Givral,Tiramisu,171000.0,0,0.091,4,3.7,1
2024-06-27,Givral,Cheesecake,155000.0,0,0.138,10,4.0,1
2024-06-27,Givral,Macaron,30000.0,0,0.121,20,3.8,1
2024-06-27,Givral,Éclair,42000.0,0,0.127,12,4.2,1
2024-06-27,Givral,Croissant,25000.0,0,0.249,5,4.2,0
2024-06-27,Givral,Red Velvet Cake,182000.0,0,0.141,19,4.4,1
2024-06-27,Local Bakery A,Tiramisu,158000.0,0,0.062,21,3.9,0
2024-06-27,Local Bakery A,Cheesecake,134000.0,0,0.22,1,4.1,0
2024-06-27,Local Bakery A,Macaron,27000.0,0,0.105,19,4.6,1
2024-06-27,Local Bakery A,Éclair,41000.0,0,0.133,6,3.8,1
2024-06-27,Local Bakery A,Croissant,24000.0,0,0.147,19,3.7,0
2024-06-27,Local Bakery A,Red Velvet Cake,190000.0,0,0.231,14,4.1,1
2024-06-27,Supermarket Chain,Tiramisu,129000.0,0,0.237,9,3.8,1
2024-06-27,Supermarket Chain,Cheesecake,115000.0,0,0.235,9,4.5,1
2024-06-27,Supermarket Chain,Macaron,22000.0,0,0.069,3,3.6,0
2024-06-27,Supermarket Chain,Éclair,30000.0,0,0.127,12,4.1,1
2024-06-27,Supermarket Chain,Croissant,19000.0,0,0.124,14,3.8,1
2024-06-27,Supermarket Chain,Red Velvet Cake,140000.0,0,0.138,2,4.7,1
2024-06-28,Paris Baguette,Tiramisu,233000.0,0,0.199,22,3.8,1
2024-06-28,Paris Baguette,Cheesecake,188000.0,0,0.104,2,4.7,1
2024-06-28,Paris Baguette,Macaron,40000.0,0,0.194,19,4.5,0
2024-06-28,Paris Baguette,Éclair,45000.0,1,0.243,15,4.2,1
2024-06-28,Paris Baguette,Croissant,32000.0,0,0.154,5,4.3,1
2024-06-28,Paris Baguette,Red Velvet Cake,247000.0,0,0.207,7,4.1,1
2024-06-28,Tous Les Jours,Tiramisu,193000.0,1,0.234,10,4.8,0
2024-06-28,Tous Les Jours,Cheesecake,176000.0,0,0.079,1,3.5,1
2024-06-28,Tous Les Jours,Macaron,36000.0,0,0.216,14,4.8,1
2024-06-28,Tous Les Jours,Éclair,52000.0,0,0.223,17,4.6,1
2024-06-28,Tous Les Jours,Croissant,32000.0,0,0.233,19,4.2,1
2024-06-28,Tous Les Jours,Red Velvet Cake,214000.0,1,0.197,9,3.7,1
2024-06-28,ABC Bakery,Tiramisu,174000.0,0,0.105,22,3.6,1
2024-06-28,ABC Bakery,Cheesecake,153000.0,0,0.067,17,4.4,1
2024-06-28,ABC Bakery,Macaron,31000.0,0,0.182,4,3.7,1
2024-06-28,ABC Bakery,Éclair,43000.0,0,0.124,24,3.7,1
2024-06-28,ABC Bakery,Croissant,27000.0,0,0.063,10,4.1,1
2024-06-28,ABC Bakery,Red Velvet Cake,195000.0,0,0.201,2,4.4,1
2024-06-28,Givral,Tiramisu,180000.0,0,0.219,8,4.6,0
2024-06-28,Givral,Cheesecake,148000.0,0,0.221,18,4.2,1
2024-06-28,Givral,Macaron,29000.0,0,0.171,2,4.5,1
2024-06-28,Givral,Éclair,45000.0,0,0.171,8,3.5,1
2024-06-28,Givral,Croissant,21000.0,1,0.159,1,3.7,1
2024-06-28,Givral,Red Velvet Cake,187000.0,0,0.21,14,3.8,1
2024-06-28,Local Bakery A,Tiramisu,159000.0,0,0.243,13,3.9,1
2024-06-28,Local Bakery A,Cheesecake,141000.0,0,0.239,23,3.8,1
2024-06-28,Local Bakery A,Macaron,29000.0,0,0.12,12,4.2,0
2024-06-28,Local Bakery A,Éclair,40000.0,0,0.116,6,3.9,0
2024-06-28,Local Bakery A,Croissant,25000.0,0,0.249,19,3.9,1
2024-06-28,Local Bakery A,Red Velvet Cake,173000.0,0,0.099,11,3.8,0
2024-06-28,Supermarket Chain,Tiramisu,122000.0,0,0.196,9,3.8,0
2024-06-28,Supermarket Chain,Cheesecake,109000.0,0,0.109,21,4.2,0
2024-06-28,Supermarket Chain,Macaron,23000.0,0,0.074,9,3.8,1
2024-06-28,Supermarket Chain,Éclair,31000.0,0,0.099,1,4.8,1
2024-06-28,Supermarket Chain,Croissant,19000.0,0,0.062,15,4.2,0
2024-06-28,Supermarket Chain,Red Velvet Cake,144000.0,0,0.194,12,4.4,1
2024-06-29,Paris Baguette,Tiramisu,234000.0,0,0.059,19,4.2,1
2024-06-29,Paris Baguette,Cheesecake,200000.0,0,0.139,23,4.7,1
2024-06-29,Paris Baguette,Macaron,40000.0,0,0.206,2,4.4,0
2024-06-29,Paris Baguette,Éclair,60000.0,0,0.203,16,3.6,1
2024-06-29,Paris Baguette,Croissant,35000.0,0,0.062,4,4.0,1
2024-06-29,Paris Baguette,Red Velvet Cake,266000.0,0,0.133,7,4.5,0
2024-06-29,Tous Les Jours,Tiramisu,228000.0,0,0.194,2,3.8,1
2024-06-29,Tous Les Jours,Cheesecake,190000.0,0,0.221,7,4.3,0
2024-06-29,Tous Les Jours,Macaron,40000.0,0,0.238,24,3.9,0
2024-06-29,Tous Les Jours,Éclair,57000.0,0,0.223,8,4.6,1
2024-06-29,Tous Les Jours,Croissant,36000.0,0,0.231,19,3.8,1
2024-06-29,Tous Les Jours,Red Velvet Cake,248000.0,0,0.077,3,3.6,1
2024-06-29,ABC Bakery,Tiramisu,192000.0,0,0.096,12,4.8,0
2024-06-29,ABC Bakery,Cheesecake,163000.0,0,0.074,24,4.3,0
2024-06-29,ABC Bakery,Macaron,32000.0,0,0.14,24,4.5,1
2024-06-29,ABC Bakery,Éclair,46000.0,0,0.22,2,3.8,1
2024-06-29,ABC Bakery,Croissant,27000.0,0,0.073,5,4.7,0
2024-06-29,ABC Bakery,Red Velvet Cake,210000.0,0,0.066,13,3.7,1
2024-06-29,Givral,Tiramisu,179000.0,0,0.11,16,4.6,0
2024-06-29,Givral,Cheesecake,156000.0,0,0.243,3,4.8,1
2024-06-29,Givral,Macaron,30000.0,0,0.2,18,3.5,0
2024-06-29,Givral,Éclair,46000.0,0,0.249,18,3.9,0
2024-06-29,Givral,Croissant,29000.0,0,0.243,2,4.6,0
2024-06-29,Givral,Red Velvet Cake,199000.0,0,0.128,2,4.7,1
2024-06-29,Local Bakery A,Tiramisu,178000.0,0,0.248,20,3.5,1
2024-06-29,Local Bakery A,Cheesecake,145000.0,0,0.166,23,3.8,1
2024-06-29,Local Bakery A,Macaron,26000.0,1,0.125,9,3.6,1
2024-06-29,Local Bakery A,Éclair,42000.0,0,0.226,14,4.7,1
2024-06-29,Local Bakery A,Croissant,27000.0,0,0.095,16,4.0,0
2024-06-29,Local Bakery A,Red Velvet Cake,195000.0,0,0.141,2,3.9,1
2024-06-29,Supermarket Chain,Tiramisu,132000.0,0,0.125,6,4.3,0
2024-06-29,Supermarket Chain,Cheesecake,112000.0,0,0.223,11,4.7,1
2024-06-29,Supermarket Chain,Macaron,23000.0,0,0.075,7,3.7,0
2024-06-29,Supermarket Chain,Éclair,32000.0,0,0.08,15,3.8,1
2024-06-29,Supermarket Chain,Croissant,14000.0,1,0.08,20,4.2,0
2024-06-29,Supermarket Chain,Red Velvet Cake,147000.0,0,0.221,6,4.0,1
2024-06-30,Paris Baguette,Tiramisu,237000.0,0,0.172,20,4.3,1
2024-06-30,Paris Baguette,Cheesecake,153000.0,1,0.195,11,3.8,1
2024-06-30,Paris Baguette,Macaron,43000.0,0,0.203,17,3.7,1
2024-06-30,Paris Baguette,Éclair,60000.0,0,0.107,14,4.6,0
2024-06-30,Paris Baguette,Croissant,36000.0,0,0.222,9,4.4,0
2024-06-30,Paris Baguette,Red Velvet Cake,257000.0,0,0.133,13,4.5,1
2024-06-30,Tous Les Jours,Tiramisu,219000.0,0,0.074,21,4.3,1
2024-06-30,Tous Les Jours,Cheesecake,200000.0,0,0.199,23,4.6,1
2024-06-30,Tous Les Jours,Macaron,27000.0,1,0.09,10,4.8,1
2024-06-30,Tous Les Jours,Éclair,55000.0,0,0.171,8,3.7,1
2024-06-30,Tous Les Jours,Croissant,33000.0,0,0.165,11,4.7,1
2024-06-30,Tous Les Jours,Red Velvet Cake,196000.0,1,0.149,18,3.9,1
2024-06-30,ABC Bakery,Tiramisu,190000.0,0,0.075,3,4.5,1
2024-06-30,ABC Bakery,Cheesecake,159000.0,0,0.086,15,3.7,1
2024-06-30,ABC Bakery,Macaron,35000.0,0,0.218,17,3.9,1
2024-06-30,ABC Bakery,Éclair,39000.0,1,0.222,10,3.9,1
2024-06-30,ABC Bakery,Croissant,21000.0,1,0.173,11,4.2,0
2024-06-30,ABC Bakery,Red Velvet Cake,211000.0,0,0.092,17,4.4,1
2024-06-30,Givral,Tiramisu,182000.0,0,0.15,23,3.8,0
2024-06-30,Givral,Cheesecake,150000.0,0,0.111,18,4.2,0
2024-06-30,Givral,Macaron,32000.0,0,0.232,5,4.1,0
2024-06-30,Givral,Éclair,47000.0,0,0.217,4,4.1,1
2024-06-30,Givral,Croissant,26000.0,0,0.17,8,4.1,0
2024-06-30,Givral,Red Velvet Cake,194000.0,0,0.148,23,3.7,1
2024-06-30,Local Bakery A,Tiramisu,167000.0,0,0.233,23,3.7,0
2024-06-30,Local Bakery A,Cheesecake,140000.0,0,0.187,16,4.7,1
2024-06-30,Local Bakery A,Macaron,30000.0,0,0.079,4,3.6,1
2024-06-30,Local Bakery A,Éclair,44000.0,0,0.116,23,4.8,1
2024-06-30,Local Bakery A,Croissant,25000.0,0,0.113,18,4.2,1
2024-06-30,Local Bakery A,Red Velvet Cake,195000.0,0,0.228,16,3.8,0
2024-06-30,Supermarket Chain,Tiramisu,116000.0,1,0.13,16,3.6,0
2024-06-30,Supermarket Chain,Cheesecake,107000.0,0,0.134,3,3.7,1
2024-06-30,Supermarket Chain,Macaron,24000.0,0,0.192,15,4.1,1
2024-06-30,Supermarket Chain,Éclair,34000.0,0,0.167,14,4.0,0
2024-06-30,Supermarket Chain,Croissant,14000.0,1,0.16,8,4.2,1
2024-06-30,Supermarket Chain,Red Velvet Cake,133000.0,1,0.21,14,4.5,1
2024-07-01,Paris Baguette,Tiramisu,213000.0,0,0.132,17,3.9,1
2024-07-01,Paris Baguette,Cheesecake,186000.0,0,0.25,2,3.7,1
2024-07-01,Paris Baguette,Macaron,40000.0,0,0.173,2,3.6,1
2024-07-01,Paris Baguette,Éclair,53000.0,0,0.069,20,4.7,0
2024-07-01,Paris Baguette,Croissant,32000.0,0,0.185,1,4.4,1
2024-07-01,Paris Baguette,Red Velvet Cake,246000.0,0,0.182,20,3.6,1
2024-07-01,Tous Les Jours,Tiramisu,211000.0,0,0.235,3,4.1,1
2024-07-01,Tous Les Jours,Cheesecake,186000.0,0,0.228,9,4.6,1
2024-07-01,Tous Les Jours,Macaron,37000.0,0,0.125,13,3.7,1
2024-07-01,Tous Les Jours,Éclair,54000.0,0,0.222,24,3.9,1
2024-07-01,Tous Les Jours,Croissant,31000.0,0,0.183,10,4.2,0
2024-07-01,Tous Les Jours,Red Velvet Cake,230000.0,0,0.227,19,4.5,1
2024-07-01,ABC Bakery,Tiramisu,181000.0,0,0.178,19,4.2,0
2024-07-01,ABC Bakery,Cheesecake,151000.0,0,0.212,5,4.7,1
2024-07-01,ABC Bakery,Macaron,27000.0,1,0.1,21,4.6,1
2024-07-01,ABC Bakery,Éclair,45000.0,0,0.11,21,3.9,0
2024-07-01,ABC Bakery,Croissant,26000.0,0,0.129,7,4.3,1
2024-07-01,ABC Bakery,Red Velvet Cake,198000.0,0,0.057,14,4.2,0
2024-07-01,Givral,Tiramisu,165000.0,0,0.064,11,3.9,1
2024-07-01,Givral,Cheesecake,148000.0,0,0.135,2,4.8,0
2024-07-01,Givral,Macaron,29000.0,0,0.107,21,4.2,1
2024-07-01,Givral,Éclair,42000.0,0,0.137,5,3.8,0
2024-07-01,Givral,Croissant,25000.0,0,0.065,18,4.7,1
2024-07-01,Givral,Red Velvet Cake,184000.0,0,0.14,20,4.6,0
2024-07-01,Local Bakery A,Tiramisu,174000.0,0,0.106,19,4.4,1
2024-07-01,Local Bakery A,Cheesecake,136000.0,0,0.076,21,3.6,1
2024-07-01,Local Bakery A,Macaron,29000.0,0,0.156,7,3.7,1
2024-07-01,Local Bakery A,Éclair,41000.0,0,0.124,12,4.2,1
2024-07-01,Local Bakery A,Croissant,24000.0,0,0.155,21,4.7,0
2024-07-01,Local Bakery A,Red Velvet Cake,179000.0,0,0.158,16,4.3,0
2024-07-01,Supermarket Chain,Tiramisu,127000.0,0,0.168,5,4.2,1
2024-07-01,Supermarket Chain,Cheesecake,109000.0,0,0.178,9,4.1,1
2024-07-01,Supermarket Chain,Macaron,22000.0,0,0.219,12,4.2,1
2024-07-01,Supermarket Chain,Éclair,25000.0,1,0.159,5,4.2,0
2024-07-01,Supermarket Chain,Croissant,20000.0,0,0.131,22,4.5,0
2024-07-01,Supermarket Chain,Red Velvet Cake,137000.0,0,0.213,6,4.0,1
2024-07-02,Paris Baguette,Tiramisu,220000.0,0,0.07,1,3.5,1
2024-07-02,Paris Baguette,Cheesecake,193000.0,0,0.093,15,3.9,1
2024-07-02,Paris Baguette,Macaron,39000.0,0,0.178,19,4.7,1
2024-07-02,Paris Baguette,Éclair,55000.0,0,0.247,19,4.5,1
2024-07-02,Paris Baguette,Croissant,26000.0,1,0.1,21,3.7,1
2024-07-02,Paris Baguette,Red Velvet Cake,190000.0,1,0.126,16,3.7,1
2024-07-02,Tous Les Jours,Tiramisu,208000.0,0,0.161,9,4.7,1
2024-07-02,Tous Les Jours,Cheesecake,188000.0,0,0.181,18,4.7,1
2024-07-02,Tous Les Jours,Macaron,38000.0,0,0.051,18,4.0,1
2024-07-02,Tous Les Jours,Éclair,53000.0,0,0.222,7,3.8,0
2024-07-02,Tous Les Jours,Croissant,33000.0,0,0.225,15,4.4,1
2024-07-02,Tous Les Jours,Red Velvet Cake,223000.0,0,0.237,19,4.7,0
2024-07-02,ABC Bakery,Tiramisu,180000.0,0,0.243,17,4.3,0
2024-07-02,ABC Bakery,Cheesecake,163000.0,0,0.242,21,4.7,0
2024-07-02,ABC Bakery,Macaron,30000.0,0,0.185,7,3.7,1
2024-07-02,ABC Bakery,Éclair,44000.0,0,0.19,10,3.5,1
2024-07-02,ABC Bakery,Croissant,26000.0,0,0.089,20,4.6,1
2024-07-02,ABC Bakery,Red Velvet Cake,198000.0,0,0.215,2,4.0,1
2024-07-02,Givral,Tiramisu,157000.0,0,0.108,4,3.5,0
2024-07-02,Givral,Cheesecake,139000.0,0,0.244,16,4.7,1
2024-07-02,Givral,Macaron,31000.0,0,0.179,22,4.0,1
2024-07-02,Givral,Éclair,44000.0,0,0.248,7,3.9,1
2024-07-02,Givral,Croissant,25000.0,0,0.1,1,4.0,1
2024-07-02,Givral,Red Velvet Cake,190000.0,0,0.067,15,4.1,1
2024-07-02,Local Bakery A,Tiramisu,154000.0,0,0.216,2,4.5,0
2024-07-02,Local Bakery A,Cheesecake,142000.0,0,0.054,6,4.2,1
2024-07-02,Local Bakery A,Macaron,29000.0,0,0.077,19,4.5,0
2024-07-02,Local Bakery A,Éclair,33000.0,1,0.222,19,4.4,0
2024-07-02,Local Bakery A,Croissant,24000.0,0,0.079,18,4.7,1
2024-07-02,Local Bakery A,Red Velvet Cake,175000.0,0,0.051,1,4.4,1
2024-07-02,Supermarket Chain,Tiramisu,120000.0,0,0.229,16,4.7,1
2024-07-02,Supermarket Chain,Cheesecake,97000.0,0,0.062,11,4.0,1
2024-07-02,Supermarket Chain,Macaron,21000.0,0,0.09,19,4.3,1
2024-07-02,Supermarket Chain,Éclair,32000.0,0,0.2,23,4.1,1
2024-07-02,Supermarket Chain,Croissant,19000.0,0,0.206,10,4.4,0
2024-07-02,Supermarket Chain,Red Velvet Cake,136000.0,0,0.204,19,3.8,0
2024-07-03,Paris Baguette,Tiramisu,217000.0,0,0.24,16,4.3,1
2024-07-03,Paris Baguette,Cheesecake,154000.0,1,0.119,13,3.5,1
2024-07-03,Paris Baguette,Macaron,41000.0,0,0.141,9,3.7,1
2024-07-03,Paris Baguette,Éclair,54000.0,0,0.11,12,4.7,0
2024-07-03,Paris Baguette,Croissant,34000.0,0,0.249,13,4.1,1
2024-07-03,Paris Baguette,Red Velvet Cake,249000.0,0,0.154,18,3.9,1
2024-07-03,Tous Les Jours,Tiramisu,207000.0,0,0.09,21,3.8,1
2024-07-03,Tous Les Jours,Cheesecake,197000.0,0,0.051,14,4.5,1
2024-07-03,Tous Les Jours,Macaron,38000.0,0,0.102,14,4.8,1
2024-07-03,Tous Les Jours,Éclair,51000.0,0,0.226,9,4.1,1
2024-07-03,Tous Les Jours,Croissant,32000.0,0,0.054,3,4.3,0
2024-07-03,Tous Les Jours,Red Velvet Cake,237000.0,0,0.073,3,4.4,1
2024-07-03,ABC Bakery,Tiramisu,185000.0,0,0.211,6,3.8,0
2024-07-03,ABC Bakery,Cheesecake,147000.0,0,0.247,13,3.9,1
2024-07-03,ABC Bakery,Macaron,23000.0,1,0.172,6,4.7,0
2024-07-03,ABC Bakery,Éclair,45000.0,0,0.13,11,3.6,1
2024-07-03,ABC Bakery,Croissant,26000.0,0,0.25,10,4.7,1
2024-07-03,ABC Bakery,Red Velvet Cake,202000.0,0,0.086,18,3.5,1
2024-07-03,Givral,Tiramisu,174000.0,0,0.235,10,4.0,1
2024-07-03,Givral,Cheesecake,139000.0,0,0.05,4,3.7,0
2024-07-03,Givral,Macaron,30000.0,0,0.156,9,3.8,1
2024-07-03,Givral,Éclair,41000.0,0,0.142,4,3.8,0
2024-07-03,Givral,Croissant,25000.0,0,0.245,7,4.2,0
2024-07-03,Givral,Red Velvet Cake,181000.0,0,0.206,16,3.9,1
2024-07-03,Local Bakery A,Tiramisu,164000.0,0,0.051,9,3.7,1
2024-07-03,Local Bakery A,Cheesecake,137000.0,0,0.147,4,4.2,1
2024-07-03,Local Bakery A,Macaron,27000.0,0,0.174,11,3.7,1
2024-07-03,Local Bakery A,Éclair,40000.0,0,0.142,21,3.5,0
2024-07-03,Local Bakery A,Croissant,23000.0,0,0.122,4,4.1,0
2024-07-03,Local Bakery A,Red Velvet Cake,176000.0,0,0.156,18,4.6,1
2024-07-03,Supermarket Chain,Tiramisu,122000.0,0,0.203,13,3.8,1
2024-07-03,Supermarket Chain,Cheesecake,86000.0,1,0.146,13,3.9,1
2024-07-03,Supermarket Chain,Macaron,22000.0,0,0.153,3,3.6,1
2024-07-03,Supermarket Chain,Éclair,32000.0,0,0.154,13,4.7,0
2024-07-03,Supermarket Chain,Croissant,14000.0,1,0.147,10,4.6,1
2024-07-03,Supermarket Chain,Red Velvet Cake,143000.0,0,0.163,12,3.7,1
2024-07-04,Paris Baguette,Tiramisu,220000.0,0,0.173,7,4.3,1
2024-07-04,Paris Baguette,Cheesecake,184000.0,0,0.127,5,3.9,1
2024-07-04,Paris Baguette,Macaron,39000.0,0,0.124,2,3.7,0
2024-07-04,Paris Baguette,Éclair,55000.0,0,0.123,5,4.7,0
2024-07-04,Paris Baguette,Croissant,33000.0,0,0.18,2,4.8,1
2024-07-04,Paris Baguette,Red Velvet Cake,183000.0,1,0.068,8,3.8,1
2024-07-04,Tous Les Jours,Tiramisu,219000.0,0,0.128,18,4.1,1
2024-07-04,Tous Les Jours,Cheesecake,181000.0,0,0.213,23,3.6,0
2024-07-04,Tous Les Jours,Macaron,37000.0,0,0.111,6,4.6,0
2024-07-04,Tous Les Jours,Éclair,56000.0,0,0.139,7,4.4,0
2024-07-04,Tous Les Jours,Croissant,31000.0,0,0.154,23,3.8,0
2024-07-04,Tous Les Jours,Red Velvet Cake,225000.0,0,0.131,23,4.1,1
2024-07-04,ABC Bakery,Tiramisu,162000.0,0,0.178,16,3.6,0
2024-07-04,ABC Bakery,Cheesecake,150000.0,0,0.143,22,3.9,1
2024-07-04,ABC Bakery,Macaron,31000.0,0,0.135,2,4.0,1
2024-07-04,ABC Bakery,Éclair,45000.0,0,0.171,12,4.1,1
2024-07-04,ABC Bakery,Croissant,26000.0,0,0.142,12,4.0,1
2024-07-04,ABC Bakery,Red Velvet Cake,197000.0,0,0.216,15,4.4,1
2024-07-04,Givral,Tiramisu,181000.0,0,0.213,9,4.2,1
2024-07-04,Givral,Cheesecake,147000.0,0,0.115,4,3.8,0
2024-07-04,Givral,Macaron,29000.0,0,0.201,18,4.6,1
2024-07-04,Givral,Éclair,41000.0,0,0.205,17,4.0,1
2024-07-04,Givral,Croissant,25000.0,0,0.121,19,4.0,1
2024-07-04,Givral,Red Velvet Cake,187000.0,0,0.199,17,4.1,1
2024-07-04,Local Bakery A,Tiramisu,157000.0,0,0.151,10,3.8,1
2024-07-04,Local Bakery A,Cheesecake,135000.0,0,0.17,17,3.6,0
2024-07-04,Local Bakery A,Macaron,27000.0,0,0.151,18,4.6,1
2024-07-04,Local Bakery A,Éclair,30000.0,1,0.106,10,4.3,1
2024-07-04,Local Bakery A,Croissant,24000.0,0,0.097,15,3.6,1
2024-07-04,Local Bakery A,Red Velvet Cake,177000.0,0,0.066,20,4.7,1
2024-07-04,Supermarket Chain,Tiramisu,125000.0,0,0.206,13,4.0,1
2024-07-04,Supermarket Chain,Cheesecake,103000.0,0,0.108,19,4.7,1
2024-07-04,Supermarket Chain,Macaron,22000.0,0,0.217,7,4.2,1
2024-07-04,Supermarket Chain,Éclair,29000.0,0,0.137,14,3.7,0
2024-07-04,Supermarket Chain,Croissant,18000.0,0,0.078,1,4.0,1
2024-07-04,Supermarket Chain,Red Velvet Cake,136000.0,0,0.063,18,4.5,0
2024-07-05,Paris Baguette,Tiramisu,213000.0,0,0.213,23,4.0,1
2024-07-05,Paris Baguette,Cheesecake,187000.0,0,0.188,3,4.3,0
2024-07-05,Paris Baguette,Macaron,39000.0,0,0.051,7,4.1,1
2024-07-05,Paris Baguette,Éclair,40000.0,1,0.161,22,3.7,0
2024-07-05,Paris Baguette,Croissant,34000.0,0,0.185,22,3.6,0
2024-07-05,Paris Baguette,Red Velvet Cake,246000.0,0,0.054,19,3.9,0
2024-07-05,Tous Les Jours,Tiramisu,210000.0,0,0.114,16,4.3,1
2024-07-05,Tous Les Jours,Cheesecake,182000.0,0,0.087,18,4.6,1
2024-07-05,Tous Les Jours,Macaron,38000.0,0,0.106,18,4.4,1
2024-07-05,Tous Les Jours,Éclair,54000.0,0,0.138,15,4.8,1
2024-07-05,Tous Les Jours,Croissant,31000.0,0,0.243,13,3.8,0
2024-07-05,Tous Les Jours,Red Velvet Cake,235000.0,0,0.137,12,3.7,1
2024-07-05,ABC Bakery,Tiramisu,156000.0,1,0.146,15,4.3,0
2024-07-05,ABC Bakery,Cheesecake,154000.0,0,0.078,13,4.4,1
2024-07-05,ABC Bakery,Macaron,31000.0,0,0.175,5,4.4,1
2024-07-05,ABC Bakery,Éclair,45000.0,0,0.079,24,4.2,1
2024-07-05,ABC Bakery,Croissant,27000.0,0,0.161,13,4.4,1
2024-07-05,ABC Bakery,Red Velvet Cake,199000.0,0,0.059,6,3.5,1
2024-07-05,Givral,Tiramisu,171000.0,0,0.103,10,4.5,1
2024-07-05,Givral,Cheesecake,148000.0,0,0.124,14,4.7,1
2024-07-05,Givral,Macaron,30000.0,0,0.236,17,3.5,0
2024-07-05,Givral,Éclair,42000.0,0,0.136,21,4.5,1
2024-07-05,Givral,Croissant,25000.0,0,0.1,24,3.5,1
2024-07-05,Givral,Red Velvet Cake,182000.0,0,0.121,21,4.4,1
2024-07-05,Local Bakery A,Tiramisu,169000.0,0,0.23,20,3.7,1
2024-07-05,Local Bakery A,Cheesecake,140000.0,0,0.218,13,3.8,1
2024-07-05,Local Bakery A,Macaron,29000.0,0,0.101,3,4.3,1
2024-07-05,Local Bakery A,Éclair,40000.0,0,0.243,12,4.1,0
2024-07-05,Local Bakery A,Croissant,20000.0,1,0.141,16,3.8,1
2024-07-05,Local Bakery A,Red Velvet Cake,138000.0,1,0.24,3,3.7,1
2024-07-05,Supermarket Chain,Tiramisu,94000.0,1,0.19,22,3.9,1
2024-07-05,Supermarket Chain,Cheesecake,105000.0,0,0.171,3,4.0,1
2024-07-05,Supermarket Chain,Macaron,21000.0,0,0.051,6,4.1,0
2024-07-05,Supermarket Chain,Éclair,31000.0,0,0.124,19,3.5,1
2024-07-05,Supermarket Chain,Croissant,13000.0,1,0.222,18,4.1,0
2024-07-05,Supermarket Chain,Red Velvet Cake,137000.0,0,0.081,2,4.4,1
2024-07-06,Paris Baguette,Tiramisu,222000.0,0,0.12,3,4.2,1
2024-07-06,Paris Baguette,Cheesecake,196000.0,0,0.169,11,4.5,1
2024-07-06,Paris Baguette,Macaron,39000.0,0,0.222,23,3.8,1
2024-07-06,Paris Baguette,Éclair,61000.0,0,0.094,19,3.7,0
2024-07-06,Paris Baguette,Croissant,35000.0,0,0.056,6,3.8,1
2024-07-06,Paris Baguette,Red Velvet Cake,254000.0,0,0.249,19,4.5,1
2024-07-06,Tous Les Jours,Tiramisu,185000.0,1,0.202,11,3.9,0
2024-07-06,Tous Les Jours,Cheesecake,197000.0,0,0.181,6,4.1,0
2024-07-06,Tous Les Jours,Macaron,38000.0,0,0.057,13,4.0,1
2024-07-06,Tous Les Jours,Éclair,56000.0,0,0.108,11,4.2,0
2024-07-06,Tous Les Jours,Croissant,33000.0,0,0.096,14,3.6,1
2024-07-06,Tous Les Jours,Red Velvet Cake,248000.0,0,0.126,14,4.2,0
2024-07-06,ABC Bakery,Tiramisu,148000.0,1,0.188,13,3.8,1
2024-07-06,ABC Bakery,Cheesecake,151000.0,0,0.146,19,3.7,1
2024-07-06,ABC Bakery,Macaron,33000.0,0,0.077,19,3.9,1
2024-07-06,ABC Bakery,Éclair,45000.0,0,0.13,24,4.8,0
2024-07-06,ABC Bakery,Croissant,29000.0,0,0.166,14,3.9,1
2024-07-06,ABC Bakery,Red Velvet Cake,196000.0,0,0.101,19,3.8,1
2024-07-06,Givral,Tiramisu,177000.0,0,0.079,15,4.7,1
2024-07-06,Givral,Cheesecake,148000.0,0,0.189,5,4.0,0
2024-07-06,Givral,Macaron,30000.0,0,0.179,5,4.5,1
2024-07-06,Givral,Éclair,44000.0,0,0.144,8,3.5,1
2024-07-06,Givral,Croissant,27000.0,0,0.202,9,4.7,1
2024-07-06,Givral,Red Velvet Cake,192000.0,0,0.208,9,3.9,1
2024-07-06,Local Bakery A,Tiramisu,168000.0,0,0.206,3,4.8,0
2024-07-06,Local Bakery A,Cheesecake,141000.0,0,0.213,11,3.6,1
2024-07-06,Local Bakery A,Macaron,29000.0,0,0.117,4,4.4,1
2024-07-06,Local Bakery A,Éclair,43000.0,0,0.075,1,3.7,1
2024-07-06,Local Bakery A,Croissant,21000.0,1,0.16,6,4.7,1
2024-07-06,Local Bakery A,Red Velvet Cake,184000.0,0,0.241,6,4.5,1
2024-07-06,Supermarket Chain,Tiramisu,131000.0,0,0.229,19,4.7,0
2024-07-06,Supermarket Chain,Cheesecake,109000.0,0,0.185,20,4.0,0
2024-07-06,Supermarket Chain,Macaron,22000.0,0,0.086,7,3.7,1
2024-07-06,Supermarket Chain,Éclair,33000.0,0,0.135,3,4.5,0
2024-07-06,Supermarket Chain,Croissant,20000.0,0,0.177,6,3.6,1
2024-07-06,Supermarket Chain,Red Velvet Cake,143000.0,0,0.081,22,4.4,1
2024-07-07,Paris Baguette,Tiramisu,244000.0,0,0.115,17,3.6,0
2024-07-07,Paris Baguette,Cheesecake,194000.0,0,0.236,3,4.1,1
2024-07-07,Paris Baguette,Macaron,40000.0,0,0.104,8,4.7,0
2024-07-07,Paris Baguette,Éclair,58000.0,0,0.221,17,4.4,1
2024-07-07,Paris Baguette,Croissant,33000.0,0,0.191,13,3.9,1
2024-07-07,Paris Baguette,Red Velvet Cake,261000.0,0,0.161,20,3.9,1
2024-07-07,Tous Les Jours,Tiramisu,234000.0,0,0.138,16,3.6,1
2024-07-07,Tous Les Jours,Cheesecake,184000.0,0,0.085,15,3.7,0
2024-07-07,Tous Les Jours,Macaron,39000.0,0,0.178,12,3.9,1
2024-07-07,Tous Les Jours,Éclair,51000.0,1,0.13,5,4.7,0
2024-07-07,Tous Les Jours,Croissant,35000.0,0,0.151,10,4.4,1
2024-07-07,Tous Les Jours,Red Velvet Cake,203000.0,1,0.229,13,4.1,0
2024-07-07,ABC Bakery,Tiramisu,188000.0,0,0.124,4,3.9,1
2024-07-07,ABC Bakery,Cheesecake,159000.0,0,0.129,23,4.4,1
2024-07-07,ABC Bakery,Macaron,31000.0,0,0.087,16,3.9,1
2024-07-07,ABC Bakery,Éclair,48000.0,0,0.2,5,4.0,1
2024-07-07,ABC Bakery,Croissant,20000.0,1,0.171,8,4.4,1
2024-07-07,ABC Bakery,Red Velvet Cake,207000.0,0,0.12,3,4.1,1
2024-07-07,Givral,Tiramisu,167000.0,0,0.131,19,4.6,1
2024-07-07,Givral,Cheesecake,148000.0,0,0.13,12,4.3,1
2024-07-07,Givral,Macaron,32000.0,0,0.168,15,4.6,0
2024-07-07,Givral,Éclair,43000.0,0,0.235,19,4.1,1
2024-07-07,Givral,Croissant,26000.0,0,0.227,10,3.8,1
2024-07-07,Givral,Red Velvet Cake,190000.0,0,0.147,4,3.6,1
2024-07-07,Local Bakery A,Tiramisu,170000.0,0,0.241,10,3.7,1
2024-07-07,Local Bakery A,Cheesecake,141000.0,0,0.226,24,4.6,1
2024-07-07,Local Bakery A,Macaron,30000.0,0,0.129,24,4.3,1
2024-07-07,Local Bakery A,Éclair,43000.0,0,0.121,1,4.0,1
2024-07-07,Local Bakery A,Croissant,23000.0,0,0.117,9,3.8,1
2024-07-07,Local Bakery A,Red Velvet Cake,181000.0,0,0.067,7,4.1,1
2024-07-07,Supermarket Chain,Tiramisu,129000.0,0,0.098,17,4.0,0
2024-07-07,Supermarket Chain,Cheesecake,104000.0,0,0.149,18,4.4,0
2024-07-07,Supermarket Chain,Macaron,24000.0,0,0.068,2,4.5,0
2024-07-07,Supermarket Chain,Éclair,31000.0,0,0.134,8,3.9,1
2024-07-07,Supermarket Chain,Croissant,19000.0,0,0.237,10,3.9,1
2024-07-07,Supermarket Chain,Red Velvet Cake,107000.0,1,0.209,10,4.0,1
2024-07-08,Paris Baguette,Tiramisu,219000.0,0,0.137,2,3.7,1
2024-07-08,Paris Baguette,Cheesecake,186000.0,0,0.081,11,4.8,1
2024-07-08,Paris Baguette,Macaron,32000.0,1,0.194,5,4.1,1
2024-07-08,Paris Baguette,Éclair,53000.0,0,0.122,9,3.9,0
2024-07-08,Paris Baguette,Croissant,31000.0,0,0.077,16,4.5,1
2024-07-08,Paris Baguette,Red Velvet Cake,252000.0,0,0.101,13,4.1,0
2024-07-08,Tous Les Jours,Tiramisu,212000.0,0,0.067,15,3.5,1
2024-07-08,Tous Les Jours,Cheesecake,177000.0,0,0.118,23,4.3,1
2024-07-08,Tous Les Jours,Macaron,38000.0,0,0.196,13,4.4,1
2024-07-08,Tous Les Jours,Éclair,54000.0,0,0.231,9,4.7,1
2024-07-08,Tous Les Jours,Croissant,32000.0,0,0.181,10,3.6,0
2024-07-08,Tous Les Jours,Red Velvet Cake,229000.0,0,0.189,15,4.4,1
2024-07-08,ABC Bakery,Tiramisu,181000.0,0,0.141,23,4.1,1
2024-07-08,ABC Bakery,Cheesecake,159000.0,0,0.055,22,3.8,1
2024-07-08,ABC Bakery,Macaron,31000.0,0,0.19,5,4.6,1
2024-07-08,ABC Bakery,Éclair,39000.0,1,0.188,2,4.7,1
2024-07-08,ABC Bakery,Croissant,26000.0,0,0.183,6,4.6,0
2024-07-08,ABC Bakery,Red Velvet Cake,192000.0,0,0.185,13,4.7,0
2024-07-08,Givral,Tiramisu,160000.0,0,0.074,11,3.7,1
2024-07-08,Givral,Cheesecake,146000.0,0,0.122,6,4.5,0
2024-07-08,Givral,Macaron,29000.0,0,0.16,8,3.7,0
2024-07-08,Givral,Éclair,43000.0,0,0.23,6,4.6,1
2024-07-08,Givral,Croissant,20000.0,1,0.102,18,4.8,1
2024-07-08,Givral,Red Velvet Cake,186000.0,0,0.17,24,4.0,1
2024-07-08,Local Bakery A,Tiramisu,155000.0,0,0.165,2,3.6,1
2024-07-08,Local Bakery A,Cheesecake,133000.0,0,0.19,9,4.6,0
2024-07-08,Local Bakery A,Macaron,22000.0,1,0.222,2,4.1,0
2024-07-08,Local Bakery A,Éclair,39000.0,0,0.18,17,4.7,1
2024-07-08,Local Bakery A,Croissant,23000.0,0,0.218,5,4.3,0
2024-07-08,Local Bakery A,Red Velvet Cake,178000.0,0,0.122,15,4.5,1
2024-07-08,Supermarket Chain,Tiramisu,107000.0,1,0.06,3,4.7,0
2024-07-08,Supermarket Chain,Cheesecake,104000.0,0,0.062,2,3.6,0
2024-07-08,Supermarket Chain,Macaron,22000.0,0,0.072,4,3.6,0
2024-07-08,Supermarket Chain,Éclair,31000.0,0,0.233,17,3.8,1
2024-07-08,Supermarket Chain,Croissant,18000.0,0,0.068,1,3.8,1
2024-07-08,Supermarket Chain,Red Velvet Cake,126000.0,0,0.244,15,4.6,1
2024-07-09,Paris Baguette,Tiramisu,208000.0,0,0.217,10,3.6,1
2024-07-09,Paris Baguette,Cheesecake,187000.0,0,0.086,19,4.5,1
2024-07-09,Paris Baguette,Macaron,40000.0,0,0.082,1,4.5,0
2024-07-09,Paris Baguette,Éclair,56000.0,0,0.133,24,3.8,0
2024-07-09,Paris Baguette,Croissant,28000.0,1,0.057,20,4.0,1
2024-07-09,Paris Baguette,Red Velvet Cake,239000.0,0,0.073,12,4.3,0
2024-07-09,Tous Les Jours,Tiramisu,213000.0,0,0.144,13,3.8,1
2024-07-09,Tous Les Jours,Cheesecake,176000.0,0,0.145,21,4.5,0
2024-07-09,Tous Les Jours,Macaron,30000.0,1,0.198,22,4.8,1
2024-07-09,Tous Les Jours,Éclair,53000.0,0,0.157,15,4.5,1
2024-07-09,Tous Les Jours,Croissant,30000.0,0,0.218,6,4.2,1
2024-07-09,Tous Les Jours,Red Velvet Cake,180000.0,1,0.156,4,4.8,1
2024-07-09,ABC Bakery,Tiramisu,185000.0,0,0.127,17,4.6,0
2024-07-09,ABC Bakery,Cheesecake,142000.0,0,0.076,5,3.8,1
2024-07-09,ABC Bakery,Macaron,31000.0,0,0.224,6,4.5,1
2024-07-09,ABC Bakery,Éclair,44000.0,0,0.091,11,4.0,1
2024-07-09,ABC Bakery,Croissant,27000.0,0,0.141,12,3.9,0
2024-07-09,ABC Bakery,Red Velvet Cake,189000.0,0,0.246,20,4.3,0
2024-07-09,Givral,Tiramisu,169000.0,0,0.19,16,3.5,1
2024-07-09,Givral,Cheesecake,104000.0,1,0.054,20,3.6,0
2024-07-09,Givral,Macaron,24000.0,1,0.173,3,3.6,1
2024-07-09,Givral,Éclair,41000.0,0,0.192,20,4.1,0
2024-07-09,Givral,Croissant,26000.0,0,0.213,15,4.2,1
2024-07-09,Givral,Red Velvet Cake,189000.0,0,0.14,20,4.3,1
2024-07-09,Local Bakery A,Tiramisu,162000.0,0,0.08,23,3.7,1
2024-07-09,Local Bakery A,Cheesecake,135000.0,0,0.186,22,4.3,1
2024-07-09,Local Bakery A,Macaron,27000.0,0,0.196,10,3.8,1
2024-07-09,Local Bakery A,Éclair,39000.0,0,0.126,12,4.2,0
2024-07-09,Local Bakery A,Croissant,24000.0,0,0.233,19,4.2,1
2024-07-09,Local Bakery A,Red Velvet Cake,134000.0,1,0.183,18,3.5,1
2024-07-09,Supermarket Chain,Tiramisu,123000.0,0,0.058,13,3.7,1
2024-07-09,Supermarket Chain,Cheesecake,99000.0,0,0.178,6,3.5,1
2024-07-09,Supermarket Chain,Macaron,20000.0,0,0.129,11,3.8,1
2024-07-09,Supermarket Chain,Éclair,31000.0,0,0.215,21,4.2,0
2024-07-09,Supermarket Chain,Croissant,13000.0,1,0.227,23,4.0,1
2024-07-09,Supermarket Chain,Red Velvet Cake,134000.0,0,0.229,17,3.6,1
2024-07-10,Paris Baguette,Tiramisu,221000.0,0,0.149,11,3.9,0
2024-07-10,Paris Baguette,Cheesecake,190000.0,0,0.175,3,4.0,1
2024-07-10,Paris Baguette,Macaron,31000.0,1,0.242,3,3.7,0
2024-07-10,Paris Baguette,Éclair,56000.0,0,0.161,15,4.0,1
2024-07-10,Paris Baguette,Croissant,33000.0,0,0.138,5,4.7,1
2024-07-10,Paris Baguette,Red Velvet Cake,238000.0,0,0.203,9,4.4,1
2024-07-10,Tous Les Jours,Tiramisu,208000.0,0,0.203,23,4.0,1
2024-07-10,Tous Les Jours,Cheesecake,173000.0,0,0.176,15,4.7,0
2024-07-10,Tous Les Jours,Macaron,31000.0,1,0.108,9,4.6,0
2024-07-10,Tous Les Jours,Éclair,51000.0,0,0.078,23,4.2,1
2024-07-10,Tous Les Jours,Croissant,30000.0,0,0.057,16,4.0,0
2024-07-10,Tous Les Jours,Red Velvet Cake,237000.0,0,0.219,20,4.0,1
2024-07-10,ABC Bakery,Tiramisu,178000.0,0,0.18,11,4.7,0
2024-07-10,ABC Bakery,Cheesecake,157000.0,0,0.209,8,4.0,1
2024-07-10,ABC Bakery,Macaron,31000.0,0,0.076,21,4.5,1
2024-07-10,ABC Bakery,Éclair,43000.0,0,0.227,22,4.8,1
2024-07-10,ABC Bakery,Croissant,27000.0,0,0.21,23,4.3,1
2024-07-10,ABC Bakery,Red Velvet Cake,196000.0,0,0.104,20,4.1,0
2024-07-10,Givral,Tiramisu,159000.0,0,0.151,24,4.5,1
2024-07-10,Givral,Cheesecake,147000.0,0,0.151,16,4.4,1
2024-07-10,Givral,Macaron,30000.0,0,0.199,2,4.0,1
2024-07-10,Givral,Éclair,41000.0,0,0.178,22,4.4,0
2024-07-10,Givral,Croissant,24000.0,0,0.197,2,4.1,1
2024-07-10,Givral,Red Velvet Cake,179000.0,0,0.171,5,4.4,1
2024-07-10,Local Bakery A,Tiramisu,158000.0,0,0.117,9,3.8,0
2024-07-10,Local Bakery A,Cheesecake,133000.0,0,0.216,15,3.6,1
2024-07-10,Local Bakery A,Macaron,28000.0,0,0.24,2,4.6,1
2024-07-10,Local Bakery A,Éclair,41000.0,0,0.097,20,4.5,1
2024-07-10,Local Bakery A,Croissant,24000.0,0,0.059,14,3.6,1
2024-07-10,Local Bakery A,Red Velvet Cake,170000.0,0,0.094,15,4.4,1
2024-07-10,Supermarket Chain,Tiramisu,119000.0,0,0.077,9,3.6,1
2024-07-10,Supermarket Chain,Cheesecake,109000.0,0,0.05,6,4.5,0
2024-07-10,Supermarket Chain,Macaron,22000.0,0,0.206,14,4.1,1
2024-07-10,Supermarket Chain,Éclair,27000.0,1,0.07,3,4.6,1
2024-07-10,Supermarket Chain,Croissant,17000.0,1,0.091,8,4.0,0
2024-07-10,Supermarket Chain,Red Velvet Cake,133000.0,0,0.097,22,4.1,1
2024-07-11,Paris Baguette,Tiramisu,217000.0,0,0.201,8,3.8,1
2024-07-11,Paris Baguette,Cheesecake,163000.0,1,0.148,21,4.6,1
2024-07-11,Paris Baguette,Macaron,38000.0,0,0.198,6,3.7,0
2024-07-11,Paris Baguette,Éclair,55000.0,0,0.225,14,4.3,1
2024-07-11,Paris Baguette,Croissant,33000.0,0,0.225,23,3.9,1
2024-07-11,Paris Baguette,Red Velvet Cake,218000.0,1,0.164,11,4.4,0
2024-07-11,Tous Les Jours,Tiramisu,211000.0,0,0.123,5,4.1,0
2024-07-11,Tous Les Jours,Cheesecake,160000.0,1,0.136,19,4.4,1
2024-07-11,Tous Les Jours,Macaron,36000.0,0,0.052,2,4.4,0
2024-07-11,Tous Les Jours,Éclair,52000.0,0,0.108,19,4.0,1
2024-07-11,Tous Les Jours,Croissant,32000.0,0,0.067,4,4.2,1
2024-07-11,Tous Les Jours,Red Velvet Cake,226000.0,0,0.121,11,3.6,0
2024-07-11,ABC Bakery,Tiramisu,186000.0,0,0.178,6,4.7,1
2024-07-11,ABC Bakery,Cheesecake,140000.0,0,0.208,24,4.5,1
2024-07-11,ABC Bakery,Macaron,24000.0,1,0.153,15,4.2,1
2024-07-11,ABC Bakery,Éclair,43000.0,0,0.117,24,3.7,1
2024-07-11,ABC Bakery,Croissant,27000.0,0,0.172,14,3.7,0
2024-07-11,ABC Bakery,Red Velvet Cake,196000.0,0,0.154,2,4.1,1
2024-07-11,Givral,Tiramisu,171000.0,0,0.073,21,3.8,1
2024-07-11,Givral,Cheesecake,102000.0,1,0.053,7,4.0,1
2024-07-11,Givral,Macaron,29000.0,0,0.167,14,3.7,1
2024-07-11,Givral,Éclair,38000.0,0,0.161,8,4.1,0
2024-07-11,Givral,Croissant,26000.0,0,0.207,12,4.7,1
2024-07-11,Givral,Red Velvet Cake,181000.0,0,0.241,12,3.6,1
2024-07-11,Local Bakery A,Tiramisu,166000.0,0,0.132,12,4.1,1
2024-07-11,Local Bakery A,Cheesecake,134000.0,0,0.164,7,4.7,0
2024-07-11,Local Bakery A,Macaron,28000.0,0,0.121,24,3.9,0
2024-07-11,Local Bakery A,Éclair,40000.0,0,0.103,24,3.9,0
2024-07-11,Local Bakery A,Croissant,23000.0,0,0.199,8,4.5,1
2024-07-11,Local Bakery A,Red Velvet Cake,166000.0,0,0.179,1,4.1,1
2024-07-11,Supermarket Chain,Tiramisu,119000.0,0,0.079,19,3.9,1
2024-07-11,Supermarket Chain,Cheesecake,97000.0,0,0.186,13,4.5,1
2024-07-11,Supermarket Chain,Macaron,22000.0,0,0.1,1,3.7,1
2024-07-11,Supermarket Chain,Éclair,32000.0,0,0.122,17,3.6,1
2024-07-11,Supermarket Chain,Croissant,18000.0,0,0.097,9,4.8,1
2024-07-11,Supermarket Chain,Red Velvet Cake,130000.0,0,0.212,17,4.5,0
2024-07-12,Paris Baguette,Tiramisu,217000.0,0,0.227,5,3.7,1
2024-07-12,Paris Baguette,Cheesecake,178000.0,0,0.189,16,4.1,1
2024-07-12,Paris Baguette,Macaron,39000.0,0,0.221,15,4.1,1
2024-07-12,Paris Baguette,Éclair,57000.0,0,0.227,9,4.8,0
2024-07-12,Paris Baguette,Croissant,33000.0,0,0.139,6,4.5,1
2024-07-12,Paris Baguette,Red Velvet Cake,216000.0,1,0.096,6,3.7,0
2024-07-12,Tous Les Jours,Tiramisu,201000.0,0,0.055,15,3.9,1
2024-07-12,Tous Les Jours,Cheesecake,157000.0,1,0.144,9,3.7,0
2024-07-12,Tous Les Jours,Macaron,37000.0,0,0.212,24,3.6,1
2024-07-12,Tous Les Jours,Éclair,51000.0,0,0.13,6,4.8,1
2024-07-12,Tous Les Jours,Croissant,31000.0,0,0.097,24,4.5,1
2024-07-12,Tous Les Jours,Red Velvet Cake,227000.0,0,0.111,12,4.2,0
2024-07-12,ABC Bakery,Tiramisu,171000.0,0,0.08,12,3.6,1
2024-07-12,ABC Bakery,Cheesecake,151000.0,0,0.115,19,3.6,1
2024-07-12,ABC Bakery,Macaron,31000.0,0,0.133,6,4.1,1
2024-07-12,ABC Bakery,Éclair,44000.0,0,0.233,18,4.2,1
2024-07-12,ABC Bakery,Croissant,27000.0,0,0.161,8,4.5,0
2024-07-12,ABC Bakery,Red Velvet Cake,197000.0,0,0.078,16,4.6,1
2024-07-12,Givral,Tiramisu,165000.0,0,0.173,2,3.9,0
2024-07-12,Givral,Cheesecake,142000.0,0,0.186,5,4.3,1
2024-07-12,Givral,Macaron,26000.0,0,0.146,13,3.9,1
2024-07-12,Givral,Éclair,41000.0,0,0.222,17,4.0,0
2024-07-12,Givral,Croissant,25000.0,0,0.198,15,3.6,0
2024-07-12,Givral,Red Velvet Cake,175000.0,0,0.146,17,3.7,1
2024-07-12,Local Bakery A,Tiramisu,160000.0,0,0.053,12,4.3,1
2024-07-12,Local Bakery A,Cheesecake,135000.0,0,0.102,13,4.7,0
2024-07-12,Local Bakery A,Macaron,28000.0,0,0.194,23,4.7,1
2024-07-12,Local Bakery A,Éclair,39000.0,0,0.241,12,4.1,0
2024-07-12,Local Bakery A,Croissant,23000.0,0,0.178,22,4.1,1
2024-07-12,Local Bakery A,Red Velvet Cake,178000.0,0,0.164,12,4.0,1
2024-07-12,Supermarket Chain,Tiramisu,118000.0,0,0.247,3,4.5,0
2024-07-12,Supermarket Chain,Cheesecake,100000.0,0,0.17,21,3.9,1
2024-07-12,Supermarket Chain,Macaron,22000.0,0,0.171,24,4.1,1
2024-07-12,Supermarket Chain,Éclair,30000.0,0,0.241,3,4.6,0
2024-07-12,Supermarket Chain,Croissant,19000.0,0,0.053,14,4.0,1
2024-07-12,Supermarket Chain,Red Velvet Cake,137000.0,0,0.184,12,4.3,1
2024-07-13,Paris Baguette,Tiramisu,227000.0,0,0.063,21,4.4,1
2024-07-13,Paris Baguette,Cheesecake,162000.0,1,0.086,2,4.2,1
2024-07-13,Paris Baguette,Macaron,39000.0,0,0.089,23,3.6,0
2024-07-13,Paris Baguette,Éclair,56000.0,0,0.201,24,4.5,1
2024-07-13,Paris Baguette,Croissant,34000.0,0,0.237,8,4.0,1
2024-07-13,Paris Baguette,Red Velvet Cake,238000.0,0,0.162,19,4.3,0
2024-07-13,Tous Les Jours,Tiramisu,220000.0,0,0.124,4,3.7,0
2024-07-13,Tous Les Jours,Cheesecake,183000.0,0,0.067,7,4.4,1
2024-07-13,Tous Les Jours,Macaron,38000.0,0,0.202,21,4.5,1
2024-07-13,Tous Les Jours,Éclair,55000.0,0,0.115,2,3.8,0
2024-07-13,Tous Les Jours,Croissant,35000.0,0,0.083,24,4.6,1
2024-07-13,Tous Les Jours,Red Velvet Cake,236000.0,0,0.074,17,4.0,1
2024-07-13,ABC Bakery,Tiramisu,177000.0,0,0.224,17,3.6,0
2024-07-13,ABC Bakery,Cheesecake,161000.0,0,0.16,13,4.4,0
2024-07-13,ABC Bakery,Macaron,32000.0,0,0.207,15,3.5,1
2024-07-13,ABC Bakery,Éclair,47000.0,0,0.226,6,3.9,1
2024-07-13,ABC Bakery,Croissant,27000.0,0,0.164,22,4.3,1
2024-07-13,ABC Bakery,Red Velvet Cake,207000.0,0,0.158,20,4.3,1
2024-07-13,Givral,Tiramisu,182000.0,0,0.127,6,3.9,1
2024-07-13,Givral,Cheesecake,146000.0,0,0.091,6,3.7,1
2024-07-13,Givral,Macaron,31000.0,0,0.17,9,4.6,1
2024-07-13,Givral,Éclair,44000.0,0,0.119,21,4.5,1
2024-07-13,Givral,Croissant,26000.0,0,0.137,6,4.5,1
2024-07-13,Givral,Red Velvet Cake,194000.0,0,0.169,16,3.5,0
2024-07-13,Local Bakery A,Tiramisu,160000.0,0,0.233,10,4.5,1
2024-07-13,Local Bakery A,Cheesecake,142000.0,0,0.192,23,3.5,1
2024-07-13,Local Bakery A,Macaron,24000.0,1,0.057,2,3.9,1
2024-07-13,Local Bakery A,Éclair,42000.0,0,0.219,21,4.6,0
2024-07-13,Local Bakery A,Croissant,26000.0,0,0.176,14,4.7,0
2024-07-13,Local Bakery A,Red Velvet Cake,185000.0,0,0.106,15,4.0,1
2024-07-13,Supermarket Chain,Tiramisu,124000.0,0,0.053,3,4.6,1
2024-07-13,Supermarket Chain,Cheesecake,109000.0,0,0.069,13,3.8,1
2024-07-13,Supermarket Chain,Macaron,23000.0,0,0.052,9,3.8,1
2024-07-13,Supermarket Chain,Éclair,33000.0,0,0.102,8,4.3,1
2024-07-13,Supermarket Chain,Croissant,20000.0,0,0.133,5,3.9,1
2024-07-13,Supermarket Chain,Red Velvet Cake,102000.0,1,0.24,20,4.2,1
2024-07-14,Paris Baguette,Tiramisu,228000.0,0,0.215,1,4.1,0
2024-07-14,Paris Baguette,Cheesecake,193000.0,0,0.174,3,4.4,1
2024-07-14,Paris Baguette,Macaron,40000.0,0,0.07,5,4.6,1
2024-07-14,Paris Baguette,Éclair,57000.0,0,0.112,24,3.9,0
2024-07-14,Paris Baguette,Croissant,33000.0,0,0.096,11,3.7,1
2024-07-14,Paris Baguette,Red Velvet Cake,255000.0,0,0.055,20,4.2,1
2024-07-14,Tous Les Jours,Tiramisu,226000.0,0,0.216,14,3.9,1
2024-07-14,Tous Les Jours,Cheesecake,149000.0,1,0.191,7,4.8,1
2024-07-14,Tous Les Jours,Macaron,37000.0,0,0.143,6,3.6,1
2024-07-14,Tous Les Jours,Éclair,55000.0,0,0.141,24,4.4,0
2024-07-14,Tous Les Jours,Croissant,33000.0,0,0.248,13,4.5,1
2024-07-14,Tous Les Jours,Red Velvet Cake,229000.0,0,0.138,7,4.2,0
2024-07-14,ABC Bakery,Tiramisu,185000.0,0,0.126,14,3.9,0
2024-07-14,ABC Bakery,Cheesecake,151000.0,0,0.221,24,3.9,1
2024-07-14,ABC Bakery,Macaron,32000.0,0,0.246,15,4.0,0
2024-07-14,ABC Bakery,Éclair,47000.0,0,0.212,20,4.7,0
2024-07-14,ABC Bakery,Croissant,27000.0,0,0.248,8,4.6,1
2024-07-14,ABC Bakery,Red Velvet Cake,201000.0,0,0.211,11,4.1,0
2024-07-14,Givral,Tiramisu,132000.0,1,0.066,2,4.4,1
2024-07-14,Givral,Cheesecake,150000.0,0,0.21,18,3.8,0
2024-07-14,Givral,Macaron,29000.0,0,0.204,2,3.9,1
2024-07-14,Givral,Éclair,44000.0,0,0.114,3,4.5,1
2024-07-14,Givral,Croissant,26000.0,0,0.084,5,4.2,1
2024-07-14,Givral,Red Velvet Cake,190000.0,0,0.135,14,4.2,0
2024-07-14,Local Bakery A,Tiramisu,161000.0,0,0.183,2,3.6,1
2024-07-14,Local Bakery A,Cheesecake,139000.0,0,0.06,16,4.4,1
2024-07-14,Local Bakery A,Macaron,27000.0,0,0.152,13,3.8,1
2024-07-14,Local Bakery A,Éclair,40000.0,0,0.165,22,4.1,0
2024-07-14,Local Bakery A,Croissant,24000.0,0,0.075,17,3.7,1
2024-07-14,Local Bakery A,Red Velvet Cake,152000.0,1,0.17,7,3.7,1
2024-07-14,Supermarket Chain,Tiramisu,132000.0,0,0.054,3,4.0,1
2024-07-14,Supermarket Chain,Cheesecake,108000.0,0,0.117,1,3.9,1
2024-07-14,Supermarket Chain,Macaron,22000.0,0,0.073,2,4.3,1
2024-07-14,Supermarket Chain,Éclair,33000.0,0,0.203,5,3.7,1
2024-07-14,Supermarket Chain,Croissant,18000.0,0,0.168,12,3.7,1
2024-07-14,Supermarket Chain,Red Velvet Cake,136000.0,0,0.159,7,4.2,1
2024-07-15,Paris Baguette,Tiramisu,211000.0,0,0.189,15,3.6,1
2024-07-15,Paris Baguette,Cheesecake,179000.0,0,0.166,15,4.8,1
2024-07-15,Paris Baguette,Macaron,38000.0,0,0.142,22,4.7,0
2024-07-15,Paris Baguette,Éclair,54000.0,0,0.139,7,3.5,1
2024-07-15,Paris Baguette,Croissant,33000.0,0,0.221,10,4.7,1
2024-07-15,Paris Baguette,Red Velvet Cake,247000.0,0,0.199,22,3.9,0
2024-07-15,Tous Les Jours,Tiramisu,209000.0,0,0.08,21,4.3,1
2024-07-15,Tous Les Jours,Cheesecake,182000.0,0,0.071,12,3.7,0
2024-07-15,Tous Les Jours,Macaron,37000.0,0,0.24,15,4.6,1
2024-07-15,Tous Les Jours,Éclair,54000.0,0,0.19,1,4.5,1
2024-07-15,Tous Les Jours,Croissant,32000.0,0,0.069,20,3.6,1
2024-07-15,Tous Les Jours,Red Velvet Cake,188000.0,1,0.088,18,4.7,1
2024-07-15,ABC Bakery,Tiramisu,177000.0,0,0.148,1,4.1,1
2024-07-15,ABC Bakery,Cheesecake,138000.0,0,0.218,17,3.9,0
2024-07-15,ABC Bakery,Macaron,31000.0,0,0.051,17,3.6,0
2024-07-15,ABC Bakery,Éclair,43000.0,0,0.126,17,4.4,0
2024-07-15,ABC Bakery,Croissant,19000.0,1,0.164,3,3.7,1
2024-07-15,ABC Bakery,Red Velvet Cake,192000.0,0,0.149,12,3.5,1
2024-07-15,Givral,Tiramisu,157000.0,0,0.104,21,4.4,0
2024-07-15,Givral,Cheesecake,145000.0,0,0.115,14,4.7,1
2024-07-15,Givral,Macaron,27000.0,0,0.174,16,4.4,1
2024-07-15,Givral,Éclair,42000.0,0,0.184,17,4.4,0
2024-07-15,Givral,Croissant,25000.0,0,0.099,20,3.8,0
2024-07-15,Givral,Red Velvet Cake,182000.0,0,0.221,3,3.6,1
2024-07-15,Local Bakery A,Tiramisu,152000.0,0,0.082,24,3.9,0
2024-07-15,Local Bakery A,Cheesecake,134000.0,0,0.224,15,4.2,0
2024-07-15,Local Bakery A,Macaron,28000.0,0,0.154,4,3.6,1
2024-07-15,Local Bakery A,Éclair,34000.0,1,0.25,17,4.3,1
2024-07-15,Local Bakery A,Croissant,23000.0,0,0.121,11,4.5,1
2024-07-15,Local Bakery A,Red Velvet Cake,179000.0,0,0.11,22,4.5,0
2024-07-15,Supermarket Chain,Tiramisu,99000.0,1,0.161,23,3.5,1
2024-07-15,Supermarket Chain,Cheesecake,90000.0,1,0.186,21,4.4,1
2024-07-15,Supermarket Chain,Macaron,21000.0,0,0.062,14,4.3,1
2024-07-15,Supermarket Chain,Éclair,32000.0,0,0.234,8,4.0,0
2024-07-15,Supermarket Chain,Croissant,18000.0,0,0.177,6,4.0,1
2024-07-15,Supermarket Chain,Red Velvet Cake,116000.0,1,0.121,8,4.1,1
2024-07-16,Paris Baguette,Tiramisu,228000.0,0,0.219,19,4.2,1
2024-07-16,Paris Baguette,Cheesecake,190000.0,0,0.105,10,4.8,1
2024-07-16,Paris Baguette,Macaron,38000.0,0,0.15,16,3.6,0
2024-07-16,Paris Baguette,Éclair,45000.0,1,0.073,18,3.6,0
2024-07-16,Paris Baguette,Croissant,34000.0,0,0.113,17,4.5,0
2024-07-16,Paris Baguette,Red Velvet Cake,228000.0,0,0.072,13,4.3,1
2024-07-16,Tous Les Jours,Tiramisu,209000.0,0,0.168,6,4.4,0
2024-07-16,Tous Les Jours,Cheesecake,176000.0,0,0.095,12,4.1,1
2024-07-16,Tous Les Jours,Macaron,34000.0,0,0.166,19,4.1,1
2024-07-16,Tous Les Jours,Éclair,51000.0,0,0.215,22,4.2,0
2024-07-16,Tous Les Jours,Croissant,31000.0,0,0.121,17,3.8,0
2024-07-16,Tous Les Jours,Red Velvet Cake,224000.0,0,0.142,18,3.5,1
2024-07-16,ABC Bakery,Tiramisu,176000.0,0,0.236,7,3.9,1
2024-07-16,ABC Bakery,Cheesecake,120000.0,1,0.182,11,4.7,0
2024-07-16,ABC Bakery,Macaron,31000.0,0,0.155,13,3.6,1
2024-07-16,ABC Bakery,Éclair,32000.0,1,0.226,2,3.9,1
2024-07-16,ABC Bakery,Croissant,27000.0,0,0.054,24,4.8,0
2024-07-16,ABC Bakery,Red Velvet Cake,182000.0,0,0.106,24,4.7,0
2024-07-16,Givral,Tiramisu,160000.0,0,0.222,13,3.8,0
2024-07-16,Givral,Cheesecake,140000.0,0,0.132,13,4.6,1
2024-07-16,Givral,Macaron,30000.0,0,0.177,7,4.0,0
2024-07-16,Givral,Éclair,43000.0,0,0.171,12,4.4,1
2024-07-16,Givral,Croissant,19000.0,1,0.204,4,4.2,1
2024-07-16,Givral,Red Velvet Cake,180000.0,0,0.239,11,3.8,0
2024-07-16,Local Bakery A,Tiramisu,165000.0,0,0.219,18,4.7,0
2024-07-16,Local Bakery A,Cheesecake,133000.0,0,0.181,23,4.4,0
2024-07-16,Local Bakery A,Macaron,27000.0,0,0.058,12,4.1,1
2024-07-16,Local Bakery A,Éclair,39000.0,0,0.171,4,3.6,1
2024-07-16,Local Bakery A,Croissant,23000.0,0,0.132,17,4.1,0
2024-07-16,Local Bakery A,Red Velvet Cake,166000.0,0,0.231,3,3.8,1
2024-07-16,Supermarket Chain,Tiramisu,105000.0,1,0.084,3,4.5,1
2024-07-16,Supermarket Chain,Cheesecake,99000.0,0,0.143,11,3.8,1
2024-07-16,Supermarket Chain,Macaron,22000.0,0,0.193,12,4.3,0
2024-07-16,Supermarket Chain,Éclair,24000.0,1,0.156,8,4.7,1
2024-07-16,Supermarket Chain,Croissant,18000.0,0,0.094,21,4.3,0
2024-07-16,Supermarket Chain,Red Velvet Cake,98000.0,1,0.079,11,3.9,1
2024-07-17,Paris Baguette,Tiramisu,216000.0,0,0.106,5,3.6,1
2024-07-17,Paris Baguette,Cheesecake,181000.0,0,0.141,19,4.4,1
2024-07-17,Paris Baguette,Macaron,38000.0,0,0.16,2,3.8,1
2024-07-17,Paris Baguette,Éclair,54000.0,0,0.137,12,4.1,1
2024-07-17,Paris Baguette,Croissant,27000.0,1,0.102,24,4.6,1
2024-07-17,Paris Baguette,Red Velvet Cake,257000.0,0,0.166,14,4.6,0
2024-07-17,Tous Les Jours,Tiramisu,220000.0,0,0.247,24,4.8,1
2024-07-17,Tous Les Jours,Cheesecake,179000.0,0,0.203,11,3.5,1
2024-07-17,Tous Les Jours,Macaron,38000.0,0,0.194,22,4.1,1
2024-07-17,Tous Les Jours,Éclair,50000.0,0,0.153,4,3.6,0
2024-07-17,Tous Les Jours,Croissant,30000.0,0,0.168,15,3.8,0
2024-07-17,Tous Les Jours,Red Velvet Cake,194000.0,1,0.151,22,4.6,0
2024-07-17,ABC Bakery,Tiramisu,178000.0,0,0.228,19,3.7,1
2024-07-17,ABC Bakery,Cheesecake,143000.0,0,0.126,6,4.8,1
2024-07-17,ABC Bakery,Macaron,31000.0,0,0.157,21,4.0,1
2024-07-17,ABC Bakery,Éclair,42000.0,0,0.061,21,4.1,0
2024-07-17,ABC Bakery,Croissant,18000.0,1,0.192,13,4.2,1
2024-07-17,ABC Bakery,Red Velvet Cake,190000.0,0,0.139,17,3.7,0
2024-07-17,Givral,Tiramisu,169000.0,0,0.078,24,4.4,0
2024-07-17,Givral,Cheesecake,145000.0,0,0.213,24,4.1,1
2024-07-17,Givral,Macaron,28000.0,0,0.168,9,4.0,1
2024-07-17,Givral,Éclair,41000.0,0,0.141,14,4.0,0
2024-07-17,Givral,Croissant,26000.0,0,0.111,20,4.0,1
2024-07-17,Givral,Red Velvet Cake,128000.0,1,0.079,11,4.0,0
2024-07-17,Local Bakery A,Tiramisu,154000.0,0,0.09,21,4.8,0
2024-07-17,Local Bakery A,Cheesecake,131000.0,0,0.204,4,3.8,0
2024-07-17,Local Bakery A,Macaron,27000.0,0,0.196,16,4.4,1
2024-07-17,Local Bakery A,Éclair,36000.0,0,0.13,18,3.6,1
2024-07-17,Local Bakery A,Croissant,23000.0,0,0.114,1,4.7,0
2024-07-17,Local Bakery A,Red Velvet Cake,172000.0,0,0.112,12,4.7,1
2024-07-17,Supermarket Chain,Tiramisu,121000.0,0,0.054,12,3.8,1
2024-07-17,Supermarket Chain,Cheesecake,102000.0,0,0.139,17,4.5,1
2024-07-17,Supermarket Chain,Macaron,16000.0,1,0.184,8,4.6,0
2024-07-17,Supermarket Chain,Éclair,31000.0,0,0.156,6,3.6,1
2024-07-17,Supermarket Chain,Croissant,17000.0,0,0.106,13,4.4,1
2024-07-17,Supermarket Chain,Red Velvet Cake,136000.0,0,0.165,16,4.7,0
2024-07-18,Paris Baguette,Tiramisu,211000.0,0,0.18,11,4.7,0
2024-07-18,Paris Baguette,Cheesecake,185000.0,0,0.117,16,4.4,1
2024-07-18,Paris Baguette,Macaron,38000.0,0,0.11,21,3.8,1
2024-07-18,Paris Baguette,Éclair,53000.0,0,0.244,16,3.6,1
2024-07-18,Paris Baguette,Croissant,31000.0,0,0.165,14,4.5,0
2024-07-18,Paris Baguette,Red Velvet Cake,240000.0,0,0.14,13,4.5,1
2024-07-18,Tous Les Jours,Tiramisu,202000.0,0,0.159,18,4.7,0
2024-07-18,Tous Les Jours,Cheesecake,176000.0,0,0.064,23,4.2,1
2024-07-18,Tous Les Jours,Macaron,34000.0,0,0.206,13,4.2,0
2024-07-18,Tous Les Jours,Éclair,51000.0,0,0.101,9,4.1,1
2024-07-18,Tous Les Jours,Croissant,31000.0,0,0.094,5,4.1,0
2024-07-18,Tous Les Jours,Red Velvet Cake,236000.0,0,0.119,20,4.3,0
2024-07-18,ABC Bakery,Tiramisu,171000.0,0,0.091,4,4.4,0
2024-07-18,ABC Bakery,Cheesecake,130000.0,1,0.066,6,4.8,1
2024-07-18,ABC Bakery,Macaron,32000.0,0,0.118,6,4.5,0
2024-07-18,ABC Bakery,Éclair,42000.0,0,0.119,16,3.6,1
2024-07-18,ABC Bakery,Croissant,26000.0,0,0.107,24,4.4,1
2024-07-18,ABC Bakery,Red Velvet Cake,186000.0,0,0.209,18,4.2,1
2024-07-18,Givral,Tiramisu,139000.0,1,0.215,22,4.6,0
2024-07-18,Givral,Cheesecake,105000.0,1,0.127,18,4.0,1
2024-07-18,Givral,Macaron,28000.0,0,0.06,9,4.3,1
2024-07-18,Givral,Éclair,42000.0,0,0.105,13,4.2,1
2024-07-18,Givral,Croissant,25000.0,0,0.083,10,3.8,1
2024-07-18,Givral,Red Velvet Cake,185000.0,0,0.153,15,4.4,1
2024-07-18,Local Bakery A,Tiramisu,129000.0,1,0.215,16,4.0,1
2024-07-18,Local Bakery A,Cheesecake,135000.0,0,0.073,22,3.5,1
2024-07-18,Local Bakery A,Macaron,21000.0,1,0.139,2,4.6,1
2024-07-18,Local Bakery A,Éclair,38000.0,0,0.14,3,4.4,0
2024-07-18,Local Bakery A,Croissant,23000.0,0,0.074,22,4.2,1
2024-07-18,Local Bakery A,Red Velvet Cake,174000.0,0,0.194,23,4.3,0
2024-07-18,Supermarket Chain,Tiramisu,124000.0,0,0.1,13,4.7,0
2024-07-18,Supermarket Chain,Cheesecake,72000.0,1,0.246,13,3.7,1
2024-07-18,Supermarket Chain,Macaron,19000.0,1,0.052,6,4.7,1
2024-07-18,Supermarket Chain,Éclair,23000.0,1,0.134,19,3.9,1
2024-07-18,Supermarket Chain,Croissant,19000.0,0,0.104,4,3.8,1
2024-07-18,Supermarket Chain,Red Velvet Cake,134000.0,0,0.192,15,3.8,1
2024-07-19,Paris Baguette,Tiramisu,216000.0,0,0.141,15,4.0,1
2024-07-19,Paris Baguette,Cheesecake,187000.0,0,0.089,10,4.1,1
2024-07-19,Paris Baguette,Macaron,37000.0,0,0.124,21,4.1,0
2024-07-19,Paris Baguette,Éclair,55000.0,0,0.117,13,4.2,1
2024-07-19,Paris Baguette,Croissant,32000.0,0,0.194,5,4.7,0
2024-07-19,Paris Baguette,Red Velvet Cake,249000.0,0,0.091,6,4.1,1
2024-07-19,Tous Les Jours,Tiramisu,200000.0,0,0.238,24,4.1,1
2024-07-19,Tous Les Jours,Cheesecake,181000.0,0,0.062,23,3.9,1
2024-07-19,Tous Les Jours,Macaron,38000.0,0,0.203,8,4.8,1
2024-07-19,Tous Les Jours,Éclair,37000.0,1,0.191,4,3.9,1
2024-07-19,Tous Les Jours,Croissant,31000.0,0,0.149,21,3.5,1
2024-07-19,Tous Les Jours,Red Velvet Cake,205000.0,0,0.195,14,4.2,1
2024-07-19,ABC Bakery,Tiramisu,170000.0,0,0.098,10,3.7,1
2024-07-19,ABC Bakery,Cheesecake,150000.0,0,0.134,6,4.1,0
2024-07-19,ABC Bakery,Macaron,30000.0,0,0.203,15,4.1,1
2024-07-19,ABC Bakery,Éclair,44000.0,0,0.096,9,4.8,1
2024-07-19,ABC Bakery,Croissant,26000.0,0,0.078,24,4.7,1
2024-07-19,ABC Bakery,Red Velvet Cake,182000.0,0,0.197,13,4.1,0
2024-07-19,Givral,Tiramisu,165000.0,0,0.057,11,4.7,1
2024-07-19,Givral,Cheesecake,144000.0,0,0.187,22,4.3,1
2024-07-19,Givral,Macaron,29000.0,0,0.173,16,4.6,0
2024-07-19,Givral,Éclair,41000.0,0,0.194,9,3.8,1
2024-07-19,Givral,Croissant,24000.0,0,0.153,9,4.1,0
2024-07-19,Givral,Red Velvet Cake,176000.0,0,0.245,24,4.5,0
2024-07-19,Local Bakery A,Tiramisu,163000.0,0,0.106,20,4.5,0
2024-07-19,Local Bakery A,Cheesecake,136000.0,0,0.106,2,4.7,1
2024-07-19,Local Bakery A,Macaron,26000.0,0,0.097,12,4.5,1
2024-07-19,Local Bakery A,Éclair,38000.0,0,0.201,17,4.4,0
2024-07-19,Local Bakery A,Croissant,24000.0,0,0.094,7,3.8,0
2024-07-19,Local Bakery A,Red Velvet Cake,167000.0,0,0.22,13,4.6,1
2024-07-19,Supermarket Chain,Tiramisu,121000.0,0,0.215,19,3.9,0
2024-07-19,Supermarket Chain,Cheesecake,100000.0,0,0.17,12,4.0,1
2024-07-19,Supermarket Chain,Macaron,17000.0,1,0.166,11,4.5,1
2024-07-19,Supermarket Chain,Éclair,31000.0,0,0.235,18,3.9,1
2024-07-19,Supermarket Chain,Croissant,18000.0,0,0.247,6,4.0,0
2024-07-19,Supermarket Chain,Red Velvet Cake,132000.0,0,0.239,6,4.2,1
2024-07-20,Paris Baguette,Tiramisu,235000.0,0,0.098,21,4.6,1
2024-07-20,Paris Baguette,Cheesecake,182000.0,0,0.242,14,3.9,1
2024-07-20,Paris Baguette,Macaron,40000.0,0,0.212,15,3.7,1
2024-07-20,Paris Baguette,Éclair,54000.0,0,0.219,10,4.4,1
2024-07-20,Paris Baguette,Croissant,29000.0,1,0.247,9,4.4,1
2024-07-20,Paris Baguette,Red Velvet Cake,256000.0,0,0.102,3,3.9,0
2024-07-20,Tous Les Jours,Tiramisu,215000.0,0,0.165,1,3.7,0
2024-07-20,Tous Les Jours,Cheesecake,178000.0,0,0.102,20,3.6,1
2024-07-20,Tous Les Jours,Macaron,37000.0,0,0.11,9,4.4,1
2024-07-20,Tous Les Jours,Éclair,53000.0,0,0.177,22,4.4,0
2024-07-20,Tous Les Jours,Croissant,28000.0,1,0.097,4,4.2,1
2024-07-20,Tous Les Jours,Red Velvet Cake,256000.0,0,0.135,24,3.6,0
2024-07-20,ABC Bakery,Tiramisu,187000.0,0,0.197,15,4.4,0
2024-07-20,ABC Bakery,Cheesecake,155000.0,0,0.14,4,4.4,0
2024-07-20,ABC Bakery,Macaron,32000.0,0,0.064,11,3.6,0
2024-07-20,ABC Bakery,Éclair,45000.0,0,0.175,9,4.3,1
2024-07-20,ABC Bakery,Croissant,28000.0,0,0.166,6,4.7,1
2024-07-20,ABC Bakery,Red Velvet Cake,197000.0,0,0.166,4,4.3,1
2024-07-20,Givral,Tiramisu,181000.0,0,0.066,11,4.1,0
2024-07-20,Givral,Cheesecake,148000.0,0,0.125,14,4.0,1
2024-07-20,Givral,Macaron,31000.0,0,0.218,22,3.8,0
2024-07-20,Givral,Éclair,42000.0,0,0.108,16,4.3,1
2024-07-20,Givral,Croissant,26000.0,0,0.107,19,4.4,1
2024-07-20,Givral,Red Velvet Cake,194000.0,0,0.179,10,4.7,0
2024-07-20,Local Bakery A,Tiramisu,165000.0,0,0.189,14,4.6,0
2024-07-20,Local Bakery A,Cheesecake,143000.0,0,0.068,1,4.5,0
2024-07-20,Local Bakery A,Macaron,28000.0,0,0.18,6,4.3,0
2024-07-20,Local Bakery A,Éclair,40000.0,0,0.223,16,3.9,0
2024-07-20,Local Bakery A,Croissant,25000.0,0,0.154,4,3.9,0
2024-07-20,Local Bakery A,Red Velvet Cake,181000.0,0,0.236,6,4.6,0
2024-07-20,Supermarket Chain,Tiramisu,110000.0,1,0.215,24,3.9,1
2024-07-20,Supermarket Chain,Cheesecake,76000.0,1,0.239,5,4.2,0
2024-07-20,Supermarket Chain,Macaron,21000.0,0,0.113,9,4.3,0
2024-07-20,Supermarket Chain,Éclair,30000.0,0,0.107,12,4.8,1
2024-07-20,Supermarket Chain,Croissant,15000.0,1,0.204,1,4.6,1
2024-07-20,Supermarket Chain,Red Velvet Cake,147000.0,0,0.197,22,4.3,1
2024-07-21,Paris Baguette,Tiramisu,231000.0,0,0.116,21,4.1,1
2024-07-21,Paris Baguette,Cheesecake,192000.0,0,0.112,17,3.6,1
2024-07-21,Paris Baguette,Macaron,39000.0,0,0.247,1,4.7,1
2024-07-21,Paris Baguette,Éclair,55000.0,0,0.085,24,4.7,1
2024-07-21,Paris Baguette,Croissant,35000.0,0,0.067,23,4.5,0
2024-07-21,Paris Baguette,Red Velvet Cake,248000.0,0,0.104,23,4.5,1
2024-07-21,Tous Les Jours,Tiramisu,232000.0,0,0.066,24,4.1,1
2024-07-21,Tous Les Jours,Cheesecake,182000.0,0,0.204,21,4.0,0
2024-07-21,Tous Les Jours,Macaron,39000.0,0,0.067,15,3.7,0
2024-07-21,Tous Les Jours,Éclair,52000.0,0,0.132,20,4.3,0
2024-07-21,Tous Les Jours,Croissant,33000.0,0,0.23,14,3.5,1
2024-07-21,Tous Les Jours,Red Velvet Cake,236000.0,0,0.231,4,3.8,1
2024-07-21,ABC Bakery,Tiramisu,184000.0,0,0.077,10,3.7,1
2024-07-21,ABC Bakery,Cheesecake,158000.0,0,0.135,14,4.7,1
2024-07-21,ABC Bakery,Macaron,32000.0,0,0.162,5,4.8,1
2024-07-21,ABC Bakery,Éclair,44000.0,0,0.138,19,4.3,1
2024-07-21,ABC Bakery,Croissant,27000.0,0,0.11,11,4.2,0
2024-07-21,ABC Bakery,Red Velvet Cake,203000.0,0,0.194,22,3.7,1
2024-07-21,Givral,Tiramisu,176000.0,0,0.082,23,4.4,1
2024-07-21,Givral,Cheesecake,145000.0,0,0.219,10,4.1,1
2024-07-21,Givral,Macaron,29000.0,0,0.116,20,4.8,1
2024-07-21,Givral,Éclair,43000.0,0,0.177,15,4.2,1
2024-07-21,Givral,Croissant,26000.0,0,0.232,8,4.3,0
2024-07-21,Givral,Red Velvet Cake,195000.0,0,0.161,5,3.5,1
2024-07-21,Local Bakery A,Tiramisu,157000.0,0,0.239,7,4.2,1
2024-07-21,Local Bakery A,Cheesecake,144000.0,0,0.233,6,4.3,1
2024-07-21,Local Bakery A,Macaron,28000.0,0,0.222,18,4.6,0
2024-07-21,Local Bakery A,Éclair,41000.0,0,0.141,2,4.4,1
2024-07-21,Local Bakery A,Croissant,25000.0,0,0.24,22,4.5,1
2024-07-21,Local Bakery A,Red Velvet Cake,185000.0,0,0.05,19,3.6,1
2024-07-21,Supermarket Chain,Tiramisu,121000.0,0,0.142,9,4.3,1
2024-07-21,Supermarket Chain,Cheesecake,102000.0,0,0.088,10,3.6,1
2024-07-21,Supermarket Chain,Macaron,23000.0,0,0.205,13,4.6,1
2024-07-21,Supermarket Chain,Éclair,31000.0,0,0.191,12,4.6,1
2024-07-21,Supermarket Chain,Croissant,20000.0,0,0.19,10,3.8,0
2024-07-21,Supermarket Chain,Red Velvet Cake,140000.0,0,0.082,4,3.9,1
2024-07-22,Paris Baguette,Tiramisu,217000.0,0,0.206,18,4.1,0
2024-07-22,Paris Baguette,Cheesecake,179000.0,0,0.226,8,3.7,0
2024-07-22,Paris Baguette,Macaron,39000.0,0,0.108,7,3.9,1
2024-07-22,Paris Baguette,Éclair,52000.0,0,0.111,11,4.2,0
2024-07-22,Paris Baguette,Croissant,31000.0,0,0.1,21,4.4,1
2024-07-22,Paris Baguette,Red Velvet Cake,198000.0,1,0.082,13,4.7,1
2024-07-22,Tous Les Jours,Tiramisu,210000.0,0,0.073,2,4.2,1
2024-07-22,Tous Les Jours,Cheesecake,178000.0,0,0.19,1,4.1,1
2024-07-22,Tous Les Jours,Macaron,37000.0,0,0.084,8,4.1,1
2024-07-22,Tous Les Jours,Éclair,54000.0,0,0.17,18,4.5,0
2024-07-22,Tous Les Jours,Croissant,32000.0,0,0.231,8,3.5,0
2024-07-22,Tous Les Jours,Red Velvet Cake,234000.0,0,0.055,15,3.6,1
2024-07-22,ABC Bakery,Tiramisu,171000.0,0,0.166,14,3.6,1
2024-07-22,ABC Bakery,Cheesecake,146000.0,0,0.115,13,4.2,1
2024-07-22,ABC Bakery,Macaron,26000.0,1,0.225,13,4.7,1
2024-07-22,ABC Bakery,Éclair,41000.0,0,0.081,20,3.5,1
2024-07-22,ABC Bakery,Croissant,27000.0,0,0.104,9,3.7,1
2024-07-22,ABC Bakery,Red Velvet Cake,143000.0,1,0.099,24,4.5,1
2024-07-22,Givral,Tiramisu,164000.0,0,0.082,15,4.5,1
2024-07-22,Givral,Cheesecake,142000.0,0,0.077,22,4.7,1
2024-07-22,Givral,Macaron,28000.0,0,0.092,1,4.7,1
2024-07-22,Givral,Éclair,40000.0,0,0.156,5,4.7,1
2024-07-22,Givral,Croissant,26000.0,0,0.233,12,3.7,1
2024-07-22,Givral,Red Velvet Cake,173000.0,0,0.147,2,3.6,1
2024-07-22,Local Bakery A,Tiramisu,155000.0,0,0.225,18,4.4,1
2024-07-22,Local Bakery A,Cheesecake,131000.0,0,0.184,9,4.6,1
2024-07-22,Local Bakery A,Macaron,26000.0,0,0.195,13,3.6,0
2024-07-22,Local Bakery A,Éclair,39000.0,0,0.179,13,4.0,1
2024-07-22,Local Bakery A,Croissant,22000.0,0,0.167,12,4.5,1
2024-07-22,Local Bakery A,Red Velvet Cake,177000.0,0,0.116,17,4.1,1
2024-07-22,Supermarket Chain,Tiramisu,126000.0,0,0.131,24,3.7,1
2024-07-22,Supermarket Chain,Cheesecake,101000.0,0,0.241,14,4.2,1
2024-07-22,Supermarket Chain,Macaron,21000.0,0,0.223,22,4.1,0
2024-07-22,Supermarket Chain,Éclair,21000.0,1,0.137,9,3.5,0
2024-07-22,Supermarket Chain,Croissant,16000.0,1,0.149,13,4.6,1
2024-07-22,Supermarket Chain,Red Velvet Cake,130000.0,0,0.082,12,3.7,1
2024-07-23,Paris Baguette,Tiramisu,225000.0,0,0.155,14,3.5,0
2024-07-23,Paris Baguette,Cheesecake,182000.0,0,0.206,4,3.5,1
2024-07-23,Paris Baguette,Macaron,37000.0,0,0.057,1,3.7,1
2024-07-23,Paris Baguette,Éclair,54000.0,0,0.088,18,4.4,1
2024-07-23,Paris Baguette,Croissant,33000.0,0,0.163,7,3.7,1
2024-07-23,Paris Baguette,Red Velvet Cake,234000.0,0,0.081,7,4.6,1
2024-07-23,Tous Les Jours,Tiramisu,193000.0,0,0.175,6,4.5,1
2024-07-23,Tous Les Jours,Cheesecake,154000.0,1,0.211,19,3.8,0
2024-07-23,Tous Les Jours,Macaron,36000.0,0,0.064,6,3.6,1
2024-07-23,Tous Les Jours,Éclair,55000.0,0,0.112,4,3.9,1
2024-07-23,Tous Les Jours,Croissant,25000.0,1,0.148,21,4.3,1
2024-07-23,Tous Les Jours,Red Velvet Cake,228000.0,0,0.159,1,4.0,0
2024-07-23,ABC Bakery,Tiramisu,178000.0,0,0.084,4,4.3,1
2024-07-23,ABC Bakery,Cheesecake,144000.0,0,0.097,13,3.9,1
2024-07-23,ABC Bakery,Macaron,30000.0,0,0.163,13,4.6,1
2024-07-23,ABC Bakery,Éclair,43000.0,0,0.053,2,3.9,0
2024-07-23,ABC Bakery,Croissant,26000.0,0,0.164,12,3.8,0
2024-07-23,ABC Bakery,Red Velvet Cake,194000.0,0,0.168,4,3.9,1
2024-07-23,Givral,Tiramisu,166000.0,0,0.159,17,3.9,1
2024-07-23,Givral,Cheesecake,132000.0,0,0.235,10,3.5,1
2024-07-23,Givral,Macaron,28000.0,0,0.246,9,3.9,1
2024-07-23,Givral,Éclair,39000.0,0,0.137,10,3.5,0
2024-07-23,Givral,Croissant,25000.0,0,0.209,3,4.5,0
2024-07-23,Givral,Red Velvet Cake,176000.0,0,0.2,8,3.7,1
2024-07-23,Local Bakery A,Tiramisu,154000.0,0,0.213,17,3.6,1
2024-07-23,Local Bakery A,Cheesecake,135000.0,0,0.173,1,4.2,1
2024-07-23,Local Bakery A,Macaron,24000.0,1,0.249,18,3.6,0
2024-07-23,Local Bakery A,Éclair,38000.0,0,0.12,6,4.7,0
2024-07-23,Local Bakery A,Croissant,24000.0,0,0.142,10,4.2,1
2024-07-23,Local Bakery A,Red Velvet Cake,170000.0,0,0.242,14,3.7,1
2024-07-23,Supermarket Chain,Tiramisu,122000.0,0,0.189,9,4.8,1
2024-07-23,Supermarket Chain,Cheesecake,97000.0,1,0.143,1,3.7,1
2024-07-23,Supermarket Chain,Macaron,22000.0,0,0.199,19,4.8,1
2024-07-23,Supermarket Chain,Éclair,31000.0,0,0.062,7,3.7,1
2024-07-23,Supermarket Chain,Croissant,18000.0,0,0.147,6,4.0,0
2024-07-23,Supermarket Chain,Red Velvet Cake,131000.0,0,0.112,22,4.7,0
2024-07-24,Paris Baguette,Tiramisu,215000.0,0,0.223,23,4.6,0
2024-07-24,Paris Baguette,Cheesecake,175000.0,0,0.122,2,3.9,1
2024-07-24,Paris Baguette,Macaron,36000.0,0,0.177,3,4.2,0
2024-07-24,Paris Baguette,Éclair,55000.0,0,0.064,16,4.1,1
2024-07-24,Paris Baguette,Croissant,33000.0,0,0.156,24,3.5,1
2024-07-24,Paris Baguette,Red Velvet Cake,235000.0,0,0.235,22,3.5,1
2024-07-24,Tous Les Jours,Tiramisu,201000.0,0,0.191,18,4.4,1
2024-07-24,Tous Les Jours,Cheesecake,182000.0,0,0.172,19,4.8,0
2024-07-24,Tous Les Jours,Macaron,37000.0,0,0.212,15,4.5,1
2024-07-24,Tous Les Jours,Éclair,50000.0,0,0.074,1,4.8,0
2024-07-24,Tous Les Jours,Croissant,32000.0,0,0.171,15,3.7,1
2024-07-24,Tous Les Jours,Red Velvet Cake,217000.0,0,0.06,2,4.1,1
2024-07-24,ABC Bakery,Tiramisu,165000.0,0,0.089,15,4.1,1
2024-07-24,ABC Bakery,Cheesecake,148000.0,0,0.174,8,4.1,0
2024-07-24,ABC Bakery,Macaron,29000.0,0,0.192,9,4.4,0
2024-07-24,ABC Bakery,Éclair,45000.0,0,0.076,23,3.7,0
2024-07-24,ABC Bakery,Croissant,26000.0,0,0.243,19,4.6,1
2024-07-24,ABC Bakery,Red Velvet Cake,196000.0,0,0.213,11,4.7,1
2024-07-24,Givral,Tiramisu,162000.0,0,0.163,8,3.9,1
2024-07-24,Givral,Cheesecake,136000.0,0,0.164,10,4.1,1
2024-07-24,Givral,Macaron,28000.0,0,0.199,4,4.4,1
2024-07-24,Givral,Éclair,40000.0,0,0.159,20,4.0,1
2024-07-24,Givral,Croissant,26000.0,0,0.214,15,3.6,1
2024-07-24,Givral,Red Velvet Cake,173000.0,0,0.175,3,3.5,1
2024-07-24,Local Bakery A,Tiramisu,156000.0,0,0.166,22,4.6,1
2024-07-24,Local Bakery A,Cheesecake,134000.0,0,0.143,18,4.3,1
2024-07-24,Local Bakery A,Macaron,27000.0,0,0.214,22,4.1,1
2024-07-24,Local Bakery A,Éclair,39000.0,0,0.139,15,3.6,0
2024-07-24,Local Bakery A,Croissant,24000.0,0,0.128,15,3.7,1
2024-07-24,Local Bakery A,Red Velvet Cake,164000.0,0,0.055,6,4.8,1
2024-07-24,Supermarket Chain,Tiramisu,116000.0,0,0.215,21,4.3,1
2024-07-24,Supermarket Chain,Cheesecake,104000.0,0,0.084,20,4.3,1
2024-07-24,Supermarket Chain,Macaron,15000.0,1,0.153,19,3.9,1
2024-07-24,Supermarket Chain,Éclair,30000.0,0,0.207,22,4.0,1
2024-07-24,Supermarket Chain,Croissant,14000.0,1,0.177,6,3.8,0
2024-07-24,Supermarket Chain,Red Velvet Cake,94000.0,1,0.101,13,3.5,0
2024-07-25,Paris Baguette,Tiramisu,219000.0,0,0.092,17,3.5,0
2024-07-25,Paris Baguette,Cheesecake,181000.0,0,0.058,1,4.5,0
2024-07-25,Paris Baguette,Macaron,36000.0,0,0.197,22,4.3,1
2024-07-25,Paris Baguette,Éclair,53000.0,0,0.242,21,3.8,1
2024-07-25,Paris Baguette,Croissant,32000.0,0,0.231,5,4.8,1
2024-07-25,Paris Baguette,Red Velvet Cake,228000.0,0,0.163,1,4.1,0
2024-07-25,Tous Les Jours,Tiramisu,202000.0,0,0.226,17,4.0,1
2024-07-25,Tous Les Jours,Cheesecake,177000.0,0,0.079,24,4.0,1
2024-07-25,Tous Les Jours,Macaron,31000.0,1,0.19,3,4.5,0
2024-07-25,Tous Les Jours,Éclair,53000.0,0,0.233,7,3.8,1
2024-07-25,Tous Les Jours,Croissant,30000.0,0,0.183,9,4.7,1
2024-07-25,Tous Les Jours,Red Velvet Cake,238000.0,0,0.096,4,3.6,0
2024-07-25,ABC Bakery,Tiramisu,171000.0,0,0.143,18,3.5,1
2024-07-25,ABC Bakery,Cheesecake,154000.0,0,0.113,15,4.0,1
2024-07-25,ABC Bakery,Macaron,31000.0,0,0.098,19,3.7,0
2024-07-25,ABC Bakery,Éclair,43000.0,0,0.056,7,4.3,1
2024-07-25,ABC Bakery,Croissant,25000.0,0,0.185,10,4.0,1
2024-07-25,ABC Bakery,Red Velvet Cake,192000.0,0,0.055,7,4.7,1
2024-07-25,Givral,Tiramisu,159000.0,0,0.083,9,4.7,1
2024-07-25,Givral,Cheesecake,140000.0,0,0.101,9,4.4,1
2024-07-25,Givral,Macaron,29000.0,0,0.248,9,4.8,1
2024-07-25,Givral,Éclair,29000.0,1,0.243,20,3.7,1
2024-07-25,Givral,Croissant,24000.0,0,0.101,3,3.5,0
2024-07-25,Givral,Red Velvet Cake,174000.0,0,0.223,18,3.7,0
2024-07-25,Local Bakery A,Tiramisu,154000.0,0,0.138,1,3.5,1
2024-07-25,Local Bakery A,Cheesecake,128000.0,0,0.063,10,3.8,1
2024-07-25,Local Bakery A,Macaron,26000.0,0,0.123,17,4.4,1
2024-07-25,Local Bakery A,Éclair,38000.0,0,0.203,4,3.6,0
2024-07-25,Local Bakery A,Croissant,24000.0,0,0.193,3,3.9,0
2024-07-25,Local Bakery A,Red Velvet Cake,176000.0,0,0.213,10,4.4,1
2024-07-25,Supermarket Chain,Tiramisu,115000.0,0,0.219,7,4.2,1
2024-07-25,Supermarket Chain,Cheesecake,104000.0,0,0.063,19,3.6,1
2024-07-25,Supermarket Chain,Macaron,20000.0,0,0.054,16,4.6,1
2024-07-25,Supermarket Chain,Éclair,31000.0,0,0.08,12,4.1,1
2024-07-25,Supermarket Chain,Croissant,19000.0,0,0.137,14,3.7,1
2024-07-25,Supermarket Chain,Red Velvet Cake,134000.0,0,0.195,14,3.7,1
2024-07-26,Paris Baguette,Tiramisu,218000.0,0,0.071,20,3.8,1
2024-07-26,Paris Baguette,Cheesecake,132000.0,1,0.13,4,4.1,0
2024-07-26,Paris Baguette,Macaron,36000.0,0,0.064,19,3.6,1
2024-07-26,Paris Baguette,Éclair,52000.0,0,0.136,12,3.5,1
2024-07-26,Paris Baguette,Croissant,34000.0,0,0.243,12,4.2,1
2024-07-26,Paris Baguette,Red Velvet Cake,233000.0,0,0.23,2,4.1,0
2024-07-26,Tous Les Jours,Tiramisu,215000.0,0,0.15,20,4.5,0
2024-07-26,Tous Les Jours,Cheesecake,169000.0,0,0.115,10,4.3,1
2024-07-26,Tous Les Jours,Macaron,37000.0,0,0.096,21,4.6,1
2024-07-26,Tous Les Jours,Éclair,50000.0,0,0.196,14,4.2,0
2024-07-26,Tous Les Jours,Croissant,31000.0,0,0.075,24,3.9,0
2024-07-26,Tous Les Jours,Red Velvet Cake,218000.0,0,0.173,22,3.8,1
2024-07-26,ABC Bakery,Tiramisu,169000.0,0,0.186,4,3.6,1
2024-07-26,ABC Bakery,Cheesecake,145000.0,0,0.094,4,3.8,1
2024-07-26,ABC Bakery,Macaron,25000.0,1,0.123,10,4.6,1
2024-07-26,ABC Bakery,Éclair,44000.0,0,0.242,23,4.6,1
2024-07-26,ABC Bakery,Croissant,21000.0,1,0.083,4,4.3,1
2024-07-26,ABC Bakery,Red Velvet Cake,188000.0,0,0.159,17,4.3,0
2024-07-26,Givral,Tiramisu,162000.0,0,0.113,7,4.0,1
2024-07-26,Givral,Cheesecake,142000.0,0,0.217,9,4.0,1
2024-07-26,Givral,Macaron,27000.0,0,0.121,16,4.5,1
2024-07-26,Givral,Éclair,41000.0,0,0.058,3,4.7,1
2024-07-26,Givral,Croissant,26000.0,0,0.235,7,4.3,0
2024-07-26,Givral,Red Velvet Cake,180000.0,0,0.233,9,4.2,0
2024-07-26,Local Bakery A,Tiramisu,151000.0,0,0.173,15,4.4,0
2024-07-26,Local Bakery A,Cheesecake,131000.0,0,0.232,14,4.3,1
2024-07-26,Local Bakery A,Macaron,27000.0,0,0.102,13,3.8,1
2024-07-26,Local Bakery A,Éclair,38000.0,0,0.121,7,4.5,1
2024-07-26,Local Bakery A,Croissant,23000.0,0,0.114,5,3.9,1
2024-07-26,Local Bakery A,Red Velvet Cake,166000.0,0,0.221,16,3.9,0
2024-07-26,Supermarket Chain,Tiramisu,123000.0,0,0.173,1,4.5,1
2024-07-26,Supermarket Chain,Cheesecake,107000.0,0,0.177,20,4.2,0
2024-07-26,Supermarket Chain,Macaron,21000.0,0,0.23,4,4.6,1
2024-07-26,Supermarket Chain,Éclair,30000.0,0,0.124,6,4.5,0
2024-07-26,Supermarket Chain,Croissant,18000.0,0,0.205,8,4.7,1
2024-07-26,Supermarket Chain,Red Velvet Cake,91000.0,1,0.206,6,4.8,1
2024-07-27,Paris Baguette,Tiramisu,178000.0,1,0.237,2,4.6,1
2024-07-27,Paris Baguette,Cheesecake,190000.0,0,0.232,12,4.0,0
2024-07-27,Paris Baguette,Macaron,41000.0,0,0.184,4,4.3,0
2024-07-27,Paris Baguette,Éclair,55000.0,0,0.165,7,4.3,1
2024-07-27,Paris Baguette,Croissant,34000.0,0,0.211,21,3.6,1
2024-07-27,Paris Baguette,Red Velvet Cake,249000.0,0,0.214,3,4.7,0
2024-07-27,Tous Les Jours,Tiramisu,214000.0,0,0.127,7,4.6,1
2024-07-27,Tous Les Jours,Cheesecake,182000.0,0,0.109,3,4.6,0
2024-07-27,Tous Les Jours,Macaron,39000.0,0,0.184,1,4.3,1
2024-07-27,Tous Les Jours,Éclair,56000.0,0,0.244,15,3.7,1
2024-07-27,Tous Les Jours,Croissant,32000.0,0,0.161,17,3.6,0
2024-07-27,Tous Les Jours,Red Velvet Cake,239000.0,0,0.162,22,4.6,0
2024-07-27,ABC Bakery,Tiramisu,181000.0,0,0.101,14,3.7,1
2024-07-27,ABC Bakery,Cheesecake,125000.0,1,0.156,3,3.8,1
2024-07-27,ABC Bakery,Macaron,33000.0,0,0.068,14,4.2,1
2024-07-27,ABC Bakery,Éclair,42000.0,0,0.203,14,4.5,0
2024-07-27,ABC Bakery,Croissant,27000.0,0,0.077,5,4.5,1
2024-07-27,ABC Bakery,Red Velvet Cake,193000.0,0,0.055,7,4.2,0
2024-07-27,Givral,Tiramisu,173000.0,0,0.23,11,3.7,1
2024-07-27,Givral,Cheesecake,138000.0,0,0.129,14,3.5,0
2024-07-27,Givral,Macaron,30000.0,0,0.11,21,4.5,0
2024-07-27,Givral,Éclair,42000.0,0,0.181,16,4.4,1
2024-07-27,Givral,Croissant,27000.0,0,0.089,12,4.1,1
2024-07-27,Givral,Red Velvet Cake,137000.0,1,0.166,8,3.6,1
2024-07-27,Local Bakery A,Tiramisu,162000.0,0,0.092,12,4.1,0
2024-07-27,Local Bakery A,Cheesecake,139000.0,0,0.076,17,3.9,1
2024-07-27,Local Bakery A,Macaron,28000.0,0,0.133,17,3.6,1
2024-07-27,Local Bakery A,Éclair,39000.0,0,0.051,17,3.7,1
2024-07-27,Local Bakery A,Croissant,25000.0,0,0.138,23,3.7,1
2024-07-27,Local Bakery A,Red Velvet Cake,168000.0,0,0.235,14,3.9,1
2024-07-27,Supermarket Chain,Tiramisu,121000.0,0,0.071,9,3.7,1
2024-07-27,Supermarket Chain,Cheesecake,81000.0,1,0.075,18,4.6,1
2024-07-27,Supermarket Chain,Macaron,23000.0,0,0.095,8,3.7,1
2024-07-27,Supermarket Chain,Éclair,27000.0,1,0.052,17,3.8,1
2024-07-27,Supermarket Chain,Croissant,19000.0,0,0.181,9,4.1,0
2024-07-27,Supermarket Chain,Red Velvet Cake,141000.0,0,0.102,13,3.6,1
2024-07-28,Paris Baguette,Tiramisu,230000.0,0,0.227,12,4.6,1
2024-07-28,Paris Baguette,Cheesecake,194000.0,0,0.129,10,4.1,1
2024-07-28,Paris Baguette,Macaron,40000.0,0,0.215,1,4.5,0
2024-07-28,Paris Baguette,Éclair,56000.0,0,0.216,13,4.8,1
2024-07-28,Paris Baguette,Croissant,29000.0,1,0.196,7,4.4,1
2024-07-28,Paris Baguette,Red Velvet Cake,254000.0,0,0.196,20,3.8,0
2024-07-28,Tous Les Jours,Tiramisu,220000.0,0,0.118,15,4.7,0
2024-07-28,Tous Les Jours,Cheesecake,172000.0,0,0.147,6,4.1,1
2024-07-28,Tous Les Jours,Macaron,38000.0,0,0.248,23,3.6,1
2024-07-28,Tous Les Jours,Éclair,55000.0,0,0.102,11,4.7,1
2024-07-28,Tous Les Jours,Croissant,32000.0,0,0.142,18,4.6,1
2024-07-28,Tous Les Jours,Red Velvet Cake,231000.0,0,0.1,12,3.7,1
2024-07-28,ABC Bakery,Tiramisu,185000.0,0,0.098,20,3.7,0
2024-07-28,ABC Bakery,Cheesecake,110000.0,1,0.121,1,3.7,1
2024-07-28,ABC Bakery,Macaron,31000.0,0,0.147,1,4.5,1
2024-07-28,ABC Bakery,Éclair,44000.0,0,0.092,2,3.8,1
2024-07-28,ABC Bakery,Croissant,27000.0,0,0.23,14,3.6,1
2024-07-28,ABC Bakery,Red Velvet Cake,207000.0,0,0.223,19,4.6,1
2024-07-28,Givral,Tiramisu,175000.0,0,0.169,16,4.7,1
2024-07-28,Givral,Cheesecake,143000.0,0,0.055,15,4.5,1
2024-07-28,Givral,Macaron,30000.0,0,0.069,20,4.1,1
2024-07-28,Givral,Éclair,43000.0,0,0.052,15,4.6,0
2024-07-28,Givral,Croissant,25000.0,0,0.128,15,3.9,1
2024-07-28,Givral,Red Velvet Cake,190000.0,0,0.176,5,4.4,1
2024-07-28,Local Bakery A,Tiramisu,165000.0,0,0.19,22,4.4,1
2024-07-28,Local Bakery A,Cheesecake,100000.0,1,0.23,20,4.0,1
2024-07-28,Local Bakery A,Macaron,27000.0,0,0.11,22,4.6,1
2024-07-28,Local Bakery A,Éclair,39000.0,0,0.221,10,4.5,1
2024-07-28,Local Bakery A,Croissant,24000.0,0,0.109,4,4.0,1
2024-07-28,Local Bakery A,Red Velvet Cake,180000.0,0,0.059,18,4.5,1
2024-07-28,Supermarket Chain,Tiramisu,123000.0,0,0.134,24,3.7,0
2024-07-28,Supermarket Chain,Cheesecake,119000.0,0,0.116,11,3.9,1
2024-07-28,Supermarket Chain,Macaron,22000.0,0,0.126,2,4.0,0
2024-07-28,Supermarket Chain,Éclair,24000.0,1,0.205,3,3.5,0
2024-07-28,Supermarket Chain,Croissant,18000.0,1,0.249,16,4.7,1
2024-07-28,Supermarket Chain,Red Velvet Cake,147000.0,0,0.072,22,3.6,1
2024-07-29,Paris Baguette,Tiramisu,164000.0,1,0.176,9,4.7,0
2024-07-29,Paris Baguette,Cheesecake,141000.0,1,0.052,17,4.3,1
2024-07-29,Paris Baguette,Macaron,39000.0,0,0.123,7,3.6,1
2024-07-29,Paris Baguette,Éclair,43000.0,1,0.076,5,3.6,0
2024-07-29,Paris Baguette,Croissant,26000.0,1,0.064,8,3.8,0
2024-07-29,Paris Baguette,Red Velvet Cake,229000.0,0,0.187,17,4.0,1
2024-07-29,Tous Les Jours,Tiramisu,194000.0,0,0.08,20,4.0,1
2024-07-29,Tous Les Jours,Cheesecake,176000.0,0,0.055,17,4.6,1
2024-07-29,Tous Les Jours,Macaron,36000.0,0,0.06,16,4.3,1
2024-07-29,Tous Les Jours,Éclair,44000.0,1,0.056,1,4.0,1
2024-07-29,Tous Les Jours,Croissant,30000.0,0,0.222,19,4.4,0
2024-07-29,Tous Les Jours,Red Velvet Cake,239000.0,0,0.139,12,4.3,1
2024-07-29,ABC Bakery,Tiramisu,167000.0,0,0.141,16,4.4,0
2024-07-29,ABC Bakery,Cheesecake,143000.0,0,0.141,22,3.5,1
2024-07-29,ABC Bakery,Macaron,31000.0,0,0.171,23,4.4,0
2024-07-29,ABC Bakery,Éclair,43000.0,0,0.123,13,4.2,0
2024-07-29,ABC Bakery,Croissant,26000.0,0,0.106,17,4.1,1
2024-07-29,ABC Bakery,Red Velvet Cake,193000.0,0,0.15,1,4.6,1
2024-07-29,Givral,Tiramisu,162000.0,0,0.21,2,4.8,0
2024-07-29,Givral,Cheesecake,143000.0,0,0.217,21,3.5,1
2024-07-29,Givral,Macaron,27000.0,0,0.21,14,4.4,1
2024-07-29,Givral,Éclair,40000.0,0,0.147,4,4.5,0
2024-07-29,Givral,Croissant,24000.0,0,0.064,15,4.3,1
2024-07-29,Givral,Red Velvet Cake,181000.0,0,0.129,11,3.8,0
2024-07-29,Local Bakery A,Tiramisu,156000.0,0,0.127,10,4.0,1
2024-07-29,Local Bakery A,Cheesecake,93000.0,1,0.117,6,4.1,0
2024-07-29,Local Bakery A,Macaron,26000.0,0,0.166,23,3.6,0
2024-07-29,Local Bakery A,Éclair,38000.0,0,0.241,2,4.7,1
2024-07-29,Local Bakery A,Croissant,22000.0,0,0.187,3,3.7,1
2024-07-29,Local Bakery A,Red Velvet Cake,168000.0,0,0.11,14,3.9,1
2024-07-29,Supermarket Chain,Tiramisu,122000.0,0,0.158,10,4.7,1
2024-07-29,Supermarket Chain,Cheesecake,93000.0,0,0.162,23,3.5,1
2024-07-29,Supermarket Chain,Macaron,22000.0,0,0.188,17,4.5,1
2024-07-29,Supermarket Chain,Éclair,25000.0,1,0.06,10,3.7,1
2024-07-29,Supermarket Chain,Croissant,20000.0,0,0.128,17,4.0,0
2024-07-29,Supermarket Chain,Red Velvet Cake,132000.0,0,0.177,12,3.9,1
2024-07-30,Paris Baguette,Tiramisu,217000.0,0,0.148,13,4.5,1
2024-07-30,Paris Baguette,Cheesecake,168000.0,1,0.221,2,4.3,0
2024-07-30,Paris Baguette,Macaron,38000.0,0,0.221,16,4.8,1
2024-07-30,Paris Baguette,Éclair,51000.0,0,0.181,22,4.3,1
2024-07-30,Paris Baguette,Croissant,31000.0,0,0.125,2,3.6,0
2024-07-30,Paris Baguette,Red Velvet Cake,214000.0,0,0.233,12,4.4,0
2024-07-30,Tous Les Jours,Tiramisu,207000.0,0,0.19,23,3.6,0
2024-07-30,Tous Les Jours,Cheesecake,171000.0,0,0.126,14,3.5,1
2024-07-30,Tous Les Jours,Macaron,36000.0,0,0.2,17,4.8,1
2024-07-30,Tous Les Jours,Éclair,40000.0,1,0.208,24,4.3,1
2024-07-30,Tous Les Jours,Croissant,32000.0,0,0.208,22,3.9,0
2024-07-30,Tous Les Jours,Red Velvet Cake,226000.0,0,0.187,22,4.4,1
2024-07-30,ABC Bakery,Tiramisu,175000.0,0,0.119,23,4.0,1
2024-07-30,ABC Bakery,Cheesecake,149000.0,0,0.144,5,4.3,1
2024-07-30,ABC Bakery,Macaron,31000.0,0,0.098,3,4.5,1
2024-07-30,ABC Bakery,Éclair,42000.0,0,0.238,6,3.9,0
2024-07-30,ABC Bakery,Croissant,27000.0,0,0.242,19,4.6,1
2024-07-30,ABC Bakery,Red Velvet Cake,187000.0,0,0.148,20,3.8,0
2024-07-30,Givral,Tiramisu,161000.0,0,0.063,15,3.6,0
2024-07-30,Givral,Cheesecake,135000.0,0,0.125,5,4.4,0
2024-07-30,Givral,Macaron,24000.0,1,0.136,10,4.7,1
2024-07-30,Givral,Éclair,39000.0,0,0.224,5,3.9,1
2024-07-30,Givral,Croissant,24000.0,0,0.197,3,4.5,1
2024-07-30,Givral,Red Velvet Cake,184000.0,0,0.144,9,4.1,1
2024-07-30,Local Bakery A,Tiramisu,151000.0,0,0.166,14,3.8,1
2024-07-30,Local Bakery A,Cheesecake,138000.0,0,0.197,7,4.4,1
2024-07-30,Local Bakery A,Macaron,27000.0,0,0.09,17,3.9,1
2024-07-30,Local Bakery A,Éclair,39000.0,0,0.18,23,4.3,1
2024-07-30,Local Bakery A,Croissant,24000.0,0,0.18,4,3.6,1
2024-07-30,Local Bakery A,Red Velvet Cake,165000.0,0,0.208,10,3.7,1
2024-07-30,Supermarket Chain,Tiramisu,117000.0,0,0.05,22,4.0,1
2024-07-30,Supermarket Chain,Cheesecake,102000.0,0,0.135,17,4.0,0
2024-07-30,Supermarket Chain,Macaron,21000.0,0,0.219,1,4.4,1
2024-07-30,Supermarket Chain,Éclair,26000.0,1,0.079,24,3.9,1
2024-07-30,Supermarket Chain,Croissant,18000.0,0,0.057,7,4.7,1
2024-07-30,Supermarket Chain,Red Velvet Cake,132000.0,0,0.142,14,3.9,0
2024-07-31,Paris Baguette,Tiramisu,212000.0,0,0.111,22,4.0,1
2024-07-31,Paris Baguette,Cheesecake,147000.0,1,0.164,4,4.8,1
2024-07-31,Paris Baguette,Macaron,37000.0,0,0.12,11,4.4,1
2024-07-31,Paris Baguette,Éclair,54000.0,0,0.092,15,3.8,1
2024-07-31,Paris Baguette,Croissant,33000.0,0,0.094,7,4.8,0
2024-07-31,Paris Baguette,Red Velvet Cake,244000.0,0,0.055,12,4.1,0
2024-07-31,Tous Les Jours,Tiramisu,214000.0,0,0.063,5,4.4,1
2024-07-31,Tous Les Jours,Cheesecake,174000.0,0,0.205,24,4.2,1
2024-07-31,Tous Les Jours,Macaron,36000.0,0,0.223,16,4.8,1
2024-07-31,Tous Les Jours,Éclair,53000.0,0,0.158,11,4.7,0
2024-07-31,Tous Les Jours,Croissant,31000.0,0,0.081,8,4.4,1
2024-07-31,Tous Les Jours,Red Velvet Cake,221000.0,0,0.168,5,3.5,1
2024-07-31,ABC Bakery,Tiramisu,177000.0,0,0.225,9,3.8,0
2024-07-31,ABC Bakery,Cheesecake,122000.0,1,0.139,19,4.0,0
2024-07-31,ABC Bakery,Macaron,31000.0,0,0.221,4,4.3,0
2024-07-31,ABC Bakery,Éclair,41000.0,0,0.226,24,4.1,1
2024-07-31,ABC Bakery,Croissant,24000.0,0,0.174,24,3.9,1
2024-07-31,ABC Bakery,Red Velvet Cake,190000.0,0,0.139,6,3.7,1
2024-07-31,Givral,Tiramisu,160000.0,0,0.18,6,3.6,0
2024-07-31,Givral,Cheesecake,146000.0,0,0.115,13,4.7,0
2024-07-31,Givral,Macaron,30000.0,0,0.237,24,3.8,1
2024-07-31,Givral,Éclair,41000.0,0,0.212,15,3.6,1
2024-07-31,Givral,Croissant,25000.0,0,0.177,3,4.1,1
2024-07-31,Givral,Red Velvet Cake,179000.0,0,0.136,5,3.8,1
2024-07-31,Local Bakery A,Tiramisu,153000.0,0,0.071,9,3.6,1
2024-07-31,Local Bakery A,Cheesecake,131000.0,0,0.199,1,4.4,1
2024-07-31,Local Bakery A,Macaron,26000.0,0,0.108,7,4.1,0
2024-07-31,Local Bakery A,Éclair,38000.0,0,0.103,14,4.3,1
2024-07-31,Local Bakery A,Croissant,23000.0,0,0.131,6,4.2,1
2024-07-31,Local Bakery A,Red Velvet Cake,167000.0,0,0.088,24,4.2,0
2024-07-31,Supermarket Chain,Tiramisu,120000.0,0,0.124,5,4.3,1
2024-07-31,Supermarket Chain,Cheesecake,81000.0,1,0.117,7,4.1,0
2024-07-31,Supermarket Chain,Macaron,22000.0,0,0.218,7,3.9,1
2024-07-31,Supermarket Chain,Éclair,29000.0,0,0.162,8,4.4,1
2024-07-31,Supermarket Chain,Croissant,18000.0,0,0.11,22,4.2,1
2024-07-31,Supermarket Chain,Red Velvet Cake,128000.0,0,0.111,19,4.3,1
2024-08-01,Paris Baguette,Tiramisu,177000.0,1,0.233,4,4.6,1
2024-08-01,Paris Baguette,Cheesecake,155000.0,1,0.154,2,3.6,1
2024-08-01,Paris Baguette,Macaron,38000.0,0,0.091,14,4.0,0
2024-08-01,Paris Baguette,Éclair,54000.0,0,0.094,3,4.1,1
2024-08-01,Paris Baguette,Croissant,31000.0,0,0.24,8,3.7,1
2024-08-01,Paris Baguette,Red Velvet Cake,231000.0,0,0.242,24,4.4,0
2024-08-01,Tous Les Jours,Tiramisu,212000.0,0,0.215,18,4.4,1
2024-08-01,Tous Les Jours,Cheesecake,173000.0,0,0.189,21,3.9,0
2024-08-01,Tous Les Jours,Macaron,38000.0,0,0.067,19,4.4,0
2024-08-01,Tous Les Jours,Éclair,44000.0,1,0.106,21,4.1,0
2024-08-01,Tous Les Jours,Croissant,30000.0,0,0.107,6,3.7,0
2024-08-01,Tous Les Jours,Red Velvet Cake,167000.0,1,0.115,7,4.2,0
2024-08-01,ABC Bakery,Tiramisu,169000.0,0,0.157,15,3.9,1
2024-08-01,ABC Bakery,Cheesecake,156000.0,0,0.099,22,4.6,1
2024-08-01,ABC Bakery,Macaron,30000.0,0,0.072,12,4.2,1
2024-08-01,ABC Bakery,Éclair,42000.0,0,0.198,12,4.0,1
2024-08-01,ABC Bakery,Croissant,20000.0,1,0.11,10,4.3,1
2024-08-01,ABC Bakery,Red Velvet Cake,197000.0,0,0.095,9,4.0,0
2024-08-01,Givral,Tiramisu,151000.0,0,0.188,6,3.7,1
2024-08-01,Givral,Cheesecake,129000.0,1,0.225,22,3.5,0
2024-08-01,Givral,Macaron,30000.0,0,0.144,10,4.3,1
2024-08-01,Givral,Éclair,41000.0,0,0.143,8,4.1,1
2024-08-01,Givral,Croissant,22000.0,0,0.083,11,4.5,1
2024-08-01,Givral,Red Velvet Cake,180000.0,0,0.241,19,4.4,1
2024-08-01,Local Bakery A,Tiramisu,150000.0,0,0.206,18,4.1,1
2024-08-01,Local Bakery A,Cheesecake,130000.0,0,0.081,17,4.8,1
2024-08-01,Local Bakery A,Macaron,28000.0,0,0.209,9,4.4,1
2024-08-01,Local Bakery A,Éclair,39000.0,0,0.183,24,4.2,1
2024-08-01,Local Bakery A,Croissant,23000.0,0,0.211,7,4.3,0
2024-08-01,Local Bakery A,Red Velvet Cake,177000.0,0,0.113,19,4.6,0
2024-08-01,Supermarket Chain,Tiramisu,97000.0,1,0.114,24,3.6,0
2024-08-01,Supermarket Chain,Cheesecake,85000.0,1,0.231,7,4.1,1
2024-08-01,Supermarket Chain,Macaron,21000.0,0,0.109,17,3.5,1
2024-08-01,Supermarket Chain,Éclair,30000.0,0,0.214,12,3.8,1
2024-08-01,Supermarket Chain,Croissant,18000.0,0,0.05,14,4.3,1
2024-08-01,Supermarket Chain,Red Velvet Cake,138000.0,0,0.247,12,4.0,0
2024-08-02,Paris Baguette,Tiramisu,213000.0,0,0.228,21,4.0,0
2024-08-02,Paris Baguette,Cheesecake,179000.0,0,0.081,3,4.3,1
2024-08-02,Paris Baguette,Macaron,36000.0,0,0.051,15,3.8,0
2024-08-02,Paris Baguette,Éclair,53000.0,0,0.139,21,4.0,1
2024-08-02,Paris Baguette,Croissant,32000.0,0,0.249,1,4.2,1
2024-08-02,Paris Baguette,Red Velvet Cake,231000.0,0,0.065,4,4.5,1
2024-08-02,Tous Les Jours,Tiramisu,205000.0,0,0.068,5,4.3,0
2024-08-02,Tous Les Jours,Cheesecake,176000.0,0,0.069,9,4.7,1
2024-08-02,Tous Les Jours,Macaron,36000.0,0,0.237,21,3.5,0
2024-08-02,Tous Les Jours,Éclair,53000.0,0,0.115,23,4.0,0
2024-08-02,Tous Les Jours,Croissant,30000.0,0,0.225,12,4.0,1
2024-08-02,Tous Les Jours,Red Velvet Cake,227000.0,0,0.231,5,3.7,0
2024-08-02,ABC Bakery,Tiramisu,168000.0,0,0.113,18,4.4,1
2024-08-02,ABC Bakery,Cheesecake,148000.0,0,0.204,23,4.6,1
2024-08-02,ABC Bakery,Macaron,29000.0,0,0.098,9,4.0,1
2024-08-02,ABC Bakery,Éclair,45000.0,0,0.208,4,3.9,1
2024-08-02,ABC Bakery,Croissant,26000.0,0,0.102,9,4.2,1
2024-08-02,ABC Bakery,Red Velvet Cake,189000.0,0,0.102,13,3.7,1
2024-08-02,Givral,Tiramisu,163000.0,0,0.072,14,4.4,0
2024-08-02,Givral,Cheesecake,138000.0,0,0.126,2,4.7,1
2024-08-02,Givral,Macaron,28000.0,0,0.05,4,4.5,1
2024-08-02,Givral,Éclair,41000.0,0,0.155,24,3.8,1
2024-08-02,Givral,Croissant,24000.0,0,0.202,19,4.6,0
2024-08-02,Givral,Red Velvet Cake,188000.0,0,0.123,20,4.7,0
2024-08-02,Local Bakery A,Tiramisu,140000.0,0,0.152,13,4.1,1
2024-08-02,Local Bakery A,Cheesecake,132000.0,0,0.067,23,3.6,0
2024-08-02,Local Bakery A,Macaron,27000.0,0,0.19,16,4.6,1
2024-08-02,Local Bakery A,Éclair,35000.0,0,0.131,13,4.7,0
2024-08-02,Local Bakery A,Croissant,23000.0,0,0.138,21,4.7,0
2024-08-02,Local Bakery A,Red Velvet Cake,160000.0,0,0.201,20,4.3,1
2024-08-02,Supermarket Chain,Tiramisu,125000.0,0,0.214,13,3.7,1
2024-08-02,Supermarket Chain,Cheesecake,75000.0,1,0.057,20,4.1,1
2024-08-02,Supermarket Chain,Macaron,16000.0,1,0.217,24,4.2,0
2024-08-02,Supermarket Chain,Éclair,24000.0,1,0.152,14,4.8,1
2024-08-02,Supermarket Chain,Croissant,18000.0,0,0.055,9,4.2,0
2024-08-02,Supermarket Chain,Red Velvet Cake,133000.0,0,0.13,19,4.0,1
2024-08-03,Paris Baguette,Tiramisu,223000.0,0,0.065,12,4.8,0
2024-08-03,Paris Baguette,Cheesecake,190000.0,0,0.168,17,3.8,1
2024-08-03,Paris Baguette,Macaron,39000.0,0,0.166,5,4.4,1
2024-08-03,Paris Baguette,Éclair,59000.0,0,0.071,15,3.7,1
2024-08-03,Paris Baguette,Croissant,34000.0,0,0.082,16,4.0,1
2024-08-03,Paris Baguette,Red Velvet Cake,251000.0,0,0.162,3,4.7,1
2024-08-03,Tous Les Jours,Tiramisu,211000.0,0,0.22,10,4.6,1
2024-08-03,Tous Les Jours,Cheesecake,181000.0,0,0.072,3,4.5,1
2024-08-03,Tous Les Jours,Macaron,39000.0,0,0.051,6,3.7,0
2024-08-03,Tous Les Jours,Éclair,55000.0,0,0.184,14,4.2,0
2024-08-03,Tous Les Jours,Croissant,24000.0,1,0.142,5,4.5,1
2024-08-03,Tous Les Jours,Red Velvet Cake,164000.0,1,0.112,24,4.5,1
2024-08-03,ABC Bakery,Tiramisu,171000.0,0,0.125,10,4.3,1
2024-08-03,ABC Bakery,Cheesecake,149000.0,0,0.233,15,4.3,1
2024-08-03,ABC Bakery,Macaron,32000.0,0,0.167,21,4.2,0
2024-08-03,ABC Bakery,Éclair,44000.0,0,0.139,21,4.3,1
2024-08-03,ABC Bakery,Croissant,28000.0,0,0.229,19,4.1,0
2024-08-03,ABC Bakery,Red Velvet Cake,200000.0,0,0.1,22,4.5,0
2024-08-03,Givral,Tiramisu,169000.0,0,0.073,12,3.9,0
2024-08-03,Givral,Cheesecake,145000.0,0,0.125,14,3.9,1
2024-08-03,Givral,Macaron,29000.0,0,0.205,6,4.6,1
2024-08-03,Givral,Éclair,43000.0,0,0.121,19,4.0,0
2024-08-03,Givral,Croissant,26000.0,0,0.138,13,4.3,1
2024-08-03,Givral,Red Velvet Cake,188000.0,0,0.119,21,4.7,0
2024-08-03,Local Bakery A,Tiramisu,162000.0,0,0.132,7,4.8,1
2024-08-03,Local Bakery A,Cheesecake,138000.0,0,0.127,15,3.8,1
2024-08-03,Local Bakery A,Macaron,29000.0,0,0.233,16,4.4,1
2024-08-03,Local Bakery A,Éclair,40000.0,0,0.203,21,3.8,0
2024-08-03,Local Bakery A,Croissant,25000.0,0,0.242,16,3.9,1
2024-08-03,Local Bakery A,Red Velvet Cake,177000.0,0,0.058,7,4.5,0
2024-08-03,Supermarket Chain,Tiramisu,125000.0,0,0.111,11,4.6,0
2024-08-03,Supermarket Chain,Cheesecake,103000.0,0,0.115,23,3.7,1
2024-08-03,Supermarket Chain,Macaron,23000.0,0,0.15,23,4.4,1
2024-08-03,Supermarket Chain,Éclair,32000.0,0,0.104,10,3.8,0
2024-08-03,Supermarket Chain,Croissant,20000.0,0,0.096,5,4.7,0
2024-08-03,Supermarket Chain,Red Velvet Cake,124000.0,1,0.173,21,4.6,1
2024-08-04,Paris Baguette,Tiramisu,225000.0,0,0.106,9,4.1,1
2024-08-04,Paris Baguette,Cheesecake,189000.0,0,0.126,20,4.0,0
2024-08-04,Paris Baguette,Macaron,38000.0,0,0.244,14,3.6,1
2024-08-04,Paris Baguette,Éclair,55000.0,0,0.188,2,3.9,1
2024-08-04,Paris Baguette,Croissant,33000.0,0,0.09,13,4.4,1
2024-08-04,Paris Baguette,Red Velvet Cake,249000.0,0,0.057,8,4.0,1
2024-08-04,Tous Les Jours,Tiramisu,213000.0,0,0.101,11,4.2,1
2024-08-04,Tous Les Jours,Cheesecake,173000.0,0,0.088,18,4.7,1
2024-08-04,Tous Les Jours,Macaron,38000.0,0,0.236,3,4.7,1
2024-08-04,Tous Les Jours,Éclair,54000.0,0,0.11,6,4.5,0
2024-08-04,Tous Les Jours,Croissant,31000.0,0,0.175,8,3.8,1
2024-08-04,Tous Les Jours,Red Velvet Cake,227000.0,0,0.053,11,3.6,0
2024-08-04,ABC Bakery,Tiramisu,173000.0,0,0.228,8,4.1,1
2024-08-04,ABC Bakery,Cheesecake,121000.0,1,0.223,22,4.8,1
2024-08-04,ABC Bakery,Macaron,31000.0,0,0.213,12,3.6,0
2024-08-04,ABC Bakery,Éclair,45000.0,0,0.142,22,4.0,1
2024-08-04,ABC Bakery,Croissant,27000.0,0,0.166,11,4.7,1
2024-08-04,ABC Bakery,Red Velvet Cake,193000.0,0,0.149,8,3.5,1
2024-08-04,Givral,Tiramisu,167000.0,0,0.171,4,4.3,0
2024-08-04,Givral,Cheesecake,109000.0,1,0.136,21,4.3,1
2024-08-04,Givral,Macaron,31000.0,0,0.245,4,4.4,0
2024-08-04,Givral,Éclair,44000.0,0,0.086,5,3.6,0
2024-08-04,Givral,Croissant,27000.0,0,0.165,17,4.1,1
2024-08-04,Givral,Red Velvet Cake,187000.0,0,0.084,17,4.0,1
2024-08-04,Local Bakery A,Tiramisu,162000.0,0,0.132,6,4.0,0
2024-08-04,Local Bakery A,Cheesecake,138000.0,0,0.169,18,3.9,0
2024-08-04,Local Bakery A,Macaron,28000.0,0,0.068,18,3.9,1
2024-08-04,Local Bakery A,Éclair,40000.0,0,0.195,14,4.2,1
2024-08-04,Local Bakery A,Croissant,24000.0,0,0.146,2,3.7,1
2024-08-04,Local Bakery A,Red Velvet Cake,178000.0,0,0.214,21,4.0,1
2024-08-04,Supermarket Chain,Tiramisu,123000.0,0,0.184,4,3.9,0
2024-08-04,Supermarket Chain,Cheesecake,91000.0,1,0.072,8,4.2,1
2024-08-04,Supermarket Chain,Macaron,21000.0,0,0.245,22,4.6,0
2024-08-04,Supermarket Chain,Éclair,32000.0,0,0.099,3,4.1,0
2024-08-04,Supermarket Chain,Croissant,19000.0,0,0.142,19,4.5,1
2024-08-04,Supermarket Chain,Red Velvet Cake,138000.0,0,0.241,6,4.2,1
2024-08-05,Paris Baguette,Tiramisu,212000.0,0,0.223,4,4.3,1
2024-08-05,Paris Baguette,Cheesecake,133000.0,1,0.082,20,4.4,1
2024-08-05,Paris Baguette,Macaron,38000.0,0,0.159,10,3.7,0
2024-08-05,Paris Baguette,Éclair,51000.0,0,0.18,13,4.0,1
2024-08-05,Paris Baguette,Croissant,31000.0,0,0.1,23,3.7,1
2024-08-05,Paris Baguette,Red Velvet Cake,228000.0,0,0.153,21,3.8,1
2024-08-05,Tous Les Jours,Tiramisu,205000.0,0,0.158,4,4.2,1
2024-08-05,Tous Les Jours,Cheesecake,168000.0,0,0.19,16,4.2,1
2024-08-05,Tous Les Jours,Macaron,35000.0,0,0.199,5,4.3,0
2024-08-05,Tous Les Jours,Éclair,53000.0,0,0.234,6,4.6,1
2024-08-05,Tous Les Jours,Croissant,31000.0,0,0.141,10,4.4,1
2024-08-05,Tous Les Jours,Red Velvet Cake,221000.0,0,0.118,18,4.2,1
2024-08-05,ABC Bakery,Tiramisu,168000.0,0,0.091,10,4.5,0
2024-08-05,ABC Bakery,Cheesecake,153000.0,0,0.135,15,3.8,0
2024-08-05,ABC Bakery,Macaron,23000.0,1,0.125,2,4.7,1
2024-08-05,ABC Bakery,Éclair,42000.0,0,0.198,17,4.1,0
2024-08-05,ABC Bakery,Croissant,26000.0,0,0.125,17,4.5,1
2024-08-05,ABC Bakery,Red Velvet Cake,181000.0,0,0.215,24,4.1,1
2024-08-05,Givral,Tiramisu,155000.0,0,0.229,7,3.6,1
2024-08-05,Givral,Cheesecake,139000.0,0,0.062,2,4.1,1
2024-08-05,Givral,Macaron,28000.0,0,0.231,13,4.6,0
2024-08-05,Givral,Éclair,33000.0,1,0.163,2,4.4,0
2024-08-05,Givral,Croissant,24000.0,0,0.225,7,4.2,1
2024-08-05,Givral,Red Velvet Cake,169000.0,0,0.113,3,4.0,0
2024-08-05,Local Bakery A,Tiramisu,153000.0,0,0.116,2,4.7,1
2024-08-05,Local Bakery A,Cheesecake,133000.0,0,0.052,19,4.2,1
2024-08-05,Local Bakery A,Macaron,26000.0,0,0.199,24,4.8,1
2024-08-05,Local Bakery A,Éclair,39000.0,0,0.082,12,4.5,1
2024-08-05,Local Bakery A,Croissant,24000.0,0,0.243,11,3.6,0
2024-08-05,Local Bakery A,Red Velvet Cake,165000.0,0,0.053,10,4.6,0
2024-08-05,Supermarket Chain,Tiramisu,119000.0,0,0.226,21,4.0,1
2024-08-05,Supermarket Chain,Cheesecake,104000.0,0,0.17,7,4.2,0
2024-08-05,Supermarket Chain,Macaron,22000.0,0,0.098,18,4.3,1
2024-08-05,Supermarket Chain,Éclair,30000.0,0,0.133,2,4.4,0
2024-08-05,Supermarket Chain,Croissant,18000.0,0,0.089,21,4.6,1
2024-08-05,Supermarket Chain,Red Velvet Cake,124000.0,0,0.158,15,3.9,1
2024-08-06,Paris Baguette,Tiramisu,219000.0,0,0.131,10,3.8,1
2024-08-06,Paris Baguette,Cheesecake,187000.0,0,0.107,15,4.4,0
2024-08-06,Paris Baguette,Macaron,28000.0,1,0.201,22,4.4,1
2024-08-06,Paris Baguette,Éclair,54000.0,0,0.189,15,4.8,0
2024-08-06,Paris Baguette,Croissant,32000.0,0,0.216,10,3.6,1
2024-08-06,Paris Baguette,Red Velvet Cake,185000.0,1,0.092,6,3.5,1
2024-08-06,Tous Les Jours,Tiramisu,211000.0,0,0.166,1,4.7,0
2024-08-06,Tous Les Jours,Cheesecake,175000.0,0,0.198,20,3.6,0
2024-08-06,Tous Les Jours,Macaron,35000.0,0,0.094,6,4.2,0
2024-08-06,Tous Les Jours,Éclair,52000.0,0,0.141,3,4.3,1
2024-08-06,Tous Les Jours,Croissant,30000.0,0,0.135,18,4.1,0
2024-08-06,Tous Les Jours,Red Velvet Cake,234000.0,0,0.091,23,4.7,1
2024-08-06,ABC Bakery,Tiramisu,171000.0,0,0.123,4,4.4,0
2024-08-06,ABC Bakery,Cheesecake,140000.0,0,0.248,14,4.1,0
2024-08-06,ABC Bakery,Macaron,29000.0,0,0.096,13,3.8,0
2024-08-06,ABC Bakery,Éclair,43000.0,0,0.148,11,4.0,1
2024-08-06,ABC Bakery,Croissant,25000.0,0,0.233,5,4.7,1
2024-08-06,ABC Bakery,Red Velvet Cake,182000.0,0,0.134,18,4.8,1
2024-08-06,Givral,Tiramisu,132000.0,1,0.055,9,4.3,1
2024-08-06,Givral,Cheesecake,138000.0,0,0.135,6,4.1,1
2024-08-06,Givral,Macaron,23000.0,1,0.119,18,4.1,1
2024-08-06,Givral,Éclair,40000.0,0,0.184,13,4.2,1
2024-08-06,Givral,Croissant,26000.0,0,0.163,2,3.7,0
2024-08-06,Givral,Red Velvet Cake,177000.0,0,0.235,19,4.0,1
2024-08-06,Local Bakery A,Tiramisu,157000.0,0,0.209,8,4.4,1
2024-08-06,Local Bakery A,Cheesecake,128000.0,0,0.076,5,3.8,0
2024-08-06,Local Bakery A,Macaron,20000.0,1,0.136,5,4.5,1
2024-08-06,Local Bakery A,Éclair,38000.0,0,0.216,16,4.5,1
2024-08-06,Local Bakery A,Croissant,23000.0,0,0.09,11,4.0,1
2024-08-06,Local Bakery A,Red Velvet Cake,171000.0,0,0.063,9,4.1,0
2024-08-06,Supermarket Chain,Tiramisu,124000.0,0,0.066,12,4.3,1
2024-08-06,Supermarket Chain,Cheesecake,104000.0,0,0.23,3,4.3,1
2024-08-06,Supermarket Chain,Macaron,21000.0,0,0.056,22,4.8,1
2024-08-06,Supermarket Chain,Éclair,30000.0,0,0.188,8,3.6,1
2024-08-06,Supermarket Chain,Croissant,18000.0,0,0.206,11,4.5,0
2024-08-06,Supermarket Chain,Red Velvet Cake,107000.0,1,0.234,23,4.2,0
2024-08-07,Paris Baguette,Tiramisu,209000.0,0,0.187,22,4.3,1
2024-08-07,Paris Baguette,Cheesecake,153000.0,1,0.077,1,4.8,0
2024-08-07,Paris Baguette,Macaron,38000.0,0,0.205,23,4.0,1
2024-08-07,Paris Baguette,Éclair,51000.0,0,0.239,19,3.9,0
2024-08-07,Paris Baguette,Croissant,30000.0,1,0.122,19,4.3,1
2024-08-07,Paris Baguette,Red Velvet Cake,241000.0,0,0.202,19,4.5,1
2024-08-07,Tous Les Jours,Tiramisu,209000.0,0,0.193,11,4.5,0
2024-08-07,Tous Les Jours,Cheesecake,174000.0,0,0.115,19,3.8,0
2024-08-07,Tous Les Jours,Macaron,36000.0,0,0.198,8,4.0,1
2024-08-07,Tous Les Jours,Éclair,49000.0,0,0.097,20,3.9,0
2024-08-07,Tous Les Jours,Croissant,31000.0,0,0.099,7,3.6,1
2024-08-07,Tous Les Jours,Red Velvet Cake,221000.0,0,0.05,7,3.6,1
2024-08-07,ABC Bakery,Tiramisu,171000.0,0,0.166,18,4.2,0
2024-08-07,ABC Bakery,Cheesecake,144000.0,0,0.183,20,4.3,1
2024-08-07,ABC Bakery,Macaron,29000.0,0,0.153,23,4.1,1
2024-08-07,ABC Bakery,Éclair,42000.0,0,0.124,2,3.8,1
2024-08-07,ABC Bakery,Croissant,25000.0,0,0.198,2,3.8,0
2024-08-07,ABC Bakery,Red Velvet Cake,189000.0,0,0.224,11,3.7,1
2024-08-07,Givral,Tiramisu,163000.0,0,0.129,4,4.1,1
2024-08-07,Givral,Cheesecake,137000.0,0,0.146,3,3.5,0
2024-08-07,Givral,Macaron,29000.0,0,0.191,6,4.1,1
2024-08-07,Givral,Éclair,35000.0,1,0.088,6,3.7,1
2024-08-07,Givral,Croissant,24000.0,0,0.2,21,4.3,1
2024-08-07,Givral,Red Velvet Cake,187000.0,0,0.235,19,3.8,0
2024-08-07,Local Bakery A,Tiramisu,159000.0,0,0.069,18,4.5,1
2024-08-07,Local Bakery A,Cheesecake,135000.0,0,0.053,4,4.2,0
2024-08-07,Local Bakery A,Macaron,28000.0,0,0.25,7,3.5,0
2024-08-07,Local Bakery A,Éclair,40000.0,0,0.243,8,4.2,0
2024-08-07,Local Bakery A,Croissant,23000.0,0,0.245,5,4.4,0
2024-08-07,Local Bakery A,Red Velvet Cake,168000.0,0,0.096,2,4.8,0
2024-08-07,Supermarket Chain,Tiramisu,115000.0,0,0.236,3,3.6,1
2024-08-07,Supermarket Chain,Cheesecake,84000.0,1,0.15,5,3.8,1
2024-08-07,Supermarket Chain,Macaron,20000.0,0,0.202,5,4.1,1
2024-08-07,Supermarket Chain,Éclair,31000.0,0,0.057,15,3.6,1
2024-08-07,Supermarket Chain,Croissant,18000.0,0,0.215,9,3.6,0
2024-08-07,Supermarket Chain,Red Velvet Cake,140000.0,0,0.128,5,4.7,1
2024-08-08,Paris Baguette,Tiramisu,212000.0,0,0.074,7,4.7,0
2024-08-08,Paris Baguette,Cheesecake,186000.0,0,0.145,17,3.8,1
2024-08-08,Paris Baguette,Macaron,37000.0,0,0.204,3,4.1,1
2024-08-08,Paris Baguette,Éclair,53000.0,0,0.102,19,4.4,1
2024-08-08,Paris Baguette,Croissant,32000.0,0,0.172,22,4.7,1
2024-08-08,Paris Baguette,Red Velvet Cake,235000.0,0,0.216,21,3.9,0
2024-08-08,Tous Les Jours,Tiramisu,193000.0,0,0.197,22,3.5,1
2024-08-08,Tous Les Jours,Cheesecake,179000.0,0,0.098,9,3.7,0
2024-08-08,Tous Les Jours,Macaron,36000.0,0,0.131,19,4.7,1
2024-08-08,Tous Les Jours,Éclair,52000.0,0,0.104,4,3.6,1
2024-08-08,Tous Les Jours,Croissant,30000.0,0,0.051,18,4.6,0
2024-08-08,Tous Les Jours,Red Velvet Cake,217000.0,0,0.084,4,3.5,0
2024-08-08,ABC Bakery,Tiramisu,119000.0,1,0.135,5,3.6,1
2024-08-08,ABC Bakery,Cheesecake,149000.0,0,0.231,2,4.8,1
2024-08-08,ABC Bakery,Macaron,30000.0,0,0.106,3,3.7,1
2024-08-08,ABC Bakery,Éclair,41000.0,0,0.151,22,4.6,1
2024-08-08,ABC Bakery,Croissant,26000.0,0,0.181,2,4.1,1
2024-08-08,ABC Bakery,Red Velvet Cake,187000.0,0,0.069,5,4.8,1
2024-08-08,Givral,Tiramisu,171000.0,0,0.149,16,3.8,0
2024-08-08,Givral,Cheesecake,137000.0,0,0.072,8,3.9,1
2024-08-08,Givral,Macaron,27000.0,0,0.194,15,4.1,1
2024-08-08,Givral,Éclair,40000.0,0,0.223,24,3.5,1
2024-08-08,Givral,Croissant,25000.0,0,0.156,19,4.1,1
2024-08-08,Givral,Red Velvet Cake,176000.0,0,0.169,24,4.3,0
2024-08-08,Local Bakery A,Tiramisu,128000.0,1,0.112,19,3.5,1
2024-08-08,Local Bakery A,Cheesecake,122000.0,0,0.067,15,4.8,1
2024-08-08,Local Bakery A,Macaron,26000.0,0,0.208,17,3.6,1
2024-08-08,Local Bakery A,Éclair,36000.0,0,0.163,7,4.5,1
2024-08-08,Local Bakery A,Croissant,22000.0,0,0.065,20,3.6,1
2024-08-08,Local Bakery A,Red Velvet Cake,170000.0,0,0.091,15,4.0,1
2024-08-08,Supermarket Chain,Tiramisu,89000.0,1,0.131,17,4.6,0
2024-08-08,Supermarket Chain,Cheesecake,101000.0,0,0.222,10,4.2,1
2024-08-08,Supermarket Chain,Macaron,21000.0,0,0.175,4,4.4,1
2024-08-08,Supermarket Chain,Éclair,31000.0,0,0.176,7,3.9,1
2024-08-08,Supermarket Chain,Croissant,18000.0,0,0.212,4,4.5,1
2024-08-08,Supermarket Chain,Red Velvet Cake,101000.0,1,0.222,1,4.4,0
2024-08-09,Paris Baguette,Tiramisu,212000.0,0,0.084,19,3.9,1
2024-08-09,Paris Baguette,Cheesecake,134000.0,1,0.091,3,4.6,1
2024-08-09,Paris Baguette,Macaron,37000.0,0,0.125,15,3.9,1
2024-08-09,Paris Baguette,Éclair,53000.0,0,0.242,5,4.7,1
2024-08-09,Paris Baguette,Croissant,32000.0,0,0.148,1,4.6,1
2024-08-09,Paris Baguette,Red Velvet Cake,225000.0,0,0.198,3,4.4,1
2024-08-09,Tous Les Jours,Tiramisu,202000.0,0,0.239,9,4.4,0
2024-08-09,Tous Les Jours,Cheesecake,145000.0,1,0.106,11,4.0,1
2024-08-09,Tous Les Jours,Macaron,37000.0,0,0.109,9,4.4,1
2024-08-09,Tous Les Jours,Éclair,40000.0,1,0.167,17,4.3,1
2024-08-09,Tous Les Jours,Croissant,31000.0,0,0.171,11,3.8,1
2024-08-09,Tous Les Jours,Red Velvet Cake,228000.0,0,0.126,10,3.7,1
2024-08-09,ABC Bakery,Tiramisu,175000.0,0,0.112,19,3.8,1
2024-08-09,ABC Bakery,Cheesecake,146000.0,0,0.085,18,4.2,1
2024-08-09,ABC Bakery,Macaron,30000.0,0,0.106,17,4.4,1
2024-08-09,ABC Bakery,Éclair,41000.0,0,0.174,5,3.7,1
2024-08-09,ABC Bakery,Croissant,26000.0,0,0.124,13,4.4,1
2024-08-09,ABC Bakery,Red Velvet Cake,191000.0,0,0.06,7,3.9,0
2024-08-09,Givral,Tiramisu,156000.0,0,0.148,16,4.5,1
2024-08-09,Givral,Cheesecake,135000.0,0,0.093,5,4.3,1
2024-08-09,Givral,Macaron,28000.0,0,0.184,8,4.1,1
2024-08-09,Givral,Éclair,41000.0,0,0.197,13,4.7,0
2024-08-09,Givral,Croissant,24000.0,0,0.195,7,4.2,0
2024-08-09,Givral,Red Velvet Cake,187000.0,0,0.123,14,3.8,1
2024-08-09,Local Bakery A,Tiramisu,146000.0,0,0.23,14,3.6,1
2024-08-09,Local Bakery A,Cheesecake,130000.0,0,0.165,8,3.9,1
2024-08-09,Local Bakery A,Macaron,27000.0,0,0.086,3,4.6,1
2024-08-09,Local Bakery A,Éclair,37000.0,0,0.206,1,4.1,1
2024-08-09,Local Bakery A,Croissant,23000.0,0,0.05,12,4.0,0
2024-08-09,Local Bakery A,Red Velvet Cake,173000.0,0,0.153,10,4.6,1
2024-08-09,Supermarket Chain,Tiramisu,117000.0,0,0.21,10,3.6,1
2024-08-09,Supermarket Chain,Cheesecake,101000.0,0,0.2,21,4.6,1
2024-08-09,Supermarket Chain,Macaron,22000.0,0,0.071,10,4.3,0
2024-08-09,Supermarket Chain,Éclair,21000.0,1,0.209,2,4.1,1
2024-08-09,Supermarket Chain,Croissant,14000.0,1,0.061,3,3.7,1
2024-08-09,Supermarket Chain,Red Velvet Cake,132000.0,0,0.231,4,4.7,0
2024-08-10,Paris Baguette,Tiramisu,225000.0,0,0.156,20,4.1,1
2024-08-10,Paris Baguette,Cheesecake,189000.0,0,0.066,13,4.6,1
2024-08-10,Paris Baguette,Macaron,37000.0,0,0.126,12,4.6,1
2024-08-10,Paris Baguette,Éclair,56000.0,0,0.183,5,3.8,1
2024-08-10,Paris Baguette,Croissant,34000.0,0,0.169,4,4.7,1
2024-08-10,Paris Baguette,Red Velvet Cake,244000.0,0,0.094,20,4.1,1
2024-08-10,Tous Les Jours,Tiramisu,218000.0,0,0.166,17,4.3,1
2024-08-10,Tous Les Jours,Cheesecake,184000.0,0,0.091,19,3.8,1
2024-08-10,Tous Les Jours,Macaron,36000.0,0,0.067,21,3.7,1
2024-08-10,Tous Les Jours,Éclair,55000.0,0,0.055,1,3.5,1
2024-08-10,Tous Les Jours,Croissant,27000.0,1,0.199,6,4.3,1
2024-08-10,Tous Les Jours,Red Velvet Cake,233000.0,0,0.237,12,3.9,1
2024-08-10,ABC Bakery,Tiramisu,182000.0,0,0.073,14,3.7,1
2024-08-10,ABC Bakery,Cheesecake,147000.0,0,0.096,6,3.5,1
2024-08-10,ABC Bakery,Macaron,31000.0,0,0.159,16,3.5,1
2024-08-10,ABC Bakery,Éclair,45000.0,0,0.06,17,3.9,1
2024-08-10,ABC Bakery,Croissant,26000.0,0,0.148,22,3.7,0
2024-08-10,ABC Bakery,Red Velvet Cake,187000.0,0,0.216,5,3.6,0
2024-08-10,Givral,Tiramisu,172000.0,0,0.088,18,4.1,1
2024-08-10,Givral,Cheesecake,143000.0,0,0.138,4,3.7,0
2024-08-10,Givral,Macaron,28000.0,0,0.074,11,4.4,1
2024-08-10,Givral,Éclair,43000.0,0,0.213,19,4.3,1
2024-08-10,Givral,Croissant,25000.0,0,0.124,21,3.7,0
2024-08-10,Givral,Red Velvet Cake,189000.0,0,0.096,17,3.9,0
2024-08-10,Local Bakery A,Tiramisu,167000.0,0,0.247,2,3.5,1
2024-08-10,Local Bakery A,Cheesecake,140000.0,0,0.115,12,4.3,0
2024-08-10,Local Bakery A,Macaron,28000.0,0,0.21,8,4.3,1
2024-08-10,Local Bakery A,Éclair,39000.0,0,0.178,8,3.8,1
2024-08-10,Local Bakery A,Croissant,24000.0,0,0.099,12,4.0,0
2024-08-10,Local Bakery A,Red Velvet Cake,179000.0,0,0.183,17,4.4,1
2024-08-10,Supermarket Chain,Tiramisu,125000.0,0,0.216,4,4.3,1
2024-08-10,Supermarket Chain,Cheesecake,106000.0,0,0.075,8,3.9,0
2024-08-10,Supermarket Chain,Macaron,21000.0,0,0.055,22,3.9,1
2024-08-10,Supermarket Chain,Éclair,31000.0,0,0.172,17,4.0,0
2024-08-10,Supermarket Chain,Croissant,19000.0,0,0.088,21,3.8,0
2024-08-10,Supermarket Chain,Red Velvet Cake,132000.0,0,0.231,10,4.2,1
2024-08-11,Paris Baguette,Tiramisu,227000.0,0,0.072,16,4.5,0
2024-08-11,Paris Baguette,Cheesecake,190000.0,0,0.113,2,4.3,1
2024-08-11,Paris Baguette,Macaron,39000.0,0,0.09,23,4.3,1
2024-08-11,Paris Baguette,Éclair,54000.0,0,0.222,1,4.1,1
2024-08-11,Paris Baguette,Croissant,33000.0,0,0.126,1,4.3,1
2024-08-11,Paris Baguette,Red Velvet Cake,246000.0,0,0.089,24,4.0,1
2024-08-11,Tous Les Jours,Tiramisu,214000.0,0,0.14,19,4.4,1
2024-08-11,Tous Les Jours,Cheesecake,178000.0,0,0.142,16,4.2,1
2024-08-11,Tous Les Jours,Macaron,39000.0,0,0.084,9,4.8,1
2024-08-11,Tous Les Jours,Éclair,53000.0,0,0.172,20,3.7,0
2024-08-11,Tous Les Jours,Croissant,31000.0,0,0.143,10,4.1,0
2024-08-11,Tous Les Jours,Red Velvet Cake,237000.0,0,0.21,13,4.5,1
2024-08-11,ABC Bakery,Tiramisu,174000.0,0,0.099,2,4.4,1
2024-08-11,ABC Bakery,Cheesecake,151000.0,0,0.196,16,3.8,0
2024-08-11,ABC Bakery,Macaron,31000.0,0,0.056,21,3.9,1
2024-08-11,ABC Bakery,Éclair,45000.0,0,0.079,6,4.3,0
2024-08-11,ABC Bakery,Croissant,27000.0,0,0.097,20,3.6,0
2024-08-11,ABC Bakery,Red Velvet Cake,200000.0,0,0.236,6,4.2,1
2024-08-11,Givral,Tiramisu,174000.0,0,0.095,13,4.0,0
2024-08-11,Givral,Cheesecake,142000.0,0,0.069,24,4.8,1
2024-08-11,Givral,Macaron,29000.0,0,0.077,4,4.5,0
2024-08-11,Givral,Éclair,43000.0,0,0.164,12,4.1,1
2024-08-11,Givral,Croissant,25000.0,0,0.126,19,4.1,1
2024-08-11,Givral,Red Velvet Cake,193000.0,0,0.175,18,4.1,1
2024-08-11,Local Bakery A,Tiramisu,153000.0,0,0.223,4,3.8,1
2024-08-11,Local Bakery A,Cheesecake,138000.0,0,0.078,12,3.6,1
2024-08-11,Local Bakery A,Macaron,29000.0,0,0.227,5,4.3,1
2024-08-11,Local Bakery A,Éclair,40000.0,0,0.179,6,4.8,0
2024-08-11,Local Bakery A,Croissant,20000.0,1,0.155,12,3.5,0
2024-08-11,Local Bakery A,Red Velvet Cake,180000.0,0,0.244,14,4.1,1
2024-08-11,Supermarket Chain,Tiramisu,130000.0,0,0.127,2,3.9,1
2024-08-11,Supermarket Chain,Cheesecake,114000.0,0,0.121,3,4.2,0
2024-08-11,Supermarket Chain,Macaron,23000.0,0,0.213,21,4.3,1
2024-08-11,Supermarket Chain,Éclair,27000.0,1,0.217,18,4.1,0
2024-08-11,Supermarket Chain,Croissant,19000.0,0,0.166,18,4.0,1
2024-08-11,Supermarket Chain,Red Velvet Cake,131000.0,0,0.222,11,4.3,1
2024-08-12,Paris Baguette,Tiramisu,216000.0,0,0.154,8,3.8,1
2024-08-12,Paris Baguette,Cheesecake,186000.0,0,0.09,1,4.5,0
2024-08-12,Paris Baguette,Macaron,37000.0,0,0.2,22,3.8,1
2024-08-12,Paris Baguette,Éclair,54000.0,0,0.09,15,4.0,1
2024-08-12,Paris Baguette,Croissant,31000.0,0,0.132,3,3.7,1
2024-08-12,Paris Baguette,Red Velvet Cake,237000.0,0,0.111,19,4.4,0
2024-08-12,Tous Les Jours,Tiramisu,200000.0,0,0.075,24,4.4,1
2024-08-12,Tous Les Jours,Cheesecake,177000.0,0,0.092,23,4.8,0
2024-08-12,Tous Les Jours,Macaron,30000.0,1,0.142,11,3.9,0
2024-08-12,Tous Les Jours,Éclair,54000.0,0,0.079,10,4.1,1
2024-08-12,Tous Les Jours,Croissant,22000.0,1,0.126,4,3.8,0
2024-08-12,Tous Les Jours,Red Velvet Cake,226000.0,0,0.136,16,3.8,0
2024-08-12,ABC Bakery,Tiramisu,160000.0,0,0.067,3,3.8,1
2024-08-12,ABC Bakery,Cheesecake,136000.0,0,0.167,21,4.5,1
2024-08-12,ABC Bakery,Macaron,31000.0,0,0.129,6,3.7,1
2024-08-12,ABC Bakery,Éclair,42000.0,0,0.195,9,4.7,0
2024-08-12,ABC Bakery,Croissant,25000.0,0,0.184,8,4.1,1
2024-08-12,ABC Bakery,Red Velvet Cake,190000.0,0,0.165,14,4.4,1
2024-08-12,Givral,Tiramisu,157000.0,0,0.24,19,3.9,1
2024-08-12,Givral,Cheesecake,140000.0,0,0.082,24,4.5,1
2024-08-12,Givral,Macaron,30000.0,0,0.178,5,3.7,1
2024-08-12,Givral,Éclair,43000.0,0,0.225,8,3.6,1
2024-08-12,Givral,Croissant,24000.0,0,0.227,19,3.6,0
2024-08-12,Givral,Red Velvet Cake,178000.0,0,0.137,18,3.7,0
2024-08-12,Local Bakery A,Tiramisu,149000.0,0,0.187,12,4.4,0
2024-08-12,Local Bakery A,Cheesecake,130000.0,0,0.084,24,3.8,1
2024-08-12,Local Bakery A,Macaron,27000.0,0,0.2,5,4.7,1
2024-08-12,Local Bakery A,Éclair,28000.0,1,0.201,18,3.7,1
2024-08-12,Local Bakery A,Croissant,22000.0,0,0.236,12,3.6,1
2024-08-12,Local Bakery A,Red Velvet Cake,174000.0,0,0.225,23,4.6,1
2024-08-12,Supermarket Chain,Tiramisu,117000.0,0,0.155,12,3.7,1
2024-08-12,Supermarket Chain,Cheesecake,101000.0,0,0.193,23,4.3,1
2024-08-12,Supermarket Chain,Macaron,21000.0,0,0.169,8,4.5,1
2024-08-12,Supermarket Chain,Éclair,29000.0,0,0.244,20,4.3,1
2024-08-12,Supermarket Chain,Croissant,18000.0,0,0.249,16,4.2,1
2024-08-12,Supermarket Chain,Red Velvet Cake,130000.0,0,0.215,20,4.0,0
2024-08-13,Paris Baguette,Tiramisu,219000.0,0,0.077,14,4.0,0
2024-08-13,Paris Baguette,Cheesecake,135000.0,1,0.16,4,4.5,1
2024-08-13,Paris Baguette,Macaron,33000.0,1,0.074,24,4.0,1
2024-08-13,Paris Baguette,Éclair,52000.0,0,0.203,18,4.0,1
2024-08-13,Paris Baguette,Croissant,31000.0,0,0.173,16,4.4,1
2024-08-13,Paris Baguette,Red Velvet Cake,230000.0,0,0.06,17,4.2,1
2024-08-13,Tous Les Jours,Tiramisu,199000.0,0,0.062,3,4.1,0
2024-08-13,Tous Les Jours,Cheesecake,170000.0,0,0.056,15,4.2,1
2024-08-13,Tous Les Jours,Macaron,37000.0,0,0.155,16,4.5,0
2024-08-13,Tous Les Jours,Éclair,50000.0,0,0.103,9,4.4,1
2024-08-13,Tous Les Jours,Croissant,29000.0,0,0.071,1,3.7,0
2024-08-13,Tous Les Jours,Red Velvet Cake,232000.0,0,0.102,24,3.7,1
2024-08-13,ABC Bakery,Tiramisu,167000.0,0,0.055,9,3.5,1
2024-08-13,ABC Bakery,Cheesecake,122000.0,1,0.195,24,3.8,1
2024-08-13,ABC Bakery,Macaron,29000.0,0,0.151,14,3.7,1
2024-08-13,ABC Bakery,Éclair,39000.0,1,0.085,6,4.5,0
2024-08-13,ABC Bakery,Croissant,26000.0,0,0.21,3,4.8,1
2024-08-13,ABC Bakery,Red Velvet Cake,162000.0,1,0.073,8,4.6,0
2024-08-13,Givral,Tiramisu,164000.0,0,0.155,22,3.9,1
2024-08-13,Givral,Cheesecake,139000.0,0,0.198,14,3.6,0
2024-08-13,Givral,Macaron,25000.0,1,0.134,7,4.1,1
2024-08-13,Givral,Éclair,40000.0,0,0.155,9,4.7,1
2024-08-13,Givral,Croissant,26000.0,0,0.186,20,3.8,1
2024-08-13,Givral,Red Velvet Cake,181000.0,0,0.137,9,4.1,1
2024-08-13,Local Bakery A,Tiramisu,160000.0,0,0.084,8,3.8,0
2024-08-13,Local Bakery A,Cheesecake,108000.0,1,0.104,23,4.1,1
2024-08-13,Local Bakery A,Macaron,27000.0,0,0.162,24,3.5,1
2024-08-13,Local Bakery A,Éclair,38000.0,0,0.138,13,3.6,1
2024-08-13,Local Bakery A,Croissant,23000.0,0,0.17,10,3.7,1
2024-08-13,Local Bakery A,Red Velvet Cake,129000.0,1,0.054,15,4.3,0
2024-08-13,Supermarket Chain,Tiramisu,113000.0,0,0.129,18,3.6,0
2024-08-13,Supermarket Chain,Cheesecake,102000.0,0,0.051,10,3.7,1
2024-08-13,Supermarket Chain,Macaron,22000.0,0,0.217,17,4.2,1
2024-08-13,Supermarket Chain,Éclair,26000.0,1,0.195,2,3.7,1
2024-08-13,Supermarket Chain,Croissant,15000.0,1,0.164,22,4.4,0
2024-08-13,Supermarket Chain,Red Velvet Cake,115000.0,1,0.167,16,3.5,0
2024-08-14,Paris Baguette,Tiramisu,213000.0,0,0.143,6,4.0,1
2024-08-14,Paris Baguette,Cheesecake,157000.0,1,0.12,16,4.7,1
2024-08-14,Paris Baguette,Macaron,36000.0,0,0.073,11,3.7,1
2024-08-14,Paris Baguette,Éclair,53000.0,0,0.223,14,3.8,1
2024-08-14,Paris Baguette,Croissant,32000.0,0,0.143,4,4.2,1
2024-08-14,Paris Baguette,Red Velvet Cake,226000.0,0,0.155,20,4.5,1
2024-08-14,Tous Les Jours,Tiramisu,204000.0,0,0.058,7,3.7,1
2024-08-14,Tous Les Jours,Cheesecake,166000.0,0,0.206,6,4.4,1
2024-08-14,Tous Les Jours,Macaron,27000.0,1,0.083,6,4.7,1
2024-08-14,Tous Les Jours,Éclair,51000.0,0,0.158,5,4.5,1
2024-08-14,Tous Les Jours,Croissant,30000.0,0,0.201,15,4.4,0
2024-08-14,Tous Les Jours,Red Velvet Cake,225000.0,0,0.195,21,4.6,0
2024-08-14,ABC Bakery,Tiramisu,165000.0,0,0.053,8,4.4,1
2024-08-14,ABC Bakery,Cheesecake,143000.0,0,0.113,7,4.5,0
2024-08-14,ABC Bakery,Macaron,31000.0,0,0.1,6,3.6,1
2024-08-14,ABC Bakery,Éclair,43000.0,0,0.09,18,4.4,1
2024-08-14,ABC Bakery,Croissant,26000.0,0,0.205,14,4.7,1
2024-08-14,ABC Bakery,Red Velvet Cake,185000.0,0,0.125,3,4.1,1
2024-08-14,Givral,Tiramisu,169000.0,0,0.205,22,3.7,1
2024-08-14,Givral,Cheesecake,135000.0,0,0.21,14,4.4,1
2024-08-14,Givral,Macaron,28000.0,0,0.15,13,4.3,1
2024-08-14,Givral,Éclair,41000.0,0,0.076,7,4.7,1
2024-08-14,Givral,Croissant,26000.0,0,0.245,11,3.7,1
2024-08-14,Givral,Red Velvet Cake,180000.0,0,0.177,10,3.7,1
2024-08-14,Local Bakery A,Tiramisu,155000.0,0,0.248,3,3.9,1
2024-08-14,Local Bakery A,Cheesecake,121000.0,0,0.107,4,4.8,1
2024-08-14,Local Bakery A,Macaron,27000.0,0,0.08,7,4.8,1
2024-08-14,Local Bakery A,Éclair,39000.0,0,0.125,12,4.4,0
2024-08-14,Local Bakery A,Croissant,18000.0,1,0.202,11,4.6,1
2024-08-14,Local Bakery A,Red Velvet Cake,114000.0,1,0.155,19,4.7,1
2024-08-14,Supermarket Chain,Tiramisu,118000.0,0,0.23,13,3.8,0
2024-08-14,Supermarket Chain,Cheesecake,103000.0,0,0.168,16,3.7,1
2024-08-14,Supermarket Chain,Macaron,18000.0,1,0.141,18,4.6,1
2024-08-14,Supermarket Chain,Éclair,29000.0,0,0.053,10,4.3,1
2024-08-14,Supermarket Chain,Croissant,18000.0,0,0.124,20,3.5,1
2024-08-14,Supermarket Chain,Red Velvet Cake,120000.0,1,0.156,13,4.5,1
2024-08-15,Paris Baguette,Tiramisu,212000.0,0,0.112,5,4.3,0
2024-08-15,Paris Baguette,Cheesecake,179000.0,0,0.14,20,3.9,0
2024-08-15,Paris Baguette,Macaron,32000.0,1,0.058,5,4.4,1
2024-08-15,Paris Baguette,Éclair,54000.0,0,0.119,19,3.7,1
2024-08-15,Paris Baguette,Croissant,33000.0,0,0.098,13,3.6,1
2024-08-15,Paris Baguette,Red Velvet Cake,235000.0,0,0.057,8,3.9,1
2024-08-15,Tous Les Jours,Tiramisu,199000.0,0,0.176,3,4.6,1
2024-08-15,Tous Les Jours,Cheesecake,174000.0,0,0.123,23,4.2,1
2024-08-15,Tous Les Jours,Macaron,35000.0,0,0.152,11,4.7,1
2024-08-15,Tous Les Jours,Éclair,49000.0,0,0.235,15,4.7,1
2024-08-15,Tous Les Jours,Croissant,30000.0,0,0.209,5,3.9,1
2024-08-15,Tous Les Jours,Red Velvet Cake,228000.0,0,0.183,6,3.9,0
2024-08-15,ABC Bakery,Tiramisu,176000.0,0,0.175,23,3.9,1
2024-08-15,ABC Bakery,Cheesecake,143000.0,0,0.203,8,4.3,1
2024-08-15,ABC Bakery,Macaron,30000.0,0,0.162,2,4.6,0
2024-08-15,ABC Bakery,Éclair,43000.0,0,0.248,15,4.3,1
2024-08-15,ABC Bakery,Croissant,26000.0,0,0.13,14,3.9,1
2024-08-15,ABC Bakery,Red Velvet Cake,187000.0,0,0.237,24,4.1,1
2024-08-15,Givral,Tiramisu,166000.0,0,0.078,19,4.8,0
2024-08-15,Givral,Cheesecake,122000.0,1,0.112,23,3.5,0
2024-08-15,Givral,Macaron,28000.0,0,0.21,16,4.3,0
2024-08-15,Givral,Éclair,40000.0,0,0.082,19,4.6,1
2024-08-15,Givral,Croissant,20000.0,1,0.153,1,3.7,1
2024-08-15,Givral,Red Velvet Cake,174000.0,0,0.217,24,4.7,1
2024-08-15,Local Bakery A,Tiramisu,150000.0,0,0.144,19,4.2,1
2024-08-15,Local Bakery A,Cheesecake,129000.0,0,0.162,19,4.2,1
2024-08-15,Local Bakery A,Macaron,27000.0,0,0.239,18,4.1,1
2024-08-15,Local Bakery A,Éclair,38000.0,0,0.2,9,3.6,1
2024-08-15,Local Bakery A,Croissant,21000.0,0,0.176,18,4.6,1
2024-08-15,Local Bakery A,Red Velvet Cake,162000.0,0,0.133,6,4.1,1
2024-08-15,Supermarket Chain,Tiramisu,121000.0,0,0.118,21,3.8,1
2024-08-15,Supermarket Chain,Cheesecake,70000.0,1,0.092,11,3.5,1
2024-08-15,Supermarket Chain,Macaron,21000.0,0,0.052,7,4.1,1
2024-08-15,Supermarket Chain,Éclair,29000.0,0,0.126,12,3.6,1
2024-08-15,Supermarket Chain,Croissant,17000.0,0,0.089,14,3.8,1
2024-08-15,Supermarket Chain,Red Velvet Cake,124000.0,0,0.077,19,4.7,1
2024-08-16,Paris Baguette,Tiramisu,214000.0,0,0.163,19,4.1,0
2024-08-16,Paris Baguette,Cheesecake,171000.0,0,0.103,4,4.2,0
2024-08-16,Paris Baguette,Macaron,37000.0,0,0.102,2,4.3,0
2024-08-16,Paris Baguette,Éclair,53000.0,0,0.058,3,4.2,1
2024-08-16,Paris Baguette,Croissant,32000.0,0,0.197,11,4.8,1
2024-08-16,Paris Baguette,Red Velvet Cake,230000.0,0,0.071,3,4.4,1
2024-08-16,Tous Les Jours,Tiramisu,200000.0,0,0.062,7,4.3,1
2024-08-16,Tous Les Jours,Cheesecake,171000.0,0,0.131,2,4.6,1
2024-08-16,Tous Les Jours,Macaron,36000.0,0,0.104,20,4.6,1
2024-08-16,Tous Les Jours,Éclair,48000.0,0,0.095,17,3.6,1
2024-08-16,Tous Les Jours,Croissant,31000.0,0,0.121,6,4.5,1
2024-08-16,Tous Les Jours,Red Velvet Cake,184000.0,1,0.067,1,4.6,0
2024-08-16,ABC Bakery,Tiramisu,172000.0,0,0.16,16,3.8,1
2024-08-16,ABC Bakery,Cheesecake,151000.0,0,0.112,2,4.7,0
2024-08-16,ABC Bakery,Macaron,30000.0,0,0.223,4,4.5,0
2024-08-16,ABC Bakery,Éclair,44000.0,0,0.199,11,4.8,0
2024-08-16,ABC Bakery,Croissant,25000.0,0,0.198,22,4.0,1
2024-08-16,ABC Bakery,Red Velvet Cake,171000.0,0,0.071,6,4.4,0
2024-08-16,Givral,Tiramisu,166000.0,0,0.151,6,4.3,1
2024-08-16,Givral,Cheesecake,143000.0,0,0.215,6,4.5,1
2024-08-16,Givral,Macaron,29000.0,0,0.099,4,4.0,1
2024-08-16,Givral,Éclair,41000.0,0,0.244,18,4.4,1
2024-08-16,Givral,Croissant,23000.0,0,0.2,12,4.6,0
2024-08-16,Givral,Red Velvet Cake,176000.0,0,0.19,8,4.1,0
2024-08-16,Local Bakery A,Tiramisu,153000.0,0,0.087,1,4.7,0
2024-08-16,Local Bakery A,Cheesecake,108000.0,1,0.237,11,4.1,1
2024-08-16,Local Bakery A,Macaron,27000.0,0,0.208,2,4.1,1
2024-08-16,Local Bakery A,Éclair,36000.0,0,0.174,23,4.2,0
2024-08-16,Local Bakery A,Croissant,23000.0,0,0.238,12,4.3,0
2024-08-16,Local Bakery A,Red Velvet Cake,164000.0,0,0.076,10,4.2,1
2024-08-16,Supermarket Chain,Tiramisu,86000.0,1,0.062,2,4.8,0
2024-08-16,Supermarket Chain,Cheesecake,91000.0,1,0.206,15,4.2,1
2024-08-16,Supermarket Chain,Macaron,21000.0,0,0.223,2,4.1,1
2024-08-16,Supermarket Chain,Éclair,30000.0,0,0.224,13,4.2,1
2024-08-16,Supermarket Chain,Croissant,17000.0,0,0.149,23,4.0,1
2024-08-16,Supermarket Chain,Red Velvet Cake,128000.0,0,0.08,24,4.1,1
2024-08-17,Paris Baguette,Tiramisu,221000.0,0,0.084,4,3.8,1
2024-08-17,Paris Baguette,Cheesecake,178000.0,0,0.209,11,4.8,0
2024-08-17,Paris Baguette,Macaron,38000.0,0,0.214,21,4.1,0
2024-08-17,Paris Baguette,Éclair,54000.0,0,0.2,7,4.6,1
2024-08-17,Paris Baguette,Croissant,27000.0,1,0.184,2,4.0,1
2024-08-17,Paris Baguette,Red Velvet Cake,228000.0,1,0.11,6,4.4,0
2024-08-17,Tous Les Jours,Tiramisu,210000.0,0,0.189,1,4.0,1
2024-08-17,Tous Les Jours,Cheesecake,173000.0,0,0.062,8,4.1,0
2024-08-17,Tous Les Jours,Macaron,37000.0,0,0.161,7,4.7,1
2024-08-17,Tous Les Jours,Éclair,52000.0,0,0.129,2,4.2,1
2024-08-17,Tous Les Jours,Croissant,33000.0,0,0.156,7,3.7,0
2024-08-17,Tous Les Jours,Red Velvet Cake,230000.0,0,0.161,4,4.1,0
2024-08-17,ABC Bakery,Tiramisu,177000.0,0,0.169,1,3.8,1
2024-08-17,ABC Bakery,Cheesecake,152000.0,0,0.126,13,4.4,1
2024-08-17,ABC Bakery,Macaron,32000.0,0,0.135,23,3.7,1
2024-08-17,ABC Bakery,Éclair,44000.0,0,0.214,9,3.5,0
2024-08-17,ABC Bakery,Croissant,23000.0,1,0.143,7,4.7,1
2024-08-17,ABC Bakery,Red Velvet Cake,145000.0,1,0.121,5,4.0,1
2024-08-17,Givral,Tiramisu,173000.0,0,0.188,7,3.8,1
2024-08-17,Givral,Cheesecake,153000.0,0,0.145,9,3.7,0
2024-08-17,Givral,Macaron,29000.0,0,0.055,3,4.4,0
2024-08-17,Givral,Éclair,42000.0,0,0.233,21,4.1,1
2024-08-17,Givral,Croissant,22000.0,1,0.233,8,4.6,1
2024-08-17,Givral,Red Velvet Cake,192000.0,0,0.057,24,4.0,1
2024-08-17,Local Bakery A,Tiramisu,112000.0,1,0.1,10,4.1,1
2024-08-17,Local Bakery A,Cheesecake,131000.0,0,0.203,19,4.6,1
2024-08-17,Local Bakery A,Macaron,27000.0,0,0.108,22,4.5,0
2024-08-17,Local Bakery A,Éclair,40000.0,0,0.09,18,3.8,0
2024-08-17,Local Bakery A,Croissant,24000.0,0,0.077,5,4.4,0
2024-08-17,Local Bakery A,Red Velvet Cake,172000.0,0,0.129,21,4.3,1
2024-08-17,Supermarket Chain,Tiramisu,123000.0,0,0.217,17,3.5,0
2024-08-17,Supermarket Chain,Cheesecake,105000.0,0,0.235,8,4.5,0
2024-08-17,Supermarket Chain,Macaron,21000.0,0,0.144,18,4.0,1
2024-08-17,Supermarket Chain,Éclair,30000.0,0,0.09,23,4.0,0
2024-08-17,Supermarket Chain,Croissant,19000.0,0,0.095,5,4.8,1
2024-08-17,Supermarket Chain,Red Velvet Cake,134000.0,0,0.142,5,4.7,0
2024-08-18,Paris Baguette,Tiramisu,183000.0,1,0.207,8,3.9,0
2024-08-18,Paris Baguette,Cheesecake,192000.0,0,0.148,16,4.1,0
2024-08-18,Paris Baguette,Macaron,39000.0,0,0.053,5,3.8,1
2024-08-18,Paris Baguette,Éclair,55000.0,0,0.189,4,4.6,0
2024-08-18,Paris Baguette,Croissant,34000.0,0,0.127,12,4.2,1
2024-08-18,Paris Baguette,Red Velvet Cake,257000.0,0,0.196,13,4.4,1
2024-08-18,Tous Les Jours,Tiramisu,208000.0,0,0.139,13,3.6,1
2024-08-18,Tous Les Jours,Cheesecake,182000.0,0,0.219,17,4.4,1
2024-08-18,Tous Les Jours,Macaron,38000.0,0,0.064,13,3.8,1
2024-08-18,Tous Les Jours,Éclair,53000.0,0,0.157,22,4.7,1
2024-08-18,Tous Les Jours,Croissant,32000.0,0,0.099,6,4.5,1
2024-08-18,Tous Les Jours,Red Velvet Cake,233000.0,0,0.209,24,3.8,1
2024-08-18,ABC Bakery,Tiramisu,177000.0,0,0.196,24,3.9,1
2024-08-18,ABC Bakery,Cheesecake,147000.0,0,0.184,21,4.0,0
2024-08-18,ABC Bakery,Macaron,25000.0,1,0.08,23,3.6,0
2024-08-18,ABC Bakery,Éclair,46000.0,0,0.085,12,3.6,1
2024-08-18,ABC Bakery,Croissant,26000.0,0,0.225,4,4.6,0
2024-08-18,ABC Bakery,Red Velvet Cake,183000.0,0,0.172,19,4.5,0
2024-08-18,Givral,Tiramisu,170000.0,0,0.076,1,4.2,1
2024-08-18,Givral,Cheesecake,148000.0,0,0.25,3,3.9,1
2024-08-18,Givral,Macaron,30000.0,0,0.107,6,4.6,1
2024-08-18,Givral,Éclair,41000.0,0,0.054,16,4.1,1
2024-08-18,Givral,Croissant,26000.0,0,0.066,15,4.5,0
2024-08-18,Givral,Red Velvet Cake,178000.0,0,0.066,24,4.0,1
2024-08-18,Local Bakery A,Tiramisu,148000.0,0,0.25,4,3.6,1
2024-08-18,Local Bakery A,Cheesecake,137000.0,0,0.249,12,4.5,1
2024-08-18,Local Bakery A,Macaron,28000.0,0,0.109,23,3.9,1
2024-08-18,Local Bakery A,Éclair,41000.0,0,0.18,22,4.5,1
2024-08-18,Local Bakery A,Croissant,25000.0,0,0.137,22,4.3,1
2024-08-18,Local Bakery A,Red Velvet Cake,179000.0,0,0.105,16,4.8,1
2024-08-18,Supermarket Chain,Tiramisu,127000.0,0,0.112,20,4.6,0
2024-08-18,Supermarket Chain,Cheesecake,106000.0,0,0.102,15,4.2,0
2024-08-18,Supermarket Chain,Macaron,21000.0,0,0.088,15,3.5,1
2024-08-18,Supermarket Chain,Éclair,31000.0,0,0.136,17,4.1,1
2024-08-18,Supermarket Chain,Croissant,19000.0,0,0.121,5,3.5,1
2024-08-18,Supermarket Chain,Red Velvet Cake,144000.0,0,0.144,14,4.0,1
2024-08-19,Paris Baguette,Tiramisu,216000.0,0,0.086,7,4.2,1
2024-08-19,Paris Baguette,Cheesecake,171000.0,0,0.188,21,4.0,1
2024-08-19,Paris Baguette,Macaron,39000.0,0,0.243,7,3.9,1
2024-08-19,Paris Baguette,Éclair,52000.0,0,0.23,10,3.8,0
2024-08-19,Paris Baguette,Croissant,33000.0,0,0.064,15,4.0,1
2024-08-19,Paris Baguette,Red Velvet Cake,241000.0,0,0.071,7,4.3,1
2024-08-19,Tous Les Jours,Tiramisu,206000.0,0,0.056,18,4.2,1
2024-08-19,Tous Les Jours,Cheesecake,170000.0,0,0.18,22,3.8,1
2024-08-19,Tous Les Jours,Macaron,36000.0,0,0.146,5,3.5,0
2024-08-19,Tous Les Jours,Éclair,50000.0,0,0.159,9,4.4,0
2024-08-19,Tous Les Jours,Croissant,32000.0,0,0.155,12,4.6,1
2024-08-19,Tous Les Jours,Red Velvet Cake,217000.0,0,0.112,17,4.7,1
2024-08-19,ABC Bakery,Tiramisu,177000.0,0,0.128,23,4.0,0
2024-08-19,ABC Bakery,Cheesecake,140000.0,0,0.245,13,4.4,0
2024-08-19,ABC Bakery,Macaron,30000.0,0,0.228,13,4.8,1
2024-08-19,ABC Bakery,Éclair,42000.0,0,0.232,3,4.7,1
2024-08-19,ABC Bakery,Croissant,24000.0,0,0.249,15,3.8,1
2024-08-19,ABC Bakery,Red Velvet Cake,187000.0,0,0.244,16,4.0,1
2024-08-19,Givral,Tiramisu,160000.0,0,0.161,13,4.4,1
2024-08-19,Givral,Cheesecake,115000.0,1,0.111,16,3.6,1
2024-08-19,Givral,Macaron,29000.0,0,0.118,3,3.6,0
2024-08-19,Givral,Éclair,35000.0,1,0.239,13,3.8,1
2024-08-19,Givral,Croissant,24000.0,0,0.181,14,4.4,1
2024-08-19,Givral,Red Velvet Cake,170000.0,0,0.14,3,4.4,1
2024-08-19,Local Bakery A,Tiramisu,152000.0,0,0.108,2,3.9,1
2024-08-19,Local Bakery A,Cheesecake,128000.0,0,0.156,6,4.2,0
2024-08-19,Local Bakery A,Macaron,20000.0,1,0.177,8,4.7,0
2024-08-19,Local Bakery A,Éclair,38000.0,0,0.195,24,4.8,1
2024-08-19,Local Bakery A,Croissant,22000.0,0,0.069,2,4.6,1
2024-08-19,Local Bakery A,Red Velvet Cake,157000.0,0,0.127,23,4.7,0
2024-08-19,Supermarket Chain,Tiramisu,117000.0,0,0.161,14,4.1,1
2024-08-19,Supermarket Chain,Cheesecake,104000.0,0,0.126,1,3.6,0
2024-08-19,Supermarket Chain,Macaron,17000.0,1,0.208,23,3.6,1
2024-08-19,Supermarket Chain,Éclair,29000.0,0,0.235,9,3.8,0
2024-08-19,Supermarket Chain,Croissant,19000.0,0,0.091,13,4.3,0
2024-08-19,Supermarket Chain,Red Velvet Cake,129000.0,0,0.19,18,4.1,1
2024-08-20,Paris Baguette,Tiramisu,227000.0,0,0.234,19,4.2,1
2024-08-20,Paris Baguette,Cheesecake,183000.0,0,0.114,20,3.9,1
2024-08-20,Paris Baguette,Macaron,38000.0,0,0.09,17,4.4,1
2024-08-20,Paris Baguette,Éclair,51000.0,0,0.215,17,4.7,1
2024-08-20,Paris Baguette,Croissant,30000.0,1,0.076,17,4.6,1
2024-08-20,Paris Baguette,Red Velvet Cake,232000.0,0,0.183,6,4.0,1
2024-08-20,Tous Les Jours,Tiramisu,173000.0,1,0.079,24,3.8,1
2024-08-20,Tous Les Jours,Cheesecake,168000.0,0,0.12,24,4.0,1
2024-08-20,Tous Les Jours,Macaron,28000.0,1,0.145,12,3.8,1
2024-08-20,Tous Les Jours,Éclair,51000.0,0,0.132,3,4.0,1
2024-08-20,Tous Les Jours,Croissant,31000.0,0,0.227,8,4.3,1
2024-08-20,Tous Les Jours,Red Velvet Cake,223000.0,0,0.209,23,3.5,0
2024-08-20,ABC Bakery,Tiramisu,163000.0,0,0.139,17,4.7,1
2024-08-20,ABC Bakery,Cheesecake,137000.0,0,0.243,22,4.0,0
2024-08-20,ABC Bakery,Macaron,29000.0,0,0.124,11,4.7,1
2024-08-20,ABC Bakery,Éclair,42000.0,0,0.1,24,4.7,1
2024-08-20,ABC Bakery,Croissant,26000.0,0,0.075,23,3.8,1
2024-08-20,ABC Bakery,Red Velvet Cake,185000.0,0,0.149,23,4.4,1
2024-08-20,Givral,Tiramisu,161000.0,0,0.198,13,4.5,1
2024-08-20,Givral,Cheesecake,141000.0,0,0.08,14,4.1,0
2024-08-20,Givral,Macaron,28000.0,0,0.098,17,4.3,0
2024-08-20,Givral,Éclair,40000.0,0,0.179,10,3.8,1
2024-08-20,Givral,Croissant,24000.0,0,0.082,13,4.5,1
2024-08-20,Givral,Red Velvet Cake,182000.0,0,0.065,10,4.2,0
2024-08-20,Local Bakery A,Tiramisu,152000.0,0,0.135,10,4.5,1
2024-08-20,Local Bakery A,Cheesecake,98000.0,1,0.121,24,3.8,1
2024-08-20,Local Bakery A,Macaron,26000.0,0,0.139,19,4.1,1
2024-08-20,Local Bakery A,Éclair,39000.0,0,0.107,14,4.1,1
2024-08-20,Local Bakery A,Croissant,23000.0,0,0.068,16,3.6,1
2024-08-20,Local Bakery A,Red Velvet Cake,170000.0,0,0.187,14,4.1,0
2024-08-20,Supermarket Chain,Tiramisu,115000.0,0,0.158,21,3.8,1
2024-08-20,Supermarket Chain,Cheesecake,100000.0,0,0.225,12,4.3,0
2024-08-20,Supermarket Chain,Macaron,21000.0,0,0.056,7,4.6,1
2024-08-20,Supermarket Chain,Éclair,28000.0,0,0.143,5,3.9,1
2024-08-20,Supermarket Chain,Croissant,17000.0,0,0.138,2,4.6,1
2024-08-20,Supermarket Chain,Red Velvet Cake,132000.0,0,0.248,16,4.4,0
2024-08-21,Paris Baguette,Tiramisu,216000.0,0,0.141,10,4.6,1
2024-08-21,Paris Baguette,Cheesecake,178000.0,0,0.227,18,3.8,0
2024-08-21,Paris Baguette,Macaron,38000.0,0,0.191,24,4.6,0
2024-08-21,Paris Baguette,Éclair,54000.0,0,0.167,7,4.0,1
2024-08-21,Paris Baguette,Croissant,33000.0,0,0.136,1,4.4,1
2024-08-21,Paris Baguette,Red Velvet Cake,243000.0,0,0.055,6,4.3,1
2024-08-21,Tous Les Jours,Tiramisu,201000.0,0,0.186,8,4.7,1
2024-08-21,Tous Les Jours,Cheesecake,171000.0,0,0.094,17,4.2,1
2024-08-21,Tous Les Jours,Macaron,28000.0,1,0.193,18,4.8,0
2024-08-21,Tous Les Jours,Éclair,52000.0,0,0.112,21,3.5,1
2024-08-21,Tous Les Jours,Croissant,32000.0,0,0.051,19,4.7,1
2024-08-21,Tous Les Jours,Red Velvet Cake,225000.0,0,0.073,21,3.9,1
2024-08-21,ABC Bakery,Tiramisu,166000.0,0,0.233,4,4.1,1
2024-08-21,ABC Bakery,Cheesecake,145000.0,0,0.204,7,4.2,0
2024-08-21,ABC Bakery,Macaron,30000.0,0,0.248,3,4.3,1
2024-08-21,ABC Bakery,Éclair,43000.0,0,0.226,4,4.7,0
2024-08-21,ABC Bakery,Croissant,25000.0,0,0.151,17,4.1,1
2024-08-21,ABC Bakery,Red Velvet Cake,193000.0,0,0.073,3,4.4,0
2024-08-21,Givral,Tiramisu,161000.0,0,0.054,20,3.5,0
2024-08-21,Givral,Cheesecake,136000.0,0,0.115,16,4.1,0
2024-08-21,Givral,Macaron,29000.0,0,0.237,24,3.5,1
2024-08-21,Givral,Éclair,42000.0,0,0.194,4,3.6,1
2024-08-21,Givral,Croissant,23000.0,0,0.199,8,4.2,1
2024-08-21,Givral,Red Velvet Cake,185000.0,0,0.115,14,4.3,0
2024-08-21,Local Bakery A,Tiramisu,161000.0,0,0.232,17,4.7,1
2024-08-21,Local Bakery A,Cheesecake,131000.0,0,0.157,6,3.8,1
2024-08-21,Local Bakery A,Macaron,27000.0,0,0.178,18,4.4,1
2024-08-21,Local Bakery A,Éclair,38000.0,0,0.129,21,3.9,1
2024-08-21,Local Bakery A,Croissant,24000.0,0,0.241,18,3.7,1
2024-08-21,Local Bakery A,Red Velvet Cake,166000.0,0,0.109,20,4.7,1
2024-08-21,Supermarket Chain,Tiramisu,120000.0,0,0.108,6,3.8,1
2024-08-21,Supermarket Chain,Cheesecake,83000.0,1,0.142,24,3.9,1
2024-08-21,Supermarket Chain,Macaron,20000.0,0,0.111,2,4.4,0
2024-08-21,Supermarket Chain,Éclair,31000.0,0,0.202,14,4.1,1
2024-08-21,Supermarket Chain,Croissant,15000.0,1,0.08,22,4.3,1
2024-08-21,Supermarket Chain,Red Velvet Cake,115000.0,1,0.206,20,4.4,0
2024-08-22,Paris Baguette,Tiramisu,172000.0,1,0.175,2,4.8,0
2024-08-22,Paris Baguette,Cheesecake,177000.0,0,0.218,6,3.8,1
2024-08-22,Paris Baguette,Macaron,37000.0,0,0.062,4,3.9,1
2024-08-22,Paris Baguette,Éclair,53000.0,0,0.108,17,4.1,1
2024-08-22,Paris Baguette,Croissant,31000.0,0,0.247,16,4.6,0
2024-08-22,Paris Baguette,Red Velvet Cake,241000.0,0,0.109,7,3.6,0
2024-08-22,Tous Les Jours,Tiramisu,199000.0,0,0.082,20,3.5,1
2024-08-22,Tous Les Jours,Cheesecake,167000.0,0,0.156,19,4.2,1
2024-08-22,Tous Les Jours,Macaron,36000.0,0,0.129,17,3.9,1
2024-08-22,Tous Les Jours,Éclair,52000.0,0,0.204,1,4.1,1
2024-08-22,Tous Les Jours,Croissant,31000.0,0,0.125,12,3.6,1
2024-08-22,Tous Les Jours,Red Velvet Cake,225000.0,0,0.16,8,3.9,1
2024-08-22,ABC Bakery,Tiramisu,161000.0,0,0.078,7,3.5,0
2024-08-22,ABC Bakery,Cheesecake,154000.0,0,0.22,6,3.7,1
2024-08-22,ABC Bakery,Macaron,29000.0,0,0.058,12,3.9,1
2024-08-22,ABC Bakery,Éclair,41000.0,0,0.085,4,4.5,1
2024-08-22,ABC Bakery,Croissant,26000.0,0,0.066,22,4.5,1
2024-08-22,ABC Bakery,Red Velvet Cake,193000.0,0,0.226,12,4.4,0
2024-08-22,Givral,Tiramisu,162000.0,0,0.228,6,4.7,0
2024-08-22,Givral,Cheesecake,141000.0,0,0.069,10,4.4,0
2024-08-22,Givral,Macaron,21000.0,1,0.1,9,4.1,0
2024-08-22,Givral,Éclair,42000.0,0,0.133,4,3.8,0
2024-08-22,Givral,Croissant,24000.0,0,0.058,24,4.4,0
2024-08-22,Givral,Red Velvet Cake,175000.0,0,0.245,19,4.5,1
2024-08-22,Local Bakery A,Tiramisu,161000.0,0,0.148,11,3.5,0
2024-08-22,Local Bakery A,Cheesecake,136000.0,0,0.086,22,4.3,1
2024-08-22,Local Bakery A,Macaron,27000.0,0,0.186,10,3.7,0
2024-08-22,Local Bakery A,Éclair,37000.0,0,0.241,20,4.6,1
2024-08-22,Local Bakery A,Croissant,17000.0,1,0.232,18,3.9,0
2024-08-22,Local Bakery A,Red Velvet Cake,167000.0,0,0.158,21,3.7,1
2024-08-22,Supermarket Chain,Tiramisu,118000.0,0,0.071,19,3.7,1
2024-08-22,Supermarket Chain,Cheesecake,102000.0,0,0.211,16,4.0,0
2024-08-22,Supermarket Chain,Macaron,21000.0,0,0.203,4,4.6,0
2024-08-22,Supermarket Chain,Éclair,32000.0,0,0.115,24,4.0,1
2024-08-22,Supermarket Chain,Croissant,18000.0,0,0.063,10,4.5,1
2024-08-22,Supermarket Chain,Red Velvet Cake,134000.0,0,0.123,18,4.3,1
2024-08-23,Paris Baguette,Tiramisu,161000.0,1,0.161,13,4.7,0
2024-08-23,Paris Baguette,Cheesecake,180000.0,0,0.151,14,3.7,1
2024-08-23,Paris Baguette,Macaron,38000.0,0,0.174,13,4.3,1
2024-08-23,Paris Baguette,Éclair,54000.0,0,0.214,23,3.6,1
2024-08-23,Paris Baguette,Croissant,33000.0,0,0.084,21,4.0,1
2024-08-23,Paris Baguette,Red Velvet Cake,230000.0,0,0.186,3,4.0,1
2024-08-23,Tous Les Jours,Tiramisu,214000.0,0,0.178,18,4.3,1
2024-08-23,Tous Les Jours,Cheesecake,182000.0,0,0.126,21,3.5,0
2024-08-23,Tous Les Jours,Macaron,35000.0,0,0.082,7,4.3,1
2024-08-23,Tous Les Jours,Éclair,51000.0,0,0.063,2,4.6,1
2024-08-23,Tous Les Jours,Croissant,28000.0,0,0.195,24,3.7,1
2024-08-23,Tous Les Jours,Red Velvet Cake,219000.0,0,0.166,20,4.7,0
2024-08-23,ABC Bakery,Tiramisu,164000.0,0,0.102,2,3.7,1
2024-08-23,ABC Bakery,Cheesecake,135000.0,0,0.121,15,4.3,1
2024-08-23,ABC Bakery,Macaron,29000.0,0,0.195,24,4.3,1
2024-08-23,ABC Bakery,Éclair,42000.0,0,0.13,2,4.3,1
2024-08-23,ABC Bakery,Croissant,23000.0,1,0.055,21,3.7,1
2024-08-23,ABC Bakery,Red Velvet Cake,184000.0,0,0.118,14,4.0,1
2024-08-23,Givral,Tiramisu,166000.0,0,0.181,6,4.0,0
2024-08-23,Givral,Cheesecake,141000.0,0,0.247,9,4.6,1
2024-08-23,Givral,Macaron,28000.0,0,0.143,5,4.0,1
2024-08-23,Givral,Éclair,40000.0,0,0.194,1,3.9,0
2024-08-23,Givral,Croissant,24000.0,0,0.114,23,4.1,1
2024-08-23,Givral,Red Velvet Cake,178000.0,0,0.151,22,4.0,0
2024-08-23,Local Bakery A,Tiramisu,147000.0,0,0.249,13,4.8,1
2024-08-23,Local Bakery A,Cheesecake,129000.0,0,0.197,9,4.5,1
2024-08-23,Local Bakery A,Macaron,28000.0,0,0.067,21,4.3,0
2024-08-23,Local Bakery A,Éclair,36000.0,0,0.147,7,4.2,0
2024-08-23,Local Bakery A,Croissant,22000.0,0,0.195,22,3.7,1
2024-08-23,Local Bakery A,Red Velvet Cake,163000.0,0,0.077,15,4.0,1
2024-08-23,Supermarket Chain,Tiramisu,99000.0,1,0.061,13,3.9,0
2024-08-23,Supermarket Chain,Cheesecake,102000.0,0,0.108,8,4.1,1
2024-08-23,Supermarket Chain,Macaron,21000.0,0,0.067,9,4.5,1
2024-08-23,Supermarket Chain,Éclair,30000.0,0,0.242,19,3.6,0
2024-08-23,Supermarket Chain,Croissant,19000.0,0,0.225,7,4.3,0
2024-08-23,Supermarket Chain,Red Velvet Cake,114000.0,1,0.15,22,4.6,1
2024-08-24,Paris Baguette,Tiramisu,238000.0,0,0.1,3,3.8,1
2024-08-24,Paris Baguette,Cheesecake,179000.0,0,0.194,5,4.7,1
2024-08-24,Paris Baguette,Macaron,40000.0,0,0.097,4,3.7,1
2024-08-24,Paris Baguette,Éclair,59000.0,0,0.137,23,4.6,1
2024-08-24,Paris Baguette,Croissant,33000.0,0,0.081,8,3.9,1
2024-08-24,Paris Baguette,Red Velvet Cake,240000.0,0,0.172,23,4.3,0
2024-08-24,Tous Les Jours,Tiramisu,221000.0,0,0.076,4,3.7,0
2024-08-24,Tous Les Jours,Cheesecake,177000.0,0,0.081,11,4.1,1
2024-08-24,Tous Les Jours,Macaron,29000.0,1,0.199,19,4.5,1
2024-08-24,Tous Les Jours,Éclair,54000.0,0,0.076,15,3.6,1
2024-08-24,Tous Les Jours,Croissant,31000.0,0,0.211,3,4.0,1
2024-08-24,Tous Les Jours,Red Velvet Cake,240000.0,0,0.195,5,4.4,1
2024-08-24,ABC Bakery,Tiramisu,182000.0,0,0.228,19,3.7,1
2024-08-24,ABC Bakery,Cheesecake,115000.0,1,0.082,8,3.9,1
2024-08-24,ABC Bakery,Macaron,33000.0,0,0.059,2,4.4,0
2024-08-24,ABC Bakery,Éclair,47000.0,0,0.121,9,4.7,1
2024-08-24,ABC Bakery,Croissant,27000.0,0,0.205,9,3.9,1
2024-08-24,ABC Bakery,Red Velvet Cake,208000.0,0,0.173,9,3.7,1
2024-08-24,Givral,Tiramisu,166000.0,0,0.231,1,3.5,1
2024-08-24,Givral,Cheesecake,134000.0,1,0.19,21,4.7,0
2024-08-24,Givral,Macaron,31000.0,0,0.102,4,4.0,1
2024-08-24,Givral,Éclair,43000.0,0,0.1,24,4.7,1
2024-08-24,Givral,Croissant,25000.0,0,0.086,7,4.2,1
2024-08-24,Givral,Red Velvet Cake,187000.0,0,0.25,5,4.8,0
2024-08-24,Local Bakery A,Tiramisu,170000.0,0,0.106,20,4.1,0
2024-08-24,Local Bakery A,Cheesecake,139000.0,0,0.245,21,3.7,1
2024-08-24,Local Bakery A,Macaron,29000.0,0,0.242,7,3.8,0
2024-08-24,Local Bakery A,Éclair,40000.0,0,0.192,15,4.8,1
2024-08-24,Local Bakery A,Croissant,24000.0,0,0.093,15,4.4,1
2024-08-24,Local Bakery A,Red Velvet Cake,178000.0,0,0.102,24,4.7,1
2024-08-24,Supermarket Chain,Tiramisu,126000.0,0,0.076,19,4.5,1
2024-08-24,Supermarket Chain,Cheesecake,95000.0,1,0.068,7,4.0,0
2024-08-24,Supermarket Chain,Macaron,21000.0,0,0.198,11,3.8,0
2024-08-24,Supermarket Chain,Éclair,30000.0,0,0.112,6,3.5,1
2024-08-24,Supermarket Chain,Croissant,19000.0,0,0.063,18,4.4,0
2024-08-24,Supermarket Chain,Red Velvet Cake,135000.0,0,0.077,14,4.0,1
2024-08-25,Paris Baguette,Tiramisu,215000.0,0,0.179,3,4.1,0
2024-08-25,Paris Baguette,Cheesecake,195000.0,0,0.218,14,3.6,1
2024-08-25,Paris Baguette,Macaron,40000.0,0,0.226,19,4.5,0
2024-08-25,Paris Baguette,Éclair,56000.0,0,0.19,10,4.2,1
2024-08-25,Paris Baguette,Croissant,34000.0,0,0.228,13,3.6,1
2024-08-25,Paris Baguette,Red Velvet Cake,236000.0,0,0.053,9,4.3,0
2024-08-25,Tous Les Jours,Tiramisu,210000.0,0,0.179,18,4.4,0
2024-08-25,Tous Les Jours,Cheesecake,180000.0,0,0.194,22,4.3,1
2024-08-25,Tous Les Jours,Macaron,36000.0,0,0.065,24,4.8,0
2024-08-25,Tous Les Jours,Éclair,55000.0,0,0.25,22,4.2,1
2024-08-25,Tous Les Jours,Croissant,33000.0,0,0.171,4,3.9,1
2024-08-25,Tous Les Jours,Red Velvet Cake,236000.0,0,0.065,6,4.2,1
2024-08-25,ABC Bakery,Tiramisu,173000.0,0,0.109,19,3.6,1
2024-08-25,ABC Bakery,Cheesecake,147000.0,0,0.194,1,4.0,0
2024-08-25,ABC Bakery,Macaron,30000.0,0,0.242,3,3.9,1
2024-08-25,ABC Bakery,Éclair,46000.0,0,0.105,22,3.9,0
2024-08-25,ABC Bakery,Croissant,26000.0,0,0.162,8,4.6,1
2024-08-25,ABC Bakery,Red Velvet Cake,150000.0,1,0.179,24,4.2,1
2024-08-25,Givral,Tiramisu,171000.0,0,0.169,14,4.5,1
2024-08-25,Givral,Cheesecake,148000.0,0,0.214,19,4.3,0
2024-08-25,Givral,Macaron,30000.0,0,0.077,7,4.2,0
2024-08-25,Givral,Éclair,44000.0,0,0.19,13,3.5,1
2024-08-25,Givral,Croissant,27000.0,0,0.232,14,3.6,1
2024-08-25,Givral,Red Velvet Cake,189000.0,0,0.153,10,4.1,0
2024-08-25,Local Bakery A,Tiramisu,161000.0,0,0.217,19,4.7,1
2024-08-25,Local Bakery A,Cheesecake,136000.0,0,0.235,10,4.2,1
2024-08-25,Local Bakery A,Macaron,28000.0,0,0.231,6,4.6,1
2024-08-25,Local Bakery A,Éclair,42000.0,0,0.123,13,4.5,1
2024-08-25,Local Bakery A,Croissant,20000.0,1,0.247,10,3.5,0
2024-08-25,Local Bakery A,Red Velvet Cake,183000.0,0,0.13,14,3.5,0
2024-08-25,Supermarket Chain,Tiramisu,131000.0,0,0.091,9,4.0,0
2024-08-25,Supermarket Chain,Cheesecake,107000.0,0,0.152,12,4.0,1
2024-08-25,Supermarket Chain,Macaron,17000.0,1,0.237,6,3.5,1
2024-08-25,Supermarket Chain,Éclair,32000.0,0,0.122,22,4.7,0
2024-08-25,Supermarket Chain,Croissant,19000.0,0,0.183,18,4.4,0
2024-08-25,Supermarket Chain,Red Velvet Cake,135000.0,0,0.079,12,4.0,0
2024-08-26,Paris Baguette,Tiramisu,217000.0,0,0.172,15,4.7,1
2024-08-26,Paris Baguette,Cheesecake,179000.0,0,0.229,2,3.8,1
2024-08-26,Paris Baguette,Macaron,38000.0,0,0.126,23,4.1,1
2024-08-26,Paris Baguette,Éclair,38000.0,1,0.096,19,4.3,0
2024-08-26,Paris Baguette,Croissant,32000.0,0,0.112,4,4.0,1
2024-08-26,Paris Baguette,Red Velvet Cake,245000.0,0,0.093,19,4.8,0
2024-08-26,Tous Les Jours,Tiramisu,202000.0,0,0.055,9,4.0,1
2024-08-26,Tous Les Jours,Cheesecake,174000.0,0,0.125,12,4.3,1
2024-08-26,Tous Les Jours,Macaron,35000.0,0,0.206,18,3.9,1
2024-08-26,Tous Les Jours,Éclair,50000.0,0,0.152,23,4.5,0
2024-08-26,Tous Les Jours,Croissant,29000.0,0,0.113,2,3.9,1
2024-08-26,Tous Les Jours,Red Velvet Cake,231000.0,0,0.161,3,3.6,1
2024-08-26,ABC Bakery,Tiramisu,170000.0,0,0.18,4,3.6,0
2024-08-26,ABC Bakery,Cheesecake,118000.0,1,0.089,4,4.2,0
2024-08-26,ABC Bakery,Macaron,30000.0,0,0.233,2,4.2,1
2024-08-26,ABC Bakery,Éclair,42000.0,0,0.107,17,3.7,0
2024-08-26,ABC Bakery,Croissant,27000.0,0,0.169,13,4.3,0
2024-08-26,ABC Bakery,Red Velvet Cake,191000.0,0,0.233,13,4.6,1
2024-08-26,Givral,Tiramisu,131000.0,1,0.195,3,3.5,1
2024-08-26,Givral,Cheesecake,129000.0,1,0.246,17,4.6,1
2024-08-26,Givral,Macaron,29000.0,0,0.153,6,4.2,0
2024-08-26,Givral,Éclair,40000.0,0,0.104,17,3.6,1
2024-08-26,Givral,Croissant,24000.0,0,0.168,24,3.6,1
2024-08-26,Givral,Red Velvet Cake,169000.0,0,0.09,12,3.6,1
2024-08-26,Local Bakery A,Tiramisu,155000.0,0,0.241,18,3.6,1
2024-08-26,Local Bakery A,Cheesecake,132000.0,0,0.164,14,4.5,0
2024-08-26,Local Bakery A,Macaron,27000.0,0,0.134,20,3.6,0
2024-08-26,Local Bakery A,Éclair,36000.0,0,0.153,8,4.2,1
2024-08-26,Local Bakery A,Croissant,22000.0,0,0.197,18,3.9,1
2024-08-26,Local Bakery A,Red Velvet Cake,173000.0,0,0.147,12,4.7,0
2024-08-26,Supermarket Chain,Tiramisu,120000.0,0,0.071,13,4.6,1
2024-08-26,Supermarket Chain,Cheesecake,96000.0,1,0.191,22,4.7,1
2024-08-26,Supermarket Chain,Macaron,21000.0,0,0.192,23,4.0,0
2024-08-26,Supermarket Chain,Éclair,31000.0,0,0.133,13,4.6,1
2024-08-26,Supermarket Chain,Croissant,19000.0,0,0.095,23,4.7,1
2024-08-26,Supermarket Chain,Red Velvet Cake,131000.0,0,0.134,22,4.1,0
2024-08-27,Paris Baguette,Tiramisu,216000.0,0,0.195,19,3.7,1
2024-08-27,Paris Baguette,Cheesecake,177000.0,0,0.156,7,4.1,1
2024-08-27,Paris Baguette,Macaron,37000.0,0,0.143,14,3.8,1
2024-08-27,Paris Baguette,Éclair,53000.0,0,0.099,19,3.6,1
2024-08-27,Paris Baguette,Croissant,31000.0,0,0.076,23,4.5,0
2024-08-27,Paris Baguette,Red Velvet Cake,199000.0,1,0.114,17,3.9,1
2024-08-27,Tous Les Jours,Tiramisu,203000.0,0,0.248,20,4.6,1
2024-08-27,Tous Les Jours,Cheesecake,177000.0,0,0.096,17,4.2,0
2024-08-27,Tous Les Jours,Macaron,34000.0,0,0.084,20,4.0,0
2024-08-27,Tous Les Jours,Éclair,52000.0,0,0.066,4,3.6,1
2024-08-27,Tous Les Jours,Croissant,30000.0,0,0.063,22,3.7,0
2024-08-27,Tous Les Jours,Red Velvet Cake,226000.0,0,0.066,1,4.7,1
2024-08-27,ABC Bakery,Tiramisu,167000.0,0,0.246,1,4.3,0
2024-08-27,ABC Bakery,Cheesecake,142000.0,0,0.247,7,3.6,0
2024-08-27,ABC Bakery,Macaron,28000.0,0,0.092,1,4.7,0
2024-08-27,ABC Bakery,Éclair,43000.0,0,0.195,4,3.9,1
2024-08-27,ABC Bakery,Croissant,27000.0,0,0.07,11,4.8,0
2024-08-27,ABC Bakery,Red Velvet Cake,191000.0,0,0.225,14,4.5,1
2024-08-27,Givral,Tiramisu,165000.0,0,0.121,16,3.8,1
2024-08-27,Givral,Cheesecake,136000.0,0,0.121,6,4.0,0
2024-08-27,Givral,Macaron,30000.0,0,0.127,21,3.6,1
2024-08-27,Givral,Éclair,42000.0,0,0.227,16,4.1,0
2024-08-27,Givral,Croissant,19000.0,1,0.247,24,4.0,1
2024-08-27,Givral,Red Velvet Cake,181000.0,0,0.15,16,4.3,1
2024-08-27,Local Bakery A,Tiramisu,157000.0,0,0.138,4,4.4,1
2024-08-27,Local Bakery A,Cheesecake,126000.0,0,0.093,22,4.3,1
2024-08-27,Local Bakery A,Macaron,26000.0,0,0.059,9,3.9,1
2024-08-27,Local Bakery A,Éclair,40000.0,0,0.177,13,4.1,1
2024-08-27,Local Bakery A,Croissant,23000.0,0,0.09,21,4.0,1
2024-08-27,Local Bakery A,Red Velvet Cake,168000.0,0,0.095,2,3.8,1
2024-08-27,Supermarket Chain,Tiramisu,121000.0,0,0.147,23,3.9,0
2024-08-27,Supermarket Chain,Cheesecake,102000.0,0,0.081,19,4.0,1
2024-08-27,Supermarket Chain,Macaron,21000.0,0,0.09,1,4.7,0
2024-08-27,Supermarket Chain,Éclair,31000.0,0,0.237,7,3.6,1
2024-08-27,Supermarket Chain,Croissant,16000.0,1,0.192,4,4.0,1
2024-08-27,Supermarket Chain,Red Velvet Cake,138000.0,0,0.127,13,4.1,0
2024-08-28,Paris Baguette,Tiramisu,208000.0,0,0.176,18,4.5,1
2024-08-28,Paris Baguette,Cheesecake,195000.0,0,0.176,8,4.7,1
2024-08-28,Paris Baguette,Macaron,38000.0,0,0.085,23,4.8,1
2024-08-28,Paris Baguette,Éclair,53000.0,0,0.106,13,4.2,1
2024-08-28,Paris Baguette,Croissant,31000.0,0,0.147,2,4.4,1
2024-08-28,Paris Baguette,Red Velvet Cake,234000.0,0,0.125,7,4.7,1
2024-08-28,Tous Les Jours,Tiramisu,195000.0,0,0.052,11,4.6,1
2024-08-28,Tous Les Jours,Cheesecake,181000.0,0,0.131,11,4.0,1
2024-08-28,Tous Les Jours,Macaron,33000.0,0,0.104,11,4.4,1
2024-08-28,Tous Les Jours,Éclair,52000.0,0,0.111,18,3.9,1
2024-08-28,Tous Les Jours,Croissant,24000.0,1,0.216,16,4.7,1
2024-08-28,Tous Les Jours,Red Velvet Cake,226000.0,0,0.222,7,4.2,0
2024-08-28,ABC Bakery,Tiramisu,167000.0,0,0.091,2,4.5,1
2024-08-28,ABC Bakery,Cheesecake,145000.0,0,0.056,4,4.4,1
2024-08-28,ABC Bakery,Macaron,30000.0,0,0.24,20,4.4,1
2024-08-28,ABC Bakery,Éclair,43000.0,0,0.2,18,4.4,1
2024-08-28,ABC Bakery,Croissant,26000.0,0,0.163,4,4.2,1
2024-08-28,ABC Bakery,Red Velvet Cake,197000.0,0,0.229,18,3.9,0
2024-08-28,Givral,Tiramisu,158000.0,0,0.247,3,3.6,1
2024-08-28,Givral,Cheesecake,137000.0,0,0.216,1,3.7,0
2024-08-28,Givral,Macaron,28000.0,0,0.107,2,4.3,1
2024-08-28,Givral,Éclair,39000.0,0,0.196,18,3.7,0
2024-08-28,Givral,Croissant,26000.0,0,0.115,2,3.6,1
2024-08-28,Givral,Red Velvet Cake,172000.0,0,0.206,12,4.1,0
2024-08-28,Local Bakery A,Tiramisu,149000.0,0,0.17,24,4.6,0
2024-08-28,Local Bakery A,Cheesecake,134000.0,0,0.137,13,3.8,1
2024-08-28,Local Bakery A,Macaron,24000.0,1,0.063,6,3.6,1
2024-08-28,Local Bakery A,Éclair,39000.0,0,0.236,5,4.1,0
2024-08-28,Local Bakery A,Croissant,24000.0,0,0.225,4,4.7,1
2024-08-28,Local Bakery A,Red Velvet Cake,178000.0,0,0.157,21,4.0,1
2024-08-28,Supermarket Chain,Tiramisu,121000.0,0,0.153,17,4.5,1
2024-08-28,Supermarket Chain,Cheesecake,100000.0,0,0.216,3,4.0,1
2024-08-28,Supermarket Chain,Macaron,20000.0,0,0.12,21,4.8,1
2024-08-28,Supermarket Chain,Éclair,31000.0,0,0.225,5,4.7,1
2024-08-28,Supermarket Chain,Croissant,15000.0,1,0.055,10,4.1,0
2024-08-28,Supermarket Chain,Red Velvet Cake,132000.0,0,0.241,20,3.6,0
2024-08-29,Paris Baguette,Tiramisu,215000.0,0,0.247,5,4.5,1
2024-08-29,Paris Baguette,Cheesecake,154000.0,1,0.204,13,4.3,1
2024-08-29,Paris Baguette,Macaron,37000.0,0,0.057,4,4.8,0
2024-08-29,Paris Baguette,Éclair,53000.0,0,0.112,17,4.6,1
2024-08-29,Paris Baguette,Croissant,32000.0,0,0.064,15,4.1,1
2024-08-29,Paris Baguette,Red Velvet Cake,236000.0,0,0.204,15,4.7,1
2024-08-29,Tous Les Jours,Tiramisu,200000.0,0,0.171,21,3.8,1
2024-08-29,Tous Les Jours,Cheesecake,178000.0,0,0.096,11,4.4,1
2024-08-29,Tous Les Jours,Macaron,36000.0,0,0.163,13,3.9,1
2024-08-29,Tous Les Jours,Éclair,48000.0,0,0.13,21,4.0,0
2024-08-29,Tous Les Jours,Croissant,31000.0,0,0.07,4,4.4,1
2024-08-29,Tous Les Jours,Red Velvet Cake,214000.0,0,0.053,10,3.8,0
2024-08-29,ABC Bakery,Tiramisu,176000.0,0,0.089,18,3.7,0
2024-08-29,ABC Bakery,Cheesecake,146000.0,0,0.189,9,3.7,1
2024-08-29,ABC Bakery,Macaron,30000.0,0,0.101,23,4.0,0
2024-08-29,ABC Bakery,Éclair,45000.0,0,0.058,12,4.1,1
2024-08-29,ABC Bakery,Croissant,26000.0,0,0.224,3,3.9,0
2024-08-29,ABC Bakery,Red Velvet Cake,179000.0,0,0.173,9,3.7,1
2024-08-29,Givral,Tiramisu,160000.0,0,0.161,3,4.3,1
2024-08-29,Givral,Cheesecake,140000.0,0,0.116,17,4.3,1
2024-08-29,Givral,Macaron,29000.0,0,0.203,3,4.5,1
2024-08-29,Givral,Éclair,40000.0,0,0.116,14,3.9,0
2024-08-29,Givral,Croissant,25000.0,0,0.25,18,3.9,1
2024-08-29,Givral,Red Velvet Cake,178000.0,0,0.067,22,4.2,1
2024-08-29,Local Bakery A,Tiramisu,147000.0,0,0.217,1,4.3,1
2024-08-29,Local Bakery A,Cheesecake,137000.0,0,0.063,18,4.5,1
2024-08-29,Local Bakery A,Macaron,28000.0,0,0.127,9,4.2,1
2024-08-29,Local Bakery A,Éclair,29000.0,1,0.12,14,3.6,1
2024-08-29,Local Bakery A,Croissant,24000.0,0,0.145,20,4.1,0
2024-08-29,Local Bakery A,Red Velvet Cake,168000.0,0,0.103,14,3.8,1
2024-08-29,Supermarket Chain,Tiramisu,117000.0,0,0.147,10,3.7,0
2024-08-29,Supermarket Chain,Cheesecake,104000.0,0,0.199,5,4.8,1
2024-08-29,Supermarket Chain,Macaron,20000.0,0,0.127,3,3.8,0
2024-08-29,Supermarket Chain,Éclair,31000.0,0,0.219,3,4.3,1
2024-08-29,Supermarket Chain,Croissant,18000.0,0,0.085,9,4.6,1
2024-08-29,Supermarket Chain,Red Velvet Cake,110000.0,1,0.178,20,4.2,1
2024-08-30,Paris Baguette,Tiramisu,223000.0,0,0.133,13,3.8,1
2024-08-30,Paris Baguette,Cheesecake,176000.0,0,0.17,14,4.0,1
2024-08-30,Paris Baguette,Macaron,31000.0,1,0.18,13,4.2,0
2024-08-30,Paris Baguette,Éclair,54000.0,0,0.127,19,4.5,1
2024-08-30,Paris Baguette,Croissant,32000.0,0,0.23,11,4.4,1
2024-08-30,Paris Baguette,Red Velvet Cake,246000.0,0,0.199,8,4.4,1
2024-08-30,Tous Les Jours,Tiramisu,202000.0,0,0.13,19,4.4,0
2024-08-30,Tous Les Jours,Cheesecake,178000.0,0,0.122,18,4.3,1
2024-08-30,Tous Les Jours,Macaron,38000.0,0,0.146,22,3.9,0
2024-08-30,Tous Les Jours,Éclair,52000.0,0,0.139,20,3.5,1
2024-08-30,Tous Les Jours,Croissant,31000.0,0,0.065,17,3.8,1
2024-08-30,Tous Les Jours,Red Velvet Cake,218000.0,0,0.169,16,4.6,1
2024-08-30,ABC Bakery,Tiramisu,170000.0,0,0.134,24,3.6,0
2024-08-30,ABC Bakery,Cheesecake,133000.0,0,0.065,5,4.2,0
2024-08-30,ABC Bakery,Macaron,31000.0,0,0.178,6,4.0,1
2024-08-30,ABC Bakery,Éclair,42000.0,0,0.232,5,4.1,1
2024-08-30,ABC Bakery,Croissant,26000.0,0,0.075,11,4.2,0
2024-08-30,ABC Bakery,Red Velvet Cake,189000.0,0,0.086,15,4.5,1
2024-08-30,Givral,Tiramisu,167000.0,0,0.129,1,3.6,1
2024-08-30,Givral,Cheesecake,143000.0,0,0.069,12,4.4,1
2024-08-30,Givral,Macaron,30000.0,0,0.193,5,4.1,1
2024-08-30,Givral,Éclair,39000.0,0,0.205,7,4.5,1
2024-08-30,Givral,Croissant,24000.0,0,0.078,4,3.6,1
2024-08-30,Givral,Red Velvet Cake,151000.0,1,0.174,8,3.9,0
2024-08-30,Local Bakery A,Tiramisu,152000.0,0,0.131,18,4.8,0
2024-08-30,Local Bakery A,Cheesecake,125000.0,0,0.139,11,3.6,1
2024-08-30,Local Bakery A,Macaron,26000.0,0,0.168,8,4.8,1
2024-08-30,Local Bakery A,Éclair,38000.0,0,0.214,2,3.7,0
2024-08-30,Local Bakery A,Croissant,21000.0,1,0.189,19,4.4,1
2024-08-30,Local Bakery A,Red Velvet Cake,173000.0,0,0.203,14,3.7,0
2024-08-30,Supermarket Chain,Tiramisu,116000.0,0,0.088,23,4.0,0
2024-08-30,Supermarket Chain,Cheesecake,81000.0,1,0.231,18,3.9,1
2024-08-30,Supermarket Chain,Macaron,21000.0,0,0.12,10,3.7,1
2024-08-30,Supermarket Chain,Éclair,29000.0,0,0.116,15,4.4,1
2024-08-30,Supermarket Chain,Croissant,18000.0,0,0.172,12,4.1,1
2024-08-30,Supermarket Chain,Red Velvet Cake,119000.0,1,0.222,5,4.3,1
2024-08-31,Paris Baguette,Tiramisu,228000.0,0,0.142,21,3.6,1
2024-08-31,Paris Baguette,Cheesecake,193000.0,0,0.112,19,4.6,1
2024-08-31,Paris Baguette,Macaron,41000.0,0,0.131,17,4.2,1
2024-08-31,Paris Baguette,Éclair,58000.0,0,0.149,6,4.1,0
2024-08-31,Paris Baguette,Croissant,34000.0,0,0.247,23,3.9,1
2024-08-31,Paris Baguette,Red Velvet Cake,238000.0,0,0.135,17,4.4,1
2024-08-31,Tous Les Jours,Tiramisu,209000.0,0,0.218,7,4.8,1
2024-08-31,Tous Les Jours,Cheesecake,187000.0,0,0.219,18,3.7,1
2024-08-31,Tous Les Jours,Macaron,38000.0,0,0.161,16,4.7,0
2024-08-31,Tous Les Jours,Éclair,52000.0,0,0.236,23,4.7,1
2024-08-31,Tous Les Jours,Croissant,32000.0,0,0.071,14,4.8,1
2024-08-31,Tous Les Jours,Red Velvet Cake,231000.0,0,0.061,13,3.5,0
2024-08-31,ABC Bakery,Tiramisu,181000.0,0,0.202,13,4.7,0
2024-08-31,ABC Bakery,Cheesecake,152000.0,0,0.123,2,4.2,1
2024-08-31,ABC Bakery,Macaron,31000.0,0,0.156,1,4.3,1
2024-08-31,ABC Bakery,Éclair,46000.0,0,0.069,23,3.7,1
2024-08-31,ABC Bakery,Croissant,28000.0,0,0.194,14,4.4,1
2024-08-31,ABC Bakery,Red Velvet Cake,212000.0,0,0.149,17,4.2,1
2024-08-31,Givral,Tiramisu,171000.0,0,0.144,19,4.4,1
2024-08-31,Givral,Cheesecake,139000.0,0,0.24,13,4.1,1
2024-08-31,Givral,Macaron,29000.0,0,0.211,2,4.0,1
2024-08-31,Givral,Éclair,43000.0,0,0.187,9,3.9,1
2024-08-31,Givral,Croissant,25000.0,0,0.246,12,3.5,1
2024-08-31,Givral,Red Velvet Cake,190000.0,0,0.165,17,4.2,1
2024-08-31,Local Bakery A,Tiramisu,154000.0,0,0.083,5,4.4,1
2024-08-31,Local Bakery A,Cheesecake,138000.0,0,0.102,23,3.5,1
2024-08-31,Local Bakery A,Macaron,29000.0,0,0.197,16,4.5,1
2024-08-31,Local Bakery A,Éclair,40000.0,0,0.071,8,4.4,0
2024-08-31,Local Bakery A,Croissant,25000.0,0,0.219,8,3.9,1
2024-08-31,Local Bakery A,Red Velvet Cake,181000.0,0,0.101,15,4.3,0
2024-08-31,Supermarket Chain,Tiramisu,131000.0,0,0.179,18,4.1,1
2024-08-31,Supermarket Chain,Cheesecake,106000.0,0,0.155,21,4.4,1
2024-08-31,Supermarket Chain,Macaron,23000.0,0,0.198,7,3.6,1
2024-08-31,Supermarket Chain,Éclair,27000.0,1,0.155,3,4.6,0
2024-08-31,Supermarket Chain,Croissant,19000.0,0,0.079,19,3.6,0
2024-08-31,Supermarket Chain,Red Velvet Cake,137000.0,0,0.209,16,3.7,1
2024-09-01,Paris Baguette,Tiramisu,221000.0,0,0.23,14,4.6,1
2024-09-01,Paris Baguette,Cheesecake,181000.0,0,0.099,2,3.6,0
2024-09-01,Paris Baguette,Macaron,41000.0,0,0.189,13,4.6,0
2024-09-01,Paris Baguette,Éclair,59000.0,0,0.082,11,3.6,1
2024-09-01,Paris Baguette,Croissant,35000.0,0,0.119,10,4.0,1
2024-09-01,Paris Baguette,Red Velvet Cake,249000.0,0,0.179,17,4.4,1
2024-09-01,Tous Les Jours,Tiramisu,216000.0,0,0.232,18,4.6,1
2024-09-01,Tous Les Jours,Cheesecake,175000.0,0,0.229,3,4.7,1
2024-09-01,Tous Les Jours,Macaron,35000.0,0,0.075,14,3.7,0
2024-09-01,Tous Les Jours,Éclair,53000.0,0,0.171,9,4.6,1
2024-09-01,Tous Les Jours,Croissant,31000.0,0,0.226,22,4.0,1
2024-09-01,Tous Les Jours,Red Velvet Cake,202000.0,1,0.206,8,4.0,0
2024-09-01,ABC Bakery,Tiramisu,186000.0,0,0.09,6,4.3,0
2024-09-01,ABC Bakery,Cheesecake,156000.0,0,0.096,19,4.2,1
2024-09-01,ABC Bakery,Macaron,32000.0,0,0.132,2,4.4,1
2024-09-01,ABC Bakery,Éclair,43000.0,0,0.236,10,3.8,0
2024-09-01,ABC Bakery,Croissant,24000.0,1,0.141,7,4.7,0
2024-09-01,ABC Bakery,Red Velvet Cake,202000.0,0,0.062,16,3.6,1
2024-09-01,Givral,Tiramisu,179000.0,0,0.214,3,3.9,1
2024-09-01,Givral,Cheesecake,116000.0,1,0.188,8,3.7,1
2024-09-01,Givral,Macaron,30000.0,0,0.085,6,3.7,1
2024-09-01,Givral,Éclair,45000.0,0,0.216,11,4.4,1
2024-09-01,Givral,Croissant,26000.0,0,0.131,7,3.9,1
2024-09-01,Givral,Red Velvet Cake,189000.0,0,0.115,20,4.5,1
2024-09-01,Local Bakery A,Tiramisu,163000.0,0,0.074,16,4.0,1
2024-09-01,Local Bakery A,Cheesecake,98000.0,1,0.115,3,3.7,0
2024-09-01,Local Bakery A,Macaron,25000.0,1,0.241,17,3.6,1
2024-09-01,Local Bakery A,Éclair,38000.0,0,0.079,15,4.1,0
2024-09-01,Local Bakery A,Croissant,25000.0,0,0.237,7,4.1,1
2024-09-01,Local Bakery A,Red Velvet Cake,180000.0,0,0.201,24,3.7,1
2024-09-01,Supermarket Chain,Tiramisu,112000.0,1,0.138,13,3.5,1
2024-09-01,Supermarket Chain,Cheesecake,88000.0,1,0.211,5,4.1,1
2024-09-01,Supermarket Chain,Macaron,22000.0,0,0.22,7,3.6,1
2024-09-01,Supermarket Chain,Éclair,31000.0,0,0.165,6,3.7,0
2024-09-01,Supermarket Chain,Croissant,20000.0,0,0.156,7,4.8,1
2024-09-01,Supermarket Chain,Red Velvet Cake,101000.0,1,0.193,14,4.0,1
2024-09-02,Paris Baguette,Tiramisu,214000.0,0,0.169,10,3.5,1
2024-09-02,Paris Baguette,Cheesecake,188000.0,0,0.242,10,4.7,1
2024-09-02,Paris Baguette,Macaron,39000.0,0,0.051,1,3.5,0
2024-09-02,Paris Baguette,Éclair,53000.0,0,0.197,20,4.8,0
2024-09-02,Paris Baguette,Croissant,32000.0,0,0.156,10,4.7,0
2024-09-02,Paris Baguette,Red Velvet Cake,234000.0,0,0.154,3,4.2,1
2024-09-02,Tous Les Jours,Tiramisu,206000.0,0,0.236,20,4.6,1
2024-09-02,Tous Les Jours,Cheesecake,174000.0,0,0.239,13,3.8,0
2024-09-02,Tous Les Jours,Macaron,36000.0,0,0.203,12,4.4,1
2024-09-02,Tous Les Jours,Éclair,54000.0,0,0.17,9,3.7,1
2024-09-02,Tous Les Jours,Croissant,31000.0,0,0.212,19,4.3,0
2024-09-02,Tous Les Jours,Red Velvet Cake,226000.0,0,0.089,7,4.5,1
2024-09-02,ABC Bakery,Tiramisu,163000.0,0,0.216,24,4.4,1
2024-09-02,ABC Bakery,Cheesecake,152000.0,0,0.234,18,3.7,1
2024-09-02,ABC Bakery,Macaron,30000.0,0,0.216,22,4.2,0
2024-09-02,ABC Bakery,Éclair,43000.0,0,0.06,1,4.4,1
2024-09-02,ABC Bakery,Croissant,26000.0,0,0.183,5,4.8,1
2024-09-02,ABC Bakery,Red Velvet Cake,189000.0,0,0.116,7,3.6,1
2024-09-02,Givral,Tiramisu,163000.0,0,0.174,3,3.9,1
2024-09-02,Givral,Cheesecake,140000.0,0,0.122,7,4.7,1
2024-09-02,Givral,Macaron,29000.0,0,0.169,1,3.7,0
2024-09-02,Givral,Éclair,42000.0,0,0.247,21,3.7,1
2024-09-02,Givral,Croissant,24000.0,0,0.168,16,4.3,1
2024-09-02,Givral,Red Velvet Cake,130000.0,1,0.165,3,4.3,1
2024-09-02,Local Bakery A,Tiramisu,157000.0,0,0.153,9,4.0,1
2024-09-02,Local Bakery A,Cheesecake,136000.0,0,0.18,22,3.7,0
2024-09-02,Local Bakery A,Macaron,27000.0,0,0.121,20,4.6,0
2024-09-02,Local Bakery A,Éclair,38000.0,0,0.071,4,4.7,0
2024-09-02,Local Bakery A,Croissant,20000.0,1,0.154,2,3.6,0
2024-09-02,Local Bakery A,Red Velvet Cake,170000.0,0,0.058,10,3.9,1
2024-09-02,Supermarket Chain,Tiramisu,126000.0,0,0.168,13,4.1,1
2024-09-02,Supermarket Chain,Cheesecake,104000.0,0,0.133,1,4.4,0
2024-09-02,Supermarket Chain,Macaron,21000.0,0,0.25,11,3.9,0
2024-09-02,Supermarket Chain,Éclair,29000.0,0,0.214,9,4.4,1
2024-09-02,Supermarket Chain,Croissant,18000.0,0,0.117,9,3.5,0
2024-09-02,Supermarket Chain,Red Velvet Cake,134000.0,0,0.086,24,4.6,1
2024-09-03,Paris Baguette,Tiramisu,201000.0,0,0.14,4,4.0,1
2024-09-03,Paris Baguette,Cheesecake,187000.0,0,0.068,11,4.4,1
2024-09-03,Paris Baguette,Macaron,39000.0,0,0.205,19,4.6,0
2024-09-03,Paris Baguette,Éclair,50000.0,0,0.108,20,4.4,1
2024-09-03,Paris Baguette,Croissant,34000.0,0,0.139,15,4.0,1
2024-09-03,Paris Baguette,Red Velvet Cake,248000.0,0,0.131,13,4.7,0
2024-09-03,Tous Les Jours,Tiramisu,212000.0,0,0.145,22,4.5,1
2024-09-03,Tous Les Jours,Cheesecake,175000.0,0,0.15,19,4.1,1
2024-09-03,Tous Les Jours,Macaron,37000.0,0,0.09,17,3.6,0
2024-09-03,Tous Les Jours,Éclair,53000.0,0,0.189,14,3.9,1
2024-09-03,Tous Les Jours,Croissant,32000.0,0,0.227,11,4.1,0
2024-09-03,Tous Les Jours,Red Velvet Cake,231000.0,0,0.22,14,3.6,0
2024-09-03,ABC Bakery,Tiramisu,161000.0,0,0.077,9,3.6,0
2024-09-03,ABC Bakery,Cheesecake,148000.0,0,0.136,9,4.2,1
2024-09-03,ABC Bakery,Macaron,30000.0,0,0.206,18,4.0,1
2024-09-03,ABC Bakery,Éclair,41000.0,0,0.096,20,3.7,1
2024-09-03,ABC Bakery,Croissant,25000.0,0,0.131,8,3.8,0
2024-09-03,ABC Bakery,Red Velvet Cake,203000.0,0,0.158,23,4.2,0
2024-09-03,Givral,Tiramisu,168000.0,0,0.154,2,3.8,1
2024-09-03,Givral,Cheesecake,141000.0,0,0.238,6,3.7,1
2024-09-03,Givral,Macaron,29000.0,0,0.084,15,3.6,1
2024-09-03,Givral,Éclair,43000.0,0,0.242,19,4.6,1
2024-09-03,Givral,Croissant,24000.0,0,0.241,7,4.5,1
2024-09-03,Givral,Red Velvet Cake,172000.0,0,0.143,21,4.4,1
2024-09-03,Local Bakery A,Tiramisu,158000.0,0,0.083,7,4.1,1
2024-09-03,Local Bakery A,Cheesecake,131000.0,0,0.226,6,4.5,1
2024-09-03,Local Bakery A,Macaron,22000.0,1,0.168,5,4.6,0
2024-09-03,Local Bakery A,Éclair,38000.0,0,0.186,3,3.6,1
2024-09-03,Local Bakery A,Croissant,23000.0,0,0.076,18,4.2,1
2024-09-03,Local Bakery A,Red Velvet Cake,165000.0,0,0.128,21,3.8,0
2024-09-03,Supermarket Chain,Tiramisu,119000.0,0,0.122,5,3.9,1
2024-09-03,Supermarket Chain,Cheesecake,100000.0,0,0.063,20,4.0,1
2024-09-03,Supermarket Chain,Macaron,17000.0,1,0.122,3,4.8,1
2024-09-03,Supermarket Chain,Éclair,30000.0,0,0.095,5,4.4,1
2024-09-03,Supermarket Chain,Croissant,19000.0,0,0.166,11,4.8,1
2024-09-03,Supermarket Chain,Red Velvet Cake,134000.0,0,0.073,21,4.4,1
2024-09-04,Paris Baguette,Tiramisu,221000.0,0,0.225,2,4.8,0
2024-09-04,Paris Baguette,Cheesecake,174000.0,0,0.166,12,4.7,1
2024-09-04,Paris Baguette,Macaron,36000.0,0,0.231,16,4.8,1
2024-09-04,Paris Baguette,Éclair,56000.0,0,0.242,15,3.9,1
2024-09-04,Paris Baguette,Croissant,33000.0,0,0.171,20,4.0,1
2024-09-04,Paris Baguette,Red Velvet Cake,176000.0,1,0.226,2,4.5,1
2024-09-04,Tous Les Jours,Tiramisu,194000.0,0,0.173,13,3.6,1
2024-09-04,Tous Les Jours,Cheesecake,182000.0,0,0.07,4,3.9,1
2024-09-04,Tous Les Jours,Macaron,37000.0,0,0.153,20,3.7,1
2024-09-04,Tous Les Jours,Éclair,52000.0,0,0.063,9,4.6,1
2024-09-04,Tous Les Jours,Croissant,32000.0,0,0.241,5,3.6,1
2024-09-04,Tous Les Jours,Red Velvet Cake,241000.0,0,0.227,13,4.6,1
2024-09-04,ABC Bakery,Tiramisu,172000.0,0,0.196,2,4.3,0
2024-09-04,ABC Bakery,Cheesecake,144000.0,0,0.247,7,3.9,1
2024-09-04,ABC Bakery,Macaron,23000.0,1,0.123,9,3.6,1
2024-09-04,ABC Bakery,Éclair,40000.0,0,0.196,1,3.6,1
2024-09-04,ABC Bakery,Croissant,25000.0,0,0.237,24,4.1,1
2024-09-04,ABC Bakery,Red Velvet Cake,187000.0,0,0.16,4,4.8,0
2024-09-04,Givral,Tiramisu,167000.0,0,0.099,13,4.5,0
2024-09-04,Givral,Cheesecake,137000.0,0,0.241,14,4.4,0
2024-09-04,Givral,Macaron,27000.0,0,0.095,13,3.6,1
2024-09-04,Givral,Éclair,41000.0,0,0.166,22,3.8,1
2024-09-04,Givral,Croissant,25000.0,0,0.077,24,4.1,1
2024-09-04,Givral,Red Velvet Cake,175000.0,0,0.118,15,4.7,1
2024-09-04,Local Bakery A,Tiramisu,160000.0,0,0.124,24,4.7,1
2024-09-04,Local Bakery A,Cheesecake,138000.0,0,0.178,8,3.7,1
2024-09-04,Local Bakery A,Macaron,26000.0,0,0.182,4,4.6,1
2024-09-04,Local Bakery A,Éclair,38000.0,0,0.122,24,4.2,1
2024-09-04,Local Bakery A,Croissant,23000.0,0,0.202,21,4.8,0
2024-09-04,Local Bakery A,Red Velvet Cake,178000.0,0,0.15,12,4.0,1
2024-09-04,Supermarket Chain,Tiramisu,122000.0,0,0.08,22,3.9,1
2024-09-04,Supermarket Chain,Cheesecake,101000.0,0,0.168,17,4.3,0
2024-09-04,Supermarket Chain,Macaron,21000.0,0,0.154,19,4.0,1
2024-09-04,Supermarket Chain,Éclair,29000.0,0,0.202,2,3.7,1
2024-09-04,Supermarket Chain,Croissant,17000.0,0,0.165,6,3.6,0
2024-09-04,Supermarket Chain,Red Velvet Cake,134000.0,0,0.168,2,4.7,1
2024-09-05,Paris Baguette,Tiramisu,215000.0,0,0.096,16,3.5,1
2024-09-05,Paris Baguette,Cheesecake,186000.0,0,0.076,8,4.0,1
2024-09-05,Paris Baguette,Macaron,38000.0,0,0.187,17,3.8,1
2024-09-05,Paris Baguette,Éclair,51000.0,0,0.11,2,4.4,1
2024-09-05,Paris Baguette,Croissant,33000.0,0,0.225,6,4.8,1
2024-09-05,Paris Baguette,Red Velvet Cake,225000.0,0,0.087,24,4.6,1
2024-09-05,Tous Les Jours,Tiramisu,212000.0,0,0.108,9,3.7,1
2024-09-05,Tous Les Jours,Cheesecake,179000.0,0,0.212,17,4.8,1
2024-09-05,Tous Les Jours,Macaron,38000.0,0,0.121,23,3.8,1
2024-09-05,Tous Les Jours,Éclair,50000.0,0,0.072,9,4.5,0
2024-09-05,Tous Les Jours,Croissant,32000.0,0,0.063,1,3.5,0
2024-09-05,Tous Les Jours,Red Velvet Cake,220000.0,0,0.19,6,4.2,1
2024-09-05,ABC Bakery,Tiramisu,173000.0,0,0.217,6,4.4,1
2024-09-05,ABC Bakery,Cheesecake,149000.0,0,0.09,2,3.7,1
2024-09-05,ABC Bakery,Macaron,23000.0,1,0.117,10,3.9,1
2024-09-05,ABC Bakery,Éclair,43000.0,0,0.243,6,4.4,1
2024-09-05,ABC Bakery,Croissant,25000.0,0,0.168,18,4.7,1
2024-09-05,ABC Bakery,Red Velvet Cake,186000.0,0,0.181,6,4.4,1
2024-09-05,Givral,Tiramisu,156000.0,0,0.088,2,3.9,1
2024-09-05,Givral,Cheesecake,137000.0,0,0.17,20,4.3,0
2024-09-05,Givral,Macaron,28000.0,0,0.055,3,4.8,0
2024-09-05,Givral,Éclair,40000.0,0,0.088,11,4.6,0
2024-09-05,Givral,Croissant,25000.0,0,0.105,20,4.7,0
2024-09-05,Givral,Red Velvet Cake,169000.0,0,0.09,23,4.5,0
2024-09-05,Local Bakery A,Tiramisu,153000.0,0,0.205,9,4.4,1
2024-09-05,Local Bakery A,Cheesecake,130000.0,0,0.198,6,4.6,1
2024-09-05,Local Bakery A,Macaron,28000.0,0,0.157,12,4.0,1
2024-09-05,Local Bakery A,Éclair,42000.0,0,0.138,24,4.1,1
2024-09-05,Local Bakery A,Croissant,23000.0,0,0.104,7,3.7,1
2024-09-05,Local Bakery A,Red Velvet Cake,172000.0,0,0.111,1,3.8,1
2024-09-05,Supermarket Chain,Tiramisu,125000.0,0,0.109,24,4.4,1
2024-09-05,Supermarket Chain,Cheesecake,73000.0,1,0.177,8,3.5,1
2024-09-05,Supermarket Chain,Macaron,22000.0,0,0.237,17,4.5,1
2024-09-05,Supermarket Chain,Éclair,29000.0,0,0.163,9,4.6,0
2024-09-05,Supermarket Chain,Croissant,18000.0,0,0.248,16,3.7,0
2024-09-05,Supermarket Chain,Red Velvet Cake,132000.0,0,0.063,15,4.2,1
2024-09-06,Paris Baguette,Tiramisu,221000.0,0,0.236,4,4.6,1
2024-09-06,Paris Baguette,Cheesecake,187000.0,0,0.218,16,4.0,1
2024-09-06,Paris Baguette,Macaron,36000.0,0,0.089,1,4.6,1
2024-09-06,Paris Baguette,Éclair,52000.0,0,0.162,4,4.1,1
2024-09-06,Paris Baguette,Croissant,32000.0,0,0.23,3,4.5,1
2024-09-06,Paris Baguette,Red Velvet Cake,258000.0,0,0.193,20,3.7,1
2024-09-06,Tous Les Jours,Tiramisu,207000.0,0,0.129,21,3.6,1
2024-09-06,Tous Les Jours,Cheesecake,174000.0,0,0.137,16,3.8,0
2024-09-06,Tous Les Jours,Macaron,37000.0,0,0.14,8,4.4,1
2024-09-06,Tous Les Jours,Éclair,53000.0,0,0.138,2,3.8,1
2024-09-06,Tous Les Jours,Croissant,30000.0,0,0.193,15,4.1,1
2024-09-06,Tous Les Jours,Red Velvet Cake,232000.0,0,0.068,23,3.9,1
2024-09-06,ABC Bakery,Tiramisu,126000.0,1,0.182,11,4.0,1
2024-09-06,ABC Bakery,Cheesecake,148000.0,0,0.128,5,4.3,1
2024-09-06,ABC Bakery,Macaron,31000.0,0,0.057,19,3.8,0
2024-09-06,ABC Bakery,Éclair,34000.0,1,0.17,20,4.0,1
2024-09-06,ABC Bakery,Croissant,26000.0,0,0.13,24,3.6,1
2024-09-06,ABC Bakery,Red Velvet Cake,193000.0,0,0.162,11,4.3,0
2024-09-06,Givral,Tiramisu,169000.0,0,0.165,22,4.3,1
2024-09-06,Givral,Cheesecake,137000.0,0,0.249,20,3.5,1
2024-09-06,Givral,Macaron,29000.0,0,0.123,8,4.6,1
2024-09-06,Givral,Éclair,42000.0,0,0.228,23,4.6,0
2024-09-06,Givral,Croissant,24000.0,0,0.074,5,4.6,0
2024-09-06,Givral,Red Velvet Cake,179000.0,0,0.169,3,4.2,1
2024-09-06,Local Bakery A,Tiramisu,159000.0,0,0.065,24,4.2,1
2024-09-06,Local Bakery A,Cheesecake,136000.0,0,0.085,12,3.8,1
2024-09-06,Local Bakery A,Macaron,26000.0,0,0.068,3,4.6,1
2024-09-06,Local Bakery A,Éclair,39000.0,0,0.114,6,4.6,1
2024-09-06,Local Bakery A,Croissant,23000.0,0,0.177,11,4.1,1
2024-09-06,Local Bakery A,Red Velvet Cake,177000.0,0,0.139,10,4.0,1
2024-09-06,Supermarket Chain,Tiramisu,120000.0,0,0.054,6,3.6,0
2024-09-06,Supermarket Chain,Cheesecake,107000.0,0,0.107,10,4.6,1
2024-09-06,Supermarket Chain,Macaron,21000.0,0,0.233,5,4.7,0
2024-09-06,Supermarket Chain,Éclair,29000.0,0,0.248,14,4.6,1
2024-09-06,Supermarket Chain,Croissant,18000.0,0,0.195,19,3.6,1
2024-09-06,Supermarket Chain,Red Velvet Cake,135000.0,0,0.244,24,3.9,1
2024-09-07,Paris Baguette,Tiramisu,216000.0,0,0.064,3,3.6,1
2024-09-07,Paris Baguette,Cheesecake,205000.0,0,0.143,8,3.7,1
2024-09-07,Paris Baguette,Macaron,39000.0,0,0.246,24,3.9,0
2024-09-07,Paris Baguette,Éclair,59000.0,0,0.2,9,4.5,0
2024-09-07,Paris Baguette,Croissant,36000.0,0,0.088,11,3.6,1
2024-09-07,Paris Baguette,Red Velvet Cake,250000.0,0,0.245,6,4.5,1
2024-09-07,Tous Les Jours,Tiramisu,218000.0,0,0.204,24,4.5,0
2024-09-07,Tous Les Jours,Cheesecake,156000.0,1,0.181,15,4.3,1
2024-09-07,Tous Les Jours,Macaron,37000.0,0,0.154,11,3.6,1
2024-09-07,Tous Les Jours,Éclair,56000.0,0,0.11,6,3.9,1
2024-09-07,Tous Les Jours,Croissant,32000.0,0,0.124,12,3.8,1
2024-09-07,Tous Les Jours,Red Velvet Cake,243000.0,0,0.223,9,3.6,1
2024-09-07,ABC Bakery,Tiramisu,177000.0,0,0.2,1,4.3,1
2024-09-07,ABC Bakery,Cheesecake,143000.0,1,0.213,21,4.5,1
2024-09-07,ABC Bakery,Macaron,32000.0,0,0.174,2,4.4,0
2024-09-07,ABC Bakery,Éclair,46000.0,0,0.105,8,4.0,0
2024-09-07,ABC Bakery,Croissant,25000.0,0,0.226,5,4.3,1
2024-09-07,ABC Bakery,Red Velvet Cake,212000.0,0,0.05,21,3.7,1
2024-09-07,Givral,Tiramisu,180000.0,0,0.101,8,4.1,1
2024-09-07,Givral,Cheesecake,142000.0,0,0.056,23,4.6,0
2024-09-07,Givral,Macaron,29000.0,0,0.067,2,4.2,1
2024-09-07,Givral,Éclair,43000.0,0,0.216,3,3.7,0
2024-09-07,Givral,Croissant,21000.0,1,0.055,15,3.7,0
2024-09-07,Givral,Red Velvet Cake,192000.0,0,0.212,19,4.8,1
2024-09-07,Local Bakery A,Tiramisu,160000.0,0,0.106,13,4.8,0
2024-09-07,Local Bakery A,Cheesecake,138000.0,0,0.126,24,3.5,0
2024-09-07,Local Bakery A,Macaron,28000.0,0,0.07,15,3.7,1
2024-09-07,Local Bakery A,Éclair,42000.0,0,0.228,4,3.6,0
2024-09-07,Local Bakery A,Croissant,24000.0,0,0.07,10,4.0,1
2024-09-07,Local Bakery A,Red Velvet Cake,180000.0,0,0.177,14,4.3,0
2024-09-07,Supermarket Chain,Tiramisu,128000.0,0,0.171,11,3.5,1
2024-09-07,Supermarket Chain,Cheesecake,93000.0,1,0.165,17,4.5,1
2024-09-07,Supermarket Chain,Macaron,23000.0,0,0.053,4,3.9,1
2024-09-07,Supermarket Chain,Éclair,32000.0,0,0.128,19,4.0,1
2024-09-07,Supermarket Chain,Croissant,19000.0,0,0.187,22,4.6,0
2024-09-07,Supermarket Chain,Red Velvet Cake,123000.0,1,0.064,9,4.4,0
2024-09-08,Paris Baguette,Tiramisu,222000.0,0,0.082,18,3.6,1
2024-09-08,Paris Baguette,Cheesecake,193000.0,0,0.206,18,4.7,1
2024-09-08,Paris Baguette,Macaron,40000.0,0,0.189,22,3.9,1
2024-09-08,Paris Baguette,Éclair,45000.0,1,0.057,3,4.3,0
2024-09-08,Paris Baguette,Croissant,33000.0,0,0.152,23,4.3,1
2024-09-08,Paris Baguette,Red Velvet Cake,243000.0,0,0.132,15,3.6,1
2024-09-08,Tous Les Jours,Tiramisu,216000.0,0,0.13,3,4.3,1
2024-09-08,Tous Les Jours,Cheesecake,186000.0,0,0.234,22,4.5,0
2024-09-08,Tous Les Jours,Macaron,39000.0,0,0.215,5,4.1,1
2024-09-08,Tous Les Jours,Éclair,55000.0,0,0.111,2,4.6,0
2024-09-08,Tous Les Jours,Croissant,32000.0,0,0.108,2,4.6,1
2024-09-08,Tous Les Jours,Red Velvet Cake,229000.0,0,0.106,20,4.7,1
2024-09-08,ABC Bakery,Tiramisu,178000.0,0,0.23,23,3.6,1
2024-09-08,ABC Bakery,Cheesecake,128000.0,1,0.13,20,4.5,1
2024-09-08,ABC Bakery,Macaron,34000.0,0,0.099,16,3.8,1
2024-09-08,ABC Bakery,Éclair,46000.0,0,0.246,11,3.8,1
2024-09-08,ABC Bakery,Croissant,27000.0,0,0.182,17,4.6,0
2024-09-08,ABC Bakery,Red Velvet Cake,197000.0,0,0.135,18,3.6,0
2024-09-08,Givral,Tiramisu,176000.0,0,0.161,14,4.0,1
2024-09-08,Givral,Cheesecake,151000.0,0,0.169,1,4.0,0
2024-09-08,Givral,Macaron,30000.0,0,0.117,4,3.7,1
2024-09-08,Givral,Éclair,43000.0,0,0.089,3,4.0,1
2024-09-08,Givral,Croissant,26000.0,0,0.13,19,4.4,0
2024-09-08,Givral,Red Velvet Cake,201000.0,0,0.09,16,4.4,0
2024-09-08,Local Bakery A,Tiramisu,169000.0,0,0.073,7,4.6,0
2024-09-08,Local Bakery A,Cheesecake,135000.0,0,0.246,17,4.5,0
2024-09-08,Local Bakery A,Macaron,28000.0,0,0.152,4,3.7,1
2024-09-08,Local Bakery A,Éclair,41000.0,0,0.246,8,4.1,0
2024-09-08,Local Bakery A,Croissant,25000.0,0,0.124,4,3.6,1
2024-09-08,Local Bakery A,Red Velvet Cake,180000.0,0,0.227,8,4.0,1
2024-09-08,Supermarket Chain,Tiramisu,134000.0,0,0.082,1,3.8,0
2024-09-08,Supermarket Chain,Cheesecake,111000.0,0,0.082,15,3.9,1
2024-09-08,Supermarket Chain,Macaron,22000.0,0,0.234,8,3.7,1
2024-09-08,Supermarket Chain,Éclair,31000.0,0,0.139,4,4.0,1
2024-09-08,Supermarket Chain,Croissant,20000.0,0,0.231,14,3.5,1
2024-09-08,Supermarket Chain,Red Velvet Cake,137000.0,0,0.23,8,3.7,1
2024-09-09,Paris Baguette,Tiramisu,217000.0,0,0.192,21,4.5,1
2024-09-09,Paris Baguette,Cheesecake,186000.0,0,0.098,24,3.7,1
2024-09-09,Paris Baguette,Macaron,38000.0,0,0.213,5,4.3,1
2024-09-09,Paris Baguette,Éclair,53000.0,0,0.162,18,4.0,0
2024-09-09,Paris Baguette,Croissant,31000.0,0,0.248,10,3.6,1
2024-09-09,Paris Baguette,Red Velvet Cake,190000.0,1,0.148,16,3.7,1
2024-09-09,Tous Les Jours,Tiramisu,203000.0,0,0.157,12,4.4,1
2024-09-09,Tous Les Jours,Cheesecake,173000.0,0,0.225,13,3.7,1
2024-09-09,Tous Les Jours,Macaron,36000.0,0,0.138,8,3.9,1
2024-09-09,Tous Les Jours,Éclair,51000.0,0,0.206,24,4.4,1
2024-09-09,Tous Les Jours,Croissant,31000.0,0,0.059,12,4.2,0
2024-09-09,Tous Les Jours,Red Velvet Cake,230000.0,0,0.245,16,4.7,0
2024-09-09,ABC Bakery,Tiramisu,134000.0,1,0.204,13,3.8,1
2024-09-09,ABC Bakery,Cheesecake,148000.0,0,0.145,24,4.3,1
2024-09-09,ABC Bakery,Macaron,31000.0,0,0.119,14,4.6,0
2024-09-09,ABC Bakery,Éclair,38000.0,1,0.228,14,4.7,1
2024-09-09,ABC Bakery,Croissant,26000.0,0,0.129,14,3.6,1
2024-09-09,ABC Bakery,Red Velvet Cake,196000.0,0,0.095,13,4.3,0
2024-09-09,Givral,Tiramisu,124000.0,1,0.127,11,4.2,1
2024-09-09,Givral,Cheesecake,99000.0,1,0.069,7,3.6,0
2024-09-09,Givral,Macaron,23000.0,1,0.232,5,4.0,1
2024-09-09,Givral,Éclair,41000.0,0,0.172,21,3.6,1
2024-09-09,Givral,Croissant,25000.0,0,0.061,10,4.3,0
2024-09-09,Givral,Red Velvet Cake,174000.0,0,0.112,7,3.7,1
2024-09-09,Local Bakery A,Tiramisu,135000.0,1,0.164,3,3.7,1
2024-09-09,Local Bakery A,Cheesecake,125000.0,0,0.17,11,4.0,1
2024-09-09,Local Bakery A,Macaron,27000.0,0,0.13,5,4.4,1
2024-09-09,Local Bakery A,Éclair,40000.0,0,0.196,12,4.2,1
2024-09-09,Local Bakery A,Croissant,24000.0,0,0.15,3,3.9,1
2024-09-09,Local Bakery A,Red Velvet Cake,173000.0,0,0.218,19,3.6,0
2024-09-09,Supermarket Chain,Tiramisu,122000.0,0,0.147,21,3.9,0
2024-09-09,Supermarket Chain,Cheesecake,101000.0,0,0.097,14,3.6,1
2024-09-09,Supermarket Chain,Macaron,21000.0,0,0.219,23,4.5,1
2024-09-09,Supermarket Chain,Éclair,26000.0,1,0.127,8,4.2,0
2024-09-09,Supermarket Chain,Croissant,18000.0,0,0.132,14,4.4,0
2024-09-09,Supermarket Chain,Red Velvet Cake,131000.0,0,0.08,8,4.6,1
2024-09-10,Paris Baguette,Tiramisu,209000.0,0,0.217,5,4.4,0
2024-09-10,Paris Baguette,Cheesecake,187000.0,0,0.09,17,4.0,0
2024-09-10,Paris Baguette,Macaron,39000.0,0,0.13,19,3.9,1
2024-09-10,Paris Baguette,Éclair,55000.0,0,0.103,11,3.6,1
2024-09-10,Paris Baguette,Croissant,33000.0,0,0.085,21,4.4,0
2024-09-10,Paris Baguette,Red Velvet Cake,236000.0,0,0.1,8,4.2,1
2024-09-10,Tous Les Jours,Tiramisu,207000.0,0,0.092,16,3.9,0
2024-09-10,Tous Les Jours,Cheesecake,169000.0,0,0.109,15,3.5,1
2024-09-10,Tous Les Jours,Macaron,37000.0,0,0.114,13,4.5,1
2024-09-10,Tous Les Jours,Éclair,52000.0,0,0.154,19,4.7,1
2024-09-10,Tous Les Jours,Croissant,32000.0,0,0.249,5,4.3,1
2024-09-10,Tous Les Jours,Red Velvet Cake,219000.0,0,0.193,19,3.6,1
2024-09-10,ABC Bakery,Tiramisu,184000.0,0,0.082,5,3.8,1
2024-09-10,ABC Bakery,Cheesecake,139000.0,0,0.164,14,4.7,1
2024-09-10,ABC Bakery,Macaron,31000.0,0,0.096,13,4.4,1
2024-09-10,ABC Bakery,Éclair,31000.0,1,0.123,19,3.7,1
2024-09-10,ABC Bakery,Croissant,28000.0,0,0.189,23,4.1,0
2024-09-10,ABC Bakery,Red Velvet Cake,186000.0,0,0.153,9,4.2,0
2024-09-10,Givral,Tiramisu,161000.0,0,0.189,3,4.3,0
2024-09-10,Givral,Cheesecake,138000.0,0,0.054,14,3.8,1
2024-09-10,Givral,Macaron,20000.0,1,0.235,23,4.2,1
2024-09-10,Givral,Éclair,43000.0,0,0.065,3,3.9,0
2024-09-10,Givral,Croissant,24000.0,0,0.097,21,4.6,0
2024-09-10,Givral,Red Velvet Cake,187000.0,0,0.151,20,3.6,1
2024-09-10,Local Bakery A,Tiramisu,153000.0,0,0.086,12,4.2,1
2024-09-10,Local Bakery A,Cheesecake,132000.0,0,0.13,12,4.5,1
2024-09-10,Local Bakery A,Macaron,28000.0,0,0.129,3,4.3,1
2024-09-10,Local Bakery A,Éclair,40000.0,0,0.171,12,4.5,1
2024-09-10,Local Bakery A,Croissant,20000.0,1,0.131,16,4.7,1
2024-09-10,Local Bakery A,Red Velvet Cake,163000.0,0,0.057,22,4.2,0
2024-09-10,Supermarket Chain,Tiramisu,121000.0,0,0.09,18,4.8,1
2024-09-10,Supermarket Chain,Cheesecake,86000.0,1,0.098,16,3.7,1
2024-09-10,Supermarket Chain,Macaron,22000.0,0,0.051,10,4.3,1
2024-09-10,Supermarket Chain,Éclair,30000.0,0,0.201,19,4.5,1
2024-09-10,Supermarket Chain,Croissant,18000.0,0,0.201,11,4.7,0
2024-09-10,Supermarket Chain,Red Velvet Cake,128000.0,0,0.073,17,4.7,1
2024-09-11,Paris Baguette,Tiramisu,217000.0,0,0.16,7,4.5,1
2024-09-11,Paris Baguette,Cheesecake,182000.0,0,0.193,18,3.9,0
2024-09-11,Paris Baguette,Macaron,37000.0,0,0.175,21,4.7,1
2024-09-11,Paris Baguette,Éclair,56000.0,0,0.082,6,3.6,1
2024-09-11,Paris Baguette,Croissant,33000.0,0,0.25,1,4.4,1
2024-09-11,Paris Baguette,Red Velvet Cake,240000.0,0,0.131,13,3.9,1
2024-09-11,Tous Les Jours,Tiramisu,201000.0,0,0.147,14,4.4,1
2024-09-11,Tous Les Jours,Cheesecake,179000.0,0,0.116,11,3.5,1
2024-09-11,Tous Les Jours,Macaron,37000.0,0,0.22,2,4.7,1
2024-09-11,Tous Les Jours,Éclair,53000.0,0,0.051,13,4.2,0
2024-09-11,Tous Les Jours,Croissant,32000.0,0,0.217,5,4.2,1
2024-09-11,Tous Les Jours,Red Velvet Cake,232000.0,0,0.107,5,4.3,1
2024-09-11,ABC Bakery,Tiramisu,178000.0,0,0.15,15,3.9,1
2024-09-11,ABC Bakery,Cheesecake,146000.0,0,0.234,21,3.5,0
2024-09-11,ABC Bakery,Macaron,24000.0,1,0.132,17,4.1,1
2024-09-11,ABC Bakery,Éclair,44000.0,0,0.217,4,3.7,0
2024-09-11,ABC Bakery,Croissant,27000.0,0,0.203,11,4.4,1
2024-09-11,ABC Bakery,Red Velvet Cake,166000.0,1,0.101,18,4.6,1
2024-09-11,Givral,Tiramisu,167000.0,0,0.173,12,4.1,1
2024-09-11,Givral,Cheesecake,137000.0,0,0.18,19,4.5,0
2024-09-11,Givral,Macaron,30000.0,0,0.121,15,3.5,0
2024-09-11,Givral,Éclair,41000.0,0,0.249,12,3.5,1
2024-09-11,Givral,Croissant,26000.0,0,0.168,9,4.3,0
2024-09-11,Givral,Red Velvet Cake,126000.0,1,0.245,8,3.6,1
2024-09-11,Local Bakery A,Tiramisu,153000.0,0,0.231,13,3.9,0
2024-09-11,Local Bakery A,Cheesecake,134000.0,0,0.155,10,4.1,0
2024-09-11,Local Bakery A,Macaron,27000.0,0,0.18,9,3.7,1
2024-09-11,Local Bakery A,Éclair,39000.0,0,0.101,21,4.6,0
2024-09-11,Local Bakery A,Croissant,24000.0,0,0.122,12,3.7,0
2024-09-11,Local Bakery A,Red Velvet Cake,117000.0,1,0.213,17,4.0,1
2024-09-11,Supermarket Chain,Tiramisu,107000.0,1,0.23,10,4.4,1
2024-09-11,Supermarket Chain,Cheesecake,104000.0,0,0.132,4,3.8,0
2024-09-11,Supermarket Chain,Macaron,16000.0,1,0.241,14,3.9,1
2024-09-11,Supermarket Chain,Éclair,30000.0,0,0.089,9,4.4,0
2024-09-11,Supermarket Chain,Croissant,19000.0,0,0.059,3,4.2,1
2024-09-11,Supermarket Chain,Red Velvet Cake,134000.0,0,0.068,16,4.3,1
2024-09-12,Paris Baguette,Tiramisu,206000.0,0,0.2,11,4.0,0
2024-09-12,Paris Baguette,Cheesecake,183000.0,0,0.202,18,4.6,0
2024-09-12,Paris Baguette,Macaron,37000.0,0,0.21,6,4.6,0
2024-09-12,Paris Baguette,Éclair,55000.0,0,0.15,22,3.7,0
2024-09-12,Paris Baguette,Croissant,32000.0,0,0.216,14,3.7,1
2024-09-12,Paris Baguette,Red Velvet Cake,241000.0,0,0.239,10,4.3,1
2024-09-12,Tous Les Jours,Tiramisu,205000.0,0,0.164,24,3.9,1
2024-09-12,Tous Les Jours,Cheesecake,180000.0,0,0.095,23,3.7,1
2024-09-12,Tous Les Jours,Macaron,26000.0,1,0.074,5,3.6,0
2024-09-12,Tous Les Jours,Éclair,51000.0,0,0.055,5,4.6,1
2024-09-12,Tous Les Jours,Croissant,30000.0,0,0.067,23,4.6,1
2024-09-12,Tous Les Jours,Red Velvet Cake,225000.0,0,0.16,19,4.5,1
2024-09-12,ABC Bakery,Tiramisu,176000.0,0,0.096,16,3.8,1
2024-09-12,ABC Bakery,Cheesecake,152000.0,0,0.118,4,4.7,0
2024-09-12,ABC Bakery,Macaron,30000.0,0,0.235,17,4.5,1
2024-09-12,ABC Bakery,Éclair,43000.0,0,0.07,2,4.1,1
2024-09-12,ABC Bakery,Croissant,26000.0,0,0.084,20,4.5,0
2024-09-12,ABC Bakery,Red Velvet Cake,188000.0,0,0.118,9,4.6,1
2024-09-12,Givral,Tiramisu,166000.0,0,0.224,16,3.9,0
2024-09-12,Givral,Cheesecake,139000.0,0,0.129,12,4.7,1
2024-09-12,Givral,Macaron,28000.0,0,0.196,7,4.2,1
2024-09-12,Givral,Éclair,42000.0,0,0.079,12,4.7,1
2024-09-12,Givral,Croissant,23000.0,0,0.17,14,4.5,1
2024-09-12,Givral,Red Velvet Cake,179000.0,0,0.151,8,4.4,1
2024-09-12,Local Bakery A,Tiramisu,150000.0,0,0.166,17,3.8,1
2024-09-12,Local Bakery A,Cheesecake,131000.0,0,0.173,3,3.7,0
2024-09-12,Local Bakery A,Macaron,19000.0,1,0.094,11,4.8,1
2024-09-12,Local Bakery A,Éclair,40000.0,0,0.071,20,4.2,1
2024-09-12,Local Bakery A,Croissant,23000.0,0,0.104,4,4.8,1
2024-09-12,Local Bakery A,Red Velvet Cake,152000.0,1,0.192,18,3.7,1
2024-09-12,Supermarket Chain,Tiramisu,114000.0,0,0.121,21,4.6,1
2024-09-12,Supermarket Chain,Cheesecake,98000.0,0,0.191,6,3.8,1
2024-09-12,Supermarket Chain,Macaron,22000.0,0,0.06,16,3.6,1
2024-09-12,Supermarket Chain,Éclair,31000.0,0,0.185,15,3.6,1
2024-09-12,Supermarket Chain,Croissant,19000.0,0,0.09,9,3.7,0
2024-09-12,Supermarket Chain,Red Velvet Cake,131000.0,0,0.198,16,4.4,1
2024-09-13,Paris Baguette,Tiramisu,217000.0,0,0.105,20,4.6,1
2024-09-13,Paris Baguette,Cheesecake,192000.0,0,0.086,6,4.4,1
2024-09-13,Paris Baguette,Macaron,38000.0,0,0.177,17,4.5,1
2024-09-13,Paris Baguette,Éclair,43000.0,1,0.198,16,4.0,1
2024-09-13,Paris Baguette,Croissant,31000.0,0,0.235,7,3.8,1
2024-09-13,Paris Baguette,Red Velvet Cake,252000.0,0,0.098,18,4.1,0
2024-09-13,Tous Les Jours,Tiramisu,200000.0,0,0.078,5,4.5,1
2024-09-13,Tous Les Jours,Cheesecake,179000.0,0,0.224,6,3.8,0
2024-09-13,Tous Les Jours,Macaron,37000.0,0,0.119,8,4.2,0
2024-09-13,Tous Les Jours,Éclair,53000.0,0,0.062,18,4.0,1
2024-09-13,Tous Les Jours,Croissant,32000.0,0,0.124,19,4.4,0
2024-09-13,Tous Les Jours,Red Velvet Cake,197000.0,1,0.149,12,3.9,1
2024-09-13,ABC Bakery,Tiramisu,178000.0,0,0.204,15,4.5,0
2024-09-13,ABC Bakery,Cheesecake,148000.0,0,0.198,23,4.6,1
2024-09-13,ABC Bakery,Macaron,31000.0,0,0.124,6,4.8,0
2024-09-13,ABC Bakery,Éclair,41000.0,0,0.103,23,4.5,1
2024-09-13,ABC Bakery,Croissant,26000.0,0,0.209,22,3.7,1
2024-09-13,ABC Bakery,Red Velvet Cake,195000.0,0,0.204,10,4.1,1
2024-09-13,Givral,Tiramisu,166000.0,0,0.243,2,4.8,1
2024-09-13,Givral,Cheesecake,117000.0,1,0.075,12,3.6,1
2024-09-13,Givral,Macaron,29000.0,0,0.196,12,4.6,1
2024-09-13,Givral,Éclair,43000.0,0,0.061,1,3.7,0
2024-09-13,Givral,Croissant,25000.0,0,0.189,23,3.6,1
2024-09-13,Givral,Red Velvet Cake,171000.0,0,0.249,12,3.5,1
2024-09-13,Local Bakery A,Tiramisu,158000.0,0,0.081,18,4.1,0
2024-09-13,Local Bakery A,Cheesecake,135000.0,0,0.169,13,3.8,0
2024-09-13,Local Bakery A,Macaron,29000.0,0,0.123,16,4.4,1
2024-09-13,Local Bakery A,Éclair,32000.0,1,0.066,8,4.1,0
2024-09-13,Local Bakery A,Croissant,23000.0,0,0.176,15,4.7,1
2024-09-13,Local Bakery A,Red Velvet Cake,170000.0,0,0.068,8,4.2,0
2024-09-13,Supermarket Chain,Tiramisu,125000.0,0,0.173,22,3.9,0
2024-09-13,Supermarket Chain,Cheesecake,106000.0,0,0.242,2,3.8,1
2024-09-13,Supermarket Chain,Macaron,20000.0,0,0.15,16,4.0,0
2024-09-13,Supermarket Chain,Éclair,32000.0,0,0.103,15,3.9,1
2024-09-13,Supermarket Chain,Croissant,18000.0,0,0.139,18,4.5,1
2024-09-13,Supermarket Chain,Red Velvet Cake,132000.0,0,0.226,18,3.5,1
2024-09-14,Paris Baguette,Tiramisu,238000.0,0,0.105,17,4.5,1
2024-09-14,Paris Baguette,Cheesecake,195000.0,0,0.205,4,4.5,1
2024-09-14,Paris Baguette,Macaron,31000.0,1,0.074,18,4.7,1
2024-09-14,Paris Baguette,Éclair,56000.0,0,0.079,7,4.2,1
2024-09-14,Paris Baguette,Croissant,32000.0,0,0.188,21,4.1,0
2024-09-14,Paris Baguette,Red Velvet Cake,246000.0,0,0.093,17,4.0,0
2024-09-14,Tous Les Jours,Tiramisu,212000.0,0,0.244,17,4.5,1
2024-09-14,Tous Les Jours,Cheesecake,190000.0,0,0.148,5,4.2,1
2024-09-14,Tous Les Jours,Macaron,39000.0,0,0.074,8,3.7,0
2024-09-14,Tous Les Jours,Éclair,54000.0,0,0.197,16,4.6,1
2024-09-14,Tous Les Jours,Croissant,31000.0,0,0.051,2,3.7,0
2024-09-14,Tous Les Jours,Red Velvet Cake,248000.0,0,0.228,2,4.4,0
2024-09-14,ABC Bakery,Tiramisu,182000.0,0,0.197,12,4.7,1
2024-09-14,ABC Bakery,Cheesecake,156000.0,0,0.054,15,4.7,0
2024-09-14,ABC Bakery,Macaron,32000.0,0,0.143,23,4.5,1
2024-09-14,ABC Bakery,Éclair,47000.0,0,0.249,10,3.9,1
2024-09-14,ABC Bakery,Croissant,28000.0,0,0.231,10,4.2,1
2024-09-14,ABC Bakery,Red Velvet Cake,151000.0,1,0.16,7,3.6,1
2024-09-14,Givral,Tiramisu,134000.0,1,0.097,7,4.6,0
2024-09-14,Givral,Cheesecake,142000.0,0,0.242,11,4.3,1
2024-09-14,Givral,Macaron,30000.0,0,0.23,5,3.9,1
2024-09-14,Givral,Éclair,44000.0,0,0.232,1,3.9,1
2024-09-14,Givral,Croissant,27000.0,0,0.25,19,3.6,1
2024-09-14,Givral,Red Velvet Cake,199000.0,0,0.108,19,3.7,1
2024-09-14,Local Bakery A,Tiramisu,169000.0,0,0.209,15,4.6,0
2024-09-14,Local Bakery A,Cheesecake,140000.0,0,0.089,21,4.1,1
2024-09-14,Local Bakery A,Macaron,25000.0,1,0.197,4,4.6,0
2024-09-14,Local Bakery A,Éclair,40000.0,0,0.227,19,4.5,0
2024-09-14,Local Bakery A,Croissant,25000.0,0,0.168,18,4.5,1
2024-09-14,Local Bakery A,Red Velvet Cake,182000.0,0,0.069,6,4.2,1
2024-09-14,Supermarket Chain,Tiramisu,101000.0,1,0.102,19,3.9,1
2024-09-14,Supermarket Chain,Cheesecake,114000.0,0,0.148,1,4.5,1
2024-09-14,Supermarket Chain,Macaron,22000.0,0,0.055,11,4.8,0
2024-09-14,Supermarket Chain,Éclair,25000.0,1,0.228,24,4.4,0
2024-09-14,Supermarket Chain,Croissant,19000.0,0,0.175,20,3.8,1
2024-09-14,Supermarket Chain,Red Velvet Cake,143000.0,0,0.219,2,4.3,1
2024-09-15,Paris Baguette,Tiramisu,231000.0,0,0.053,11,4.5,0
2024-09-15,Paris Baguette,Cheesecake,136000.0,1,0.203,22,3.8,1
2024-09-15,Paris Baguette,Macaron,28000.0,1,0.085,17,4.7,1
2024-09-15,Paris Baguette,Éclair,58000.0,0,0.191,23,3.5,1
2024-09-15,Paris Baguette,Croissant,34000.0,0,0.205,4,3.9,1
2024-09-15,Paris Baguette,Red Velvet Cake,252000.0,0,0.052,5,4.4,1
2024-09-15,Tous Les Jours,Tiramisu,214000.0,0,0.237,4,4.2,1
2024-09-15,Tous Les Jours,Cheesecake,183000.0,0,0.242,14,3.7,1
2024-09-15,Tous Les Jours,Macaron,37000.0,0,0.121,15,3.9,1
2024-09-15,Tous Les Jours,Éclair,56000.0,0,0.147,19,4.3,1
2024-09-15,Tous Les Jours,Croissant,34000.0,0,0.173,18,4.0,1
2024-09-15,Tous Les Jours,Red Velvet Cake,235000.0,0,0.182,16,3.6,0
2024-09-15,ABC Bakery,Tiramisu,180000.0,0,0.236,24,4.1,1
2024-09-15,ABC Bakery,Cheesecake,155000.0,0,0.124,20,4.0,1
2024-09-15,ABC Bakery,Macaron,34000.0,0,0.145,4,4.2,1
2024-09-15,ABC Bakery,Éclair,44000.0,0,0.166,10,4.7,1
2024-09-15,ABC Bakery,Croissant,27000.0,0,0.089,23,3.8,1
2024-09-15,ABC Bakery,Red Velvet Cake,190000.0,0,0.109,14,4.5,1
2024-09-15,Givral,Tiramisu,178000.0,0,0.241,7,4.6,0
2024-09-15,Givral,Cheesecake,149000.0,0,0.213,11,4.7,1
2024-09-15,Givral,Macaron,30000.0,0,0.177,20,3.8,1
2024-09-15,Givral,Éclair,44000.0,0,0.08,2,3.8,1
2024-09-15,Givral,Croissant,27000.0,0,0.184,6,4.8,1
2024-09-15,Givral,Red Velvet Cake,153000.0,1,0.243,22,3.8,0
2024-09-15,Local Bakery A,Tiramisu,160000.0,0,0.097,14,4.4,1
2024-09-15,Local Bakery A,Cheesecake,132000.0,0,0.085,7,4.5,1
2024-09-15,Local Bakery A,Macaron,28000.0,0,0.116,22,4.2,1
2024-09-15,Local Bakery A,Éclair,40000.0,0,0.221,4,3.6,1
2024-09-15,Local Bakery A,Croissant,24000.0,0,0.181,8,3.6,1
2024-09-15,Local Bakery A,Red Velvet Cake,184000.0,0,0.116,16,4.1,1
2024-09-15,Supermarket Chain,Tiramisu,110000.0,1,0.171,19,3.9,1
2024-09-15,Supermarket Chain,Cheesecake,108000.0,0,0.086,1,4.4,0
2024-09-15,Supermarket Chain,Macaron,20000.0,1,0.229,13,3.5,1
2024-09-15,Supermarket Chain,Éclair,22000.0,1,0.052,10,3.8,0
2024-09-15,Supermarket Chain,Croissant,15000.0,1,0.064,7,3.9,0
2024-09-15,Supermarket Chain,Red Velvet Cake,114000.0,1,0.196,3,4.6,0
2024-09-16,Paris Baguette,Tiramisu,208000.0,0,0.086,9,4.2,0
2024-09-16,Paris Baguette,Cheesecake,181000.0,0,0.241,22,4.1,1
2024-09-16,Paris Baguette,Macaron,38000.0,0,0.214,15,3.8,1
2024-09-16,Paris Baguette,Éclair,53000.0,0,0.102,10,4.4,1
2024-09-16,Paris Baguette,Croissant,32000.0,0,0.056,3,3.9,1
2024-09-16,Paris Baguette,Red Velvet Cake,200000.0,1,0.192,23,4.3,1
2024-09-16,Tous Les Jours,Tiramisu,209000.0,0,0.17,23,3.7,1
2024-09-16,Tous Les Jours,Cheesecake,148000.0,1,0.11,20,3.9,0
2024-09-16,Tous Les Jours,Macaron,28000.0,1,0.161,11,4.6,1
2024-09-16,Tous Les Jours,Éclair,51000.0,0,0.175,7,3.9,0
2024-09-16,Tous Les Jours,Croissant,33000.0,0,0.112,11,3.5,0
2024-09-16,Tous Les Jours,Red Velvet Cake,221000.0,0,0.183,12,4.2,0
2024-09-16,ABC Bakery,Tiramisu,171000.0,0,0.222,1,3.7,1
2024-09-16,ABC Bakery,Cheesecake,149000.0,0,0.09,1,4.8,1
2024-09-16,ABC Bakery,Macaron,31000.0,0,0.24,12,4.1,0
2024-09-16,ABC Bakery,Éclair,43000.0,0,0.075,17,4.7,1
2024-09-16,ABC Bakery,Croissant,25000.0,0,0.166,7,3.9,1
2024-09-16,ABC Bakery,Red Velvet Cake,148000.0,1,0.1,11,4.3,1
2024-09-16,Givral,Tiramisu,174000.0,0,0.164,8,3.5,1
2024-09-16,Givral,Cheesecake,143000.0,0,0.16,9,4.6,1
2024-09-16,Givral,Macaron,30000.0,0,0.102,19,4.3,1
2024-09-16,Givral,Éclair,42000.0,0,0.062,3,4.0,1
2024-09-16,Givral,Croissant,25000.0,0,0.207,16,4.1,1
2024-09-16,Givral,Red Velvet Cake,184000.0,0,0.093,17,4.5,1
2024-09-16,Local Bakery A,Tiramisu,161000.0,0,0.099,22,4.4,1
2024-09-16,Local Bakery A,Cheesecake,134000.0,0,0.14,3,4.4,1
2024-09-16,Local Bakery A,Macaron,26000.0,0,0.188,5,3.9,1
2024-09-16,Local Bakery A,Éclair,36000.0,0,0.084,19,3.8,0
2024-09-16,Local Bakery A,Croissant,25000.0,0,0.104,22,4.1,0
2024-09-16,Local Bakery A,Red Velvet Cake,168000.0,0,0.159,13,4.2,1
2024-09-16,Supermarket Chain,Tiramisu,90000.0,1,0.083,17,3.8,1
2024-09-16,Supermarket Chain,Cheesecake,86000.0,1,0.224,1,3.9,0
2024-09-16,Supermarket Chain,Macaron,20000.0,0,0.23,22,3.8,0
2024-09-16,Supermarket Chain,Éclair,31000.0,0,0.144,3,4.5,0
2024-09-16,Supermarket Chain,Croissant,13000.0,1,0.086,7,3.6,1
2024-09-16,Supermarket Chain,Red Velvet Cake,130000.0,0,0.074,18,3.7,1
2024-09-17,Paris Baguette,Tiramisu,176000.0,1,0.177,18,4.1,1
2024-09-17,Paris Baguette,Cheesecake,184000.0,0,0.168,1,3.8,1
2024-09-17,Paris Baguette,Macaron,39000.0,0,0.065,11,4.7,1
2024-09-17,Paris Baguette,Éclair,55000.0,0,0.084,17,3.7,0
2024-09-17,Paris Baguette,Croissant,34000.0,0,0.077,2,3.9,1
2024-09-17,Paris Baguette,Red Velvet Cake,251000.0,0,0.212,3,4.3,1
2024-09-17,Tous Les Jours,Tiramisu,209000.0,0,0.05,10,4.7,1
2024-09-17,Tous Les Jours,Cheesecake,178000.0,0,0.166,2,3.5,0
2024-09-17,Tous Les Jours,Macaron,37000.0,0,0.108,22,3.8,0
2024-09-17,Tous Les Jours,Éclair,51000.0,0,0.208,20,4.7,1
2024-09-17,Tous Les Jours,Croissant,29000.0,0,0.091,13,3.5,0
2024-09-17,Tous Les Jours,Red Velvet Cake,240000.0,0,0.051,5,4.1,0
2024-09-17,ABC Bakery,Tiramisu,180000.0,0,0.109,3,4.6,1
2024-09-17,ABC Bakery,Cheesecake,145000.0,0,0.123,15,4.5,1
2024-09-17,ABC Bakery,Macaron,29000.0,0,0.141,19,4.5,1
2024-09-17,ABC Bakery,Éclair,46000.0,0,0.179,13,4.2,0
2024-09-17,ABC Bakery,Croissant,26000.0,0,0.058,19,3.7,1
2024-09-17,ABC Bakery,Red Velvet Cake,200000.0,0,0.247,3,4.5,1
2024-09-17,Givral,Tiramisu,162000.0,0,0.062,16,4.2,0
2024-09-17,Givral,Cheesecake,136000.0,0,0.164,15,4.8,1
2024-09-17,Givral,Macaron,28000.0,0,0.095,20,3.9,0
2024-09-17,Givral,Éclair,37000.0,1,0.147,16,4.5,1
2024-09-17,Givral,Croissant,25000.0,0,0.157,14,4.2,1
2024-09-17,Givral,Red Velvet Cake,181000.0,0,0.175,19,3.6,1
2024-09-17,Local Bakery A,Tiramisu,160000.0,0,0.229,18,3.8,1
2024-09-17,Local Bakery A,Cheesecake,134000.0,0,0.226,2,4.0,0
2024-09-17,Local Bakery A,Macaron,29000.0,0,0.112,23,4.6,0
2024-09-17,Local Bakery A,Éclair,33000.0,1,0.195,18,4.8,0
2024-09-17,Local Bakery A,Croissant,22000.0,0,0.069,18,4.1,0
2024-09-17,Local Bakery A,Red Velvet Cake,173000.0,0,0.076,22,4.5,1
2024-09-17,Supermarket Chain,Tiramisu,123000.0,0,0.167,20,4.6,1
2024-09-17,Supermarket Chain,Cheesecake,91000.0,1,0.096,4,4.8,1
2024-09-17,Supermarket Chain,Macaron,21000.0,0,0.12,20,4.3,1
2024-09-17,Supermarket Chain,Éclair,30000.0,0,0.138,9,4.1,0
2024-09-17,Supermarket Chain,Croissant,17000.0,0,0.238,15,4.1,1
2024-09-17,Supermarket Chain,Red Velvet Cake,133000.0,0,0.099,17,3.6,1
2024-09-18,Paris Baguette,Tiramisu,162000.0,1,0.065,19,4.2,1
2024-09-18,Paris Baguette,Cheesecake,186000.0,0,0.115,13,4.3,1
2024-09-18,Paris Baguette,Macaron,37000.0,0,0.164,11,4.0,1
2024-09-18,Paris Baguette,Éclair,57000.0,0,0.058,14,3.7,1
2024-09-18,Paris Baguette,Croissant,34000.0,0,0.084,20,4.4,1
2024-09-18,Paris Baguette,Red Velvet Cake,242000.0,0,0.108,5,4.6,1
2024-09-18,Tous Les Jours,Tiramisu,223000.0,0,0.146,3,4.6,0
2024-09-18,Tous Les Jours,Cheesecake,143000.0,1,0.098,11,4.7,1
2024-09-18,Tous Les Jours,Macaron,36000.0,0,0.164,23,4.0,1
2024-09-18,Tous Les Jours,Éclair,54000.0,0,0.162,2,4.5,0
2024-09-18,Tous Les Jours,Croissant,32000.0,0,0.237,14,4.3,0
2024-09-18,Tous Les Jours,Red Velvet Cake,226000.0,0,0.077,16,4.2,1
2024-09-18,ABC Bakery,Tiramisu,175000.0,0,0.183,21,4.7,1
2024-09-18,ABC Bakery,Cheesecake,147000.0,0,0.229,18,4.6,1
2024-09-18,ABC Bakery,Macaron,22000.0,1,0.069,19,4.8,1
2024-09-18,ABC Bakery,Éclair,44000.0,0,0.107,14,4.5,1
2024-09-18,ABC Bakery,Croissant,26000.0,0,0.241,11,4.5,1
2024-09-18,ABC Bakery,Red Velvet Cake,187000.0,0,0.221,5,4.0,1
2024-09-18,Givral,Tiramisu,170000.0,0,0.079,20,3.9,1
2024-09-18,Givral,Cheesecake,131000.0,0,0.22,24,3.5,0
2024-09-18,Givral,Macaron,28000.0,0,0.113,3,4.1,1
2024-09-18,Givral,Éclair,31000.0,1,0.086,1,4.7,1
2024-09-18,Givral,Croissant,26000.0,0,0.208,23,4.3,1
2024-09-18,Givral,Red Velvet Cake,174000.0,0,0.208,9,4.2,0
2024-09-18,Local Bakery A,Tiramisu,160000.0,0,0.164,9,3.7,1
2024-09-18,Local Bakery A,Cheesecake,136000.0,0,0.228,12,4.5,1
2024-09-18,Local Bakery A,Macaron,25000.0,1,0.131,4,4.2,1
2024-09-18,Local Bakery A,Éclair,39000.0,0,0.153,18,3.9,1
2024-09-18,Local Bakery A,Croissant,24000.0,0,0.187,9,3.9,0
2024-09-18,Local Bakery A,Red Velvet Cake,172000.0,0,0.119,9,4.5,1
2024-09-18,Supermarket Chain,Tiramisu,92000.0,1,0.201,22,4.4,1
2024-09-18,Supermarket Chain,Cheesecake,107000.0,0,0.085,19,3.9,1
2024-09-18,Supermarket Chain,Macaron,22000.0,0,0.238,14,4.3,1
2024-09-18,Supermarket Chain,Éclair,31000.0,0,0.09,8,3.8,1
2024-09-18,Supermarket Chain,Croissant,18000.0,0,0.084,11,3.9,1
2024-09-18,Supermarket Chain,Red Velvet Cake,113000.0,1,0.052,8,4.4,1
2024-09-19,Paris Baguette,Tiramisu,215000.0,0,0.132,22,4.3,0
2024-09-19,Paris Baguette,Cheesecake,189000.0,0,0.076,24,4.5,0
2024-09-19,Paris Baguette,Macaron,39000.0,0,0.144,4,4.1,0
2024-09-19,Paris Baguette,Éclair,57000.0,0,0.209,10,4.5,0
2024-09-19,Paris Baguette,Croissant,33000.0,0,0.185,1,4.4,1
2024-09-19,Paris Baguette,Red Velvet Cake,248000.0,0,0.213,19,3.5,1
2024-09-19,Tous Les Jours,Tiramisu,205000.0,0,0.223,17,3.7,0
2024-09-19,Tous Les Jours,Cheesecake,179000.0,0,0.137,17,4.5,0
2024-09-19,Tous Les Jours,Macaron,36000.0,0,0.231,13,4.7,1
2024-09-19,Tous Les Jours,Éclair,53000.0,0,0.248,18,3.9,1
2024-09-19,Tous Les Jours,Croissant,32000.0,0,0.174,23,4.8,1
2024-09-19,Tous Les Jours,Red Velvet Cake,215000.0,0,0.066,17,4.5,1
2024-09-19,ABC Bakery,Tiramisu,178000.0,0,0.175,3,3.8,1
2024-09-19,ABC Bakery,Cheesecake,153000.0,0,0.059,21,4.8,1
2024-09-19,ABC Bakery,Macaron,32000.0,0,0.149,9,4.3,1
2024-09-19,ABC Bakery,Éclair,45000.0,0,0.06,22,4.1,1
2024-09-19,ABC Bakery,Croissant,26000.0,0,0.151,24,4.1,1
2024-09-19,ABC Bakery,Red Velvet Cake,191000.0,0,0.236,4,4.5,0
2024-09-19,Givral,Tiramisu,169000.0,0,0.06,13,4.4,1
2024-09-19,Givral,Cheesecake,140000.0,0,0.185,13,4.1,1
2024-09-19,Givral,Macaron,29000.0,0,0.128,13,4.8,1
2024-09-19,Givral,Éclair,42000.0,0,0.067,14,4.0,1
2024-09-19,Givral,Croissant,25000.0,0,0.131,20,4.3,1
2024-09-19,Givral,Red Velvet Cake,180000.0,0,0.233,20,4.0,0
2024-09-19,Local Bakery A,Tiramisu,163000.0,0,0.244,7,4.7,0
2024-09-19,Local Bakery A,Cheesecake,135000.0,0,0.16,8,4.5,1
2024-09-19,Local Bakery A,Macaron,27000.0,0,0.077,5,3.7,0
2024-09-19,Local Bakery A,Éclair,39000.0,0,0.06,19,3.6,1
2024-09-19,Local Bakery A,Croissant,24000.0,0,0.088,15,4.2,1
2024-09-19,Local Bakery A,Red Velvet Cake,187000.0,0,0.073,7,3.9,0
2024-09-19,Supermarket Chain,Tiramisu,115000.0,0,0.122,23,4.0,1
2024-09-19,Supermarket Chain,Cheesecake,108000.0,0,0.067,17,3.7,1
2024-09-19,Supermarket Chain,Macaron,17000.0,1,0.208,24,4.1,1
2024-09-19,Supermarket Chain,Éclair,29000.0,0,0.248,12,3.9,0
2024-09-19,Supermarket Chain,Croissant,19000.0,0,0.058,3,4.4,1
2024-09-19,Supermarket Chain,Red Velvet Cake,136000.0,0,0.111,1,3.9,1
2024-09-20,Paris Baguette,Tiramisu,234000.0,0,0.239,11,3.7,1
2024-09-20,Paris Baguette,Cheesecake,137000.0,1,0.217,12,4.1,1
2024-09-20,Paris Baguette,Macaron,39000.0,0,0.189,1,4.0,1
2024-09-20,Paris Baguette,Éclair,56000.0,0,0.117,16,4.6,1
2024-09-20,Paris Baguette,Croissant,35000.0,0,0.228,24,4.0,1
2024-09-20,Paris Baguette,Red Velvet Cake,241000.0,0,0.193,2,4.4,0
2024-09-20,Tous Les Jours,Tiramisu,215000.0,0,0.086,7,4.6,0
2024-09-20,Tous Les Jours,Cheesecake,150000.0,1,0.054,14,4.3,1
2024-09-20,Tous Les Jours,Macaron,36000.0,0,0.131,1,4.8,0
2024-09-20,Tous Les Jours,Éclair,39000.0,1,0.23,15,3.9,1
2024-09-20,Tous Les Jours,Croissant,32000.0,0,0.196,3,4.2,0
2024-09-20,Tous Les Jours,Red Velvet Cake,225000.0,0,0.091,17,3.8,1
2024-09-20,ABC Bakery,Tiramisu,174000.0,0,0.158,24,3.7,1
2024-09-20,ABC Bakery,Cheesecake,159000.0,0,0.23,8,4.7,1
2024-09-20,ABC Bakery,Macaron,29000.0,0,0.164,4,3.9,0
2024-09-20,ABC Bakery,Éclair,44000.0,0,0.098,3,4.3,0
2024-09-20,ABC Bakery,Croissant,25000.0,0,0.21,16,4.5,1
2024-09-20,ABC Bakery,Red Velvet Cake,187000.0,0,0.134,14,3.8,0
2024-09-20,Givral,Tiramisu,160000.0,0,0.182,16,4.6,0
2024-09-20,Givral,Cheesecake,142000.0,0,0.139,8,4.7,1
2024-09-20,Givral,Macaron,28000.0,0,0.116,23,3.7,1
2024-09-20,Givral,Éclair,40000.0,0,0.169,5,3.8,1
2024-09-20,Givral,Croissant,25000.0,0,0.176,3,4.4,1
2024-09-20,Givral,Red Velvet Cake,179000.0,0,0.227,1,4.8,1
2024-09-20,Local Bakery A,Tiramisu,153000.0,0,0.115,5,4.0,1
2024-09-20,Local Bakery A,Cheesecake,132000.0,0,0.213,4,4.4,1
2024-09-20,Local Bakery A,Macaron,27000.0,0,0.126,11,3.9,1
2024-09-20,Local Bakery A,Éclair,40000.0,0,0.175,6,3.6,1
2024-09-20,Local Bakery A,Croissant,24000.0,0,0.138,12,3.5,0
2024-09-20,Local Bakery A,Red Velvet Cake,176000.0,0,0.175,24,4.8,1
2024-09-20,Supermarket Chain,Tiramisu,129000.0,0,0.187,2,4.3,0
2024-09-20,Supermarket Chain,Cheesecake,87000.0,1,0.175,2,4.6,1
2024-09-20,Supermarket Chain,Macaron,22000.0,0,0.139,8,4.1,0
2024-09-20,Supermarket Chain,Éclair,30000.0,0,0.214,24,3.5,1
2024-09-20,Supermarket Chain,Croissant,20000.0,0,0.14,15,3.7,0
2024-09-20,Supermarket Chain,Red Velvet Cake,138000.0,0,0.131,24,4.4,1
2024-09-21,Paris Baguette,Tiramisu,231000.0,0,0.182,6,4.3,0
2024-09-21,Paris Baguette,Cheesecake,188000.0,0,0.13,8,4.7,1
2024-09-21,Paris Baguette,Macaron,41000.0,0,0.222,20,4.6,1
2024-09-21,Paris Baguette,Éclair,59000.0,0,0.175,2,4.0,1
2024-09-21,Paris Baguette,Croissant,35000.0,0,0.127,9,3.8,1
2024-09-21,Paris Baguette,Red Velvet Cake,254000.0,0,0.12,19,4.0,1
2024-09-21,Tous Les Jours,Tiramisu,220000.0,0,0.126,10,3.7,0
2024-09-21,Tous Les Jours,Cheesecake,182000.0,0,0.184,7,4.0,0
2024-09-21,Tous Les Jours,Macaron,29000.0,1,0.053,19,4.6,0
2024-09-21,Tous Les Jours,Éclair,55000.0,0,0.217,18,4.4,0
2024-09-21,Tous Les Jours,Croissant,34000.0,0,0.09,13,3.7,0
2024-09-21,Tous Les Jours,Red Velvet Cake,230000.0,0,0.088,1,4.2,0
2024-09-21,ABC Bakery,Tiramisu,181000.0,0,0.138,2,3.9,0
2024-09-21,ABC Bakery,Cheesecake,154000.0,0,0.15,19,4.7,1
2024-09-21,ABC Bakery,Macaron,32000.0,0,0.232,20,4.5,1
2024-09-21,ABC Bakery,Éclair,35000.0,1,0.215,23,4.5,1
2024-09-21,ABC Bakery,Croissant,27000.0,0,0.063,21,4.2,1
2024-09-21,ABC Bakery,Red Velvet Cake,175000.0,1,0.129,13,4.7,1
2024-09-21,Givral,Tiramisu,170000.0,0,0.181,11,3.8,1
2024-09-21,Givral,Cheesecake,157000.0,0,0.09,18,4.2,1
2024-09-21,Givral,Macaron,31000.0,0,0.181,6,3.5,1
2024-09-21,Givral,Éclair,47000.0,0,0.193,19,3.8,1
2024-09-21,Givral,Croissant,23000.0,1,0.07,7,4.6,0
2024-09-21,Givral,Red Velvet Cake,205000.0,0,0.171,7,4.8,1
2024-09-21,Local Bakery A,Tiramisu,163000.0,0,0.154,11,3.7,0
2024-09-21,Local Bakery A,Cheesecake,138000.0,0,0.212,9,4.3,0
2024-09-21,Local Bakery A,Macaron,29000.0,0,0.2,9,4.1,1
2024-09-21,Local Bakery A,Éclair,41000.0,0,0.102,15,4.2,0
2024-09-21,Local Bakery A,Croissant,25000.0,0,0.203,9,4.5,1
2024-09-21,Local Bakery A,Red Velvet Cake,197000.0,0,0.141,18,4.2,0
2024-09-21,Supermarket Chain,Tiramisu,89000.0,1,0.09,10,3.6,1
2024-09-21,Supermarket Chain,Cheesecake,112000.0,0,0.062,23,3.8,0
2024-09-21,Supermarket Chain,Macaron,22000.0,0,0.231,23,4.7,1
2024-09-21,Supermarket Chain,Éclair,25000.0,1,0.237,16,4.5,0
2024-09-21,Supermarket Chain,Croissant,19000.0,0,0.182,17,3.7,1
2024-09-21,Supermarket Chain,Red Velvet Cake,122000.0,1,0.14,10,3.9,1
2024-09-22,Paris Baguette,Tiramisu,236000.0,0,0.249,20,3.5,1
2024-09-22,Paris Baguette,Cheesecake,200000.0,0,0.131,13,4.1,1
2024-09-22,Paris Baguette,Macaron,38000.0,0,0.177,8,4.0,1
2024-09-22,Paris Baguette,Éclair,58000.0,0,0.058,1,4.0,1
2024-09-22,Paris Baguette,Croissant,35000.0,0,0.23,17,4.3,1
2024-09-22,Paris Baguette,Red Velvet Cake,247000.0,0,0.145,22,3.7,1
2024-09-22,Tous Les Jours,Tiramisu,226000.0,0,0.066,22,4.5,1
2024-09-22,Tous Les Jours,Cheesecake,189000.0,0,0.162,13,4.6,0
2024-09-22,Tous Les Jours,Macaron,39000.0,0,0.205,6,3.9,1
2024-09-22,Tous Les Jours,Éclair,55000.0,0,0.089,20,3.7,1
2024-09-22,Tous Les Jours,Croissant,33000.0,0,0.121,13,4.1,0
2024-09-22,Tous Les Jours,Red Velvet Cake,248000.0,0,0.197,21,4.7,1
2024-09-22,ABC Bakery,Tiramisu,179000.0,0,0.076,1,4.7,1
2024-09-22,ABC Bakery,Cheesecake,170000.0,0,0.065,21,4.7,1
2024-09-22,ABC Bakery,Macaron,32000.0,0,0.058,20,4.4,1
2024-09-22,ABC Bakery,Éclair,46000.0,0,0.14,11,4.1,1
2024-09-22,ABC Bakery,Croissant,27000.0,0,0.21,1,4.7,1
2024-09-22,ABC Bakery,Red Velvet Cake,201000.0,0,0.15,20,3.5,1
2024-09-22,Givral,Tiramisu,171000.0,0,0.137,10,4.4,1
2024-09-22,Givral,Cheesecake,156000.0,0,0.101,20,4.7,1
2024-09-22,Givral,Macaron,33000.0,0,0.194,11,4.3,1
2024-09-22,Givral,Éclair,45000.0,0,0.07,10,4.2,1
2024-09-22,Givral,Croissant,26000.0,0,0.197,10,4.1,0
2024-09-22,Givral,Red Velvet Cake,184000.0,0,0.131,9,4.1,0
2024-09-22,Local Bakery A,Tiramisu,165000.0,0,0.225,5,3.8,1
2024-09-22,Local Bakery A,Cheesecake,113000.0,1,0.215,17,4.2,1
2024-09-22,Local Bakery A,Macaron,28000.0,0,0.236,17,4.4,0
2024-09-22,Local Bakery A,Éclair,40000.0,0,0.239,8,4.2,0
2024-09-22,Local Bakery A,Croissant,24000.0,0,0.077,9,4.0,0
2024-09-22,Local Bakery A,Red Velvet Cake,186000.0,0,0.228,23,3.9,1
2024-09-22,Supermarket Chain,Tiramisu,132000.0,0,0.17,7,3.6,1
2024-09-22,Supermarket Chain,Cheesecake,79000.0,1,0.18,7,3.7,0
2024-09-22,Supermarket Chain,Macaron,23000.0,0,0.12,21,4.6,1
2024-09-22,Supermarket Chain,Éclair,33000.0,0,0.124,20,4.4,1
2024-09-22,Supermarket Chain,Croissant,19000.0,0,0.1,21,4.7,1
2024-09-22,Supermarket Chain,Red Velvet Cake,136000.0,0,0.152,4,4.1,0
2024-09-23,Paris Baguette,Tiramisu,221000.0,0,0.191,24,4.0,0
2024-09-23,Paris Baguette,Cheesecake,198000.0,0,0.105,1,4.5,1
2024-09-23,Paris Baguette,Macaron,38000.0,0,0.062,19,4.2,1
2024-09-23,Paris Baguette,Éclair,56000.0,0,0.116,21,4.5,1
2024-09-23,Paris Baguette,Croissant,34000.0,0,0.182,22,4.5,1
2024-09-23,Paris Baguette,Red Velvet Cake,253000.0,0,0.24,17,4.5,1
2024-09-23,Tous Les Jours,Tiramisu,203000.0,0,0.086,5,4.4,0
2024-09-23,Tous Les Jours,Cheesecake,186000.0,0,0.172,4,3.9,1
2024-09-23,Tous Les Jours,Macaron,31000.0,1,0.065,13,3.6,1
2024-09-23,Tous Les Jours,Éclair,53000.0,0,0.14,14,4.4,0
2024-09-23,Tous Les Jours,Croissant,31000.0,0,0.108,11,4.6,0
2024-09-23,Tous Les Jours,Red Velvet Cake,221000.0,0,0.237,20,4.7,1
2024-09-23,ABC Bakery,Tiramisu,188000.0,0,0.21,4,4.0,0
2024-09-23,ABC Bakery,Cheesecake,155000.0,0,0.196,17,4.1,1
2024-09-23,ABC Bakery,Macaron,30000.0,0,0.16,9,3.8,1
2024-09-23,ABC Bakery,Éclair,44000.0,0,0.119,9,4.3,1
2024-09-23,ABC Bakery,Croissant,18000.0,1,0.136,16,4.2,0
2024-09-23,ABC Bakery,Red Velvet Cake,186000.0,0,0.191,13,3.9,1
2024-09-23,Givral,Tiramisu,170000.0,0,0.167,24,4.6,1
2024-09-23,Givral,Cheesecake,141000.0,0,0.132,18,4.0,1
2024-09-23,Givral,Macaron,29000.0,0,0.067,7,3.6,1
2024-09-23,Givral,Éclair,41000.0,0,0.088,2,3.6,1
2024-09-23,Givral,Croissant,26000.0,0,0.116,6,4.1,1
2024-09-23,Givral,Red Velvet Cake,186000.0,0,0.221,22,4.1,1
2024-09-23,Local Bakery A,Tiramisu,158000.0,0,0.203,7,4.8,1
2024-09-23,Local Bakery A,Cheesecake,140000.0,0,0.245,9,3.6,1
2024-09-23,Local Bakery A,Macaron,25000.0,0,0.238,3,4.0,1
2024-09-23,Local Bakery A,Éclair,31000.0,1,0.239,17,4.0,0
2024-09-23,Local Bakery A,Croissant,22000.0,0,0.2,7,4.8,0
2024-09-23,Local Bakery A,Red Velvet Cake,173000.0,0,0.108,14,4.3,1
2024-09-23,Supermarket Chain,Tiramisu,120000.0,0,0.172,17,4.4,1
2024-09-23,Supermarket Chain,Cheesecake,102000.0,0,0.098,8,4.0,1
2024-09-23,Supermarket Chain,Macaron,22000.0,0,0.077,6,4.4,0
2024-09-23,Supermarket Chain,Éclair,29000.0,0,0.224,13,4.0,1
2024-09-23,Supermarket Chain,Croissant,19000.0,0,0.214,15,4.7,0
2024-09-23,Supermarket Chain,Red Velvet Cake,134000.0,0,0.217,13,4.1,0
2024-09-24,Paris Baguette,Tiramisu,223000.0,0,0.125,15,3.8,0
2024-09-24,Paris Baguette,Cheesecake,185000.0,0,0.079,6,3.9,0
2024-09-24,Paris Baguette,Macaron,37000.0,0,0.091,12,3.9,1
2024-09-24,Paris Baguette,Éclair,54000.0,0,0.083,20,3.6,0
2024-09-24,Paris Baguette,Croissant,32000.0,0,0.134,20,4.3,0
2024-09-24,Paris Baguette,Red Velvet Cake,249000.0,0,0.128,11,4.6,0
2024-09-24,Tous Les Jours,Tiramisu,208000.0,0,0.099,21,3.8,1
2024-09-24,Tous Les Jours,Cheesecake,176000.0,0,0.1,13,3.9,1
2024-09-24,Tous Les Jours,Macaron,39000.0,0,0.214,7,4.5,1
2024-09-24,Tous Les Jours,Éclair,54000.0,0,0.133,4,4.3,1
2024-09-24,Tous Les Jours,Croissant,32000.0,0,0.09,16,4.3,1
2024-09-24,Tous Les Jours,Red Velvet Cake,202000.0,1,0.135,9,4.4,0
2024-09-24,ABC Bakery,Tiramisu,170000.0,0,0.072,14,4.5,1
2024-09-24,ABC Bakery,Cheesecake,162000.0,0,0.198,23,4.4,1
2024-09-24,ABC Bakery,Macaron,24000.0,1,0.162,14,4.3,1
2024-09-24,ABC Bakery,Éclair,45000.0,0,0.081,5,4.2,0
2024-09-24,ABC Bakery,Croissant,25000.0,0,0.197,9,4.0,0
2024-09-24,ABC Bakery,Red Velvet Cake,189000.0,0,0.085,14,4.0,1
2024-09-24,Givral,Tiramisu,176000.0,0,0.126,19,4.7,1
2024-09-24,Givral,Cheesecake,142000.0,0,0.077,21,4.8,0
2024-09-24,Givral,Macaron,30000.0,0,0.24,21,4.5,0
2024-09-24,Givral,Éclair,42000.0,0,0.098,19,4.2,1
2024-09-24,Givral,Croissant,18000.0,1,0.191,22,4.3,1
2024-09-24,Givral,Red Velvet Cake,184000.0,0,0.105,21,3.8,1
2024-09-24,Local Bakery A,Tiramisu,163000.0,0,0.189,3,4.6,0
2024-09-24,Local Bakery A,Cheesecake,149000.0,0,0.231,17,4.3,1
2024-09-24,Local Bakery A,Macaron,27000.0,0,0.177,23,4.0,0
2024-09-24,Local Bakery A,Éclair,40000.0,0,0.083,20,3.6,1
2024-09-24,Local Bakery A,Croissant,25000.0,0,0.099,2,3.6,1
2024-09-24,Local Bakery A,Red Velvet Cake,177000.0,0,0.112,7,4.3,0
2024-09-24,Supermarket Chain,Tiramisu,124000.0,0,0.237,21,3.8,1
2024-09-24,Supermarket Chain,Cheesecake,103000.0,0,0.16,5,4.1,1
2024-09-24,Supermarket Chain,Macaron,22000.0,0,0.175,10,3.8,0
2024-09-24,Supermarket Chain,Éclair,32000.0,0,0.058,17,4.6,1
2024-09-24,Supermarket Chain,Croissant,19000.0,0,0.103,6,4.4,1
2024-09-24,Supermarket Chain,Red Velvet Cake,137000.0,0,0.056,9,4.3,1
2024-09-25,Paris Baguette,Tiramisu,216000.0,0,0.06,16,4.6,1
2024-09-25,Paris Baguette,Cheesecake,177000.0,0,0.234,23,3.6,1
2024-09-25,Paris Baguette,Macaron,38000.0,0,0.114,19,3.6,1
2024-09-25,Paris Baguette,Éclair,53000.0,0,0.113,19,3.9,1
2024-09-25,Paris Baguette,Croissant,31000.0,0,0.207,13,3.9,0
2024-09-25,Paris Baguette,Red Velvet Cake,249000.0,0,0.237,4,3.9,1
2024-09-25,Tous Les Jours,Tiramisu,213000.0,0,0.178,4,4.3,1
2024-09-25,Tous Les Jours,Cheesecake,180000.0,0,0.185,19,3.8,0
2024-09-25,Tous Les Jours,Macaron,32000.0,1,0.181,11,4.3,1
2024-09-25,Tous Les Jours,Éclair,52000.0,0,0.119,18,4.8,0
2024-09-25,Tous Les Jours,Croissant,32000.0,0,0.153,8,3.7,0
2024-09-25,Tous Les Jours,Red Velvet Cake,234000.0,0,0.095,1,4.7,1
2024-09-25,ABC Bakery,Tiramisu,172000.0,0,0.243,12,3.5,0
2024-09-25,ABC Bakery,Cheesecake,151000.0,0,0.095,19,4.0,0
2024-09-25,ABC Bakery,Macaron,31000.0,0,0.173,22,4.2,1
2024-09-25,ABC Bakery,Éclair,44000.0,0,0.245,18,3.5,1
2024-09-25,ABC Bakery,Croissant,28000.0,0,0.244,18,4.7,1
2024-09-25,ABC Bakery,Red Velvet Cake,202000.0,0,0.243,1,4.5,1
2024-09-25,Givral,Tiramisu,164000.0,0,0.109,5,4.5,1
2024-09-25,Givral,Cheesecake,107000.0,1,0.239,24,4.6,0
2024-09-25,Givral,Macaron,29000.0,0,0.15,10,4.6,1
2024-09-25,Givral,Éclair,43000.0,0,0.147,11,4.0,1
2024-09-25,Givral,Croissant,25000.0,0,0.172,23,3.8,1
2024-09-25,Givral,Red Velvet Cake,179000.0,0,0.245,24,4.1,1
2024-09-25,Local Bakery A,Tiramisu,132000.0,1,0.11,11,3.9,1
2024-09-25,Local Bakery A,Cheesecake,131000.0,0,0.073,13,4.3,1
2024-09-25,Local Bakery A,Macaron,25000.0,1,0.117,8,4.3,0
2024-09-25,Local Bakery A,Éclair,40000.0,0,0.249,12,3.9,0
2024-09-25,Local Bakery A,Croissant,24000.0,0,0.188,6,4.5,1
2024-09-25,Local Bakery A,Red Velvet Cake,174000.0,0,0.101,18,4.4,0
2024-09-25,Supermarket Chain,Tiramisu,127000.0,0,0.189,18,4.3,1
2024-09-25,Supermarket Chain,Cheesecake,108000.0,0,0.129,11,3.6,1
2024-09-25,Supermarket Chain,Macaron,21000.0,0,0.202,17,4.5,0
2024-09-25,Supermarket Chain,Éclair,30000.0,0,0.189,1,4.8,0
2024-09-25,Supermarket Chain,Croissant,19000.0,0,0.249,1,4.5,1
2024-09-25,Supermarket Chain,Red Velvet Cake,136000.0,0,0.119,20,4.2,1
2024-09-26,Paris Baguette,Tiramisu,220000.0,0,0.068,12,4.4,1
2024-09-26,Paris Baguette,Cheesecake,184000.0,0,0.079,8,4.5,0
2024-09-26,Paris Baguette,Macaron,27000.0,1,0.216,22,4.3,1
2024-09-26,Paris Baguette,Éclair,55000.0,0,0.227,11,4.2,1
2024-09-26,Paris Baguette,Croissant,33000.0,0,0.193,20,3.9,1
2024-09-26,Paris Baguette,Red Velvet Cake,243000.0,0,0.114,23,3.7,1
2024-09-26,Tous Les Jours,Tiramisu,146000.0,1,0.12,8,4.7,0
2024-09-26,Tous Les Jours,Cheesecake,178000.0,0,0.22,22,4.1,0
2024-09-26,Tous Les Jours,Macaron,37000.0,0,0.173,8,3.6,1
2024-09-26,Tous Les Jours,Éclair,54000.0,0,0.246,18,4.3,1
2024-09-26,Tous Les Jours,Croissant,33000.0,0,0.135,3,4.8,1
2024-09-26,Tous Les Jours,Red Velvet Cake,237000.0,0,0.12,11,4.4,1
2024-09-26,ABC Bakery,Tiramisu,184000.0,0,0.124,10,3.7,1
2024-09-26,ABC Bakery,Cheesecake,149000.0,0,0.204,23,4.8,1
2024-09-26,ABC Bakery,Macaron,32000.0,0,0.068,7,3.6,1
2024-09-26,ABC Bakery,Éclair,46000.0,0,0.107,23,4.1,0
2024-09-26,ABC Bakery,Croissant,27000.0,0,0.11,21,4.4,1
2024-09-26,ABC Bakery,Red Velvet Cake,185000.0,0,0.093,14,4.4,1
2024-09-26,Givral,Tiramisu,167000.0,0,0.12,6,4.7,1
2024-09-26,Givral,Cheesecake,140000.0,0,0.189,12,4.7,0
2024-09-26,Givral,Macaron,30000.0,0,0.125,1,4.6,1
2024-09-26,Givral,Éclair,28000.0,1,0.158,18,4.5,1
2024-09-26,Givral,Croissant,26000.0,0,0.059,19,3.5,1
2024-09-26,Givral,Red Velvet Cake,138000.0,1,0.164,4,3.8,1
2024-09-26,Local Bakery A,Tiramisu,153000.0,0,0.112,4,3.6,1
2024-09-26,Local Bakery A,Cheesecake,138000.0,0,0.229,5,3.7,1
2024-09-26,Local Bakery A,Macaron,29000.0,0,0.124,20,4.8,1
2024-09-26,Local Bakery A,Éclair,39000.0,0,0.199,14,4.6,0
2024-09-26,Local Bakery A,Croissant,24000.0,0,0.158,7,4.1,1
2024-09-26,Local Bakery A,Red Velvet Cake,169000.0,0,0.124,10,3.7,1
2024-09-26,Supermarket Chain,Tiramisu,123000.0,0,0.117,1,4.4,0
2024-09-26,Supermarket Chain,Cheesecake,74000.0,1,0.159,23,3.6,1
2024-09-26,Supermarket Chain,Macaron,19000.0,1,0.154,16,4.7,1
2024-09-26,Supermarket Chain,Éclair,31000.0,0,0.081,3,3.7,0
2024-09-26,Supermarket Chain,Croissant,19000.0,0,0.145,2,3.6,1
2024-09-26,Supermarket Chain,Red Velvet Cake,116000.0,1,0.186,6,4.8,1
2024-09-27,Paris Baguette,Tiramisu,232000.0,0,0.051,1,4.2,1
2024-09-27,Paris Baguette,Cheesecake,184000.0,0,0.052,10,4.7,0
2024-09-27,Paris Baguette,Macaron,39000.0,0,0.135,23,4.4,0
2024-09-27,Paris Baguette,Éclair,51000.0,0,0.207,20,4.3,1
2024-09-27,Paris Baguette,Croissant,26000.0,1,0.077,24,4.3,1
2024-09-27,Paris Baguette,Red Velvet Cake,242000.0,0,0.072,14,4.5,1
2024-09-27,Tous Les Jours,Tiramisu,218000.0,0,0.139,16,4.2,1
2024-09-27,Tous Les Jours,Cheesecake,177000.0,0,0.182,16,4.5,1
2024-09-27,Tous Les Jours,Macaron,38000.0,0,0.099,16,4.1,0
2024-09-27,Tous Les Jours,Éclair,50000.0,0,0.199,24,4.4,1
2024-09-27,Tous Les Jours,Croissant,32000.0,0,0.164,9,4.4,1
2024-09-27,Tous Les Jours,Red Velvet Cake,234000.0,0,0.164,6,3.7,1
2024-09-27,ABC Bakery,Tiramisu,183000.0,0,0.121,21,4.2,1
2024-09-27,ABC Bakery,Cheesecake,152000.0,0,0.152,19,3.7,1
2024-09-27,ABC Bakery,Macaron,31000.0,0,0.085,11,4.0,0
2024-09-27,ABC Bakery,Éclair,46000.0,0,0.239,20,3.9,1
2024-09-27,ABC Bakery,Croissant,26000.0,0,0.129,9,4.2,0
2024-09-27,ABC Bakery,Red Velvet Cake,203000.0,0,0.244,7,4.5,0
2024-09-27,Givral,Tiramisu,170000.0,0,0.126,20,4.5,1
2024-09-27,Givral,Cheesecake,135000.0,0,0.202,24,4.2,1
2024-09-27,Givral,Macaron,29000.0,0,0.105,23,4.7,1
2024-09-27,Givral,Éclair,35000.0,1,0.127,24,4.6,1
2024-09-27,Givral,Croissant,25000.0,0,0.096,14,4.4,0
2024-09-27,Givral,Red Velvet Cake,184000.0,0,0.198,9,3.8,0
2024-09-27,Local Bakery A,Tiramisu,169000.0,0,0.105,19,4.7,1
2024-09-27,Local Bakery A,Cheesecake,137000.0,0,0.121,8,3.7,0
2024-09-27,Local Bakery A,Macaron,28000.0,0,0.133,15,4.1,1
2024-09-27,Local Bakery A,Éclair,40000.0,0,0.149,17,4.3,1
2024-09-27,Local Bakery A,Croissant,25000.0,0,0.075,15,4.3,0
2024-09-27,Local Bakery A,Red Velvet Cake,183000.0,0,0.181,22,3.8,0
2024-09-27,Supermarket Chain,Tiramisu,123000.0,0,0.053,10,3.5,0
2024-09-27,Supermarket Chain,Cheesecake,107000.0,0,0.149,2,3.9,0
2024-09-27,Supermarket Chain,Macaron,22000.0,0,0.069,7,4.3,1
2024-09-27,Supermarket Chain,Éclair,31000.0,0,0.107,1,3.8,0
2024-09-27,Supermarket Chain,Croissant,19000.0,0,0.099,11,4.6,1
2024-09-27,Supermarket Chain,Red Velvet Cake,136000.0,0,0.102,9,3.6,0
2024-09-28,Paris Baguette,Tiramisu,246000.0,0,0.143,5,4.5,1
2024-09-28,Paris Baguette,Cheesecake,196000.0,0,0.073,3,4.1,0
2024-09-28,Paris Baguette,Macaron,40000.0,0,0.168,10,3.6,1
2024-09-28,Paris Baguette,Éclair,58000.0,0,0.186,13,3.8,1
2024-09-28,Paris Baguette,Croissant,35000.0,0,0.242,15,3.9,1
2024-09-28,Paris Baguette,Red Velvet Cake,265000.0,0,0.164,21,4.1,1
2024-09-28,Tous Les Jours,Tiramisu,224000.0,0,0.133,18,4.2,1
2024-09-28,Tous Les Jours,Cheesecake,182000.0,0,0.137,19,4.4,0
2024-09-28,Tous Les Jours,Macaron,38000.0,0,0.079,23,4.1,1
2024-09-28,Tous Les Jours,Éclair,54000.0,0,0.217,11,4.3,0
2024-09-28,Tous Les Jours,Croissant,33000.0,0,0.164,18,4.6,1
2024-09-28,Tous Les Jours,Red Velvet Cake,217000.0,1,0.249,4,3.9,0
2024-09-28,ABC Bakery,Tiramisu,186000.0,0,0.075,3,4.2,1
2024-09-28,ABC Bakery,Cheesecake,161000.0,0,0.101,17,4.7,0
2024-09-28,ABC Bakery,Macaron,33000.0,0,0.097,3,3.8,1
2024-09-28,ABC Bakery,Éclair,48000.0,0,0.07,24,3.5,1
2024-09-28,ABC Bakery,Croissant,30000.0,0,0.184,9,4.1,0
2024-09-28,ABC Bakery,Red Velvet Cake,206000.0,0,0.126,18,3.9,1
2024-09-28,Givral,Tiramisu,130000.0,1,0.133,15,4.5,1
2024-09-28,Givral,Cheesecake,157000.0,0,0.245,13,3.6,1
2024-09-28,Givral,Macaron,32000.0,0,0.142,9,4.6,0
2024-09-28,Givral,Éclair,38000.0,1,0.108,1,3.6,0
2024-09-28,Givral,Croissant,28000.0,0,0.146,10,4.6,0
2024-09-28,Givral,Red Velvet Cake,202000.0,0,0.165,1,3.7,0
2024-09-28,Local Bakery A,Tiramisu,167000.0,0,0.249,2,4.1,1
2024-09-28,Local Bakery A,Cheesecake,120000.0,1,0.159,22,3.8,0
2024-09-28,Local Bakery A,Macaron,29000.0,0,0.242,11,4.2,1
2024-09-28,Local Bakery A,Éclair,41000.0,0,0.196,16,4.7,1
2024-09-28,Local Bakery A,Croissant,25000.0,0,0.237,1,4.0,1
2024-09-28,Local Bakery A,Red Velvet Cake,185000.0,0,0.067,17,4.5,1
2024-09-28,Supermarket Chain,Tiramisu,133000.0,0,0.077,3,4.1,1
2024-09-28,Supermarket Chain,Cheesecake,94000.0,1,0.214,16,4.2,0
2024-09-28,Supermarket Chain,Macaron,23000.0,0,0.228,6,4.8,1
2024-09-28,Supermarket Chain,Éclair,33000.0,0,0.21,23,4.1,0
2024-09-28,Supermarket Chain,Croissant,19000.0,0,0.121,9,3.6,1
2024-09-28,Supermarket Chain,Red Velvet Cake,147000.0,0,0.225,19,4.2,1
2024-09-29,Paris Baguette,Tiramisu,243000.0,0,0.058,5,4.3,1
2024-09-29,Paris Baguette,Cheesecake,196000.0,0,0.243,23,4.5,0
2024-09-29,Paris Baguette,Macaron,41000.0,0,0.183,3,4.2,1
2024-09-29,Paris Baguette,Éclair,58000.0,0,0.219,2,3.6,1
2024-09-29,Paris Baguette,Croissant,35000.0,0,0.079,7,4.1,1
2024-09-29,Paris Baguette,Red Velvet Cake,243000.0,0,0.139,16,3.8,1
2024-09-29,Tous Les Jours,Tiramisu,221000.0,0,0.143,23,4.5,1
2024-09-29,Tous Les Jours,Cheesecake,198000.0,0,0.053,14,4.1,0
2024-09-29,Tous Les Jours,Macaron,37000.0,0,0.14,23,4.0,1
2024-09-29,Tous Les Jours,Éclair,56000.0,0,0.089,17,3.8,1
2024-09-29,Tous Les Jours,Croissant,34000.0,0,0.117,11,4.0,1
2024-09-29,Tous Les Jours,Red Velvet Cake,243000.0,0,0.059,3,3.9,0
2024-09-29,ABC Bakery,Tiramisu,198000.0,0,0.149,18,3.9,1
2024-09-29,ABC Bakery,Cheesecake,160000.0,0,0.165,12,4.4,1
2024-09-29,ABC Bakery,Macaron,33000.0,0,0.19,9,3.8,1
2024-09-29,ABC Bakery,Éclair,41000.0,1,0.166,9,4.7,1
2024-09-29,ABC Bakery,Croissant,28000.0,0,0.177,7,4.8,1
2024-09-29,ABC Bakery,Red Velvet Cake,208000.0,0,0.245,24,3.8,0
2024-09-29,Givral,Tiramisu,183000.0,0,0.169,18,4.2,1
2024-09-29,Givral,Cheesecake,155000.0,0,0.239,15,3.7,1
2024-09-29,Givral,Macaron,31000.0,0,0.1,5,4.7,0
2024-09-29,Givral,Éclair,45000.0,0,0.141,20,4.4,1
2024-09-29,Givral,Croissant,28000.0,0,0.223,1,4.7,1
2024-09-29,Givral,Red Velvet Cake,196000.0,0,0.205,7,3.6,0
2024-09-29,Local Bakery A,Tiramisu,170000.0,0,0.249,16,3.6,0
2024-09-29,Local Bakery A,Cheesecake,115000.0,1,0.12,17,4.3,1
2024-09-29,Local Bakery A,Macaron,29000.0,0,0.185,8,4.2,0
2024-09-29,Local Bakery A,Éclair,43000.0,0,0.197,15,3.9,0
2024-09-29,Local Bakery A,Croissant,26000.0,0,0.13,15,4.4,1
2024-09-29,Local Bakery A,Red Velvet Cake,185000.0,0,0.171,15,4.4,1
2024-09-29,Supermarket Chain,Tiramisu,107000.0,1,0.232,19,3.7,0
2024-09-29,Supermarket Chain,Cheesecake,85000.0,1,0.212,7,3.9,1
2024-09-29,Supermarket Chain,Macaron,22000.0,0,0.06,14,4.7,1
2024-09-29,Supermarket Chain,Éclair,33000.0,0,0.092,22,4.3,1
2024-09-29,Supermarket Chain,Croissant,20000.0,0,0.12,6,3.8,0
2024-09-29,Supermarket Chain,Red Velvet Cake,118000.0,1,0.205,23,4.7,1
2024-09-30,Paris Baguette,Tiramisu,171000.0,1,0.237,16,3.9,0
2024-09-30,Paris Baguette,Cheesecake,185000.0,0,0.16,22,3.5,0
2024-09-30,Paris Baguette,Macaron,41000.0,0,0.216,1,3.9,0
2024-09-30,Paris Baguette,Éclair,59000.0,0,0.154,8,4.0,1
2024-09-30,Paris Baguette,Croissant,34000.0,0,0.082,8,4.0,1
2024-09-30,Paris Baguette,Red Velvet Cake,252000.0,0,0.063,9,4.7,1
2024-09-30,Tous Les Jours,Tiramisu,213000.0,0,0.085,13,4.4,1
2024-09-30,Tous Les Jours,Cheesecake,184000.0,0,0.143,10,4.4,0
2024-09-30,Tous Les Jours,Macaron,38000.0,0,0.15,11,3.7,0
2024-09-30,Tous Les Jours,Éclair,56000.0,0,0.078,2,3.9,1
2024-09-30,Tous Les Jours,Croissant,33000.0,0,0.14,15,4.0,1
2024-09-30,Tous Les Jours,Red Velvet Cake,242000.0,0,0.249,23,4.3,1
2024-09-30,ABC Bakery,Tiramisu,176000.0,0,0.239,18,4.8,0
2024-09-30,ABC Bakery,Cheesecake,136000.0,1,0.167,16,3.8,1
2024-09-30,ABC Bakery,Macaron,31000.0,0,0.103,4,4.6,0
2024-09-30,ABC Bakery,Éclair,39000.0,1,0.152,21,3.6,0
2024-09-30,ABC Bakery,Croissant,28000.0,0,0.082,4,3.6,1
2024-09-30,ABC Bakery,Red Velvet Cake,153000.0,1,0.215,3,4.2,1
2024-09-30,Givral,Tiramisu,170000.0,0,0.215,3,3.8,1
2024-09-30,Givral,Cheesecake,143000.0,0,0.229,24,4.4,1
2024-09-30,Givral,Macaron,30000.0,0,0.11,23,3.6,0
2024-09-30,Givral,Éclair,43000.0,0,0.197,24,3.5,1
2024-09-30,Givral,Croissant,25000.0,0,0.134,9,3.5,1
2024-09-30,Givral,Red Velvet Cake,190000.0,0,0.112,6,4.0,1
2024-09-30,Local Bakery A,Tiramisu,157000.0,0,0.199,16,3.7,1
2024-09-30,Local Bakery A,Cheesecake,139000.0,0,0.111,18,4.6,1
2024-09-30,Local Bakery A,Macaron,27000.0,0,0.052,17,4.2,1
2024-09-30,Local Bakery A,Éclair,41000.0,0,0.24,20,4.2,1
2024-09-30,Local Bakery A,Croissant,25000.0,0,0.18,11,4.4,0
2024-09-30,Local Bakery A,Red Velvet Cake,185000.0,0,0.1,15,4.3,1
2024-09-30,Supermarket Chain,Tiramisu,126000.0,0,0.089,14,4.3,0
2024-09-30,Supermarket Chain,Cheesecake,102000.0,0,0.227,12,4.0,1
2024-09-30,Supermarket Chain,Macaron,22000.0,0,0.218,11,3.9,1
2024-09-30,Supermarket Chain,Éclair,31000.0,0,0.122,2,3.7,1
2024-09-30,Supermarket Chain,Croissant,14000.0,1,0.214,1,4.3,1
2024-09-30,Supermarket Chain,Red Velvet Cake,106000.0,1,0.122,14,4.8,0
2024-10-01,Paris Baguette,Tiramisu,230000.0,0,0.052,22,4.7,0
2024-10-01,Paris Baguette,Cheesecake,149000.0,1,0.16,20,4.7,0
2024-10-01,Paris Baguette,Macaron,38000.0,0,0.078,15,3.6,1
2024-10-01,Paris Baguette,Éclair,59000.0,0,0.139,2,4.2,1
2024-10-01,Paris Baguette,Croissant,35000.0,0,0.06,6,4.0,1
2024-10-01,Paris Baguette,Red Velvet Cake,240000.0,0,0.237,3,4.2,0
2024-10-01,Tous Les Jours,Tiramisu,206000.0,0,0.143,22,3.8,1
2024-10-01,Tous Les Jours,Cheesecake,188000.0,0,0.157,14,3.8,1
2024-10-01,Tous Les Jours,Macaron,37000.0,0,0.103,2,4.7,0
2024-10-01,Tous Les Jours,Éclair,56000.0,0,0.228,2,3.9,1
2024-10-01,Tous Les Jours,Croissant,32000.0,0,0.071,21,4.4,0
2024-10-01,Tous Les Jours,Red Velvet Cake,229000.0,0,0.06,12,4.2,1
2024-10-01,ABC Bakery,Tiramisu,173000.0,0,0.084,7,4.6,0
2024-10-01,ABC Bakery,Cheesecake,147000.0,0,0.16,21,3.6,1
2024-10-01,ABC Bakery,Macaron,32000.0,0,0.217,19,4.6,0
2024-10-01,ABC Bakery,Éclair,47000.0,0,0.141,16,4.1,0
2024-10-01,ABC Bakery,Croissant,27000.0,0,0.173,7,3.9,1
2024-10-01,ABC Bakery,Red Velvet Cake,194000.0,0,0.217,17,4.2,1
2024-10-01,Givral,Tiramisu,177000.0,0,0.188,6,4.7,1
2024-10-01,Givral,Cheesecake,152000.0,0,0.209,15,3.5,0
2024-10-01,Givral,Macaron,31000.0,0,0.133,21,3.8,0
2024-10-01,Givral,Éclair,43000.0,0,0.078,1,3.6,0
2024-10-01,Givral,Croissant,27000.0,0,0.231,4,4.0,1
2024-10-01,Givral,Red Velvet Cake,185000.0,0,0.198,19,4.1,1
2024-10-01,Local Bakery A,Tiramisu,162000.0,0,0.176,3,4.6,1
2024-10-01,Local Bakery A,Cheesecake,134000.0,0,0.232,19,4.1,0
2024-10-01,Local Bakery A,Macaron,28000.0,0,0.214,10,4.5,1
2024-10-01,Local Bakery A,Éclair,41000.0,0,0.116,3,4.6,1
2024-10-01,Local Bakery A,Croissant,24000.0,0,0.133,5,4.1,0
2024-10-01,Local Bakery A,Red Velvet Cake,132000.0,1,0.212,8,3.5,1
2024-10-01,Supermarket Chain,Tiramisu,100000.0,1,0.077,6,4.6,1
2024-10-01,Supermarket Chain,Cheesecake,107000.0,0,0.11,16,4.0,1
2024-10-01,Supermarket Chain,Macaron,22000.0,0,0.177,7,3.8,1
2024-10-01,Supermarket Chain,Éclair,31000.0,0,0.113,23,3.8,0
2024-10-01,Supermarket Chain,Croissant,18000.0,0,0.146,8,4.2,0
2024-10-01,Supermarket Chain,Red Velvet Cake,129000.0,0,0.171,21,4.3,1
2024-10-02,Paris Baguette,Tiramisu,228000.0,0,0.194,24,3.5,1
2024-10-02,Paris Baguette,Cheesecake,193000.0,0,0.228,8,3.7,1
2024-10-02,Paris Baguette,Macaron,40000.0,0,0.234,2,4.8,1
2024-10-02,Paris Baguette,Éclair,55000.0,0,0.097,11,4.3,0
2024-10-02,Paris Baguette,Croissant,33000.0,0,0.139,12,4.3,1
2024-10-02,Paris Baguette,Red Velvet Cake,252000.0,0,0.118,22,4.6,1
2024-10-02,Tous Les Jours,Tiramisu,208000.0,0,0.148,5,4.8,1
2024-10-02,Tous Les Jours,Cheesecake,182000.0,0,0.225,6,4.1,1
2024-10-02,Tous Les Jours,Macaron,36000.0,0,0.108,11,4.5,1
2024-10-02,Tous Les Jours,Éclair,52000.0,0,0.214,5,4.3,1
2024-10-02,Tous Les Jours,Croissant,31000.0,0,0.141,15,3.6,1
2024-10-02,Tous Les Jours,Red Velvet Cake,230000.0,0,0.102,5,3.5,0
2024-10-02,ABC Bakery,Tiramisu,186000.0,0,0.101,19,4.3,1
2024-10-02,ABC Bakery,Cheesecake,151000.0,0,0.067,1,4.4,1
2024-10-02,ABC Bakery,Macaron,32000.0,0,0.247,6,4.3,1
2024-10-02,ABC Bakery,Éclair,43000.0,0,0.055,20,4.7,1
2024-10-02,ABC Bakery,Croissant,28000.0,0,0.245,8,4.7,1
2024-10-02,ABC Bakery,Red Velvet Cake,195000.0,0,0.087,10,4.4,1
2024-10-02,Givral,Tiramisu,179000.0,0,0.06,24,4.0,1
2024-10-02,Givral,Cheesecake,143000.0,0,0.175,19,4.1,0
2024-10-02,Givral,Macaron,31000.0,0,0.194,19,4.8,0
2024-10-02,Givral,Éclair,44000.0,0,0.179,23,4.4,1
2024-10-02,Givral,Croissant,26000.0,0,0.199,13,3.6,1
2024-10-02,Givral,Red Velvet Cake,175000.0,0,0.074,1,3.8,1
2024-10-02,Local Bakery A,Tiramisu,158000.0,0,0.06,14,4.6,1
2024-10-02,Local Bakery A,Cheesecake,142000.0,0,0.178,22,4.2,1
2024-10-02,Local Bakery A,Macaron,28000.0,0,0.25,10,4.3,1
2024-10-02,Local Bakery A,Éclair,39000.0,0,0.117,6,4.5,1
2024-10-02,Local Bakery A,Croissant,25000.0,0,0.154,10,4.0,1
2024-10-02,Local Bakery A,Red Velvet Cake,176000.0,0,0.104,8,3.8,1
2024-10-02,Supermarket Chain,Tiramisu,123000.0,0,0.171,19,3.9,0
2024-10-02,Supermarket Chain,Cheesecake,110000.0,0,0.135,1,3.7,1
2024-10-02,Supermarket Chain,Macaron,22000.0,0,0.206,2,3.8,0
2024-10-02,Supermarket Chain,Éclair,31000.0,0,0.106,3,3.9,1
2024-10-02,Supermarket Chain,Croissant,19000.0,0,0.152,9,4.1,1
2024-10-02,Supermarket Chain,Red Velvet Cake,138000.0,0,0.081,2,3.6,1
2024-10-03,Paris Baguette,Tiramisu,237000.0,0,0.245,16,3.6,1
2024-10-03,Paris Baguette,Cheesecake,192000.0,0,0.195,7,3.9,1
2024-10-03,Paris Baguette,Macaron,42000.0,0,0.156,17,4.5,0
2024-10-03,Paris Baguette,Éclair,56000.0,0,0.157,14,4.5,0
2024-10-03,Paris Baguette,Croissant,34000.0,0,0.209,23,4.4,1
2024-10-03,Paris Baguette,Red Velvet Cake,246000.0,0,0.166,23,4.7,1
2024-10-03,Tous Les Jours,Tiramisu,213000.0,0,0.091,6,4.4,1
2024-10-03,Tous Les Jours,Cheesecake,180000.0,0,0.068,6,3.6,0
2024-10-03,Tous Les Jours,Macaron,38000.0,0,0.196,16,4.4,1
2024-10-03,Tous Les Jours,Éclair,55000.0,0,0.067,23,4.4,1
2024-10-03,Tous Les Jours,Croissant,32000.0,0,0.203,8,4.0,0
2024-10-03,Tous Les Jours,Red Velvet Cake,238000.0,0,0.107,14,4.3,0
2024-10-03,ABC Bakery,Tiramisu,180000.0,0,0.195,1,4.7,0
2024-10-03,ABC Bakery,Cheesecake,150000.0,0,0.05,20,4.5,1
2024-10-03,ABC Bakery,Macaron,33000.0,0,0.119,6,3.7,1
2024-10-03,ABC Bakery,Éclair,47000.0,0,0.174,12,4.2,1
2024-10-03,ABC Bakery,Croissant,26000.0,0,0.195,2,3.7,1
2024-10-03,ABC Bakery,Red Velvet Cake,195000.0,0,0.139,11,4.6,0
2024-10-03,Givral,Tiramisu,167000.0,0,0.231,9,4.2,1
2024-10-03,Givral,Cheesecake,146000.0,0,0.167,13,3.5,1
2024-10-03,Givral,Macaron,29000.0,0,0.175,22,4.7,0
2024-10-03,Givral,Éclair,42000.0,0,0.143,16,3.7,1
2024-10-03,Givral,Croissant,27000.0,0,0.163,8,3.5,0
2024-10-03,Givral,Red Velvet Cake,186000.0,0,0.095,18,3.8,0
2024-10-03,Local Bakery A,Tiramisu,160000.0,0,0.113,21,4.6,1
2024-10-03,Local Bakery A,Cheesecake,144000.0,0,0.066,22,3.7,1
2024-10-03,Local Bakery A,Macaron,28000.0,0,0.229,21,4.3,1
2024-10-03,Local Bakery A,Éclair,42000.0,0,0.18,18,4.2,1
2024-10-03,Local Bakery A,Croissant,24000.0,0,0.092,17,4.2,0
2024-10-03,Local Bakery A,Red Velvet Cake,181000.0,0,0.183,5,4.1,1
2024-10-03,Supermarket Chain,Tiramisu,126000.0,0,0.237,7,4.5,0
2024-10-03,Supermarket Chain,Cheesecake,107000.0,0,0.078,11,3.9,1
2024-10-03,Supermarket Chain,Macaron,21000.0,0,0.181,14,4.6,0
2024-10-03,Supermarket Chain,Éclair,33000.0,0,0.143,16,4.6,1
2024-10-03,Supermarket Chain,Croissant,19000.0,0,0.219,12,3.7,1
2024-10-03,Supermarket Chain,Red Velvet Cake,119000.0,1,0.073,20,3.9,0
2024-10-04,Paris Baguette,Tiramisu,226000.0,0,0.066,12,3.7,0
2024-10-04,Paris Baguette,Cheesecake,187000.0,0,0.142,10,4.2,1
2024-10-04,Paris Baguette,Macaron,40000.0,0,0.122,8,4.5,1
2024-10-04,Paris Baguette,Éclair,54000.0,0,0.207,18,4.0,1
2024-10-04,Paris Baguette,Croissant,35000.0,0,0.062,12,4.7,1
2024-10-04,Paris Baguette,Red Velvet Cake,194000.0,1,0.192,3,3.8,0
2024-10-04,Tous Les Jours,Tiramisu,220000.0,0,0.109,9,4.4,0
2024-10-04,Tous Les Jours,Cheesecake,185000.0,0,0.164,8,4.2,0
2024-10-04,Tous Les Jours,Macaron,39000.0,0,0.088,22,3.7,1
2024-10-04,Tous Les Jours,Éclair,56000.0,0,0.151,2,4.1,0
2024-10-04,Tous Les Jours,Croissant,32000.0,0,0.078,15,3.9,1
2024-10-04,Tous Les Jours,Red Velvet Cake,236000.0,0,0.243,18,4.2,1
2024-10-04,ABC Bakery,Tiramisu,179000.0,0,0.134,4,4.3,1
2024-10-04,ABC Bakery,Cheesecake,127000.0,1,0.249,23,4.1,0
2024-10-04,ABC Bakery,Macaron,26000.0,1,0.065,8,4.3,1
2024-10-04,ABC Bakery,Éclair,43000.0,0,0.182,22,3.6,1
2024-10-04,ABC Bakery,Croissant,26000.0,0,0.248,2,4.2,1
2024-10-04,ABC Bakery,Red Velvet Cake,207000.0,0,0.123,21,4.2,1
2024-10-04,Givral,Tiramisu,175000.0,0,0.23,7,4.2,1
2024-10-04,Givral,Cheesecake,141000.0,0,0.15,23,3.7,1
2024-10-04,Givral,Macaron,30000.0,0,0.245,4,4.1,0
2024-10-04,Givral,Éclair,42000.0,0,0.062,23,4.2,1
2024-10-04,Givral,Croissant,27000.0,0,0.163,16,4.4,1
2024-10-04,Givral,Red Velvet Cake,187000.0,0,0.065,6,4.4,1
2024-10-04,Local Bakery A,Tiramisu,160000.0,0,0.195,10,4.4,0
2024-10-04,Local Bakery A,Cheesecake,139000.0,0,0.188,20,4.5,1
2024-10-04,Local Bakery A,Macaron,28000.0,0,0.068,20,4.7,0
2024-10-04,Local Bakery A,Éclair,41000.0,0,0.115,6,3.6,1
2024-10-04,Local Bakery A,Croissant,24000.0,0,0.098,7,4.5,1
2024-10-04,Local Bakery A,Red Velvet Cake,184000.0,0,0.097,22,4.2,0
2024-10-04,Supermarket Chain,Tiramisu,124000.0,0,0.235,6,3.9,1
2024-10-04,Supermarket Chain,Cheesecake,106000.0,0,0.231,18,3.9,0
2024-10-04,Supermarket Chain,Macaron,22000.0,0,0.193,3,4.6,1
2024-10-04,Supermarket Chain,Éclair,32000.0,0,0.209,14,4.6,1
2024-10-04,Supermarket Chain,Croissant,19000.0,0,0.19,20,4.4,1
2024-10-04,Supermarket Chain,Red Velvet Cake,135000.0,0,0.16,16,4.3,0
2024-10-05,Paris Baguette,Tiramisu,235000.0,0,0.093,4,4.7,0
2024-10-05,Paris Baguette,Cheesecake,216000.0,0,0.181,21,3.8,1
2024-10-05,Paris Baguette,Macaron,44000.0,0,0.056,15,4.8,1
2024-10-05,Paris Baguette,Éclair,59000.0,0,0.211,23,4.0,1
2024-10-05,Paris Baguette,Croissant,36000.0,0,0.239,12,4.1,0
2024-10-05,Paris Baguette,Red Velvet Cake,256000.0,0,0.161,6,4.8,1
2024-10-05,Tous Les Jours,Tiramisu,231000.0,0,0.187,15,4.3,1
2024-10-05,Tous Les Jours,Cheesecake,185000.0,0,0.131,19,3.8,1
2024-10-05,Tous Les Jours,Macaron,41000.0,0,0.153,15,3.6,1
2024-10-05,Tous Les Jours,Éclair,57000.0,0,0.146,3,4.7,1
2024-10-05,Tous Les Jours,Croissant,36000.0,0,0.171,13,4.6,1
2024-10-05,Tous Les Jours,Red Velvet Cake,194000.0,1,0.195,17,3.6,1
2024-10-05,ABC Bakery,Tiramisu,177000.0,0,0.183,9,4.4,1
2024-10-05,ABC Bakery,Cheesecake,165000.0,0,0.171,4,4.3,0
2024-10-05,ABC Bakery,Macaron,34000.0,0,0.091,24,3.6,1
2024-10-05,ABC Bakery,Éclair,44000.0,0,0.111,4,4.1,1
2024-10-05,ABC Bakery,Croissant,28000.0,0,0.154,6,4.8,1
2024-10-05,ABC Bakery,Red Velvet Cake,214000.0,0,0.175,22,4.4,1
2024-10-05,Givral,Tiramisu,143000.0,1,0.248,5,3.9,1
2024-10-05,Givral,Cheesecake,147000.0,0,0.151,24,3.9,1
2024-10-05,Givral,Macaron,31000.0,0,0.074,8,3.5,1
2024-10-05,Givral,Éclair,46000.0,0,0.119,15,4.5,0
2024-10-05,Givral,Croissant,26000.0,0,0.112,9,4.5,1
2024-10-05,Givral,Red Velvet Cake,156000.0,1,0.111,11,4.0,1
2024-10-05,Local Bakery A,Tiramisu,179000.0,0,0.234,10,4.8,1
2024-10-05,Local Bakery A,Cheesecake,105000.0,1,0.129,1,4.0,1
2024-10-05,Local Bakery A,Macaron,30000.0,0,0.167,24,3.7,0
2024-10-05,Local Bakery A,Éclair,44000.0,0,0.099,23,3.6,1
2024-10-05,Local Bakery A,Croissant,25000.0,0,0.244,9,4.3,1
2024-10-05,Local Bakery A,Red Velvet Cake,163000.0,1,0.161,17,4.8,1
2024-10-05,Supermarket Chain,Tiramisu,109000.0,1,0.064,8,4.1,0
2024-10-05,Supermarket Chain,Cheesecake,108000.0,0,0.177,6,4.3,0
2024-10-05,Supermarket Chain,Macaron,24000.0,0,0.237,13,4.3,1
2024-10-05,Supermarket Chain,Éclair,33000.0,0,0.141,17,4.4,1
2024-10-05,Supermarket Chain,Croissant,21000.0,0,0.127,4,4.7,1
2024-10-05,Supermarket Chain,Red Velvet Cake,146000.0,0,0.089,21,4.5,0
2024-10-06,Paris Baguette,Tiramisu,225000.0,0,0.098,15,4.3,0
2024-10-06,Paris Baguette,Cheesecake,195000.0,0,0.133,4,3.6,0
2024-10-06,Paris Baguette,Macaron,42000.0,0,0.183,6,4.6,0
2024-10-06,Paris Baguette,Éclair,63000.0,0,0.06,9,4.0,1
2024-10-06,Paris Baguette,Croissant,37000.0,0,0.201,21,4.3,0
2024-10-06,Paris Baguette,Red Velvet Cake,275000.0,0,0.19,8,4.7,0
2024-10-06,Tous Les Jours,Tiramisu,170000.0,1,0.095,24,3.7,1
2024-10-06,Tous Les Jours,Cheesecake,185000.0,0,0.148,18,4.3,1
2024-10-06,Tous Les Jours,Macaron,41000.0,0,0.188,19,3.7,0
2024-10-06,Tous Les Jours,Éclair,47000.0,1,0.219,4,4.3,1
2024-10-06,Tous Les Jours,Croissant,36000.0,0,0.172,14,4.3,1
2024-10-06,Tous Les Jours,Red Velvet Cake,237000.0,0,0.228,2,4.7,0
2024-10-06,ABC Bakery,Tiramisu,181000.0,0,0.125,9,4.7,1
2024-10-06,ABC Bakery,Cheesecake,153000.0,0,0.156,1,4.1,1
2024-10-06,ABC Bakery,Macaron,34000.0,0,0.189,12,3.7,0
2024-10-06,ABC Bakery,Éclair,46000.0,0,0.175,16,4.0,1
2024-10-06,ABC Bakery,Croissant,27000.0,0,0.119,19,4.0,1
2024-10-06,ABC Bakery,Red Velvet Cake,204000.0,0,0.148,14,4.0,1
2024-10-06,Givral,Tiramisu,126000.0,1,0.124,3,4.4,1
2024-10-06,Givral,Cheesecake,156000.0,0,0.126,16,3.6,1
2024-10-06,Givral,Macaron,31000.0,0,0.161,12,3.9,1
2024-10-06,Givral,Éclair,45000.0,0,0.085,6,4.6,1
2024-10-06,Givral,Croissant,23000.0,1,0.172,21,3.6,1
2024-10-06,Givral,Red Velvet Cake,202000.0,0,0.235,22,4.2,1
2024-10-06,Local Bakery A,Tiramisu,172000.0,0,0.07,17,4.0,0
2024-10-06,Local Bakery A,Cheesecake,152000.0,0,0.058,9,3.7,0
2024-10-06,Local Bakery A,Macaron,31000.0,0,0.228,24,4.2,1
2024-10-06,Local Bakery A,Éclair,42000.0,0,0.133,19,4.6,1
2024-10-06,Local Bakery A,Croissant,25000.0,0,0.164,5,3.6,1
2024-10-06,Local Bakery A,Red Velvet Cake,194000.0,0,0.202,4,3.6,0
2024-10-06,Supermarket Chain,Tiramisu,133000.0,0,0.12,7,4.4,1
2024-10-06,Supermarket Chain,Cheesecake,113000.0,0,0.166,3,3.6,1
2024-10-06,Supermarket Chain,Macaron,23000.0,0,0.105,17,4.4,1
2024-10-06,Supermarket Chain,Éclair,33000.0,0,0.163,23,3.6,1
2024-10-06,Supermarket Chain,Croissant,19000.0,0,0.136,11,4.6,0
2024-10-06,Supermarket Chain,Red Velvet Cake,149000.0,0,0.065,16,3.9,1
2024-10-07,Paris Baguette,Tiramisu,238000.0,0,0.16,11,4.1,1
2024-10-07,Paris Baguette,Cheesecake,197000.0,0,0.234,3,3.8,1
2024-10-07,Paris Baguette,Macaron,40000.0,0,0.14,10,4.0,1
2024-10-07,Paris Baguette,Éclair,57000.0,0,0.158,21,4.0,1
2024-10-07,Paris Baguette,Croissant,35000.0,0,0.152,12,4.6,1
2024-10-07,Paris Baguette,Red Velvet Cake,253000.0,0,0.158,22,4.3,0
2024-10-07,Tous Les Jours,Tiramisu,222000.0,0,0.194,23,4.6,0
2024-10-07,Tous Les Jours,Cheesecake,185000.0,0,0.178,9,3.9,1
2024-10-07,Tous Les Jours,Macaron,38000.0,0,0.19,17,4.4,0
2024-10-07,Tous Les Jours,Éclair,54000.0,0,0.227,5,4.0,1
2024-10-07,Tous Les Jours,Croissant,30000.0,1,0.137,5,3.9,1
2024-10-07,Tous Les Jours,Red Velvet Cake,240000.0,0,0.212,16,3.7,1
2024-10-07,ABC Bakery,Tiramisu,183000.0,0,0.175,2,3.6,0
2024-10-07,ABC Bakery,Cheesecake,156000.0,0,0.095,12,4.5,1
2024-10-07,ABC Bakery,Macaron,31000.0,0,0.083,9,3.7,0
2024-10-07,ABC Bakery,Éclair,44000.0,0,0.203,16,4.7,1
2024-10-07,ABC Bakery,Croissant,28000.0,0,0.206,5,3.8,0
2024-10-07,ABC Bakery,Red Velvet Cake,201000.0,0,0.146,8,4.3,1
2024-10-07,Givral,Tiramisu,165000.0,0,0.198,12,4.1,1
2024-10-07,Givral,Cheesecake,149000.0,0,0.178,23,4.3,0
2024-10-07,Givral,Macaron,30000.0,0,0.055,23,3.7,1
2024-10-07,Givral,Éclair,44000.0,0,0.197,6,4.4,1
2024-10-07,Givral,Croissant,25000.0,0,0.208,1,3.6,1
2024-10-07,Givral,Red Velvet Cake,161000.0,1,0.114,9,4.3,1
2024-10-07,Local Bakery A,Tiramisu,163000.0,0,0.148,17,4.1,1
2024-10-07,Local Bakery A,Cheesecake,135000.0,0,0.144,9,4.6,1
2024-10-07,Local Bakery A,Macaron,28000.0,0,0.156,10,3.8,1
2024-10-07,Local Bakery A,Éclair,41000.0,0,0.153,3,3.9,1
2024-10-07,Local Bakery A,Croissant,24000.0,0,0.206,13,4.4,1
2024-10-07,Local Bakery A,Red Velvet Cake,184000.0,0,0.147,16,3.9,0
2024-10-07,Supermarket Chain,Tiramisu,128000.0,0,0.191,10,4.7,1
2024-10-07,Supermarket Chain,Cheesecake,110000.0,0,0.223,20,4.5,0
2024-10-07,Supermarket Chain,Macaron,22000.0,0,0.066,1,4.5,1
2024-10-07,Supermarket Chain,Éclair,31000.0,0,0.237,15,3.7,1
2024-10-07,Supermarket Chain,Croissant,19000.0,0,0.207,2,4.0,1
2024-10-07,Supermarket Chain,Red Velvet Cake,145000.0,0,0.197,19,3.5,0
2024-10-08,Paris Baguette,Tiramisu,229000.0,0,0.106,14,4.4,1
2024-10-08,Paris Baguette,Cheesecake,197000.0,0,0.194,18,3.6,1
2024-10-08,Paris Baguette,Macaron,40000.0,0,0.197,18,4.6,1
2024-10-08,Paris Baguette,Éclair,59000.0,0,0.16,1,4.0,1
2024-10-08,Paris Baguette,Croissant,34000.0,0,0.213,4,4.5,1
2024-10-08,Paris Baguette,Red Velvet Cake,240000.0,0,0.053,24,4.6,1
2024-10-08,Tous Les Jours,Tiramisu,215000.0,0,0.147,5,4.4,1
2024-10-08,Tous Les Jours,Cheesecake,180000.0,0,0.209,19,3.8,0
2024-10-08,Tous Les Jours,Macaron,38000.0,0,0.185,13,3.6,1
2024-10-08,Tous Les Jours,Éclair,59000.0,0,0.055,6,4.6,0
2024-10-08,Tous Les Jours,Croissant,34000.0,0,0.072,6,4.8,1
2024-10-08,Tous Les Jours,Red Velvet Cake,257000.0,0,0.179,13,3.6,1
2024-10-08,ABC Bakery,Tiramisu,182000.0,0,0.175,7,4.2,1
2024-10-08,ABC Bakery,Cheesecake,149000.0,0,0.112,4,4.1,0
2024-10-08,ABC Bakery,Macaron,28000.0,1,0.241,18,4.5,1
2024-10-08,ABC Bakery,Éclair,47000.0,0,0.101,2,4.2,0
2024-10-08,ABC Bakery,Croissant,26000.0,0,0.211,19,4.7,1
2024-10-08,ABC Bakery,Red Velvet Cake,200000.0,0,0.194,14,3.8,1
2024-10-08,Givral,Tiramisu,166000.0,0,0.081,9,4.3,1
2024-10-08,Givral,Cheesecake,149000.0,0,0.065,23,4.5,1
2024-10-08,Givral,Macaron,30000.0,0,0.231,13,3.7,0
2024-10-08,Givral,Éclair,42000.0,0,0.15,11,3.7,0
2024-10-08,Givral,Croissant,27000.0,0,0.061,23,4.8,1
2024-10-08,Givral,Red Velvet Cake,196000.0,0,0.061,16,3.5,1
2024-10-08,Local Bakery A,Tiramisu,164000.0,0,0.103,6,3.5,0
2024-10-08,Local Bakery A,Cheesecake,137000.0,0,0.061,4,4.5,1
2024-10-08,Local Bakery A,Macaron,29000.0,0,0.071,4,4.6,1
2024-10-08,Local Bakery A,Éclair,30000.0,1,0.228,22,3.7,1
2024-10-08,Local Bakery A,Croissant,20000.0,1,0.204,1,3.7,0
2024-10-08,Local Bakery A,Red Velvet Cake,185000.0,0,0.089,22,3.6,1
2024-10-08,Supermarket Chain,Tiramisu,129000.0,0,0.236,8,4.4,1
2024-10-08,Supermarket Chain,Cheesecake,89000.0,1,0.191,4,4.1,1
2024-10-08,Supermarket Chain,Macaron,23000.0,0,0.161,20,4.6,1
2024-10-08,Supermarket Chain,Éclair,32000.0,0,0.244,5,3.6,0
2024-10-08,Supermarket Chain,Croissant,19000.0,0,0.23,6,4.4,1
2024-10-08,Supermarket Chain,Red Velvet Cake,139000.0,0,0.214,13,4.4,0
2024-10-09,Paris Baguette,Tiramisu,242000.0,0,0.117,8,3.8,1
2024-10-09,Paris Baguette,Cheesecake,194000.0,0,0.232,19,4.4,0
2024-10-09,Paris Baguette,Macaron,40000.0,0,0.246,8,4.0,1
2024-10-09,Paris Baguette,Éclair,58000.0,0,0.131,20,4.4,1
2024-10-09,Paris Baguette,Croissant,35000.0,0,0.088,22,4.6,0
2024-10-09,Paris Baguette,Red Velvet Cake,243000.0,0,0.164,17,3.5,1
2024-10-09,Tous Les Jours,Tiramisu,208000.0,0,0.056,2,3.6,1
2024-10-09,Tous Les Jours,Cheesecake,187000.0,0,0.14,20,4.0,1
2024-10-09,Tous Les Jours,Macaron,40000.0,0,0.162,2,4.6,1
2024-10-09,Tous Les Jours,Éclair,55000.0,0,0.149,3,3.6,1
2024-10-09,Tous Les Jours,Croissant,33000.0,0,0.119,14,4.5,1
2024-10-09,Tous Les Jours,Red Velvet Cake,239000.0,0,0.246,1,4.5,1
2024-10-09,ABC Bakery,Tiramisu,179000.0,0,0.229,16,4.3,1
2024-10-09,ABC Bakery,Cheesecake,160000.0,0,0.128,22,3.9,0
2024-10-09,ABC Bakery,Macaron,32000.0,0,0.172,11,4.3,0
2024-10-09,ABC Bakery,Éclair,46000.0,0,0.217,17,3.9,1
2024-10-09,ABC Bakery,Croissant,21000.0,1,0.246,3,4.0,0
2024-10-09,ABC Bakery,Red Velvet Cake,190000.0,0,0.134,12,4.4,1
2024-10-09,Givral,Tiramisu,171000.0,0,0.148,18,4.3,1
2024-10-09,Givral,Cheesecake,149000.0,0,0.061,15,4.6,1
2024-10-09,Givral,Macaron,32000.0,0,0.065,16,4.3,0
2024-10-09,Givral,Éclair,44000.0,0,0.134,15,4.1,1
2024-10-09,Givral,Croissant,26000.0,0,0.095,8,4.5,1
2024-10-09,Givral,Red Velvet Cake,194000.0,0,0.115,12,3.9,1
2024-10-09,Local Bakery A,Tiramisu,165000.0,0,0.097,4,3.7,1
2024-10-09,Local Bakery A,Cheesecake,135000.0,0,0.076,1,4.5,1
2024-10-09,Local Bakery A,Macaron,28000.0,0,0.129,4,4.4,1
2024-10-09,Local Bakery A,Éclair,42000.0,0,0.079,16,4.0,1
2024-10-09,Local Bakery A,Croissant,19000.0,1,0.182,19,4.5,1
2024-10-09,Local Bakery A,Red Velvet Cake,176000.0,0,0.105,5,4.4,1
2024-10-09,Supermarket Chain,Tiramisu,131000.0,0,0.064,2,3.7,1
2024-10-09,Supermarket Chain,Cheesecake,85000.0,1,0.153,4,4.6,0
2024-10-09,Supermarket Chain,Macaron,23000.0,0,0.142,20,4.8,0
2024-10-09,Supermarket Chain,Éclair,32000.0,0,0.247,14,4.1,1
2024-10-09,Supermarket Chain,Croissant,16000.0,1,0.144,4,3.7,1
2024-10-09,Supermarket Chain,Red Velvet Cake,146000.0,0,0.172,23,4.0,0
2024-10-10,Paris Baguette,Tiramisu,248000.0,0,0.102,1,4.2,1
2024-10-10,Paris Baguette,Cheesecake,200000.0,0,0.249,15,3.5,0
2024-10-10,Paris Baguette,Macaron,40000.0,0,0.177,21,4.3,1
2024-10-10,Paris Baguette,Éclair,57000.0,0,0.235,15,3.8,1
2024-10-10,Paris Baguette,Croissant,35000.0,0,0.172,23,4.6,1
2024-10-10,Paris Baguette,Red Velvet Cake,258000.0,0,0.063,19,3.6,0
2024-10-10,Tous Les Jours,Tiramisu,227000.0,0,0.187,16,4.5,1
2024-10-10,Tous Les Jours,Cheesecake,182000.0,0,0.145,2,4.4,0
2024-10-10,Tous Les Jours,Macaron,38000.0,0,0.132,11,4.1,0
2024-10-10,Tous Les Jours,Éclair,54000.0,0,0.188,15,4.7,1
2024-10-10,Tous Les Jours,Croissant,25000.0,1,0.223,17,4.1,1
2024-10-10,Tous Les Jours,Red Velvet Cake,231000.0,0,0.209,24,4.3,0
2024-10-10,ABC Bakery,Tiramisu,185000.0,0,0.1,24,3.5,1
2024-10-10,ABC Bakery,Cheesecake,152000.0,0,0.057,7,4.7,1
2024-10-10,ABC Bakery,Macaron,32000.0,0,0.218,3,4.0,1
2024-10-10,ABC Bakery,Éclair,45000.0,0,0.13,24,4.5,1
2024-10-10,ABC Bakery,Croissant,27000.0,0,0.142,11,4.3,0
2024-10-10,ABC Bakery,Red Velvet Cake,201000.0,0,0.239,6,4.2,0
2024-10-10,Givral,Tiramisu,184000.0,0,0.092,2,4.4,1
2024-10-10,Givral,Cheesecake,147000.0,0,0.181,7,3.8,1
2024-10-10,Givral,Macaron,26000.0,1,0.075,12,4.3,1
2024-10-10,Givral,Éclair,41000.0,0,0.129,4,4.1,1
2024-10-10,Givral,Croissant,25000.0,0,0.139,16,4.2,0
2024-10-10,Givral,Red Velvet Cake,149000.0,1,0.19,13,3.9,1
2024-10-10,Local Bakery A,Tiramisu,171000.0,0,0.105,17,4.1,0
2024-10-10,Local Bakery A,Cheesecake,138000.0,0,0.075,15,4.7,1
2024-10-10,Local Bakery A,Macaron,28000.0,0,0.072,13,4.2,1
2024-10-10,Local Bakery A,Éclair,40000.0,0,0.069,13,3.7,1
2024-10-10,Local Bakery A,Croissant,24000.0,0,0.09,15,4.6,1
2024-10-10,Local Bakery A,Red Velvet Cake,188000.0,0,0.059,22,4.7,1
2024-10-10,Supermarket Chain,Tiramisu,100000.0,1,0.21,20,4.3,1
2024-10-10,Supermarket Chain,Cheesecake,108000.0,0,0.203,21,4.5,1
2024-10-10,Supermarket Chain,Macaron,23000.0,0,0.064,10,3.6,1
2024-10-10,Supermarket Chain,Éclair,34000.0,0,0.145,17,4.4,0
2024-10-10,Supermarket Chain,Croissant,18000.0,0,0.123,22,4.0,0
2024-10-10,Supermarket Chain,Red Velvet Cake,137000.0,0,0.094,7,4.2,1
2024-10-11,Paris Baguette,Tiramisu,219000.0,0,0.227,20,4.0,1
2024-10-11,Paris Baguette,Cheesecake,200000.0,0,0.242,4,4.8,0
2024-10-11,Paris Baguette,Macaron,38000.0,0,0.071,2,4.3,1
2024-10-11,Paris Baguette,Éclair,60000.0,0,0.154,18,3.9,1
2024-10-11,Paris Baguette,Croissant,35000.0,0,0.183,18,4.7,1
2024-10-11,Paris Baguette,Red Velvet Cake,245000.0,0,0.203,3,4.6,0
2024-10-11,Tous Les Jours,Tiramisu,222000.0,0,0.154,15,4.7,0
2024-10-11,Tous Les Jours,Cheesecake,189000.0,0,0.203,21,4.1,1
2024-10-11,Tous Les Jours,Macaron,40000.0,0,0.152,23,4.6,1
2024-10-11,Tous Les Jours,Éclair,53000.0,0,0.247,18,4.3,1
2024-10-11,Tous Les Jours,Croissant,32000.0,0,0.227,12,4.3,1
2024-10-11,Tous Les Jours,Red Velvet Cake,246000.0,0,0.201,13,3.5,0
2024-10-11,ABC Bakery,Tiramisu,178000.0,0,0.142,21,4.0,1
2024-10-11,ABC Bakery,Cheesecake,149000.0,0,0.167,8,3.6,0
2024-10-11,ABC Bakery,Macaron,32000.0,0,0.134,5,3.6,1
2024-10-11,ABC Bakery,Éclair,43000.0,0,0.153,4,4.5,1
2024-10-11,ABC Bakery,Croissant,27000.0,0,0.192,6,4.0,0
2024-10-11,ABC Bakery,Red Velvet Cake,206000.0,0,0.093,24,4.0,0
2024-10-11,Givral,Tiramisu,175000.0,0,0.2,18,4.8,1
2024-10-11,Givral,Cheesecake,151000.0,0,0.087,12,3.9,0
2024-10-11,Givral,Macaron,30000.0,0,0.125,3,4.3,1
2024-10-11,Givral,Éclair,44000.0,0,0.091,18,4.1,1
2024-10-11,Givral,Croissant,26000.0,0,0.166,7,3.9,1
2024-10-11,Givral,Red Velvet Cake,187000.0,0,0.179,18,4.8,1
2024-10-11,Local Bakery A,Tiramisu,166000.0,0,0.074,12,4.3,0
2024-10-11,Local Bakery A,Cheesecake,142000.0,0,0.129,12,3.8,1
2024-10-11,Local Bakery A,Macaron,28000.0,0,0.235,21,4.1,1
2024-10-11,Local Bakery A,Éclair,40000.0,0,0.16,6,4.6,1
2024-10-11,Local Bakery A,Croissant,22000.0,1,0.171,4,4.8,0
2024-10-11,Local Bakery A,Red Velvet Cake,179000.0,0,0.139,1,4.5,0
2024-10-11,Supermarket Chain,Tiramisu,128000.0,0,0.193,21,4.0,1
2024-10-11,Supermarket Chain,Cheesecake,106000.0,0,0.152,1,3.6,1
2024-10-11,Supermarket Chain,Macaron,22000.0,0,0.104,4,3.9,1
2024-10-11,Supermarket Chain,Éclair,31000.0,0,0.234,18,3.5,1
2024-10-11,Supermarket Chain,Croissant,19000.0,0,0.127,18,4.6,1
2024-10-11,Supermarket Chain,Red Velvet Cake,136000.0,0,0.232,19,4.5,0
2024-10-12,Paris Baguette,Tiramisu,250000.0,0,0.14,14,4.1,1
2024-10-12,Paris Baguette,Cheesecake,196000.0,0,0.234,21,4.8,1
2024-10-12,Paris Baguette,Macaron,43000.0,0,0.21,16,3.6,1
2024-10-12,Paris Baguette,Éclair,65000.0,0,0.177,9,4.6,1
2024-10-12,Paris Baguette,Croissant,35000.0,0,0.183,16,4.5,1
2024-10-12,Paris Baguette,Red Velvet Cake,267000.0,0,0.214,16,3.6,1
2024-10-12,Tous Les Jours,Tiramisu,189000.0,1,0.163,15,4.5,1
2024-10-12,Tous Les Jours,Cheesecake,200000.0,0,0.095,8,3.8,1
2024-10-12,Tous Les Jours,Macaron,40000.0,0,0.126,6,4.4,1
2024-10-12,Tous Les Jours,Éclair,54000.0,0,0.223,12,4.5,0
2024-10-12,Tous Les Jours,Croissant,36000.0,0,0.126,12,3.8,1
2024-10-12,Tous Les Jours,Red Velvet Cake,249000.0,0,0.187,8,4.5,1
2024-10-12,ABC Bakery,Tiramisu,192000.0,0,0.158,21,4.0,0
2024-10-12,ABC Bakery,Cheesecake,161000.0,0,0.137,20,4.0,0
2024-10-12,ABC Bakery,Macaron,34000.0,0,0.224,2,4.6,1
2024-10-12,ABC Bakery,Éclair,45000.0,1,0.2,12,3.8,1
2024-10-12,ABC Bakery,Croissant,29000.0,0,0.231,23,3.9,0
2024-10-12,ABC Bakery,Red Velvet Cake,222000.0,0,0.201,9,4.6,1
2024-10-12,Givral,Tiramisu,182000.0,0,0.218,15,4.1,1
2024-10-12,Givral,Cheesecake,155000.0,0,0.152,2,4.5,1
2024-10-12,Givral,Macaron,32000.0,0,0.205,14,4.3,1
2024-10-12,Givral,Éclair,46000.0,0,0.168,12,4.0,0
2024-10-12,Givral,Croissant,21000.0,1,0.191,21,4.2,0
2024-10-12,Givral,Red Velvet Cake,205000.0,0,0.072,11,3.9,1
2024-10-12,Local Bakery A,Tiramisu,171000.0,0,0.081,4,3.9,1
2024-10-12,Local Bakery A,Cheesecake,143000.0,0,0.06,21,4.5,1
2024-10-12,Local Bakery A,Macaron,30000.0,0,0.186,7,4.3,0
2024-10-12,Local Bakery A,Éclair,42000.0,0,0.173,10,4.5,1
2024-10-12,Local Bakery A,Croissant,25000.0,0,0.199,16,4.5,1
2024-10-12,Local Bakery A,Red Velvet Cake,192000.0,0,0.242,2,3.6,1
2024-10-12,Supermarket Chain,Tiramisu,138000.0,0,0.061,2,4.5,0
2024-10-12,Supermarket Chain,Cheesecake,116000.0,0,0.067,19,3.8,0
2024-10-12,Supermarket Chain,Macaron,18000.0,1,0.23,9,3.5,1
2024-10-12,Supermarket Chain,Éclair,34000.0,0,0.167,22,3.9,1
2024-10-12,Supermarket Chain,Croissant,17000.0,1,0.079,1,4.2,0
2024-10-12,Supermarket Chain,Red Velvet Cake,147000.0,0,0.081,8,4.3,1
2024-10-13,Paris Baguette,Tiramisu,242000.0,0,0.245,14,3.8,1
2024-10-13,Paris Baguette,Cheesecake,142000.0,1,0.247,22,4.4,1
2024-10-13,Paris Baguette,Macaron,41000.0,0,0.1,2,3.9,0
2024-10-13,Paris Baguette,Éclair,61000.0,0,0.115,8,3.7,0
2024-10-13,Paris Baguette,Croissant,27000.0,1,0.249,6,4.0,1
2024-10-13,Paris Baguette,Red Velvet Cake,263000.0,0,0.156,14,3.6,1
2024-10-13,Tous Les Jours,Tiramisu,233000.0,0,0.128,14,3.8,1
2024-10-13,Tous Les Jours,Cheesecake,193000.0,0,0.158,12,4.4,1
2024-10-13,Tous Les Jours,Macaron,41000.0,0,0.211,2,4.7,1
2024-10-13,Tous Les Jours,Éclair,59000.0,0,0.228,10,4.3,1
2024-10-13,Tous Les Jours,Croissant,34000.0,0,0.19,1,4.5,1
2024-10-13,Tous Les Jours,Red Velvet Cake,269000.0,0,0.132,11,4.6,0
2024-10-13,ABC Bakery,Tiramisu,157000.0,1,0.193,20,3.6,1
2024-10-13,ABC Bakery,Cheesecake,155000.0,0,0.217,10,4.7,1
2024-10-13,ABC Bakery,Macaron,34000.0,0,0.203,12,3.5,1
2024-10-13,ABC Bakery,Éclair,49000.0,0,0.242,13,4.0,1
2024-10-13,ABC Bakery,Croissant,30000.0,0,0.057,12,4.7,1
2024-10-13,ABC Bakery,Red Velvet Cake,211000.0,0,0.068,22,3.9,1
2024-10-13,Givral,Tiramisu,180000.0,0,0.14,16,3.7,1
2024-10-13,Givral,Cheesecake,155000.0,0,0.233,2,3.8,1
2024-10-13,Givral,Macaron,32000.0,0,0.198,14,4.4,1
2024-10-13,Givral,Éclair,47000.0,0,0.165,16,3.7,0
2024-10-13,Givral,Croissant,29000.0,0,0.055,17,4.2,1
2024-10-13,Givral,Red Velvet Cake,208000.0,0,0.085,23,4.1,0
2024-10-13,Local Bakery A,Tiramisu,179000.0,0,0.198,1,3.9,1
2024-10-13,Local Bakery A,Cheesecake,148000.0,0,0.109,3,4.8,1
2024-10-13,Local Bakery A,Macaron,31000.0,0,0.13,2,4.7,1
2024-10-13,Local Bakery A,Éclair,44000.0,0,0.126,16,4.3,1
2024-10-13,Local Bakery A,Croissant,19000.0,1,0.147,12,4.8,0
2024-10-13,Local Bakery A,Red Velvet Cake,196000.0,0,0.116,3,4.8,1
2024-10-13,Supermarket Chain,Tiramisu,136000.0,0,0.129,15,4.3,1
2024-10-13,Supermarket Chain,Cheesecake,108000.0,0,0.109,12,4.7,1
2024-10-13,Supermarket Chain,Macaron,25000.0,0,0.072,8,4.6,1
2024-10-13,Supermarket Chain,Éclair,33000.0,0,0.186,10,4.8,0
2024-10-13,Supermarket Chain,Croissant,21000.0,0,0.136,19,3.9,1
2024-10-13,Supermarket Chain,Red Velvet Cake,150000.0,0,0.241,11,3.8,1
2024-10-14,Paris Baguette,Tiramisu,241000.0,0,0.144,23,4.0,0
2024-10-14,Paris Baguette,Cheesecake,193000.0,0,0.152,22,4.7,0
2024-10-14,Paris Baguette,Macaron,41000.0,0,0.248,16,3.7,1
2024-10-14,Paris Baguette,Éclair,57000.0,0,0.091,19,3.7,0
2024-10-14,Paris Baguette,Croissant,34000.0,0,0.201,11,4.5,0
2024-10-14,Paris Baguette,Red Velvet Cake,263000.0,0,0.17,14,4.6,0
2024-10-14,Tous Les Jours,Tiramisu,226000.0,0,0.178,7,3.9,0
2024-10-14,Tous Les Jours,Cheesecake,193000.0,0,0.241,1,4.6,1
2024-10-14,Tous Les Jours,Macaron,41000.0,0,0.194,11,4.7,1
2024-10-14,Tous Les Jours,Éclair,57000.0,0,0.133,5,3.6,1
2024-10-14,Tous Les Jours,Croissant,32000.0,0,0.205,15,3.8,0
2024-10-14,Tous Les Jours,Red Velvet Cake,242000.0,0,0.212,10,4.7,1
2024-10-14,ABC Bakery,Tiramisu,173000.0,0,0.062,3,4.0,0
2024-10-14,ABC Bakery,Cheesecake,150000.0,0,0.1,7,3.7,1
2024-10-14,ABC Bakery,Macaron,35000.0,0,0.115,12,3.8,1
2024-10-14,ABC Bakery,Éclair,46000.0,0,0.185,21,3.8,1
2024-10-14,ABC Bakery,Croissant,28000.0,0,0.093,20,4.7,1
2024-10-14,ABC Bakery,Red Velvet Cake,203000.0,0,0.127,21,4.7,1
2024-10-14,Givral,Tiramisu,165000.0,0,0.159,9,3.8,0
2024-10-14,Givral,Cheesecake,121000.0,1,0.195,22,3.8,1
2024-10-14,Givral,Macaron,24000.0,1,0.15,14,4.5,1
2024-10-14,Givral,Éclair,43000.0,0,0.162,1,4.2,0
2024-10-14,Givral,Croissant,28000.0,0,0.216,11,3.7,1
2024-10-14,Givral,Red Velvet Cake,193000.0,0,0.138,23,4.2,0
2024-10-14,Local Bakery A,Tiramisu,163000.0,0,0.125,15,4.5,0
2024-10-14,Local Bakery A,Cheesecake,142000.0,0,0.122,20,3.5,1
2024-10-14,Local Bakery A,Macaron,31000.0,0,0.101,22,4.2,0
2024-10-14,Local Bakery A,Éclair,42000.0,0,0.057,6,3.9,1
2024-10-14,Local Bakery A,Croissant,26000.0,0,0.165,8,4.6,0
2024-10-14,Local Bakery A,Red Velvet Cake,170000.0,0,0.172,5,4.1,1
2024-10-14,Supermarket Chain,Tiramisu,97000.0,1,0.189,17,4.8,1
2024-10-14,Supermarket Chain,Cheesecake,96000.0,1,0.094,9,4.4,0
2024-10-14,Supermarket Chain,Macaron,22000.0,0,0.14,18,4.4,1
2024-10-14,Supermarket Chain,Éclair,33000.0,0,0.221,23,3.7,1
2024-10-14,Supermarket Chain,Croissant,19000.0,0,0.213,2,4.1,1
2024-10-14,Supermarket Chain,Red Velvet Cake,143000.0,0,0.184,6,4.2,0
2024-10-15,Paris Baguette,Tiramisu,221000.0,0,0.06,12,4.1,1
2024-10-15,Paris Baguette,Cheesecake,189000.0,0,0.077,20,3.6,0
2024-10-15,Paris Baguette,Macaron,40000.0,0,0.118,9,4.0,1
2024-10-15,Paris Baguette,Éclair,63000.0,0,0.078,14,4.8,1
2024-10-15,Paris Baguette,Croissant,35000.0,0,0.112,12,3.8,0
2024-10-15,Paris Baguette,Red Velvet Cake,262000.0,0,0.242,24,4.1,1
2024-10-15,Tous Les Jours,Tiramisu,225000.0,0,0.06,23,4.6,1
2024-10-15,Tous Les Jours,Cheesecake,184000.0,0,0.193,14,4.1,1
2024-10-15,Tous Les Jours,Macaron,38000.0,0,0.053,1,3.9,1
2024-10-15,Tous Les Jours,Éclair,54000.0,0,0.078,9,4.5,1
2024-10-15,Tous Les Jours,Croissant,35000.0,0,0.235,11,3.8,0
2024-10-15,Tous Les Jours,Red Velvet Cake,256000.0,0,0.161,4,3.6,1
2024-10-15,ABC Bakery,Tiramisu,181000.0,0,0.095,15,3.9,1
2024-10-15,ABC Bakery,Cheesecake,164000.0,0,0.088,14,3.5,0
2024-10-15,ABC Bakery,Macaron,33000.0,0,0.103,22,4.7,1
2024-10-15,ABC Bakery,Éclair,47000.0,0,0.136,1,4.1,1
2024-10-15,ABC Bakery,Croissant,28000.0,0,0.082,16,4.2,1
2024-10-15,ABC Bakery,Red Velvet Cake,204000.0,0,0.178,16,3.7,0
2024-10-15,Givral,Tiramisu,175000.0,0,0.146,3,4.7,1
2024-10-15,Givral,Cheesecake,147000.0,0,0.172,22,3.9,0
2024-10-15,Givral,Macaron,28000.0,0,0.247,13,4.4,0
2024-10-15,Givral,Éclair,45000.0,0,0.121,17,4.1,1
2024-10-15,Givral,Croissant,26000.0,0,0.162,1,3.7,1
2024-10-15,Givral,Red Velvet Cake,184000.0,0,0.212,2,4.6,1
2024-10-15,Local Bakery A,Tiramisu,169000.0,0,0.115,8,4.4,0
2024-10-15,Local Bakery A,Cheesecake,143000.0,0,0.233,16,3.9,1
2024-10-15,Local Bakery A,Macaron,24000.0,1,0.177,8,3.5,1
2024-10-15,Local Bakery A,Éclair,35000.0,1,0.235,16,4.1,1
2024-10-15,Local Bakery A,Croissant,24000.0,0,0.121,8,4.0,0
2024-10-15,Local Bakery A,Red Velvet Cake,183000.0,0,0.119,13,4.5,1
2024-10-15,Supermarket Chain,Tiramisu,127000.0,0,0.202,18,4.5,0
2024-10-15,Supermarket Chain,Cheesecake,83000.0,1,0.072,15,4.0,1
2024-10-15,Supermarket Chain,Macaron,23000.0,0,0.082,6,3.7,1
2024-10-15,Supermarket Chain,Éclair,31000.0,0,0.186,3,3.9,1
2024-10-15,Supermarket Chain,Croissant,14000.0,1,0.241,23,4.8,1
2024-10-15,Supermarket Chain,Red Velvet Cake,144000.0,0,0.064,11,3.6,1
2024-10-16,Paris Baguette,Tiramisu,237000.0,0,0.094,16,4.2,1
2024-10-16,Paris Baguette,Cheesecake,209000.0,0,0.178,22,3.8,1
2024-10-16,Paris Baguette,Macaron,42000.0,0,0.093,15,4.6,1
2024-10-16,Paris Baguette,Éclair,58000.0,0,0.146,10,4.3,1
2024-10-16,Paris Baguette,Croissant,33000.0,0,0.244,4,4.8,0
2024-10-16,Paris Baguette,Red Velvet Cake,255000.0,0,0.242,2,4.2,1
2024-10-16,Tous Les Jours,Tiramisu,221000.0,0,0.142,17,4.0,1
2024-10-16,Tous Les Jours,Cheesecake,188000.0,0,0.074,15,3.7,1
2024-10-16,Tous Les Jours,Macaron,35000.0,1,0.14,19,4.2,1
2024-10-16,Tous Les Jours,Éclair,43000.0,1,0.089,8,3.8,1
2024-10-16,Tous Les Jours,Croissant,33000.0,0,0.079,15,4.5,1
2024-10-16,Tous Les Jours,Red Velvet Cake,252000.0,0,0.051,12,4.8,1
2024-10-16,ABC Bakery,Tiramisu,185000.0,0,0.173,23,3.6,1
2024-10-16,ABC Bakery,Cheesecake,162000.0,0,0.103,11,4.2,1
2024-10-16,ABC Bakery,Macaron,27000.0,1,0.235,4,3.6,0
2024-10-16,ABC Bakery,Éclair,34000.0,1,0.229,11,4.6,1
2024-10-16,ABC Bakery,Croissant,26000.0,0,0.064,2,4.8,1
2024-10-16,ABC Bakery,Red Velvet Cake,200000.0,0,0.053,7,4.3,1
2024-10-16,Givral,Tiramisu,185000.0,0,0.244,12,4.1,1
2024-10-16,Givral,Cheesecake,149000.0,0,0.229,21,3.8,0
2024-10-16,Givral,Macaron,21000.0,1,0.216,17,4.0,1
2024-10-16,Givral,Éclair,43000.0,0,0.123,10,4.6,1
2024-10-16,Givral,Croissant,27000.0,0,0.12,6,4.1,0
2024-10-16,Givral,Red Velvet Cake,203000.0,0,0.239,22,4.6,0
2024-10-16,Local Bakery A,Tiramisu,172000.0,0,0.17,3,4.4,1
2024-10-16,Local Bakery A,Cheesecake,144000.0,0,0.111,11,4.8,0
2024-10-16,Local Bakery A,Macaron,29000.0,0,0.096,19,4.5,1
2024-10-16,Local Bakery A,Éclair,33000.0,1,0.244,23,3.8,1
2024-10-16,Local Bakery A,Croissant,23000.0,0,0.213,6,4.3,1
2024-10-16,Local Bakery A,Red Velvet Cake,126000.0,1,0.136,8,4.4,1
2024-10-16,Supermarket Chain,Tiramisu,130000.0,0,0.166,23,3.7,1
2024-10-16,Supermarket Chain,Cheesecake,111000.0,0,0.106,14,3.8,1
2024-10-16,Supermarket Chain,Macaron,18000.0,1,0.219,7,4.1,0
2024-10-16,Supermarket Chain,Éclair,32000.0,0,0.081,24,4.3,1
2024-10-16,Supermarket Chain,Croissant,19000.0,0,0.144,7,4.1,0
2024-10-16,Supermarket Chain,Red Velvet Cake,139000.0,0,0.185,11,3.7,0
2024-10-17,Paris Baguette,Tiramisu,231000.0,0,0.112,19,4.3,1
2024-10-17,Paris Baguette,Cheesecake,196000.0,0,0.126,23,4.7,1
2024-10-17,Paris Baguette,Macaron,40000.0,0,0.083,12,4.2,1
2024-10-17,Paris Baguette,Éclair,57000.0,0,0.186,8,3.5,1
2024-10-17,Paris Baguette,Croissant,35000.0,0,0.09,16,3.8,0
2024-10-17,Paris Baguette,Red Velvet Cake,257000.0,0,0.175,5,4.1,0
2024-10-17,Tous Les Jours,Tiramisu,217000.0,0,0.182,6,4.3,0
2024-10-17,Tous Les Jours,Cheesecake,193000.0,0,0.172,12,4.0,1
2024-10-17,Tous Les Jours,Macaron,38000.0,0,0.092,16,4.2,1
2024-10-17,Tous Les Jours,Éclair,48000.0,1,0.248,12,4.2,1
2024-10-17,Tous Les Jours,Croissant,27000.0,1,0.074,12,4.1,1
2024-10-17,Tous Les Jours,Red Velvet Cake,247000.0,0,0.081,16,3.5,1
2024-10-17,ABC Bakery,Tiramisu,179000.0,0,0.227,8,4.4,1
2024-10-17,ABC Bakery,Cheesecake,169000.0,0,0.088,1,4.1,0
2024-10-17,ABC Bakery,Macaron,31000.0,0,0.132,16,3.8,1
2024-10-17,ABC Bakery,Éclair,34000.0,1,0.195,6,4.8,0
2024-10-17,ABC Bakery,Croissant,24000.0,1,0.132,6,4.7,1
2024-10-17,ABC Bakery,Red Velvet Cake,197000.0,0,0.11,3,3.8,1
2024-10-17,Givral,Tiramisu,182000.0,0,0.228,19,3.7,1
2024-10-17,Givral,Cheesecake,147000.0,0,0.141,19,4.6,1
2024-10-17,Givral,Macaron,30000.0,0,0.056,23,3.9,1
2024-10-17,Givral,Éclair,42000.0,0,0.243,14,3.5,0
2024-10-17,Givral,Croissant,26000.0,0,0.12,23,4.5,1
2024-10-17,Givral,Red Velvet Cake,170000.0,1,0.22,19,4.3,1
2024-10-17,Local Bakery A,Tiramisu,166000.0,0,0.136,3,4.3,0
2024-10-17,Local Bakery A,Cheesecake,153000.0,0,0.08,10,4.1,0
2024-10-17,Local Bakery A,Macaron,30000.0,0,0.129,24,3.7,0
2024-10-17,Local Bakery A,Éclair,42000.0,0,0.161,16,4.8,0
2024-10-17,Local Bakery A,Croissant,24000.0,0,0.069,3,4.1,1
2024-10-17,Local Bakery A,Red Velvet Cake,188000.0,0,0.226,15,3.9,1
2024-10-17,Supermarket Chain,Tiramisu,128000.0,0,0.067,16,4.7,1
2024-10-17,Supermarket Chain,Cheesecake,112000.0,0,0.127,6,4.5,1
2024-10-17,Supermarket Chain,Macaron,21000.0,1,0.244,21,4.0,1
2024-10-17,Supermarket Chain,Éclair,33000.0,0,0.127,14,3.8,1
2024-10-17,Supermarket Chain,Croissant,19000.0,0,0.189,7,4.2,1
2024-10-17,Supermarket Chain,Red Velvet Cake,144000.0,0,0.059,22,4.7,1
2024-10-18,Paris Baguette,Tiramisu,214000.0,0,0.133,21,4.1,1
2024-10-18,Paris Baguette,Cheesecake,197000.0,0,0.196,8,4.5,1
2024-10-18,Paris Baguette,Macaron,41000.0,0,0.181,24,4.5,0
2024-10-18,Paris Baguette,Éclair,58000.0,0,0.172,8,4.8,1
2024-10-18,Paris Baguette,Croissant,37000.0,0,0.104,10,4.5,1
2024-10-18,Paris Baguette,Red Velvet Cake,206000.0,1,0.17,22,3.9,1
2024-10-18,Tous Les Jours,Tiramisu,223000.0,0,0.077,12,4.6,0
2024-10-18,Tous Les Jours,Cheesecake,197000.0,0,0.179,22,4.7,0
2024-10-18,Tous Les Jours,Macaron,39000.0,0,0.138,5,3.7,1
2024-10-18,Tous Les Jours,Éclair,55000.0,0,0.148,11,4.6,1
2024-10-18,Tous Les Jours,Croissant,25000.0,1,0.051,3,3.6,0
2024-10-18,Tous Les Jours,Red Velvet Cake,250000.0,0,0.195,2,3.8,1
2024-10-18,ABC Bakery,Tiramisu,200000.0,0,0.203,21,4.8,0
2024-10-18,ABC Bakery,Cheesecake,154000.0,0,0.208,5,4.0,1
2024-10-18,ABC Bakery,Macaron,28000.0,1,0.079,23,4.0,0
2024-10-18,ABC Bakery,Éclair,46000.0,0,0.102,3,3.9,1
2024-10-18,ABC Bakery,Croissant,28000.0,0,0.202,9,4.0,1
2024-10-18,ABC Bakery,Red Velvet Cake,176000.0,1,0.143,2,3.5,1
2024-10-18,Givral,Tiramisu,183000.0,0,0.219,3,4.8,0
2024-10-18,Givral,Cheesecake,145000.0,0,0.189,5,4.2,1
2024-10-18,Givral,Macaron,32000.0,0,0.112,13,4.4,1
2024-10-18,Givral,Éclair,37000.0,1,0.115,9,3.8,1
2024-10-18,Givral,Croissant,26000.0,0,0.18,8,4.7,1
2024-10-18,Givral,Red Velvet Cake,191000.0,0,0.099,21,4.8,1
2024-10-18,Local Bakery A,Tiramisu,164000.0,0,0.069,17,4.6,0
2024-10-18,Local Bakery A,Cheesecake,135000.0,0,0.169,20,4.3,1
2024-10-18,Local Bakery A,Macaron,30000.0,0,0.097,2,4.2,1
2024-10-18,Local Bakery A,Éclair,39000.0,0,0.149,19,4.6,1
2024-10-18,Local Bakery A,Croissant,27000.0,0,0.054,19,3.9,1
2024-10-18,Local Bakery A,Red Velvet Cake,180000.0,0,0.109,19,3.5,0
2024-10-18,Supermarket Chain,Tiramisu,128000.0,0,0.15,13,3.9,1
2024-10-18,Supermarket Chain,Cheesecake,96000.0,1,0.149,5,3.9,1
2024-10-18,Supermarket Chain,Macaron,22000.0,0,0.138,7,3.6,1
2024-10-18,Supermarket Chain,Éclair,34000.0,0,0.067,21,4.4,0
2024-10-18,Supermarket Chain,Croissant,20000.0,0,0.15,14,3.6,0
2024-10-18,Supermarket Chain,Red Velvet Cake,143000.0,0,0.201,1,4.4,1
2024-10-19,Paris Baguette,Tiramisu,245000.0,0,0.156,9,4.7,1
2024-10-19,Paris Baguette,Cheesecake,205000.0,0,0.187,22,4.7,0
2024-10-19,Paris Baguette,Macaron,44000.0,0,0.198,14,4.1,1
2024-10-19,Paris Baguette,Éclair,60000.0,0,0.182,3,4.0,0
2024-10-19,Paris Baguette,Croissant,36000.0,0,0.063,5,4.5,1
2024-10-19,Paris Baguette,Red Velvet Cake,258000.0,0,0.146,14,4.4,1
2024-10-19,Tous Les Jours,Tiramisu,193000.0,1,0.095,4,4.7,1
2024-10-19,Tous Les Jours,Cheesecake,190000.0,0,0.134,7,4.6,1
2024-10-19,Tous Les Jours,Macaron,40000.0,0,0.106,23,3.6,0
2024-10-19,Tous Les Jours,Éclair,59000.0,0,0.065,24,3.6,1
2024-10-19,Tous Les Jours,Croissant,35000.0,0,0.161,17,3.7,1
2024-10-19,Tous Les Jours,Red Velvet Cake,269000.0,0,0.079,3,4.3,0
2024-10-19,ABC Bakery,Tiramisu,191000.0,0,0.22,3,4.6,0
2024-10-19,ABC Bakery,Cheesecake,156000.0,0,0.218,10,3.8,1
2024-10-19,ABC Bakery,Macaron,35000.0,0,0.148,6,4.5,0
2024-10-19,ABC Bakery,Éclair,50000.0,0,0.061,19,3.6,1
2024-10-19,ABC Bakery,Croissant,29000.0,0,0.234,15,4.3,0
2024-10-19,ABC Bakery,Red Velvet Cake,208000.0,0,0.194,5,4.2,0
2024-10-19,Givral,Tiramisu,183000.0,0,0.054,18,3.5,0
2024-10-19,Givral,Cheesecake,155000.0,0,0.076,24,3.7,1
2024-10-19,Givral,Macaron,32000.0,0,0.136,21,4.5,1
2024-10-19,Givral,Éclair,39000.0,1,0.141,15,4.0,1
2024-10-19,Givral,Croissant,29000.0,0,0.23,6,3.9,1
2024-10-19,Givral,Red Velvet Cake,194000.0,0,0.059,4,4.6,1
2024-10-19,Local Bakery A,Tiramisu,180000.0,0,0.158,11,3.6,1
2024-10-19,Local Bakery A,Cheesecake,151000.0,0,0.183,17,4.7,0
2024-10-19,Local Bakery A,Macaron,32000.0,0,0.185,16,4.6,0
2024-10-19,Local Bakery A,Éclair,39000.0,1,0.096,9,3.8,1
2024-10-19,Local Bakery A,Croissant,26000.0,0,0.246,18,4.7,1
2024-10-19,Local Bakery A,Red Velvet Cake,195000.0,0,0.074,2,3.9,0
2024-10-19,Supermarket Chain,Tiramisu,131000.0,0,0.194,3,3.8,0
2024-10-19,Supermarket Chain,Cheesecake,117000.0,0,0.158,18,4.4,0
2024-10-19,Supermarket Chain,Macaron,20000.0,1,0.144,15,3.7,1
2024-10-19,Supermarket Chain,Éclair,35000.0,0,0.207,13,3.7,0
2024-10-19,Supermarket Chain,Croissant,21000.0,0,0.062,2,4.4,0
2024-10-19,Supermarket Chain,Red Velvet Cake,146000.0,0,0.209,1,3.9,0
2024-10-20,Paris Baguette,Tiramisu,238000.0,0,0.051,11,3.5,1
2024-10-20,Paris Baguette,Cheesecake,210000.0,0,0.181,18,3.7,1
2024-10-20,Paris Baguette,Macaron,44000.0,0,0.142,4,3.6,1
2024-10-20,Paris Baguette,Éclair,64000.0,0,0.199,11,3.9,1
2024-10-20,Paris Baguette,Croissant,36000.0,0,0.073,21,4.0,1
2024-10-20,Paris Baguette,Red Velvet Cake,232000.0,1,0.108,6,4.5,1
2024-10-20,Tous Les Jours,Tiramisu,229000.0,0,0.232,21,4.3,1
2024-10-20,Tous Les Jours,Cheesecake,205000.0,0,0.176,13,4.3,1
2024-10-20,Tous Les Jours,Macaron,41000.0,0,0.179,12,4.2,0
2024-10-20,Tous Les Jours,Éclair,59000.0,0,0.056,18,4.4,1
2024-10-20,Tous Les Jours,Croissant,34000.0,0,0.225,3,3.7,1
2024-10-20,Tous Les Jours,Red Velvet Cake,269000.0,0,0.112,16,3.8,1
2024-10-20,ABC Bakery,Tiramisu,186000.0,0,0.08,15,4.2,1
2024-10-20,ABC Bakery,Cheesecake,172000.0,0,0.092,4,3.6,0
2024-10-20,ABC Bakery,Macaron,34000.0,0,0.1,12,4.2,1
2024-10-20,ABC Bakery,Éclair,51000.0,0,0.216,12,4.8,1
2024-10-20,ABC Bakery,Croissant,30000.0,0,0.142,11,4.6,0
2024-10-20,ABC Bakery,Red Velvet Cake,206000.0,0,0.191,10,4.1,1
2024-10-20,Givral,Tiramisu,195000.0,0,0.057,18,4.0,1
2024-10-20,Givral,Cheesecake,165000.0,0,0.157,10,4.0,0
2024-10-20,Givral,Macaron,33000.0,0,0.073,16,4.6,0
2024-10-20,Givral,Éclair,46000.0,0,0.221,6,3.8,1
2024-10-20,Givral,Croissant,29000.0,0,0.095,18,4.3,1
2024-10-20,Givral,Red Velvet Cake,158000.0,1,0.134,24,4.3,1
2024-10-20,Local Bakery A,Tiramisu,172000.0,0,0.114,21,4.6,1
2024-10-20,Local Bakery A,Cheesecake,150000.0,0,0.226,18,3.8,0
2024-10-20,Local Bakery A,Macaron,31000.0,0,0.081,10,3.7,1
2024-10-20,Local Bakery A,Éclair,31000.0,1,0.211,5,3.9,1
2024-10-20,Local Bakery A,Croissant,27000.0,0,0.15,9,4.8,0
2024-10-20,Local Bakery A,Red Velvet Cake,199000.0,0,0.075,19,4.2,0
2024-10-20,Supermarket Chain,Tiramisu,108000.0,1,0.17,12,4.3,1
2024-10-20,Supermarket Chain,Cheesecake,120000.0,0,0.184,1,4.0,0
2024-10-20,Supermarket Chain,Macaron,23000.0,0,0.088,10,3.8,0
2024-10-20,Supermarket Chain,Éclair,32000.0,0,0.145,9,4.0,1
2024-10-20,Supermarket Chain,Croissant,20000.0,0,0.188,2,3.6,1
2024-10-20,Supermarket Chain,Red Velvet Cake,152000.0,0,0.172,9,4.2,1
2024-10-21,Paris Baguette,Tiramisu,253000.0,0,0.138,2,4.7,0
2024-10-21,Paris Baguette,Cheesecake,192000.0,0,0.166,21,3.9,0
2024-10-21,Paris Baguette,Macaron,40000.0,0,0.128,3,4.0,1
2024-10-21,Paris Baguette,Éclair,61000.0,0,0.245,19,4.8,1
2024-10-21,Paris Baguette,Croissant,34000.0,0,0.138,20,4.6,1
2024-10-21,Paris Baguette,Red Velvet Cake,257000.0,0,0.209,15,4.2,1
2024-10-21,Tous Les Jours,Tiramisu,213000.0,0,0.178,3,4.2,1
2024-10-21,Tous Les Jours,Cheesecake,189000.0,0,0.058,4,3.6,1
2024-10-21,Tous Les Jours,Macaron,29000.0,1,0.213,24,4.1,1
2024-10-21,Tous Les Jours,Éclair,55000.0,0,0.114,4,4.4,0
2024-10-21,Tous Les Jours,Croissant,29000.0,1,0.081,22,3.9,1
2024-10-21,Tous Les Jours,Red Velvet Cake,245000.0,0,0.058,3,4.1,1
2024-10-21,ABC Bakery,Tiramisu,175000.0,0,0.182,5,4.8,1
2024-10-21,ABC Bakery,Cheesecake,160000.0,0,0.095,21,3.8,1
2024-10-21,ABC Bakery,Macaron,23000.0,1,0.164,17,3.5,0
2024-10-21,ABC Bakery,Éclair,49000.0,0,0.083,8,3.7,1
2024-10-21,ABC Bakery,Croissant,28000.0,0,0.166,24,4.6,0
2024-10-21,ABC Bakery,Red Velvet Cake,204000.0,0,0.213,20,3.5,1
2024-10-21,Givral,Tiramisu,182000.0,0,0.054,14,4.3,1
2024-10-21,Givral,Cheesecake,155000.0,0,0.076,6,4.4,0
2024-10-21,Givral,Macaron,32000.0,0,0.151,10,3.6,0
2024-10-21,Givral,Éclair,44000.0,0,0.076,18,4.1,0
2024-10-21,Givral,Croissant,26000.0,0,0.118,6,4.3,1
2024-10-21,Givral,Red Velvet Cake,198000.0,0,0.175,24,4.2,1
2024-10-21,Local Bakery A,Tiramisu,174000.0,0,0.152,17,3.8,0
2024-10-21,Local Bakery A,Cheesecake,143000.0,0,0.129,5,4.3,0
2024-10-21,Local Bakery A,Macaron,28000.0,0,0.161,9,4.6,0
2024-10-21,Local Bakery A,Éclair,43000.0,0,0.081,6,3.7,0
2024-10-21,Local Bakery A,Croissant,26000.0,0,0.119,1,4.4,1
2024-10-21,Local Bakery A,Red Velvet Cake,179000.0,0,0.216,4,3.8,1
2024-10-21,Supermarket Chain,Tiramisu,103000.0,1,0.223,24,4.6,1
2024-10-21,Supermarket Chain,Cheesecake,89000.0,1,0.139,24,4.5,1
2024-10-21,Supermarket Chain,Macaron,22000.0,0,0.23,3,4.0,1
2024-10-21,Supermarket Chain,Éclair,34000.0,0,0.076,14,4.6,1
2024-10-21,Supermarket Chain,Croissant,19000.0,0,0.176,4,4.6,1
2024-10-21,Supermarket Chain,Red Velvet Cake,119000.0,1,0.191,17,4.5,1
2024-10-22,Paris Baguette,Tiramisu,209000.0,0,0.142,16,3.8,1
2024-10-22,Paris Baguette,Cheesecake,198000.0,0,0.051,17,3.6,1
2024-10-22,Paris Baguette,Macaron,40000.0,0,0.079,13,4.3,0
2024-10-22,Paris Baguette,Éclair,59000.0,0,0.225,4,3.8,0
2024-10-22,Paris Baguette,Croissant,35000.0,0,0.055,20,4.6,0
2024-10-22,Paris Baguette,Red Velvet Cake,261000.0,0,0.131,11,4.0,0
2024-10-22,Tous Les Jours,Tiramisu,225000.0,0,0.116,12,3.9,1
2024-10-22,Tous Les Jours,Cheesecake,189000.0,0,0.211,18,3.5,1
2024-10-22,Tous Les Jours,Macaron,41000.0,0,0.194,4,4.4,1
2024-10-22,Tous Les Jours,Éclair,58000.0,0,0.132,24,4.3,1
2024-10-22,Tous Les Jours,Croissant,34000.0,0,0.228,10,3.7,1
2024-10-22,Tous Les Jours,Red Velvet Cake,248000.0,0,0.08,9,4.2,1
2024-10-22,ABC Bakery,Tiramisu,192000.0,0,0.088,3,3.6,1
2024-10-22,ABC Bakery,Cheesecake,159000.0,0,0.184,10,3.6,1
2024-10-22,ABC Bakery,Macaron,34000.0,0,0.075,5,4.3,0
2024-10-22,ABC Bakery,Éclair,49000.0,0,0.064,5,4.4,1
2024-10-22,ABC Bakery,Croissant,28000.0,0,0.249,7,4.1,1
2024-10-22,ABC Bakery,Red Velvet Cake,208000.0,0,0.231,8,4.0,1
2024-10-22,Givral,Tiramisu,129000.0,1,0.203,2,4.6,1
2024-10-22,Givral,Cheesecake,155000.0,0,0.236,19,4.2,1
2024-10-22,Givral,Macaron,31000.0,0,0.055,1,4.4,0
2024-10-22,Givral,Éclair,44000.0,0,0.233,15,4.2,1
2024-10-22,Givral,Croissant,27000.0,0,0.073,9,3.8,1
2024-10-22,Givral,Red Velvet Cake,193000.0,0,0.193,5,4.2,0
2024-10-22,Local Bakery A,Tiramisu,172000.0,0,0.106,1,3.9,1
2024-10-22,Local Bakery A,Cheesecake,141000.0,0,0.183,7,3.9,1
2024-10-22,Local Bakery A,Macaron,30000.0,0,0.132,3,4.4,1
2024-10-22,Local Bakery A,Éclair,41000.0,0,0.227,11,4.1,1
2024-10-22,Local Bakery A,Croissant,26000.0,0,0.169,22,4.7,1
2024-10-22,Local Bakery A,Red Velvet Cake,184000.0,0,0.167,5,3.7,0
2024-10-22,Supermarket Chain,Tiramisu,132000.0,0,0.169,2,3.8,1
2024-10-22,Supermarket Chain,Cheesecake,110000.0,0,0.228,14,3.8,1
2024-10-22,Supermarket Chain,Macaron,24000.0,0,0.126,4,3.9,1
2024-10-22,Supermarket Chain,Éclair,27000.0,1,0.193,15,4.0,0
2024-10-22,Supermarket Chain,Croissant,19000.0,0,0.2,17,3.9,0
2024-10-22,Supermarket Chain,Red Velvet Cake,146000.0,0,0.109,21,4.1,1
2024-10-23,Paris Baguette,Tiramisu,218000.0,0,0.085,16,4.5,1
2024-10-23,Paris Baguette,Cheesecake,208000.0,0,0.065,11,4.1,1
2024-10-23,Paris Baguette,Macaron,39000.0,0,0.215,14,4.1,1
2024-10-23,Paris Baguette,Éclair,57000.0,0,0.2,9,4.8,0
2024-10-23,Paris Baguette,Croissant,37000.0,0,0.064,12,4.5,1
2024-10-23,Paris Baguette,Red Velvet Cake,253000.0,0,0.124,12,4.2,0
2024-10-23,Tous Les Jours,Tiramisu,232000.0,0,0.134,19,4.3,1
2024-10-23,Tous Les Jours,Cheesecake,189000.0,0,0.157,21,3.7,1
2024-10-23,Tous Les Jours,Macaron,42000.0,0,0.102,10,4.6,0
2024-10-23,Tous Les Jours,Éclair,56000.0,0,0.082,17,4.2,1
2024-10-23,Tous Les Jours,Croissant,34000.0,0,0.069,24,4.1,1
2024-10-23,Tous Les Jours,Red Velvet Cake,260000.0,0,0.068,19,4.8,1
2024-10-23,ABC Bakery,Tiramisu,192000.0,0,0.118,23,4.5,0
2024-10-23,ABC Bakery,Cheesecake,166000.0,0,0.117,20,4.5,1
2024-10-23,ABC Bakery,Macaron,33000.0,0,0.132,23,3.8,1
2024-10-23,ABC Bakery,Éclair,40000.0,1,0.183,7,4.3,1
2024-10-23,ABC Bakery,Croissant,28000.0,0,0.184,19,4.5,1
2024-10-23,ABC Bakery,Red Velvet Cake,202000.0,0,0.092,19,4.2,1
2024-10-23,Givral,Tiramisu,173000.0,0,0.241,17,3.7,1
2024-10-23,Givral,Cheesecake,152000.0,0,0.055,4,4.2,1
2024-10-23,Givral,Macaron,33000.0,0,0.078,12,4.6,1
2024-10-23,Givral,Éclair,45000.0,0,0.239,9,4.6,0
2024-10-23,Givral,Croissant,20000.0,1,0.158,20,4.6,1
2024-10-23,Givral,Red Velvet Cake,199000.0,0,0.242,20,4.3,1
2024-10-23,Local Bakery A,Tiramisu,182000.0,0,0.112,6,4.4,1
2024-10-23,Local Bakery A,Cheesecake,148000.0,0,0.208,22,4.3,1
2024-10-23,Local Bakery A,Macaron,30000.0,0,0.215,24,4.2,1
2024-10-23,Local Bakery A,Éclair,40000.0,0,0.087,3,4.2,0
2024-10-23,Local Bakery A,Croissant,26000.0,0,0.17,20,3.7,1
2024-10-23,Local Bakery A,Red Velvet Cake,170000.0,1,0.146,12,4.4,0
2024-10-23,Supermarket Chain,Tiramisu,131000.0,0,0.169,6,3.7,1
2024-10-23,Supermarket Chain,Cheesecake,114000.0,0,0.195,21,3.7,1
2024-10-23,Supermarket Chain,Macaron,23000.0,0,0.189,3,4.3,1
2024-10-23,Supermarket Chain,Éclair,29000.0,1,0.236,12,3.7,1
2024-10-23,Supermarket Chain,Croissant,20000.0,0,0.057,7,3.9,1
2024-10-23,Supermarket Chain,Red Velvet Cake,146000.0,0,0.137,11,3.6,1
2024-10-24,Paris Baguette,Tiramisu,241000.0,0,0.106,12,3.6,1
2024-10-24,Paris Baguette,Cheesecake,144000.0,1,0.165,1,3.5,0
2024-10-24,Paris Baguette,Macaron,40000.0,0,0.195,15,4.3,1
2024-10-24,Paris Baguette,Éclair,59000.0,0,0.082,12,4.0,1
2024-10-24,Paris Baguette,Croissant,34000.0,0,0.062,18,3.8,0
2024-10-24,Paris Baguette,Red Velvet Cake,259000.0,0,0.067,1,3.9,1
2024-10-24,Tous Les Jours,Tiramisu,225000.0,0,0.19,10,4.4,1
2024-10-24,Tous Les Jours,Cheesecake,194000.0,0,0.088,3,4.4,0
2024-10-24,Tous Les Jours,Macaron,39000.0,0,0.182,17,3.7,1
2024-10-24,Tous Les Jours,Éclair,56000.0,0,0.168,9,3.9,0
2024-10-24,Tous Les Jours,Croissant,34000.0,0,0.212,8,4.2,0
2024-10-24,Tous Les Jours,Red Velvet Cake,259000.0,0,0.197,1,4.1,1
2024-10-24,ABC Bakery,Tiramisu,151000.0,1,0.121,18,3.8,0
2024-10-24,ABC Bakery,Cheesecake,160000.0,0,0.123,19,4.5,1
2024-10-24,ABC Bakery,Macaron,25000.0,1,0.116,17,4.7,0
2024-10-24,ABC Bakery,Éclair,47000.0,0,0.061,17,4.7,1
2024-10-24,ABC Bakery,Croissant,29000.0,0,0.114,6,4.5,1
2024-10-24,ABC Bakery,Red Velvet Cake,205000.0,0,0.085,18,4.0,0
2024-10-24,Givral,Tiramisu,174000.0,0,0.186,13,4.6,1
2024-10-24,Givral,Cheesecake,154000.0,0,0.108,10,3.9,1
2024-10-24,Givral,Macaron,32000.0,0,0.23,15,4.2,1
2024-10-24,Givral,Éclair,45000.0,0,0.101,7,4.0,1
2024-10-24,Givral,Croissant,27000.0,0,0.063,24,4.1,1
2024-10-24,Givral,Red Velvet Cake,191000.0,0,0.078,6,4.1,1
2024-10-24,Local Bakery A,Tiramisu,171000.0,0,0.202,8,4.0,0
2024-10-24,Local Bakery A,Cheesecake,143000.0,0,0.136,23,4.3,1
2024-10-24,Local Bakery A,Macaron,30000.0,0,0.067,22,4.5,0
2024-10-24,Local Bakery A,Éclair,43000.0,0,0.067,10,4.2,1
2024-10-24,Local Bakery A,Croissant,25000.0,0,0.088,8,3.7,1
2024-10-24,Local Bakery A,Red Velvet Cake,181000.0,0,0.176,19,4.1,1
2024-10-24,Supermarket Chain,Tiramisu,137000.0,0,0.051,9,4.5,1
2024-10-24,Supermarket Chain,Cheesecake,98000.0,1,0.085,12,4.1,1
2024-10-24,Supermarket Chain,Macaron,24000.0,0,0.052,19,4.5,0
2024-10-24,Supermarket Chain,Éclair,29000.0,1,0.054,4,4.8,1
2024-10-24,Supermarket Chain,Croissant,17000.0,1,0.201,22,4.4,1
2024-10-24,Supermarket Chain,Red Velvet Cake,145000.0,0,0.246,20,4.5,1
2024-10-25,Paris Baguette,Tiramisu,235000.0,0,0.237,5,4.1,1
2024-10-25,Paris Baguette,Cheesecake,205000.0,0,0.191,24,4.1,0
2024-10-25,Paris Baguette,Macaron,41000.0,0,0.152,16,3.8,1
2024-10-25,Paris Baguette,Éclair,62000.0,0,0.223,11,4.4,0
2024-10-25,Paris Baguette,Croissant,34000.0,0,0.245,4,3.9,1
2024-10-25,Paris Baguette,Red Velvet Cake,273000.0,0,0.249,3,4.5,0
2024-10-25,Tous Les Jours,Tiramisu,223000.0,0,0.245,23,4.7,1
2024-10-25,Tous Les Jours,Cheesecake,192000.0,0,0.055,3,4.4,0
2024-10-25,Tous Les Jours,Macaron,40000.0,0,0.05,13,4.2,1
2024-10-25,Tous Les Jours,Éclair,56000.0,0,0.185,4,4.4,0
2024-10-25,Tous Les Jours,Croissant,36000.0,0,0.1,7,4.2,1
2024-10-25,Tous Les Jours,Red Velvet Cake,240000.0,0,0.061,21,4.2,0
2024-10-25,ABC Bakery,Tiramisu,166000.0,1,0.113,14,4.5,1
2024-10-25,ABC Bakery,Cheesecake,160000.0,0,0.238,24,4.7,0
2024-10-25,ABC Bakery,Macaron,32000.0,0,0.115,20,4.1,0
2024-10-25,ABC Bakery,Éclair,47000.0,0,0.103,17,4.4,1
2024-10-25,ABC Bakery,Croissant,30000.0,0,0.21,7,3.5,1
2024-10-25,ABC Bakery,Red Velvet Cake,199000.0,0,0.103,9,3.5,0
2024-10-25,Givral,Tiramisu,182000.0,0,0.065,9,3.9,0
2024-10-25,Givral,Cheesecake,155000.0,0,0.08,18,3.8,1
2024-10-25,Givral,Macaron,29000.0,0,0.205,10,4.0,1
2024-10-25,Givral,Éclair,45000.0,0,0.067,13,3.9,1
2024-10-25,Givral,Croissant,27000.0,0,0.066,17,4.6,1
2024-10-25,Givral,Red Velvet Cake,199000.0,0,0.154,10,3.9,1
2024-10-25,Local Bakery A,Tiramisu,171000.0,0,0.191,5,4.1,0
2024-10-25,Local Bakery A,Cheesecake,153000.0,0,0.121,5,4.1,1
2024-10-25,Local Bakery A,Macaron,28000.0,0,0.146,7,4.0,1
2024-10-25,Local Bakery A,Éclair,31000.0,1,0.175,4,4.3,0
2024-10-25,Local Bakery A,Croissant,26000.0,0,0.216,7,4.0,1
2024-10-25,Local Bakery A,Red Velvet Cake,185000.0,0,0.132,2,3.6,0
2024-10-25,Supermarket Chain,Tiramisu,140000.0,0,0.197,8,3.6,0
2024-10-25,Supermarket Chain,Cheesecake,113000.0,0,0.154,5,3.7,1
2024-10-25,Supermarket Chain,Macaron,23000.0,0,0.129,9,3.7,1
2024-10-25,Supermarket Chain,Éclair,33000.0,0,0.201,17,3.5,1
2024-10-25,Supermarket Chain,Croissant,20000.0,0,0.218,7,4.8,1
2024-10-25,Supermarket Chain,Red Velvet Cake,143000.0,0,0.189,16,3.9,1
2024-10-26,Paris Baguette,Tiramisu,240000.0,0,0.073,11,4.0,1
2024-10-26,Paris Baguette,Cheesecake,217000.0,0,0.175,5,4.7,1
2024-10-26,Paris Baguette,Macaron,45000.0,0,0.143,10,4.2,1
2024-10-26,Paris Baguette,Éclair,64000.0,0,0.154,1,4.5,1
2024-10-26,Paris Baguette,Croissant,38000.0,0,0.065,9,4.0,1
2024-10-26,Paris Baguette,Red Velvet Cake,282000.0,0,0.068,12,4.2,1
2024-10-26,Tous Les Jours,Tiramisu,230000.0,0,0.055,18,4.5,0
2024-10-26,Tous Les Jours,Cheesecake,169000.0,1,0.192,16,4.5,1
2024-10-26,Tous Les Jours,Macaron,41000.0,0,0.234,18,4.7,1
2024-10-26,Tous Les Jours,Éclair,58000.0,0,0.084,22,4.3,1
2024-10-26,Tous Les Jours,Croissant,34000.0,0,0.241,3,4.4,1
2024-10-26,Tous Les Jours,Red Velvet Cake,258000.0,0,0.13,10,4.7,1
2024-10-26,ABC Bakery,Tiramisu,198000.0,0,0.205,14,4.4,0
2024-10-26,ABC Bakery,Cheesecake,178000.0,0,0.13,6,4.7,0
2024-10-26,ABC Bakery,Macaron,36000.0,0,0.188,18,3.8,1
2024-10-26,ABC Bakery,Éclair,49000.0,0,0.1,24,4.1,1
2024-10-26,ABC Bakery,Croissant,30000.0,0,0.156,2,4.3,0
2024-10-26,ABC Bakery,Red Velvet Cake,223000.0,0,0.139,20,3.6,1
2024-10-26,Givral,Tiramisu,185000.0,0,0.083,22,3.8,0
2024-10-26,Givral,Cheesecake,163000.0,0,0.236,20,4.6,1
2024-10-26,Givral,Macaron,33000.0,0,0.057,14,4.4,1
2024-10-26,Givral,Éclair,47000.0,0,0.152,1,3.8,1
2024-10-26,Givral,Croissant,28000.0,0,0.191,14,3.8,1
2024-10-26,Givral,Red Velvet Cake,208000.0,0,0.149,20,4.1,1
2024-10-26,Local Bakery A,Tiramisu,180000.0,0,0.132,4,3.9,1
2024-10-26,Local Bakery A,Cheesecake,133000.0,1,0.136,17,3.8,1
2024-10-26,Local Bakery A,Macaron,33000.0,0,0.136,3,4.4,1
2024-10-26,Local Bakery A,Éclair,44000.0,0,0.185,9,4.0,0
2024-10-26,Local Bakery A,Croissant,27000.0,0,0.067,12,4.1,1
2024-10-26,Local Bakery A,Red Velvet Cake,190000.0,0,0.197,16,4.7,0
2024-10-26,Supermarket Chain,Tiramisu,137000.0,0,0.096,21,3.8,1
2024-10-26,Supermarket Chain,Cheesecake,103000.0,1,0.139,19,4.5,1
2024-10-26,Supermarket Chain,Macaron,25000.0,0,0.096,10,4.7,0
2024-10-26,Supermarket Chain,Éclair,34000.0,0,0.061,9,3.9,0
2024-10-26,Supermarket Chain,Croissant,21000.0,0,0.122,20,4.5,1
2024-10-26,Supermarket Chain,Red Velvet Cake,154000.0,0,0.231,3,3.8,1
2024-10-27,Paris Baguette,Tiramisu,252000.0,0,0.058,20,4.5,1
2024-10-27,Paris Baguette,Cheesecake,207000.0,0,0.1,7,4.4,1
2024-10-27,Paris Baguette,Macaron,45000.0,0,0.244,20,4.3,0
2024-10-27,Paris Baguette,Éclair,61000.0,0,0.211,18,4.7,1
2024-10-27,Paris Baguette,Croissant,36000.0,0,0.176,24,3.9,0
2024-10-27,Paris Baguette,Red Velvet Cake,285000.0,0,0.124,20,3.9,1
2024-10-27,Tous Les Jours,Tiramisu,254000.0,0,0.125,10,4.4,0
2024-10-27,Tous Les Jours,Cheesecake,209000.0,0,0.226,24,4.5,1
2024-10-27,Tous Les Jours,Macaron,44000.0,0,0.172,15,4.2,1
2024-10-27,Tous Les Jours,Éclair,60000.0,0,0.161,11,4.7,0
2024-10-27,Tous Les Jours,Croissant,37000.0,0,0.203,2,4.7,1
2024-10-27,Tous Les Jours,Red Velvet Cake,201000.0,1,0.07,20,4.0,0
2024-10-27,ABC Bakery,Tiramisu,192000.0,0,0.221,6,4.5,0
2024-10-27,ABC Bakery,Cheesecake,146000.0,1,0.164,6,4.2,1
2024-10-27,ABC Bakery,Macaron,36000.0,0,0.078,17,4.7,1
2024-10-27,ABC Bakery,Éclair,51000.0,0,0.146,22,4.2,1
2024-10-27,ABC Bakery,Croissant,21000.0,1,0.232,17,4.7,0
2024-10-27,ABC Bakery,Red Velvet Cake,223000.0,0,0.25,14,4.5,0
2024-10-27,Givral,Tiramisu,185000.0,0,0.102,3,4.2,1
2024-10-27,Givral,Cheesecake,171000.0,0,0.142,9,3.7,1
2024-10-27,Givral,Macaron,27000.0,1,0.107,18,4.0,1
2024-10-27,Givral,Éclair,38000.0,1,0.105,5,3.6,1
2024-10-27,Givral,Croissant,30000.0,0,0.217,7,4.4,0
2024-10-27,Givral,Red Velvet Cake,209000.0,0,0.175,6,3.8,0
2024-10-27,Local Bakery A,Tiramisu,181000.0,0,0.195,5,4.5,1
2024-10-27,Local Bakery A,Cheesecake,157000.0,0,0.207,9,4.3,0
2024-10-27,Local Bakery A,Macaron,31000.0,0,0.176,21,4.4,1
2024-10-27,Local Bakery A,Éclair,35000.0,1,0.207,7,4.5,0
2024-10-27,Local Bakery A,Croissant,28000.0,0,0.18,17,3.9,1
2024-10-27,Local Bakery A,Red Velvet Cake,211000.0,0,0.115,17,4.1,0
2024-10-27,Supermarket Chain,Tiramisu,99000.0,1,0.052,23,3.6,1
2024-10-27,Supermarket Chain,Cheesecake,114000.0,0,0.24,16,4.6,1
2024-10-27,Supermarket Chain,Macaron,25000.0,0,0.246,7,3.6,1
2024-10-27,Supermarket Chain,Éclair,36000.0,0,0.143,22,4.4,1
2024-10-27,Supermarket Chain,Croissant,22000.0,0,0.238,18,3.9,1
2024-10-27,Supermarket Chain,Red Velvet Cake,158000.0,0,0.151,8,4.1,1
2024-10-28,Paris Baguette,Tiramisu,238000.0,0,0.1,19,4.4,1
2024-10-28,Paris Baguette,Cheesecake,204000.0,0,0.15,21,4.6,1
2024-10-28,Paris Baguette,Macaron,41000.0,0,0.211,9,3.9,1
2024-10-28,Paris Baguette,Éclair,63000.0,0,0.074,21,4.7,1
2024-10-28,Paris Baguette,Croissant,34000.0,0,0.193,9,4.6,1
2024-10-28,Paris Baguette,Red Velvet Cake,248000.0,0,0.181,22,4.4,1
2024-10-28,Tous Les Jours,Tiramisu,229000.0,0,0.209,20,4.1,1
2024-10-28,Tous Les Jours,Cheesecake,199000.0,0,0.066,23,3.8,1
2024-10-28,Tous Les Jours,Macaron,32000.0,1,0.208,17,4.2,0
2024-10-28,Tous Les Jours,Éclair,57000.0,0,0.246,6,4.1,0
2024-10-28,Tous Les Jours,Croissant,36000.0,0,0.052,13,4.2,0
2024-10-28,Tous Les Jours,Red Velvet Cake,247000.0,0,0.108,20,4.6,1
2024-10-28,ABC Bakery,Tiramisu,200000.0,0,0.069,5,3.5,0
2024-10-28,ABC Bakery,Cheesecake,168000.0,0,0.138,24,4.6,1
2024-10-28,ABC Bakery,Macaron,34000.0,0,0.19,12,4.4,1
2024-10-28,ABC Bakery,Éclair,51000.0,0,0.197,13,4.7,1
2024-10-28,ABC Bakery,Croissant,29000.0,0,0.124,20,4.2,1
2024-10-28,ABC Bakery,Red Velvet Cake,180000.0,1,0.167,9,4.0,1
2024-10-28,Givral,Tiramisu,183000.0,0,0.214,4,4.7,0
2024-10-28,Givral,Cheesecake,115000.0,1,0.14,24,4.6,0
2024-10-28,Givral,Macaron,33000.0,0,0.054,23,4.1,1
2024-10-28,Givral,Éclair,42000.0,0,0.187,15,4.7,0
2024-10-28,Givral,Croissant,27000.0,0,0.179,11,4.6,0
2024-10-28,Givral,Red Velvet Cake,205000.0,0,0.231,1,4.3,0
2024-10-28,Local Bakery A,Tiramisu,166000.0,0,0.111,17,3.6,1
2024-10-28,Local Bakery A,Cheesecake,122000.0,1,0.228,7,4.3,1
2024-10-28,Local Bakery A,Macaron,29000.0,0,0.06,14,3.8,1
2024-10-28,Local Bakery A,Éclair,43000.0,0,0.124,12,4.2,0
2024-10-28,Local Bakery A,Croissant,25000.0,0,0.215,4,3.9,1
2024-10-28,Local Bakery A,Red Velvet Cake,192000.0,0,0.153,19,4.3,1
2024-10-28,Supermarket Chain,Tiramisu,96000.0,1,0.094,12,4.0,1
2024-10-28,Supermarket Chain,Cheesecake,112000.0,0,0.101,17,4.1,1
2024-10-28,Supermarket Chain,Macaron,24000.0,0,0.199,24,3.7,0
2024-10-28,Supermarket Chain,Éclair,35000.0,0,0.216,3,3.9,0
2024-10-28,Supermarket Chain,Croissant,21000.0,0,0.199,18,3.9,0
2024-10-28,Supermarket Chain,Red Velvet Cake,152000.0,0,0.212,18,4.0,1
2024-10-29,Paris Baguette,Tiramisu,225000.0,0,0.184,14,3.9,1
2024-10-29,Paris Baguette,Cheesecake,202000.0,0,0.241,23,4.1,1
2024-10-29,Paris Baguette,Macaron,42000.0,0,0.202,7,4.5,0
2024-10-29,Paris Baguette,Éclair,59000.0,0,0.096,19,4.2,1
2024-10-29,Paris Baguette,Croissant,28000.0,1,0.084,10,3.9,0
2024-10-29,Paris Baguette,Red Velvet Cake,261000.0,0,0.23,9,3.6,1
2024-10-29,Tous Les Jours,Tiramisu,226000.0,0,0.204,15,4.5,1
2024-10-29,Tous Les Jours,Cheesecake,154000.0,1,0.066,2,4.1,1
2024-10-29,Tous Les Jours,Macaron,40000.0,0,0.122,14,4.4,1
2024-10-29,Tous Les Jours,Éclair,54000.0,0,0.17,21,4.7,1
2024-10-29,Tous Les Jours,Croissant,34000.0,0,0.199,5,4.6,1
2024-10-29,Tous Les Jours,Red Velvet Cake,246000.0,0,0.111,24,3.8,1
2024-10-29,ABC Bakery,Tiramisu,148000.0,1,0.192,16,4.6,1
2024-10-29,ABC Bakery,Cheesecake,120000.0,1,0.129,16,4.5,0
2024-10-29,ABC Bakery,Macaron,34000.0,0,0.152,22,4.7,0
2024-10-29,ABC Bakery,Éclair,48000.0,0,0.073,10,3.5,1
2024-10-29,ABC Bakery,Croissant,27000.0,0,0.248,12,4.3,1
2024-10-29,ABC Bakery,Red Velvet Cake,187000.0,1,0.073,20,4.5,1
2024-10-29,Givral,Tiramisu,185000.0,0,0.218,2,3.5,1
2024-10-29,Givral,Cheesecake,155000.0,0,0.224,13,4.2,1
2024-10-29,Givral,Macaron,31000.0,0,0.182,12,4.6,1
2024-10-29,Givral,Éclair,42000.0,0,0.053,21,4.1,1
2024-10-29,Givral,Croissant,19000.0,1,0.08,19,3.9,1
2024-10-29,Givral,Red Velvet Cake,210000.0,0,0.13,1,4.1,1
2024-10-29,Local Bakery A,Tiramisu,169000.0,0,0.116,5,4.6,0
2024-10-29,Local Bakery A,Cheesecake,147000.0,0,0.182,18,3.5,0
2024-10-29,Local Bakery A,Macaron,29000.0,0,0.112,23,3.6,1
2024-10-29,Local Bakery A,Éclair,43000.0,0,0.133,2,4.7,1
2024-10-29,Local Bakery A,Croissant,25000.0,0,0.234,12,4.3,1
2024-10-29,Local Bakery A,Red Velvet Cake,183000.0,0,0.068,20,4.2,0
2024-10-29,Supermarket Chain,Tiramisu,128000.0,0,0.142,1,4.2,1
2024-10-29,Supermarket Chain,Cheesecake,113000.0,0,0.103,21,4.2,1
2024-10-29,Supermarket Chain,Macaron,16000.0,1,0.231,1,4.3,1
2024-10-29,Supermarket Chain,Éclair,35000.0,0,0.226,19,3.8,0
2024-10-29,Supermarket Chain,Croissant,20000.0,0,0.154,19,3.7,1
2024-10-29,Supermarket Chain,Red Velvet Cake,129000.0,1,0.244,22,3.7,0
2024-10-30,Paris Baguette,Tiramisu,243000.0,0,0.147,12,4.7,0
2024-10-30,Paris Baguette,Cheesecake,200000.0,0,0.114,13,3.6,1
2024-10-30,Paris Baguette,Macaron,44000.0,0,0.092,23,4.7,1
2024-10-30,Paris Baguette,Éclair,61000.0,0,0.196,11,4.2,1
2024-10-30,Paris Baguette,Croissant,35000.0,0,0.214,11,4.3,1
2024-10-30,Paris Baguette,Red Velvet Cake,274000.0,0,0.098,7,3.8,0
2024-10-30,Tous Les Jours,Tiramisu,242000.0,0,0.065,11,4.7,1
2024-10-30,Tous Les Jours,Cheesecake,193000.0,0,0.242,18,3.7,1
2024-10-30,Tous Les Jours,Macaron,38000.0,0,0.186,24,3.8,0
2024-10-30,Tous Les Jours,Éclair,57000.0,0,0.069,9,4.4,1
2024-10-30,Tous Les Jours,Croissant,33000.0,0,0.089,1,4.1,1
2024-10-30,Tous Les Jours,Red Velvet Cake,261000.0,0,0.122,8,4.1,0
2024-10-30,ABC Bakery,Tiramisu,189000.0,0,0.104,16,4.7,1
2024-10-30,ABC Bakery,Cheesecake,159000.0,0,0.178,5,3.8,1
2024-10-30,ABC Bakery,Macaron,34000.0,0,0.077,22,4.6,1
2024-10-30,ABC Bakery,Éclair,39000.0,1,0.246,16,4.5,1
2024-10-30,ABC Bakery,Croissant,30000.0,0,0.145,4,4.0,0
2024-10-30,ABC Bakery,Red Velvet Cake,217000.0,0,0.222,24,4.5,0
2024-10-30,Givral,Tiramisu,184000.0,0,0.099,22,4.5,1
2024-10-30,Givral,Cheesecake,156000.0,0,0.052,2,3.8,1
2024-10-30,Givral,Macaron,31000.0,0,0.15,6,4.7,0
2024-10-30,Givral,Éclair,46000.0,0,0.094,2,4.1,0
2024-10-30,Givral,Croissant,29000.0,0,0.114,10,4.6,0
2024-10-30,Givral,Red Velvet Cake,148000.0,1,0.145,22,3.5,1
2024-10-30,Local Bakery A,Tiramisu,167000.0,0,0.099,10,4.8,1
2024-10-30,Local Bakery A,Cheesecake,149000.0,0,0.207,9,4.6,1
2024-10-30,Local Bakery A,Macaron,31000.0,0,0.121,4,4.0,1
2024-10-30,Local Bakery A,Éclair,43000.0,0,0.24,13,4.4,0
2024-10-30,Local Bakery A,Croissant,26000.0,0,0.246,12,3.9,1
2024-10-30,Local Bakery A,Red Velvet Cake,192000.0,0,0.17,10,4.5,0
2024-10-30,Supermarket Chain,Tiramisu,131000.0,0,0.171,6,3.9,1
2024-10-30,Supermarket Chain,Cheesecake,113000.0,0,0.139,20,3.8,1
2024-10-30,Supermarket Chain,Macaron,24000.0,0,0.195,13,3.5,1
2024-10-30,Supermarket Chain,Éclair,32000.0,0,0.13,13,3.7,1
2024-10-30,Supermarket Chain,Croissant,20000.0,0,0.18,12,4.7,0
2024-10-30,Supermarket Chain,Red Velvet Cake,150000.0,0,0.136,13,4.4,1
2024-10-31,Paris Baguette,Tiramisu,256000.0,0,0.171,8,4.6,1
2024-10-31,Paris Baguette,Cheesecake,161000.0,1,0.077,4,4.3,1
2024-10-31,Paris Baguette,Macaron,44000.0,0,0.17,5,4.3,1
2024-10-31,Paris Baguette,Éclair,60000.0,0,0.094,23,4.7,1
2024-10-31,Paris Baguette,Croissant,31000.0,1,0.089,20,4.7,1
2024-10-31,Paris Baguette,Red Velvet Cake,258000.0,0,0.153,13,3.9,1
2024-10-31,Tous Les Jours,Tiramisu,226000.0,0,0.101,14,4.1,1
2024-10-31,Tous Les Jours,Cheesecake,206000.0,0,0.1,16,3.6,1
2024-10-31,Tous Les Jours,Macaron,40000.0,0,0.08,1,4.0,1
2024-10-31,Tous Les Jours,Éclair,43000.0,1,0.118,19,4.3,1
2024-10-31,Tous Les Jours,Croissant,35000.0,0,0.229,19,4.0,0
2024-10-31,Tous Les Jours,Red Velvet Cake,256000.0,0,0.06,24,4.7,1
2024-10-31,ABC Bakery,Tiramisu,151000.0,1,0.237,15,4.1,0
2024-10-31,ABC Bakery,Cheesecake,162000.0,0,0.22,1,4.4,1
2024-10-31,ABC Bakery,Macaron,33000.0,0,0.18,13,4.4,1
2024-10-31,ABC Bakery,Éclair,47000.0,0,0.245,5,4.0,1
2024-10-31,ABC Bakery,Croissant,29000.0,0,0.055,1,4.6,0
2024-10-31,ABC Bakery,Red Velvet Cake,214000.0,0,0.087,1,4.5,0
2024-10-31,Givral,Tiramisu,180000.0,0,0.127,14,4.6,1
2024-10-31,Givral,Cheesecake,154000.0,0,0.155,23,4.6,0
2024-10-31,Givral,Macaron,33000.0,0,0.122,20,4.4,1
2024-10-31,Givral,Éclair,44000.0,0,0.117,1,3.6,0
2024-10-31,Givral,Croissant,26000.0,0,0.138,15,3.7,0
2024-10-31,Givral,Red Velvet Cake,205000.0,0,0.127,2,4.2,1
2024-10-31,Local Bakery A,Tiramisu,167000.0,0,0.072,10,4.2,1
2024-10-31,Local Bakery A,Cheesecake,105000.0,1,0.103,21,3.7,1
2024-10-31,Local Bakery A,Macaron,30000.0,0,0.08,2,4.2,1
2024-10-31,Local Bakery A,Éclair,42000.0,0,0.241,14,4.7,1
2024-10-31,Local Bakery A,Croissant,25000.0,0,0.238,7,4.5,1
2024-10-31,Local Bakery A,Red Velvet Cake,135000.0,1,0.152,17,4.1,1
2024-10-31,Supermarket Chain,Tiramisu,144000.0,0,0.118,2,4.4,1
2024-10-31,Supermarket Chain,Cheesecake,117000.0,0,0.14,20,4.6,1
2024-10-31,Supermarket Chain,Macaron,22000.0,0,0.085,2,4.7,0
2024-10-31,Supermarket Chain,Éclair,34000.0,0,0.127,19,4.0,1
2024-10-31,Supermarket Chain,Croissant,20000.0,0,0.132,22,4.1,1
2024-10-31,Supermarket Chain,Red Velvet Cake,146000.0,0,0.163,10,3.8,0
2024-11-01,Paris Baguette,Tiramisu,234000.0,0,0.208,12,4.5,1
2024-11-01,Paris Baguette,Cheesecake,215000.0,0,0.147,2,4.5,0
2024-11-01,Paris Baguette,Macaron,43000.0,0,0.232,3,4.7,0
2024-11-01,Paris Baguette,Éclair,45000.0,1,0.227,9,3.6,1
2024-11-01,Paris Baguette,Croissant,35000.0,0,0.2,23,3.8,1
2024-11-01,Paris Baguette,Red Velvet Cake,279000.0,0,0.061,15,4.2,1
2024-11-01,Tous Les Jours,Tiramisu,235000.0,0,0.21,18,3.5,0
2024-11-01,Tous Les Jours,Cheesecake,191000.0,0,0.165,20,3.5,1
2024-11-01,Tous Les Jours,Macaron,40000.0,0,0.162,7,4.5,1
2024-11-01,Tous Les Jours,Éclair,57000.0,0,0.114,7,4.1,0
2024-11-01,Tous Les Jours,Croissant,35000.0,0,0.118,17,3.7,1
2024-11-01,Tous Les Jours,Red Velvet Cake,255000.0,0,0.176,14,4.5,1
2024-11-01,ABC Bakery,Tiramisu,198000.0,0,0.064,8,4.5,1
2024-11-01,ABC Bakery,Cheesecake,162000.0,0,0.144,24,3.8,1
2024-11-01,ABC Bakery,Macaron,33000.0,0,0.239,20,4.3,0
2024-11-01,ABC Bakery,Éclair,49000.0,0,0.054,19,4.1,1
2024-11-01,ABC Bakery,Croissant,29000.0,0,0.123,17,3.8,1
2024-11-01,ABC Bakery,Red Velvet Cake,185000.0,1,0.184,17,4.5,1
2024-11-01,Givral,Tiramisu,185000.0,0,0.231,10,3.6,0
2024-11-01,Givral,Cheesecake,160000.0,0,0.135,9,3.8,0
2024-11-01,Givral,Macaron,32000.0,0,0.243,10,4.2,1
2024-11-01,Givral,Éclair,47000.0,0,0.244,9,3.8,1
2024-11-01,Givral,Croissant,27000.0,0,0.18,3,4.4,1
2024-11-01,Givral,Red Velvet Cake,195000.0,0,0.211,9,4.1,1
2024-11-01,Local Bakery A,Tiramisu,168000.0,0,0.176,11,4.1,1
2024-11-01,Local Bakery A,Cheesecake,140000.0,0,0.132,1,3.8,0
2024-11-01,Local Bakery A,Macaron,30000.0,0,0.205,21,3.7,1
2024-11-01,Local Bakery A,Éclair,45000.0,0,0.24,18,4.4,1
2024-11-01,Local Bakery A,Croissant,26000.0,0,0.206,11,4.5,1
2024-11-01,Local Bakery A,Red Velvet Cake,156000.0,1,0.227,8,4.6,0
2024-11-01,Supermarket Chain,Tiramisu,132000.0,0,0.132,10,3.8,1
2024-11-01,Supermarket Chain,Cheesecake,113000.0,0,0.24,12,4.0,0
2024-11-01,Supermarket Chain,Macaron,24000.0,0,0.236,22,4.1,1
2024-11-01,Supermarket Chain,Éclair,33000.0,0,0.12,13,4.8,1
2024-11-01,Supermarket Chain,Croissant,16000.0,1,0.155,24,3.8,1
2024-11-01,Supermarket Chain,Red Velvet Cake,146000.0,0,0.127,15,3.8,1
2024-11-02,Paris Baguette,Tiramisu,253000.0,0,0.09,21,3.8,0
2024-11-02,Paris Baguette,Cheesecake,227000.0,0,0.228,13,4.0,1
2024-11-02,Paris Baguette,Macaron,46000.0,0,0.073,10,3.9,0
2024-11-02,Paris Baguette,Éclair,64000.0,0,0.205,18,4.0,0
2024-11-02,Paris Baguette,Croissant,29000.0,1,0.248,19,4.8,1
2024-11-02,Paris Baguette,Red Velvet Cake,285000.0,0,0.246,20,3.9,1
2024-11-02,Tous Les Jours,Tiramisu,245000.0,0,0.223,1,4.5,1
2024-11-02,Tous Les Jours,Cheesecake,202000.0,0,0.199,15,4.5,1
2024-11-02,Tous Les Jours,Macaron,37000.0,1,0.107,11,4.3,1
2024-11-02,Tous Les Jours,Éclair,59000.0,0,0.216,22,4.2,1
2024-11-02,Tous Les Jours,Croissant,38000.0,0,0.23,8,3.6,1
2024-11-02,Tous Les Jours,Red Velvet Cake,274000.0,0,0.141,14,4.0,0
2024-11-02,ABC Bakery,Tiramisu,213000.0,0,0.116,3,3.8,1
2024-11-02,ABC Bakery,Cheesecake,174000.0,0,0.131,20,4.2,1
2024-11-02,ABC Bakery,Macaron,36000.0,0,0.134,5,3.8,1
2024-11-02,ABC Bakery,Éclair,52000.0,0,0.078,3,4.6,1
2024-11-02,ABC Bakery,Croissant,30000.0,0,0.238,2,3.5,1
2024-11-02,ABC Bakery,Red Velvet Cake,223000.0,0,0.167,16,4.8,1
2024-11-02,Givral,Tiramisu,189000.0,0,0.089,20,3.7,1
2024-11-02,Givral,Cheesecake,170000.0,0,0.159,22,4.4,1
2024-11-02,Givral,Macaron,35000.0,0,0.235,2,4.2,0
2024-11-02,Givral,Éclair,47000.0,0,0.203,11,4.3,1
2024-11-02,Givral,Croissant,28000.0,0,0.144,16,4.5,1
2024-11-02,Givral,Red Velvet Cake,215000.0,0,0.175,4,3.8,0
2024-11-02,Local Bakery A,Tiramisu,185000.0,0,0.167,5,4.3,1
2024-11-02,Local Bakery A,Cheesecake,151000.0,0,0.091,6,3.6,1
2024-11-02,Local Bakery A,Macaron,33000.0,0,0.244,1,4.5,1
2024-11-02,Local Bakery A,Éclair,36000.0,1,0.185,21,3.6,1
2024-11-02,Local Bakery A,Croissant,28000.0,0,0.198,21,4.0,1
2024-11-02,Local Bakery A,Red Velvet Cake,218000.0,0,0.072,13,4.4,1
2024-11-02,Supermarket Chain,Tiramisu,142000.0,0,0.153,10,4.5,0
2024-11-02,Supermarket Chain,Cheesecake,119000.0,0,0.181,13,4.4,1
2024-11-02,Supermarket Chain,Macaron,24000.0,0,0.234,22,4.1,0
2024-11-02,Supermarket Chain,Éclair,31000.0,1,0.051,12,3.7,0
2024-11-02,Supermarket Chain,Croissant,22000.0,0,0.225,1,4.1,0
2024-11-02,Supermarket Chain,Red Velvet Cake,116000.0,1,0.09,18,4.3,0
2024-11-03,Paris Baguette,Tiramisu,248000.0,0,0.103,17,3.7,0
2024-11-03,Paris Baguette,Cheesecake,216000.0,0,0.135,15,4.1,1
2024-11-03,Paris Baguette,Macaron,46000.0,0,0.095,22,4.4,1
2024-11-03,Paris Baguette,Éclair,62000.0,0,0.098,13,3.8,1
2024-11-03,Paris Baguette,Croissant,38000.0,0,0.244,8,4.5,1
2024-11-03,Paris Baguette,Red Velvet Cake,274000.0,0,0.22,16,4.1,1
2024-11-03,Tous Les Jours,Tiramisu,252000.0,0,0.057,24,3.8,1
2024-11-03,Tous Les Jours,Cheesecake,214000.0,0,0.066,18,4.0,0
2024-11-03,Tous Les Jours,Macaron,44000.0,0,0.204,13,4.5,1
2024-11-03,Tous Les Jours,Éclair,58000.0,0,0.084,6,4.7,0
2024-11-03,Tous Les Jours,Croissant,36000.0,0,0.234,8,4.1,1
2024-11-03,Tous Les Jours,Red Velvet Cake,279000.0,0,0.225,1,3.9,0
2024-11-03,ABC Bakery,Tiramisu,208000.0,0,0.103,5,4.3,0
2024-11-03,ABC Bakery,Cheesecake,182000.0,0,0.067,22,4.3,1
2024-11-03,ABC Bakery,Macaron,30000.0,1,0.221,21,4.5,0
2024-11-03,ABC Bakery,Éclair,50000.0,0,0.078,1,3.5,1
2024-11-03,ABC Bakery,Croissant,31000.0,0,0.071,5,4.7,0
2024-11-03,ABC Bakery,Red Velvet Cake,170000.0,1,0.156,22,4.7,0
2024-11-03,Givral,Tiramisu,166000.0,1,0.053,23,4.4,1
2024-11-03,Givral,Cheesecake,166000.0,0,0.089,24,4.4,1
2024-11-03,Givral,Macaron,25000.0,1,0.094,19,4.4,1
2024-11-03,Givral,Éclair,49000.0,0,0.133,1,4.1,1
2024-11-03,Givral,Croissant,28000.0,0,0.247,18,4.1,1
2024-11-03,Givral,Red Velvet Cake,210000.0,0,0.162,2,3.6,1
2024-11-03,Local Bakery A,Tiramisu,181000.0,0,0.101,12,4.0,1
2024-11-03,Local Bakery A,Cheesecake,153000.0,0,0.094,8,4.0,1
2024-11-03,Local Bakery A,Macaron,31000.0,0,0.101,13,4.5,0
2024-11-03,Local Bakery A,Éclair,45000.0,0,0.138,13,4.8,0
2024-11-03,Local Bakery A,Croissant,27000.0,0,0.141,2,4.3,0
2024-11-03,Local Bakery A,Red Velvet Cake,199000.0,0,0.1,2,3.6,0
2024-11-03,Supermarket Chain,Tiramisu,107000.0,1,0.156,2,4.2,1
2024-11-03,Supermarket Chain,Cheesecake,119000.0,0,0.072,20,4.1,1
2024-11-03,Supermarket Chain,Macaron,25000.0,0,0.244,8,4.0,1
2024-11-03,Supermarket Chain,Éclair,25000.0,1,0.114,23,4.6,1
2024-11-03,Supermarket Chain,Croissant,22000.0,0,0.21,20,4.5,0
2024-11-03,Supermarket Chain,Red Velvet Cake,125000.0,1,0.116,13,4.2,1
2024-11-04,Paris Baguette,Tiramisu,245000.0,0,0.19,11,4.7,1
2024-11-04,Paris Baguette,Cheesecake,180000.0,1,0.237,4,3.8,1
2024-11-04,Paris Baguette,Macaron,41000.0,0,0.143,8,3.9,1
2024-11-04,Paris Baguette,Éclair,62000.0,0,0.063,22,4.7,0
2024-11-04,Paris Baguette,Croissant,35000.0,0,0.125,23,4.0,1
2024-11-04,Paris Baguette,Red Velvet Cake,263000.0,0,0.101,8,4.0,1
2024-11-04,Tous Les Jours,Tiramisu,236000.0,0,0.24,4,3.6,1
2024-11-04,Tous Les Jours,Cheesecake,167000.0,1,0.098,11,3.9,0
2024-11-04,Tous Les Jours,Macaron,40000.0,0,0.236,13,3.7,1
2024-11-04,Tous Les Jours,Éclair,59000.0,0,0.074,19,4.6,0
2024-11-04,Tous Les Jours,Croissant,36000.0,0,0.19,3,4.4,0
2024-11-04,Tous Les Jours,Red Velvet Cake,267000.0,0,0.154,11,3.6,1
2024-11-04,ABC Bakery,Tiramisu,200000.0,0,0.096,23,4.4,0
2024-11-04,ABC Bakery,Cheesecake,170000.0,0,0.095,8,4.2,1
2024-11-04,ABC Bakery,Macaron,34000.0,0,0.217,13,4.7,0
2024-11-04,ABC Bakery,Éclair,49000.0,0,0.224,12,4.4,0
2024-11-04,ABC Bakery,Croissant,28000.0,0,0.159,15,3.9,1
2024-11-04,ABC Bakery,Red Velvet Cake,207000.0,0,0.173,18,4.3,0
2024-11-04,Givral,Tiramisu,183000.0,0,0.07,16,3.5,1
2024-11-04,Givral,Cheesecake,164000.0,0,0.212,3,4.6,1
2024-11-04,Givral,Macaron,33000.0,0,0.225,11,4.2,1
2024-11-04,Givral,Éclair,45000.0,0,0.061,2,4.0,1
2024-11-04,Givral,Croissant,28000.0,0,0.153,5,3.8,1
2024-11-04,Givral,Red Velvet Cake,159000.0,1,0.171,7,4.7,0
2024-11-04,Local Bakery A,Tiramisu,148000.0,1,0.182,12,4.0,1
2024-11-04,Local Bakery A,Cheesecake,144000.0,0,0.179,11,3.8,1
2024-11-04,Local Bakery A,Macaron,30000.0,0,0.204,22,3.7,1
2024-11-04,Local Bakery A,Éclair,42000.0,0,0.128,12,3.9,1
2024-11-04,Local Bakery A,Croissant,27000.0,0,0.106,8,4.6,0
2024-11-04,Local Bakery A,Red Velvet Cake,204000.0,0,0.198,1,3.8,1
2024-11-04,Supermarket Chain,Tiramisu,135000.0,0,0.221,6,4.1,0
2024-11-04,Supermarket Chain,Cheesecake,104000.0,1,0.092,3,4.7,1
2024-11-04,Supermarket Chain,Macaron,24000.0,0,0.216,10,3.5,1
2024-11-04,Supermarket Chain,Éclair,35000.0,0,0.1,1,4.3,1
2024-11-04,Supermarket Chain,Croissant,15000.0,1,0.077,20,4.8,1
2024-11-04,Supermarket Chain,Red Velvet Cake,151000.0,0,0.117,20,4.5,0
2024-11-05,Paris Baguette,Tiramisu,241000.0,0,0.123,20,4.0,1
2024-11-05,Paris Baguette,Cheesecake,212000.0,0,0.185,21,4.4,0
2024-11-05,Paris Baguette,Macaron,44000.0,0,0.065,17,3.6,0
2024-11-05,Paris Baguette,Éclair,59000.0,0,0.071,15,3.6,1
2024-11-05,Paris Baguette,Croissant,37000.0,0,0.202,22,4.3,1
2024-11-05,Paris Baguette,Red Velvet Cake,210000.0,1,0.108,1,3.5,0
2024-11-05,Tous Les Jours,Tiramisu,239000.0,0,0.191,3,4.4,1
2024-11-05,Tous Les Jours,Cheesecake,202000.0,0,0.231,5,4.2,0
2024-11-05,Tous Les Jours,Macaron,40000.0,0,0.166,1,4.3,1
2024-11-05,Tous Les Jours,Éclair,59000.0,0,0.147,5,4.2,0
2024-11-05,Tous Les Jours,Croissant,29000.0,1,0.225,4,4.0,1
2024-11-05,Tous Les Jours,Red Velvet Cake,267000.0,0,0.231,19,4.4,1
2024-11-05,ABC Bakery,Tiramisu,194000.0,0,0.22,11,4.2,0
2024-11-05,ABC Bakery,Cheesecake,161000.0,0,0.101,8,3.9,1
2024-11-05,ABC Bakery,Macaron,33000.0,0,0.082,11,4.8,1
2024-11-05,ABC Bakery,Éclair,49000.0,0,0.169,21,3.6,1
2024-11-05,ABC Bakery,Croissant,29000.0,0,0.21,1,3.9,1
2024-11-05,ABC Bakery,Red Velvet Cake,202000.0,0,0.206,6,4.3,1
2024-11-05,Givral,Tiramisu,158000.0,1,0.183,23,3.6,0
2024-11-05,Givral,Cheesecake,150000.0,0,0.228,6,3.8,0
2024-11-05,Givral,Macaron,33000.0,0,0.201,7,3.9,1
2024-11-05,Givral,Éclair,46000.0,0,0.245,6,3.8,1
2024-11-05,Givral,Croissant,28000.0,0,0.138,10,3.9,1
2024-11-05,Givral,Red Velvet Cake,206000.0,0,0.224,5,4.6,1
2024-11-05,Local Bakery A,Tiramisu,172000.0,0,0.126,7,4.1,0
2024-11-05,Local Bakery A,Cheesecake,146000.0,0,0.137,16,3.7,1
2024-11-05,Local Bakery A,Macaron,31000.0,0,0.152,7,4.5,0
2024-11-05,Local Bakery A,Éclair,45000.0,0,0.16,18,3.7,1
2024-11-05,Local Bakery A,Croissant,26000.0,0,0.182,8,4.2,1
2024-11-05,Local Bakery A,Red Velvet Cake,193000.0,0,0.147,22,3.7,1
2024-11-05,Supermarket Chain,Tiramisu,133000.0,0,0.077,15,3.8,1
2024-11-05,Supermarket Chain,Cheesecake,120000.0,0,0.213,18,3.9,1
2024-11-05,Supermarket Chain,Macaron,21000.0,1,0.132,7,3.7,1
2024-11-05,Supermarket Chain,Éclair,35000.0,0,0.073,7,3.6,1
2024-11-05,Supermarket Chain,Croissant,17000.0,1,0.073,4,3.5,1
2024-11-05,Supermarket Chain,Red Velvet Cake,157000.0,0,0.243,6,4.5,1
2024-11-06,Paris Baguette,Tiramisu,245000.0,0,0.208,2,4.6,0
2024-11-06,Paris Baguette,Cheesecake,206000.0,0,0.063,9,4.0,1
2024-11-06,Paris Baguette,Macaron,42000.0,0,0.076,1,3.7,1
2024-11-06,Paris Baguette,Éclair,61000.0,0,0.056,14,3.6,1
2024-11-06,Paris Baguette,Croissant,34000.0,0,0.25,8,4.8,0
2024-11-06,Paris Baguette,Red Velvet Cake,265000.0,0,0.133,14,4.2,1
2024-11-06,Tous Les Jours,Tiramisu,236000.0,0,0.103,22,4.2,0
2024-11-06,Tous Les Jours,Cheesecake,195000.0,0,0.247,17,3.8,1
2024-11-06,Tous Les Jours,Macaron,42000.0,0,0.213,20,4.3,1
2024-11-06,Tous Les Jours,Éclair,57000.0,0,0.218,18,4.5,1
2024-11-06,Tous Les Jours,Croissant,35000.0,0,0.15,14,4.1,1
2024-11-06,Tous Les Jours,Red Velvet Cake,256000.0,0,0.176,7,4.6,1
2024-11-06,ABC Bakery,Tiramisu,197000.0,0,0.106,14,4.1,0
2024-11-06,ABC Bakery,Cheesecake,167000.0,0,0.128,15,3.9,1
2024-11-06,ABC Bakery,Macaron,35000.0,0,0.106,17,3.6,0
2024-11-06,ABC Bakery,Éclair,50000.0,0,0.227,8,4.0,1
2024-11-06,ABC Bakery,Croissant,28000.0,0,0.103,3,3.7,1
2024-11-06,ABC Bakery,Red Velvet Cake,206000.0,0,0.145,9,4.0,1
2024-11-06,Givral,Tiramisu,188000.0,0,0.178,11,4.3,1
2024-11-06,Givral,Cheesecake,161000.0,0,0.07,3,4.3,0
2024-11-06,Givral,Macaron,34000.0,0,0.193,21,3.9,1
2024-11-06,Givral,Éclair,35000.0,1,0.05,14,4.1,0
2024-11-06,Givral,Croissant,27000.0,0,0.215,23,3.7,1
2024-11-06,Givral,Red Velvet Cake,192000.0,0,0.068,18,4.7,0
2024-11-06,Local Bakery A,Tiramisu,173000.0,0,0.103,8,3.5,1
2024-11-06,Local Bakery A,Cheesecake,151000.0,0,0.189,20,4.8,1
2024-11-06,Local Bakery A,Macaron,31000.0,0,0.197,23,3.5,0
2024-11-06,Local Bakery A,Éclair,46000.0,0,0.158,3,4.0,1
2024-11-06,Local Bakery A,Croissant,25000.0,0,0.102,18,3.9,0
2024-11-06,Local Bakery A,Red Velvet Cake,192000.0,0,0.162,10,4.2,1
2024-11-06,Supermarket Chain,Tiramisu,138000.0,0,0.057,19,3.9,0
2024-11-06,Supermarket Chain,Cheesecake,115000.0,0,0.233,3,3.6,1
2024-11-06,Supermarket Chain,Macaron,24000.0,0,0.102,20,3.9,1
2024-11-06,Supermarket Chain,Éclair,34000.0,0,0.152,16,3.7,1
2024-11-06,Supermarket Chain,Croissant,20000.0,0,0.204,5,4.1,0
2024-11-06,Supermarket Chain,Red Velvet Cake,105000.0,1,0.058,3,4.4,0
2024-11-07,Paris Baguette,Tiramisu,251000.0,0,0.17,18,4.1,0
2024-11-07,Paris Baguette,Cheesecake,202000.0,0,0.119,1,3.9,0
2024-11-07,Paris Baguette,Macaron,42000.0,0,0.212,21,3.6,0
2024-11-07,Paris Baguette,Éclair,62000.0,0,0.072,24,3.6,1
2024-11-07,Paris Baguette,Croissant,26000.0,1,0.248,11,4.7,0
2024-11-07,Paris Baguette,Red Velvet Cake,275000.0,0,0.086,19,3.7,1
2024-11-07,Tous Les Jours,Tiramisu,227000.0,0,0.205,23,4.2,1
2024-11-07,Tous Les Jours,Cheesecake,197000.0,0,0.062,4,4.4,0
2024-11-07,Tous Les Jours,Macaron,41000.0,0,0.136,8,4.5,1
2024-11-07,Tous Les Jours,Éclair,59000.0,0,0.058,13,3.6,0
2024-11-07,Tous Les Jours,Croissant,34000.0,0,0.154,2,4.3,1
2024-11-07,Tous Les Jours,Red Velvet Cake,220000.0,1,0.065,20,4.0,1
2024-11-07,ABC Bakery,Tiramisu,196000.0,0,0.098,20,4.7,0
2024-11-07,ABC Bakery,Cheesecake,169000.0,0,0.121,6,4.0,0
2024-11-07,ABC Bakery,Macaron,33000.0,0,0.219,15,4.0,1
2024-11-07,ABC Bakery,Éclair,50000.0,0,0.182,7,3.9,0
2024-11-07,ABC Bakery,Croissant,29000.0,0,0.191,24,4.4,1
2024-11-07,ABC Bakery,Red Velvet Cake,204000.0,0,0.17,7,4.7,1
2024-11-07,Givral,Tiramisu,184000.0,0,0.174,5,3.5,1
2024-11-07,Givral,Cheesecake,156000.0,0,0.115,17,3.6,1
2024-11-07,Givral,Macaron,34000.0,0,0.095,18,3.7,0
2024-11-07,Givral,Éclair,47000.0,0,0.246,3,3.5,1
2024-11-07,Givral,Croissant,25000.0,1,0.152,22,4.3,1
2024-11-07,Givral,Red Velvet Cake,200000.0,0,0.228,10,4.1,1
2024-11-07,Local Bakery A,Tiramisu,179000.0,0,0.204,9,4.6,1
2024-11-07,Local Bakery A,Cheesecake,150000.0,0,0.239,4,4.8,1
2024-11-07,Local Bakery A,Macaron,31000.0,0,0.06,6,3.7,1
2024-11-07,Local Bakery A,Éclair,44000.0,0,0.078,17,3.8,1
2024-11-07,Local Bakery A,Croissant,27000.0,0,0.203,9,3.7,0
2024-11-07,Local Bakery A,Red Velvet Cake,193000.0,0,0.174,6,3.8,1
2024-11-07,Supermarket Chain,Tiramisu,140000.0,0,0.117,18,3.8,1
2024-11-07,Supermarket Chain,Cheesecake,120000.0,0,0.242,13,4.0,0
2024-11-07,Supermarket Chain,Macaron,24000.0,0,0.192,17,4.3,0
2024-11-07,Supermarket Chain,Éclair,35000.0,0,0.131,12,4.0,1
2024-11-07,Supermarket Chain,Croissant,20000.0,0,0.084,15,4.2,1
2024-11-07,Supermarket Chain,Red Velvet Cake,159000.0,0,0.095,9,4.4,0
2024-11-08,Paris Baguette,Tiramisu,251000.0,0,0.052,17,4.1,0
2024-11-08,Paris Baguette,Cheesecake,204000.0,0,0.179,5,4.2,1
2024-11-08,Paris Baguette,Macaron,41000.0,0,0.115,2,4.7,0
2024-11-08,Paris Baguette,Éclair,58000.0,0,0.106,14,4.1,1
2024-11-08,Paris Baguette,Croissant,32000.0,1,0.123,7,3.9,1
2024-11-08,Paris Baguette,Red Velvet Cake,273000.0,0,0.206,4,4.5,0
2024-11-08,Tous Les Jours,Tiramisu,242000.0,0,0.092,24,4.6,0
2024-11-08,Tous Les Jours,Cheesecake,191000.0,0,0.064,9,4.2,1
2024-11-08,Tous Les Jours,Macaron,40000.0,0,0.202,2,4.6,0
2024-11-08,Tous Les Jours,Éclair,60000.0,0,0.201,13,3.6,0
2024-11-08,Tous Les Jours,Croissant,34000.0,0,0.105,24,4.1,1
2024-11-08,Tous Les Jours,Red Velvet Cake,258000.0,0,0.115,10,3.9,1
2024-11-08,ABC Bakery,Tiramisu,144000.0,1,0.25,18,4.0,0
2024-11-08,ABC Bakery,Cheesecake,172000.0,0,0.142,11,4.8,0
2024-11-08,ABC Bakery,Macaron,33000.0,0,0.188,10,4.4,1
2024-11-08,ABC Bakery,Éclair,49000.0,0,0.182,11,3.9,1
2024-11-08,ABC Bakery,Croissant,30000.0,0,0.121,14,3.5,0
2024-11-08,ABC Bakery,Red Velvet Cake,215000.0,0,0.096,17,4.3,1
2024-11-08,Givral,Tiramisu,197000.0,0,0.1,23,3.6,1
2024-11-08,Givral,Cheesecake,155000.0,0,0.193,23,4.2,0
2024-11-08,Givral,Macaron,27000.0,1,0.096,1,3.7,1
2024-11-08,Givral,Éclair,46000.0,0,0.224,7,3.6,1
2024-11-08,Givral,Croissant,28000.0,0,0.092,22,4.1,1
2024-11-08,Givral,Red Velvet Cake,203000.0,0,0.089,22,3.7,1
2024-11-08,Local Bakery A,Tiramisu,179000.0,0,0.204,4,4.0,0
2024-11-08,Local Bakery A,Cheesecake,155000.0,0,0.101,21,4.8,0
2024-11-08,Local Bakery A,Macaron,30000.0,0,0.218,1,3.9,1
2024-11-08,Local Bakery A,Éclair,48000.0,0,0.193,18,4.4,1
2024-11-08,Local Bakery A,Croissant,29000.0,0,0.101,20,3.7,0
2024-11-08,Local Bakery A,Red Velvet Cake,187000.0,0,0.244,20,4.1,1
2024-11-08,Supermarket Chain,Tiramisu,143000.0,0,0.174,4,4.3,1
2024-11-08,Supermarket Chain,Cheesecake,117000.0,0,0.221,4,4.7,0
2024-11-08,Supermarket Chain,Macaron,24000.0,0,0.106,5,4.2,1
2024-11-08,Supermarket Chain,Éclair,35000.0,0,0.178,19,3.7,1
2024-11-08,Supermarket Chain,Croissant,20000.0,0,0.206,6,3.7,1
2024-11-08,Supermarket Chain,Red Velvet Cake,148000.0,0,0.242,18,4.1,0
2024-11-09,Paris Baguette,Tiramisu,272000.0,0,0.197,19,4.6,1
2024-11-09,Paris Baguette,Cheesecake,227000.0,0,0.245,1,4.4,1
2024-11-09,Paris Baguette,Macaron,34000.0,1,0.141,4,3.8,0
2024-11-09,Paris Baguette,Éclair,64000.0,0,0.139,22,3.9,1
2024-11-09,Paris Baguette,Croissant,39000.0,0,0.187,4,4.7,1
2024-11-09,Paris Baguette,Red Velvet Cake,278000.0,0,0.226,21,3.9,1
2024-11-09,Tous Les Jours,Tiramisu,258000.0,0,0.084,20,4.6,0
2024-11-09,Tous Les Jours,Cheesecake,207000.0,0,0.084,11,3.6,0
2024-11-09,Tous Les Jours,Macaron,31000.0,1,0.061,2,4.0,0
2024-11-09,Tous Les Jours,Éclair,60000.0,0,0.093,16,4.6,1
2024-11-09,Tous Les Jours,Croissant,38000.0,0,0.163,12,4.1,0
2024-11-09,Tous Les Jours,Red Velvet Cake,281000.0,0,0.238,19,3.7,0
2024-11-09,ABC Bakery,Tiramisu,211000.0,0,0.06,16,4.2,1
2024-11-09,ABC Bakery,Cheesecake,172000.0,0,0.159,14,3.6,1
2024-11-09,ABC Bakery,Macaron,32000.0,1,0.196,15,4.3,0
2024-11-09,ABC Bakery,Éclair,51000.0,0,0.171,23,3.6,1
2024-11-09,ABC Bakery,Croissant,22000.0,1,0.174,3,4.6,1
2024-11-09,ABC Bakery,Red Velvet Cake,232000.0,0,0.175,4,4.3,1
2024-11-09,Givral,Tiramisu,169000.0,1,0.093,6,3.7,1
2024-11-09,Givral,Cheesecake,169000.0,0,0.233,21,3.6,1
2024-11-09,Givral,Macaron,36000.0,0,0.137,10,4.2,0
2024-11-09,Givral,Éclair,50000.0,0,0.099,21,3.8,1
2024-11-09,Givral,Croissant,20000.0,1,0.055,21,3.5,1
2024-11-09,Givral,Red Velvet Cake,219000.0,0,0.231,24,4.1,1
2024-11-09,Local Bakery A,Tiramisu,179000.0,0,0.081,4,3.9,0
2024-11-09,Local Bakery A,Cheesecake,156000.0,0,0.087,13,3.9,1
2024-11-09,Local Bakery A,Macaron,32000.0,0,0.247,24,4.7,1
2024-11-09,Local Bakery A,Éclair,45000.0,0,0.182,24,4.5,1
2024-11-09,Local Bakery A,Croissant,29000.0,0,0.083,9,4.3,1
2024-11-09,Local Bakery A,Red Velvet Cake,198000.0,0,0.118,12,3.6,1
2024-11-09,Supermarket Chain,Tiramisu,148000.0,0,0.211,13,4.1,1
2024-11-09,Supermarket Chain,Cheesecake,122000.0,0,0.128,11,4.4,1
2024-11-09,Supermarket Chain,Macaron,27000.0,0,0.11,12,4.1,1
2024-11-09,Supermarket Chain,Éclair,35000.0,0,0.124,9,3.8,1
2024-11-09,Supermarket Chain,Croissant,21000.0,0,0.244,17,3.6,1
2024-11-09,Supermarket Chain,Red Velvet Cake,147000.0,0,0.145,12,4.6,1
2024-11-10,Paris Baguette,Tiramisu,259000.0,0,0.242,5,3.9,1
2024-11-10,Paris Baguette,Cheesecake,215000.0,0,0.24,21,4.5,1
2024-11-10,Paris Baguette,Macaron,45000.0,0,0.108,5,3.7,1
2024-11-10,Paris Baguette,Éclair,66000.0,0,0.07,2,4.0,0
2024-11-10,Paris Baguette,Croissant,39000.0,0,0.102,20,4.2,1
2024-11-10,Paris Baguette,Red Velvet Cake,291000.0,0,0.168,18,3.6,1
2024-11-10,Tous Les Jours,Tiramisu,248000.0,0,0.227,22,4.6,1
2024-11-10,Tous Les Jours,Cheesecake,213000.0,0,0.202,15,4.3,1
2024-11-10,Tous Les Jours,Macaron,45000.0,0,0.06,1,3.9,1
2024-11-10,Tous Les Jours,Éclair,64000.0,0,0.116,10,3.6,0
2024-11-10,Tous Les Jours,Croissant,35000.0,0,0.141,18,4.1,1
2024-11-10,Tous Les Jours,Red Velvet Cake,279000.0,0,0.161,13,4.2,1
2024-11-10,ABC Bakery,Tiramisu,209000.0,0,0.212,16,3.9,1
2024-11-10,ABC Bakery,Cheesecake,173000.0,0,0.083,7,4.8,0
2024-11-10,ABC Bakery,Macaron,38000.0,0,0.248,9,4.4,0
2024-11-10,ABC Bakery,Éclair,51000.0,0,0.063,5,3.5,0
2024-11-10,ABC Bakery,Croissant,32000.0,0,0.193,12,3.9,0
2024-11-10,ABC Bakery,Red Velvet Cake,243000.0,0,0.121,1,3.7,1
2024-11-10,Givral,Tiramisu,197000.0,0,0.175,11,4.0,0
2024-11-10,Givral,Cheesecake,166000.0,0,0.183,2,3.9,0
2024-11-10,Givral,Macaron,27000.0,1,0.068,14,4.5,1
2024-11-10,Givral,Éclair,48000.0,0,0.102,17,4.3,1
2024-11-10,Givral,Croissant,30000.0,0,0.208,22,4.0,1
2024-11-10,Givral,Red Velvet Cake,222000.0,0,0.244,2,4.0,1
2024-11-10,Local Bakery A,Tiramisu,186000.0,0,0.142,22,4.3,0
2024-11-10,Local Bakery A,Cheesecake,149000.0,0,0.054,9,3.5,1
2024-11-10,Local Bakery A,Macaron,32000.0,0,0.131,15,4.3,1
2024-11-10,Local Bakery A,Éclair,46000.0,0,0.199,11,4.6,1
2024-11-10,Local Bakery A,Croissant,24000.0,1,0.168,4,3.8,1
2024-11-10,Local Bakery A,Red Velvet Cake,205000.0,0,0.221,3,4.6,0
2024-11-10,Supermarket Chain,Tiramisu,137000.0,0,0.154,13,4.6,1
2024-11-10,Supermarket Chain,Cheesecake,119000.0,0,0.09,16,3.7,0
2024-11-10,Supermarket Chain,Macaron,25000.0,0,0.245,16,4.0,1
2024-11-10,Supermarket Chain,Éclair,38000.0,0,0.198,4,4.0,1
2024-11-10,Supermarket Chain,Croissant,20000.0,0,0.072,7,4.0,0
2024-11-10,Supermarket Chain,Red Velvet Cake,165000.0,0,0.215,21,3.7,1
2024-11-11,Paris Baguette,Tiramisu,248000.0,0,0.129,17,4.1,1
2024-11-11,Paris Baguette,Cheesecake,200000.0,0,0.199,13,3.7,1
2024-11-11,Paris Baguette,Macaron,44000.0,0,0.055,1,4.2,1
2024-11-11,Paris Baguette,Éclair,46000.0,1,0.113,21,3.8,1
2024-11-11,Paris Baguette,Croissant,38000.0,0,0.131,13,4.4,1
2024-11-11,Paris Baguette,Red Velvet Cake,268000.0,0,0.052,11,3.8,1
2024-11-11,Tous Les Jours,Tiramisu,229000.0,0,0.059,1,4.0,0
2024-11-11,Tous Les Jours,Cheesecake,201000.0,0,0.149,15,4.4,1
2024-11-11,Tous Les Jours,Macaron,43000.0,0,0.159,15,3.8,0
2024-11-11,Tous Les Jours,Éclair,61000.0,0,0.107,21,3.5,1
2024-11-11,Tous Les Jours,Croissant,34000.0,0,0.205,18,4.5,1
2024-11-11,Tous Les Jours,Red Velvet Cake,264000.0,0,0.052,3,4.4,0
2024-11-11,ABC Bakery,Tiramisu,196000.0,0,0.231,11,4.7,0
2024-11-11,ABC Bakery,Cheesecake,175000.0,0,0.107,3,3.7,1
2024-11-11,ABC Bakery,Macaron,35000.0,0,0.073,20,4.4,1
2024-11-11,ABC Bakery,Éclair,50000.0,0,0.204,24,4.6,0
2024-11-11,ABC Bakery,Croissant,28000.0,0,0.219,22,4.2,1
2024-11-11,ABC Bakery,Red Velvet Cake,222000.0,0,0.12,2,3.6,1
2024-11-11,Givral,Tiramisu,192000.0,0,0.102,3,4.7,0
2024-11-11,Givral,Cheesecake,162000.0,0,0.109,2,3.8,1
2024-11-11,Givral,Macaron,32000.0,0,0.202,3,4.0,1
2024-11-11,Givral,Éclair,46000.0,0,0.055,5,4.1,0
2024-11-11,Givral,Croissant,29000.0,0,0.105,18,4.6,1
2024-11-11,Givral,Red Velvet Cake,207000.0,0,0.131,21,4.4,1
2024-11-11,Local Bakery A,Tiramisu,178000.0,0,0.236,17,3.6,0
2024-11-11,Local Bakery A,Cheesecake,147000.0,0,0.173,7,4.0,1
2024-11-11,Local Bakery A,Macaron,31000.0,0,0.195,20,4.1,1
2024-11-11,Local Bakery A,Éclair,45000.0,0,0.234,21,4.1,0
2024-11-11,Local Bakery A,Croissant,26000.0,0,0.248,2,3.7,1
2024-11-11,Local Bakery A,Red Velvet Cake,184000.0,0,0.144,2,4.2,0
2024-11-11,Supermarket Chain,Tiramisu,138000.0,0,0.069,7,4.6,1
2024-11-11,Supermarket Chain,Cheesecake,92000.0,1,0.222,15,4.8,0
2024-11-11,Supermarket Chain,Macaron,25000.0,0,0.239,7,3.5,1
2024-11-11,Supermarket Chain,Éclair,31000.0,1,0.117,10,4.5,1
2024-11-11,Supermarket Chain,Croissant,21000.0,0,0.149,3,3.8,0
2024-11-11,Supermarket Chain,Red Velvet Cake,161000.0,0,0.143,4,3.9,1
2024-11-12,Paris Baguette,Tiramisu,242000.0,0,0.118,19,3.9,1
2024-11-12,Paris Baguette,Cheesecake,219000.0,0,0.249,9,3.7,1
2024-11-12,Paris Baguette,Macaron,42000.0,0,0.062,24,4.7,1
2024-11-12,Paris Baguette,Éclair,62000.0,0,0.097,13,4.5,0
2024-11-12,Paris Baguette,Croissant,37000.0,0,0.222,23,4.1,0
2024-11-12,Paris Baguette,Red Velvet Cake,272000.0,0,0.153,10,3.6,1
2024-11-12,Tous Les Jours,Tiramisu,239000.0,0,0.161,1,3.9,0
2024-11-12,Tous Les Jours,Cheesecake,158000.0,1,0.08,17,3.8,1
2024-11-12,Tous Les Jours,Macaron,42000.0,0,0.146,23,4.3,1
2024-11-12,Tous Les Jours,Éclair,60000.0,0,0.145,17,4.1,1
2024-11-12,Tous Les Jours,Croissant,35000.0,0,0.241,2,4.5,0
2024-11-12,Tous Les Jours,Red Velvet Cake,268000.0,0,0.064,21,3.9,0
2024-11-12,ABC Bakery,Tiramisu,191000.0,0,0.201,21,4.2,1
2024-11-12,ABC Bakery,Cheesecake,166000.0,0,0.237,15,3.6,1
2024-11-12,ABC Bakery,Macaron,35000.0,0,0.197,9,3.6,1
2024-11-12,ABC Bakery,Éclair,52000.0,0,0.247,8,3.8,1
2024-11-12,ABC Bakery,Croissant,29000.0,0,0.129,7,3.7,1
2024-11-12,ABC Bakery,Red Velvet Cake,220000.0,0,0.111,23,4.8,1
2024-11-12,Givral,Tiramisu,181000.0,0,0.151,6,3.6,1
2024-11-12,Givral,Cheesecake,152000.0,0,0.17,7,3.5,0
2024-11-12,Givral,Macaron,34000.0,0,0.104,15,3.7,1
2024-11-12,Givral,Éclair,44000.0,0,0.105,11,3.8,1
2024-11-12,Givral,Croissant,29000.0,0,0.168,1,3.7,1
2024-11-12,Givral,Red Velvet Cake,208000.0,0,0.121,4,3.8,1
2024-11-12,Local Bakery A,Tiramisu,142000.0,1,0.249,17,4.2,1
2024-11-12,Local Bakery A,Cheesecake,154000.0,0,0.142,11,4.8,1
2024-11-12,Local Bakery A,Macaron,31000.0,0,0.208,20,4.3,0
2024-11-12,Local Bakery A,Éclair,46000.0,0,0.183,18,3.9,0
2024-11-12,Local Bakery A,Croissant,27000.0,0,0.173,3,4.6,1
2024-11-12,Local Bakery A,Red Velvet Cake,190000.0,0,0.097,12,4.3,1
2024-11-12,Supermarket Chain,Tiramisu,144000.0,0,0.086,23,4.0,1
2024-11-12,Supermarket Chain,Cheesecake,107000.0,1,0.223,7,4.4,0
2024-11-12,Supermarket Chain,Macaron,23000.0,0,0.096,9,3.6,0
2024-11-12,Supermarket Chain,Éclair,35000.0,0,0.228,5,4.5,0
2024-11-12,Supermarket Chain,Croissant,21000.0,0,0.216,11,4.3,1
2024-11-12,Supermarket Chain,Red Velvet Cake,155000.0,0,0.204,10,4.1,0
2024-11-13,Paris Baguette,Tiramisu,206000.0,1,0.212,12,4.3,0
2024-11-13,Paris Baguette,Cheesecake,214000.0,0,0.123,7,4.3,0
2024-11-13,Paris Baguette,Macaron,45000.0,0,0.14,2,4.1,1
2024-11-13,Paris Baguette,Éclair,51000.0,1,0.1,2,4.2,0
2024-11-13,Paris Baguette,Croissant,38000.0,0,0.178,2,4.2,1
2024-11-13,Paris Baguette,Red Velvet Cake,292000.0,0,0.156,11,3.7,1
2024-11-13,Tous Les Jours,Tiramisu,246000.0,0,0.093,3,4.7,1
2024-11-13,Tous Les Jours,Cheesecake,200000.0,0,0.135,7,4.0,1
2024-11-13,Tous Les Jours,Macaron,33000.0,1,0.111,6,4.0,1
2024-11-13,Tous Les Jours,Éclair,50000.0,1,0.196,16,4.2,1
2024-11-13,Tous Les Jours,Croissant,34000.0,0,0.185,8,3.7,1
2024-11-13,Tous Les Jours,Red Velvet Cake,265000.0,0,0.106,12,3.5,0
2024-11-13,ABC Bakery,Tiramisu,153000.0,1,0.165,18,4.1,1
2024-11-13,ABC Bakery,Cheesecake,171000.0,0,0.2,3,4.1,1
2024-11-13,ABC Bakery,Macaron,26000.0,1,0.159,10,3.9,1
2024-11-13,ABC Bakery,Éclair,51000.0,0,0.159,23,4.2,0
2024-11-13,ABC Bakery,Croissant,23000.0,1,0.104,16,4.3,1
2024-11-13,ABC Bakery,Red Velvet Cake,223000.0,0,0.088,17,3.8,1
2024-11-13,Givral,Tiramisu,189000.0,0,0.115,13,3.7,0
2024-11-13,Givral,Cheesecake,164000.0,0,0.164,23,3.6,1
2024-11-13,Givral,Macaron,33000.0,0,0.233,21,4.4,1
2024-11-13,Givral,Éclair,48000.0,0,0.222,14,4.5,1
2024-11-13,Givral,Croissant,30000.0,0,0.052,1,3.7,0
2024-11-13,Givral,Red Velvet Cake,212000.0,0,0.093,15,3.6,1
2024-11-13,Local Bakery A,Tiramisu,182000.0,0,0.088,18,4.0,0
2024-11-13,Local Bakery A,Cheesecake,150000.0,0,0.087,13,4.3,0
2024-11-13,Local Bakery A,Macaron,32000.0,0,0.085,7,3.6,1
2024-11-13,Local Bakery A,Éclair,43000.0,0,0.056,9,4.5,0
2024-11-13,Local Bakery A,Croissant,19000.0,1,0.089,17,4.1,0
2024-11-13,Local Bakery A,Red Velvet Cake,199000.0,0,0.212,15,3.7,0
2024-11-13,Supermarket Chain,Tiramisu,144000.0,0,0.053,23,4.5,1
2024-11-13,Supermarket Chain,Cheesecake,98000.0,1,0.099,22,4.1,1
2024-11-13,Supermarket Chain,Macaron,21000.0,1,0.118,6,4.8,0
2024-11-13,Supermarket Chain,Éclair,35000.0,0,0.085,5,4.3,1
2024-11-13,Supermarket Chain,Croissant,21000.0,0,0.201,2,3.8,0
2024-11-13,Supermarket Chain,Red Velvet Cake,161000.0,0,0.229,3,4.1,1
2024-11-14,Paris Baguette,Tiramisu,255000.0,0,0.16,9,4.7,1
2024-11-14,Paris Baguette,Cheesecake,211000.0,0,0.183,13,4.4,1
2024-11-14,Paris Baguette,Macaron,44000.0,0,0.152,15,3.6,1
2024-11-14,Paris Baguette,Éclair,66000.0,0,0.187,14,4.3,1
2024-11-14,Paris Baguette,Croissant,37000.0,0,0.053,9,4.2,1
2024-11-14,Paris Baguette,Red Velvet Cake,286000.0,0,0.152,8,4.2,0
2024-11-14,Tous Les Jours,Tiramisu,249000.0,0,0.196,15,4.5,1
2024-11-14,Tous Les Jours,Cheesecake,208000.0,0,0.185,1,3.8,1
2024-11-14,Tous Les Jours,Macaron,41000.0,0,0.14,24,4.8,1
2024-11-14,Tous Les Jours,Éclair,61000.0,0,0.249,6,4.2,1
2024-11-14,Tous Les Jours,Croissant,36000.0,0,0.165,16,3.6,1
2024-11-14,Tous Les Jours,Red Velvet Cake,264000.0,0,0.172,23,4.4,0
2024-11-14,ABC Bakery,Tiramisu,166000.0,1,0.211,16,4.6,1
2024-11-14,ABC Bakery,Cheesecake,180000.0,0,0.204,21,3.7,1
2024-11-14,ABC Bakery,Macaron,24000.0,1,0.136,21,4.3,1
2024-11-14,ABC Bakery,Éclair,50000.0,0,0.177,1,4.1,1
2024-11-14,ABC Bakery,Croissant,26000.0,1,0.111,13,3.6,1
2024-11-14,ABC Bakery,Red Velvet Cake,223000.0,0,0.173,12,4.6,1
2024-11-14,Givral,Tiramisu,140000.0,1,0.239,14,4.4,0
2024-11-14,Givral,Cheesecake,154000.0,0,0.195,15,4.1,1
2024-11-14,Givral,Macaron,32000.0,0,0.248,9,4.4,1
2024-11-14,Givral,Éclair,49000.0,0,0.09,17,4.8,0
2024-11-14,Givral,Croissant,30000.0,0,0.083,9,4.5,1
2024-11-14,Givral,Red Velvet Cake,209000.0,0,0.072,24,3.8,1
2024-11-14,Local Bakery A,Tiramisu,177000.0,0,0.171,8,3.7,1
2024-11-14,Local Bakery A,Cheesecake,162000.0,0,0.158,20,3.8,0
2024-11-14,Local Bakery A,Macaron,23000.0,1,0.238,16,3.7,1
2024-11-14,Local Bakery A,Éclair,32000.0,1,0.124,17,3.6,1
2024-11-14,Local Bakery A,Croissant,27000.0,0,0.19,7,3.8,1
2024-11-14,Local Bakery A,Red Velvet Cake,196000.0,0,0.144,8,3.5,1
2024-11-14,Supermarket Chain,Tiramisu,141000.0,0,0.055,16,3.6,1
2024-11-14,Supermarket Chain,Cheesecake,121000.0,0,0.148,14,3.8,1
2024-11-14,Supermarket Chain,Macaron,24000.0,0,0.229,20,4.5,1
2024-11-14,Supermarket Chain,Éclair,36000.0,0,0.087,2,3.6,1
2024-11-14,Supermarket Chain,Croissant,18000.0,1,0.159,11,4.0,1
2024-11-14,Supermarket Chain,Red Velvet Cake,138000.0,1,0.064,23,4.7,0
2024-11-15,Paris Baguette,Tiramisu,265000.0,0,0.067,1,4.2,0
2024-11-15,Paris Baguette,Cheesecake,207000.0,0,0.181,11,4.4,1
2024-11-15,Paris Baguette,Macaron,46000.0,0,0.116,9,3.7,0
2024-11-15,Paris Baguette,Éclair,61000.0,0,0.149,18,3.8,0
2024-11-15,Paris Baguette,Croissant,37000.0,0,0.225,15,3.8,1
2024-11-15,Paris Baguette,Red Velvet Cake,267000.0,0,0.155,11,3.8,1
2024-11-15,Tous Les Jours,Tiramisu,246000.0,0,0.203,24,3.9,1
2024-11-15,Tous Les Jours,Cheesecake,209000.0,0,0.079,18,3.5,0
2024-11-15,Tous Les Jours,Macaron,44000.0,0,0.137,7,4.1,1
2024-11-15,Tous Les Jours,Éclair,52000.0,1,0.191,20,3.9,0
2024-11-15,Tous Les Jours,Croissant,36000.0,0,0.058,1,3.5,1
2024-11-15,Tous Les Jours,Red Velvet Cake,260000.0,0,0.078,8,4.5,1
2024-11-15,ABC Bakery,Tiramisu,198000.0,0,0.126,2,3.7,1
2024-11-15,ABC Bakery,Cheesecake,166000.0,0,0.167,1,4.0,1
2024-11-15,ABC Bakery,Macaron,36000.0,0,0.111,9,4.1,1
2024-11-15,ABC Bakery,Éclair,51000.0,0,0.074,24,4.1,1
2024-11-15,ABC Bakery,Croissant,31000.0,0,0.151,12,3.7,0
2024-11-15,ABC Bakery,Red Velvet Cake,210000.0,0,0.228,2,4.4,1
2024-11-15,Givral,Tiramisu,193000.0,0,0.189,2,4.8,0
2024-11-15,Givral,Cheesecake,161000.0,0,0.228,18,3.5,0
2024-11-15,Givral,Macaron,35000.0,0,0.084,24,3.7,1
2024-11-15,Givral,Éclair,46000.0,0,0.123,11,4.7,0
2024-11-15,Givral,Croissant,29000.0,0,0.15,15,4.6,1
2024-11-15,Givral,Red Velvet Cake,186000.0,1,0.128,7,4.6,0
2024-11-15,Local Bakery A,Tiramisu,154000.0,1,0.182,6,4.1,1
2024-11-15,Local Bakery A,Cheesecake,149000.0,0,0.088,7,3.8,1
2024-11-15,Local Bakery A,Macaron,26000.0,1,0.054,13,4.0,1
2024-11-15,Local Bakery A,Éclair,43000.0,0,0.086,12,4.8,1
2024-11-15,Local Bakery A,Croissant,21000.0,1,0.052,11,3.9,1
2024-11-15,Local Bakery A,Red Velvet Cake,197000.0,0,0.131,19,3.5,1
2024-11-15,Supermarket Chain,Tiramisu,148000.0,0,0.051,2,3.9,1
2024-11-15,Supermarket Chain,Cheesecake,117000.0,0,0.07,20,3.8,1
2024-11-15,Supermarket Chain,Macaron,25000.0,0,0.058,14,3.9,1
2024-11-15,Supermarket Chain,Éclair,35000.0,0,0.183,10,4.0,0
2024-11-15,Supermarket Chain,Croissant,20000.0,0,0.158,3,4.5,0
2024-11-15,Supermarket Chain,Red Velvet Cake,154000.0,0,0.229,7,4.5,1
2024-11-16,Paris Baguette,Tiramisu,248000.0,0,0.19,21,3.7,0
2024-11-16,Paris Baguette,Cheesecake,222000.0,0,0.149,15,3.8,1
2024-11-16,Paris Baguette,Macaron,45000.0,0,0.055,14,4.7,1
2024-11-16,Paris Baguette,Éclair,65000.0,0,0.169,15,4.3,1
2024-11-16,Paris Baguette,Croissant,40000.0,0,0.142,24,4.6,0
2024-11-16,Paris Baguette,Red Velvet Cake,290000.0,0,0.243,4,3.7,1
2024-11-16,Tous Les Jours,Tiramisu,251000.0,0,0.167,16,4.1,1
2024-11-16,Tous Les Jours,Cheesecake,214000.0,0,0.106,7,3.7,0
2024-11-16,Tous Les Jours,Macaron,42000.0,0,0.191,7,3.8,1
2024-11-16,Tous Les Jours,Éclair,47000.0,1,0.075,2,4.1,1
2024-11-16,Tous Les Jours,Croissant,40000.0,0,0.201,22,4.5,1
2024-11-16,Tous Les Jours,Red Velvet Cake,273000.0,0,0.105,20,4.8,1
2024-11-16,ABC Bakery,Tiramisu,223000.0,0,0.137,11,3.9,1
2024-11-16,ABC Bakery,Cheesecake,182000.0,0,0.178,18,4.0,1
2024-11-16,ABC Bakery,Macaron,38000.0,0,0.078,7,4.1,1
2024-11-16,ABC Bakery,Éclair,53000.0,0,0.146,22,4.4,1
2024-11-16,ABC Bakery,Croissant,30000.0,0,0.17,8,3.9,0
2024-11-16,ABC Bakery,Red Velvet Cake,239000.0,0,0.221,14,4.1,0
2024-11-16,Givral,Tiramisu,193000.0,0,0.086,14,3.6,1
2024-11-16,Givral,Cheesecake,172000.0,0,0.061,13,4.0,0
2024-11-16,Givral,Macaron,34000.0,0,0.199,9,3.6,0
2024-11-16,Givral,Éclair,40000.0,1,0.092,17,4.2,1
2024-11-16,Givral,Croissant,31000.0,0,0.146,4,3.9,1
2024-11-16,Givral,Red Velvet Cake,211000.0,0,0.141,23,3.5,1
2024-11-16,Local Bakery A,Tiramisu,184000.0,0,0.149,20,4.6,1
2024-11-16,Local Bakery A,Cheesecake,168000.0,0,0.154,1,4.7,1
2024-11-16,Local Bakery A,Macaron,32000.0,0,0.086,8,4.7,0
2024-11-16,Local Bakery A,Éclair,48000.0,0,0.087,20,4.5,1
2024-11-16,Local Bakery A,Croissant,29000.0,0,0.09,4,4.1,0
2024-11-16,Local Bakery A,Red Velvet Cake,217000.0,0,0.109,21,3.5,1
2024-11-16,Supermarket Chain,Tiramisu,146000.0,0,0.232,11,4.6,1
2024-11-16,Supermarket Chain,Cheesecake,128000.0,0,0.159,6,4.1,1
2024-11-16,Supermarket Chain,Macaron,26000.0,0,0.177,2,4.3,1
2024-11-16,Supermarket Chain,Éclair,38000.0,0,0.177,9,3.7,1
2024-11-16,Supermarket Chain,Croissant,22000.0,0,0.085,1,4.0,1
2024-11-16,Supermarket Chain,Red Velvet Cake,164000.0,0,0.127,20,4.4,1
2024-11-17,Paris Baguette,Tiramisu,268000.0,0,0.108,15,3.5,1
2024-11-17,Paris Baguette,Cheesecake,226000.0,0,0.199,9,4.5,1
2024-11-17,Paris Baguette,Macaron,48000.0,0,0.154,18,3.8,1
2024-11-17,Paris Baguette,Éclair,68000.0,0,0.143,11,4.1,1
2024-11-17,Paris Baguette,Croissant,39000.0,0,0.21,17,4.0,1
2024-11-17,Paris Baguette,Red Velvet Cake,285000.0,0,0.054,8,3.8,0
2024-11-17,Tous Les Jours,Tiramisu,240000.0,0,0.144,11,4.3,1
2024-11-17,Tous Les Jours,Cheesecake,204000.0,0,0.125,17,3.7,1
2024-11-17,Tous Les Jours,Macaron,43000.0,0,0.082,2,3.9,1
2024-11-17,Tous Les Jours,Éclair,60000.0,0,0.226,2,4.7,1
2024-11-17,Tous Les Jours,Croissant,36000.0,0,0.074,14,4.7,1
2024-11-17,Tous Les Jours,Red Velvet Cake,268000.0,0,0.207,4,3.6,0
2024-11-17,ABC Bakery,Tiramisu,210000.0,0,0.194,9,3.7,0
2024-11-17,ABC Bakery,Cheesecake,131000.0,1,0.075,6,3.6,1
2024-11-17,ABC Bakery,Macaron,38000.0,0,0.214,8,4.5,1
2024-11-17,ABC Bakery,Éclair,52000.0,0,0.052,17,3.5,1
2024-11-17,ABC Bakery,Croissant,33000.0,0,0.191,22,3.9,0
2024-11-17,ABC Bakery,Red Velvet Cake,247000.0,0,0.093,20,3.8,1
2024-11-17,Givral,Tiramisu,189000.0,0,0.178,10,3.6,1
2024-11-17,Givral,Cheesecake,171000.0,0,0.149,13,4.3,1
2024-11-17,Givral,Macaron,36000.0,0,0.072,17,4.8,1
2024-11-17,Givral,Éclair,50000.0,0,0.181,13,4.1,1
2024-11-17,Givral,Croissant,31000.0,0,0.228,13,4.0,0
2024-11-17,Givral,Red Velvet Cake,211000.0,0,0.16,14,3.5,1
2024-11-17,Local Bakery A,Tiramisu,190000.0,0,0.17,23,3.8,1
2024-11-17,Local Bakery A,Cheesecake,159000.0,0,0.082,19,4.1,0
2024-11-17,Local Bakery A,Macaron,34000.0,0,0.154,17,4.3,0
2024-11-17,Local Bakery A,Éclair,47000.0,0,0.069,16,4.3,1
2024-11-17,Local Bakery A,Croissant,30000.0,0,0.222,10,4.1,1
2024-11-17,Local Bakery A,Red Velvet Cake,223000.0,0,0.192,23,4.2,0
2024-11-17,Supermarket Chain,Tiramisu,154000.0,0,0.159,10,3.6,0
2024-11-17,Supermarket Chain,Cheesecake,125000.0,0,0.19,17,4.3,1
2024-11-17,Supermarket Chain,Macaron,27000.0,0,0.247,14,4.5,1
2024-11-17,Supermarket Chain,Éclair,38000.0,0,0.204,3,4.0,1
2024-11-17,Supermarket Chain,Croissant,23000.0,0,0.061,11,4.5,1
2024-11-17,Supermarket Chain,Red Velvet Cake,122000.0,1,0.246,7,3.8,0
2024-11-18,Paris Baguette,Tiramisu,253000.0,0,0.236,14,4.4,1
2024-11-18,Paris Baguette,Cheesecake,226000.0,0,0.132,23,4.2,1
2024-11-18,Paris Baguette,Macaron,44000.0,0,0.083,23,4.7,1
2024-11-18,Paris Baguette,Éclair,63000.0,0,0.122,21,4.4,1
2024-11-18,Paris Baguette,Croissant,38000.0,0,0.054,8,4.8,1
2024-11-18,Paris Baguette,Red Velvet Cake,277000.0,0,0.148,17,4.5,0
2024-11-18,Tous Les Jours,Tiramisu,236000.0,0,0.174,19,4.1,1
2024-11-18,Tous Les Jours,Cheesecake,204000.0,0,0.209,2,4.8,1
2024-11-18,Tous Les Jours,Macaron,35000.0,1,0.129,5,3.7,1
2024-11-18,Tous Les Jours,Éclair,59000.0,0,0.083,16,4.4,1
2024-11-18,Tous Les Jours,Croissant,38000.0,0,0.117,2,3.9,1
2024-11-18,Tous Les Jours,Red Velvet Cake,259000.0,0,0.227,15,4.3,0
2024-11-18,ABC Bakery,Tiramisu,198000.0,0,0.192,15,4.6,1
2024-11-18,ABC Bakery,Cheesecake,173000.0,0,0.054,2,4.1,0
2024-11-18,ABC Bakery,Macaron,36000.0,0,0.081,7,3.6,0
2024-11-18,ABC Bakery,Éclair,52000.0,0,0.056,15,3.7,0
2024-11-18,ABC Bakery,Croissant,22000.0,1,0.109,1,3.9,1
2024-11-18,ABC Bakery,Red Velvet Cake,216000.0,0,0.068,3,3.5,1
2024-11-18,Givral,Tiramisu,202000.0,0,0.246,8,4.4,0
2024-11-18,Givral,Cheesecake,172000.0,0,0.235,4,4.2,0
2024-11-18,Givral,Macaron,32000.0,0,0.104,20,4.8,0
2024-11-18,Givral,Éclair,47000.0,0,0.217,8,3.8,1
2024-11-18,Givral,Croissant,20000.0,1,0.229,9,4.0,1
2024-11-18,Givral,Red Velvet Cake,224000.0,0,0.16,3,4.6,1
2024-11-18,Local Bakery A,Tiramisu,181000.0,0,0.062,13,3.6,1
2024-11-18,Local Bakery A,Cheesecake,154000.0,0,0.219,9,4.4,0
2024-11-18,Local Bakery A,Macaron,31000.0,0,0.138,3,3.9,1
2024-11-18,Local Bakery A,Éclair,44000.0,0,0.164,13,4.0,1
2024-11-18,Local Bakery A,Croissant,28000.0,0,0.242,19,3.8,1
2024-11-18,Local Bakery A,Red Velvet Cake,193000.0,0,0.087,15,4.3,1
2024-11-18,Supermarket Chain,Tiramisu,139000.0,0,0.096,21,3.5,1
2024-11-18,Supermarket Chain,Cheesecake,120000.0,0,0.156,6,4.6,0
2024-11-18,Supermarket Chain,Macaron,24000.0,0,0.191,14,3.6,0
2024-11-18,Supermarket Chain,Éclair,37000.0,0,0.178,12,4.1,1
2024-11-18,Supermarket Chain,Croissant,21000.0,0,0.072,11,3.7,1
2024-11-18,Supermarket Chain,Red Velvet Cake,159000.0,0,0.15,3,4.3,0
2024-11-19,Paris Baguette,Tiramisu,244000.0,0,0.057,11,4.6,1
2024-11-19,Paris Baguette,Cheesecake,219000.0,0,0.106,4,4.4,0
2024-11-19,Paris Baguette,Macaron,43000.0,0,0.071,10,4.0,0
2024-11-19,Paris Baguette,Éclair,62000.0,0,0.182,9,4.5,0
2024-11-19,Paris Baguette,Croissant,38000.0,0,0.149,18,4.0,1
2024-11-19,Paris Baguette,Red Velvet Cake,289000.0,0,0.056,6,3.9,1
2024-11-19,Tous Les Jours,Tiramisu,244000.0,0,0.235,17,4.0,1
2024-11-19,Tous Les Jours,Cheesecake,189000.0,0,0.143,15,3.5,0
2024-11-19,Tous Les Jours,Macaron,42000.0,0,0.248,24,3.7,0
2024-11-19,Tous Les Jours,Éclair,59000.0,0,0.146,24,3.7,0
2024-11-19,Tous Les Jours,Croissant,36000.0,0,0.238,13,3.6,0
2024-11-19,Tous Les Jours,Red Velvet Cake,179000.0,1,0.139,12,4.5,0
2024-11-19,ABC Bakery,Tiramisu,198000.0,0,0.202,14,3.6,0
2024-11-19,ABC Bakery,Cheesecake,177000.0,0,0.064,13,4.3,1
2024-11-19,ABC Bakery,Macaron,25000.0,1,0.114,12,4.3,0
2024-11-19,ABC Bakery,Éclair,48000.0,0,0.192,22,3.7,0
2024-11-19,ABC Bakery,Croissant,31000.0,0,0.243,18,4.1,1
2024-11-19,ABC Bakery,Red Velvet Cake,185000.0,1,0.179,19,4.1,1
2024-11-19,Givral,Tiramisu,191000.0,0,0.167,20,4.8,1
2024-11-19,Givral,Cheesecake,168000.0,0,0.092,10,4.0,0
2024-11-19,Givral,Macaron,32000.0,0,0.118,13,4.7,1
2024-11-19,Givral,Éclair,48000.0,0,0.249,23,3.7,0
2024-11-19,Givral,Croissant,29000.0,0,0.058,23,3.7,1
2024-11-19,Givral,Red Velvet Cake,212000.0,0,0.181,21,4.3,1
2024-11-19,Local Bakery A,Tiramisu,172000.0,0,0.065,11,4.3,1
2024-11-19,Local Bakery A,Cheesecake,150000.0,0,0.204,14,4.6,0
2024-11-19,Local Bakery A,Macaron,33000.0,0,0.21,20,3.9,0
2024-11-19,Local Bakery A,Éclair,45000.0,0,0.152,13,4.6,0
2024-11-19,Local Bakery A,Croissant,28000.0,0,0.161,2,4.8,0
2024-11-19,Local Bakery A,Red Velvet Cake,203000.0,0,0.217,5,4.7,0
2024-11-19,Supermarket Chain,Tiramisu,136000.0,0,0.233,1,4.1,1
2024-11-19,Supermarket Chain,Cheesecake,121000.0,0,0.211,12,4.0,1
2024-11-19,Supermarket Chain,Macaron,17000.0,1,0.181,16,4.0,1
2024-11-19,Supermarket Chain,Éclair,34000.0,0,0.089,9,3.5,1
2024-11-19,Supermarket Chain,Croissant,21000.0,0,0.103,9,4.2,1
2024-11-19,Supermarket Chain,Red Velvet Cake,141000.0,0,0.248,9,4.4,1
2024-11-20,Paris Baguette,Tiramisu,256000.0,0,0.236,5,3.6,0
2024-11-20,Paris Baguette,Cheesecake,219000.0,0,0.132,19,3.7,1
2024-11-20,Paris Baguette,Macaron,44000.0,0,0.242,22,4.4,1
2024-11-20,Paris Baguette,Éclair,62000.0,0,0.118,23,3.7,1
2024-11-20,Paris Baguette,Croissant,39000.0,0,0.244,14,4.7,0
2024-11-20,Paris Baguette,Red Velvet Cake,288000.0,0,0.191,18,4.2,0
2024-11-20,Tous Les Jours,Tiramisu,233000.0,0,0.162,21,4.4,0
2024-11-20,Tous Les Jours,Cheesecake,216000.0,0,0.17,4,4.8,1
2024-11-20,Tous Les Jours,Macaron,44000.0,0,0.079,16,4.5,1
2024-11-20,Tous Les Jours,Éclair,61000.0,0,0.067,8,3.8,1
2024-11-20,Tous Les Jours,Croissant,35000.0,0,0.242,14,3.7,0
2024-11-20,Tous Les Jours,Red Velvet Cake,275000.0,0,0.055,12,4.0,0
2024-11-20,ABC Bakery,Tiramisu,210000.0,0,0.194,21,4.2,1
2024-11-20,ABC Bakery,Cheesecake,172000.0,0,0.21,19,3.5,0
2024-11-20,ABC Bakery,Macaron,30000.0,1,0.142,2,4.2,1
2024-11-20,ABC Bakery,Éclair,51000.0,0,0.185,4,4.1,1
2024-11-20,ABC Bakery,Croissant,22000.0,1,0.181,18,4.5,1
2024-11-20,ABC Bakery,Red Velvet Cake,209000.0,0,0.195,13,4.5,1
2024-11-20,Givral,Tiramisu,196000.0,0,0.077,13,4.5,1
2024-11-20,Givral,Cheesecake,160000.0,0,0.182,21,3.8,0
2024-11-20,Givral,Macaron,33000.0,0,0.111,2,4.8,1
2024-11-20,Givral,Éclair,50000.0,0,0.199,22,3.6,1
2024-11-20,Givral,Croissant,28000.0,0,0.154,20,4.6,0
2024-11-20,Givral,Red Velvet Cake,208000.0,0,0.149,2,3.9,0
2024-11-20,Local Bakery A,Tiramisu,180000.0,0,0.184,4,4.5,1
2024-11-20,Local Bakery A,Cheesecake,153000.0,0,0.18,17,4.1,1
2024-11-20,Local Bakery A,Macaron,32000.0,0,0.068,11,3.7,1
2024-11-20,Local Bakery A,Éclair,42000.0,0,0.195,5,4.2,1
2024-11-20,Local Bakery A,Croissant,28000.0,0,0.208,14,3.7,0
2024-11-20,Local Bakery A,Red Velvet Cake,154000.0,1,0.12,17,3.9,0
2024-11-20,Supermarket Chain,Tiramisu,116000.0,1,0.121,7,4.0,0
2024-11-20,Supermarket Chain,Cheesecake,119000.0,0,0.128,16,4.7,1
2024-11-20,Supermarket Chain,Macaron,17000.0,1,0.123,9,4.6,1
2024-11-20,Supermarket Chain,Éclair,38000.0,0,0.214,8,4.7,1
2024-11-20,Supermarket Chain,Croissant,21000.0,0,0.054,23,4.6,1
2024-11-20,Supermarket Chain,Red Velvet Cake,114000.0,1,0.079,23,4.4,0
2024-11-21,Paris Baguette,Tiramisu,242000.0,0,0.233,2,3.6,0
2024-11-21,Paris Baguette,Cheesecake,213000.0,0,0.202,23,4.6,0
2024-11-21,Paris Baguette,Macaron,46000.0,0,0.115,16,4.6,0
2024-11-21,Paris Baguette,Éclair,63000.0,0,0.194,24,4.0,1
2024-11-21,Paris Baguette,Croissant,38000.0,0,0.068,8,4.5,0
2024-11-21,Paris Baguette,Red Velvet Cake,285000.0,0,0.169,6,4.7,1
2024-11-21,Tous Les Jours,Tiramisu,238000.0,0,0.16,3,4.1,0
2024-11-21,Tous Les Jours,Cheesecake,206000.0,0,0.094,9,3.9,1
2024-11-21,Tous Les Jours,Macaron,45000.0,0,0.097,7,4.2,0
2024-11-21,Tous Les Jours,Éclair,59000.0,0,0.069,17,4.6,1
2024-11-21,Tous Les Jours,Croissant,37000.0,0,0.142,9,3.9,1
2024-11-21,Tous Les Jours,Red Velvet Cake,273000.0,0,0.197,19,3.9,0
2024-11-21,ABC Bakery,Tiramisu,212000.0,0,0.124,9,3.6,1
2024-11-21,ABC Bakery,Cheesecake,176000.0,0,0.196,21,4.5,0
2024-11-21,ABC Bakery,Macaron,34000.0,0,0.184,18,4.4,1
2024-11-21,ABC Bakery,Éclair,51000.0,0,0.215,11,4.3,0
2024-11-21,ABC Bakery,Croissant,31000.0,0,0.073,22,4.2,1
2024-11-21,ABC Bakery,Red Velvet Cake,219000.0,0,0.154,5,3.5,0
2024-11-21,Givral,Tiramisu,186000.0,0,0.069,18,4.5,0
2024-11-21,Givral,Cheesecake,165000.0,0,0.108,1,4.1,0
2024-11-21,Givral,Macaron,35000.0,0,0.195,8,4.7,1
2024-11-21,Givral,Éclair,47000.0,0,0.221,9,4.8,1
2024-11-21,Givral,Croissant,28000.0,0,0.084,7,3.9,1
2024-11-21,Givral,Red Velvet Cake,208000.0,0,0.056,8,3.9,1
2024-11-21,Local Bakery A,Tiramisu,191000.0,0,0.074,20,4.8,1
2024-11-21,Local Bakery A,Cheesecake,150000.0,0,0.101,10,3.9,1
2024-11-21,Local Bakery A,Macaron,33000.0,0,0.089,16,4.8,0
2024-11-21,Local Bakery A,Éclair,46000.0,0,0.223,8,4.4,1
2024-11-21,Local Bakery A,Croissant,27000.0,0,0.097,1,4.5,0
2024-11-21,Local Bakery A,Red Velvet Cake,202000.0,0,0.174,19,4.5,1
2024-11-21,Supermarket Chain,Tiramisu,143000.0,0,0.248,17,4.7,1
2024-11-21,Supermarket Chain,Cheesecake,121000.0,0,0.237,2,4.2,1
2024-11-21,Supermarket Chain,Macaron,25000.0,0,0.174,20,4.4,1
2024-11-21,Supermarket Chain,Éclair,35000.0,0,0.187,10,4.6,0
2024-11-21,Supermarket Chain,Croissant,17000.0,1,0.208,10,4.8,1
2024-11-21,Supermarket Chain,Red Velvet Cake,150000.0,0,0.246,16,3.6,1
2024-11-22,Paris Baguette,Tiramisu,256000.0,0,0.172,22,3.6,1
2024-11-22,Paris Baguette,Cheesecake,195000.0,1,0.172,18,3.9,1
2024-11-22,Paris Baguette,Macaron,44000.0,0,0.23,21,4.1,0
2024-11-22,Paris Baguette,Éclair,63000.0,0,0.137,16,4.7,0
2024-11-22,Paris Baguette,Croissant,36000.0,0,0.156,12,4.1,1
2024-11-22,Paris Baguette,Red Velvet Cake,269000.0,0,0.093,19,4.0,0
2024-11-22,Tous Les Jours,Tiramisu,199000.0,1,0.084,10,4.6,1
2024-11-22,Tous Les Jours,Cheesecake,206000.0,0,0.217,1,4.7,0
2024-11-22,Tous Les Jours,Macaron,45000.0,0,0.186,2,4.7,1
2024-11-22,Tous Les Jours,Éclair,63000.0,0,0.093,16,3.7,1
2024-11-22,Tous Les Jours,Croissant,36000.0,0,0.194,7,4.5,1
2024-11-22,Tous Les Jours,Red Velvet Cake,260000.0,0,0.065,1,4.8,1
2024-11-22,ABC Bakery,Tiramisu,174000.0,1,0.079,14,4.4,1
2024-11-22,ABC Bakery,Cheesecake,169000.0,0,0.085,1,4.7,1
2024-11-22,ABC Bakery,Macaron,30000.0,1,0.214,2,4.6,1
2024-11-22,ABC Bakery,Éclair,51000.0,0,0.134,5,4.5,0
2024-11-22,ABC Bakery,Croissant,32000.0,0,0.159,5,3.7,0
2024-11-22,ABC Bakery,Red Velvet Cake,224000.0,0,0.235,16,4.3,1
2024-11-22,Givral,Tiramisu,189000.0,0,0.237,11,3.7,0
2024-11-22,Givral,Cheesecake,164000.0,0,0.081,20,4.5,1
2024-11-22,Givral,Macaron,34000.0,0,0.103,19,3.7,0
2024-11-22,Givral,Éclair,49000.0,0,0.109,1,4.3,1
2024-11-22,Givral,Croissant,28000.0,0,0.243,23,4.1,1
2024-11-22,Givral,Red Velvet Cake,152000.0,1,0.131,13,4.4,1
2024-11-22,Local Bakery A,Tiramisu,184000.0,0,0.075,5,4.4,0
2024-11-22,Local Bakery A,Cheesecake,157000.0,0,0.063,18,4.4,1
2024-11-22,Local Bakery A,Macaron,32000.0,0,0.161,17,3.9,0
2024-11-22,Local Bakery A,Éclair,47000.0,0,0.111,9,4.1,0
2024-11-22,Local Bakery A,Croissant,22000.0,1,0.147,3,4.7,1
2024-11-22,Local Bakery A,Red Velvet Cake,194000.0,0,0.192,24,4.1,0
2024-11-22,Supermarket Chain,Tiramisu,136000.0,0,0.209,16,3.5,1
2024-11-22,Supermarket Chain,Cheesecake,122000.0,0,0.141,13,4.0,1
2024-11-22,Supermarket Chain,Macaron,25000.0,0,0.14,11,4.5,0
2024-11-22,Supermarket Chain,Éclair,36000.0,0,0.178,1,4.5,1
2024-11-22,Supermarket Chain,Croissant,22000.0,0,0.234,12,4.1,0
2024-11-22,Supermarket Chain,Red Velvet Cake,149000.0,0,0.199,11,3.7,1
2024-11-23,Paris Baguette,Tiramisu,258000.0,0,0.194,12,4.2,1
2024-11-23,Paris Baguette,Cheesecake,237000.0,0,0.1,22,3.8,1
2024-11-23,Paris Baguette,Macaron,47000.0,0,0.065,9,3.8,1
2024-11-23,Paris Baguette,Éclair,68000.0,0,0.088,5,4.1,0
2024-11-23,Paris Baguette,Croissant,41000.0,0,0.097,2,3.8,1
2024-11-23,Paris Baguette,Red Velvet Cake,288000.0,0,0.185,1,3.7,1
2024-11-23,Tous Les Jours,Tiramisu,257000.0,0,0.245,9,4.3,1
2024-11-23,Tous Les Jours,Cheesecake,230000.0,0,0.097,10,3.7,1
2024-11-23,Tous Les Jours,Macaron,43000.0,0,0.169,8,3.8,1
2024-11-23,Tous Les Jours,Éclair,62000.0,0,0.187,22,4.3,1
2024-11-23,Tous Les Jours,Croissant,39000.0,0,0.117,16,4.5,1
2024-11-23,Tous Les Jours,Red Velvet Cake,286000.0,0,0.067,4,4.7,1
2024-11-23,ABC Bakery,Tiramisu,211000.0,0,0.154,1,4.1,1
2024-11-23,ABC Bakery,Cheesecake,126000.0,1,0.161,19,3.5,0
2024-11-23,ABC Bakery,Macaron,38000.0,0,0.113,16,3.6,0
2024-11-23,ABC Bakery,Éclair,54000.0,0,0.084,5,4.3,0
2024-11-23,ABC Bakery,Croissant,33000.0,0,0.066,20,4.0,1
2024-11-23,ABC Bakery,Red Velvet Cake,239000.0,0,0.204,22,3.6,1
2024-11-23,Givral,Tiramisu,200000.0,0,0.077,23,4.7,1
2024-11-23,Givral,Cheesecake,173000.0,0,0.192,12,4.7,1
2024-11-23,Givral,Macaron,36000.0,0,0.213,8,4.7,1
2024-11-23,Givral,Éclair,51000.0,0,0.212,13,3.5,1
2024-11-23,Givral,Croissant,32000.0,0,0.066,16,4.5,1
2024-11-23,Givral,Red Velvet Cake,222000.0,0,0.072,16,4.1,0
2024-11-23,Local Bakery A,Tiramisu,191000.0,0,0.235,20,4.1,1
2024-11-23,Local Bakery A,Cheesecake,162000.0,0,0.189,1,3.7,1
2024-11-23,Local Bakery A,Macaron,33000.0,0,0.207,17,4.6,1
2024-11-23,Local Bakery A,Éclair,47000.0,0,0.129,10,3.6,1
2024-11-23,Local Bakery A,Croissant,28000.0,0,0.158,2,4.2,1
2024-11-23,Local Bakery A,Red Velvet Cake,210000.0,0,0.093,13,4.8,1
2024-11-23,Supermarket Chain,Tiramisu,122000.0,1,0.104,24,4.0,1
2024-11-23,Supermarket Chain,Cheesecake,130000.0,0,0.199,10,4.6,0
2024-11-23,Supermarket Chain,Macaron,25000.0,0,0.089,8,3.9,0
2024-11-23,Supermarket Chain,Éclair,38000.0,0,0.073,23,4.6,0
2024-11-23,Supermarket Chain,Croissant,22000.0,0,0.227,19,4.2,0
2024-11-23,Supermarket Chain,Red Velvet Cake,172000.0,0,0.121,10,3.6,1
2024-11-24,Paris Baguette,Tiramisu,275000.0,0,0.088,11,4.0,0
2024-11-24,Paris Baguette,Cheesecake,226000.0,0,0.189,22,3.8,1
2024-11-24,Paris Baguette,Macaron,45000.0,0,0.077,7,4.2,1
2024-11-24,Paris Baguette,Éclair,70000.0,0,0.185,9,4.3,1
2024-11-24,Paris Baguette,Croissant,40000.0,0,0.055,6,3.7,1
2024-11-24,Paris Baguette,Red Velvet Cake,299000.0,0,0.133,3,4.5,1
2024-11-24,Tous Les Jours,Tiramisu,258000.0,0,0.205,13,4.8,1
2024-11-24,Tous Les Jours,Cheesecake,215000.0,0,0.19,10,4.3,0
2024-11-24,Tous Les Jours,Macaron,43000.0,0,0.076,7,4.7,1
2024-11-24,Tous Les Jours,Éclair,51000.0,1,0.245,15,3.7,0
2024-11-24,Tous Les Jours,Croissant,40000.0,0,0.203,5,4.0,0
2024-11-24,Tous Les Jours,Red Velvet Cake,301000.0,0,0.212,24,4.5,0
2024-11-24,ABC Bakery,Tiramisu,215000.0,0,0.23,6,4.2,0
2024-11-24,ABC Bakery,Cheesecake,179000.0,0,0.13,20,4.3,0
2024-11-24,ABC Bakery,Macaron,38000.0,0,0.197,4,3.5,1
2024-11-24,ABC Bakery,Éclair,54000.0,0,0.169,21,4.7,1
2024-11-24,ABC Bakery,Croissant,32000.0,0,0.143,10,4.6,1
2024-11-24,ABC Bakery,Red Velvet Cake,224000.0,0,0.234,5,3.7,1
2024-11-24,Givral,Tiramisu,210000.0,0,0.068,8,3.9,1
2024-11-24,Givral,Cheesecake,179000.0,0,0.24,12,4.6,1
2024-11-24,Givral,Macaron,35000.0,0,0.103,6,4.2,1
2024-11-24,Givral,Éclair,51000.0,0,0.2,5,3.9,1
2024-11-24,Givral,Croissant,31000.0,0,0.098,14,4.5,1
2024-11-24,Givral,Red Velvet Cake,239000.0,0,0.228,2,4.7,1
2024-11-24,Local Bakery A,Tiramisu,190000.0,0,0.104,17,4.4,1
2024-11-24,Local Bakery A,Cheesecake,161000.0,0,0.098,2,4.0,0
2024-11-24,Local Bakery A,Macaron,34000.0,0,0.088,12,4.6,1
2024-11-24,Local Bakery A,Éclair,42000.0,1,0.125,4,4.3,1
2024-11-24,Local Bakery A,Croissant,29000.0,0,0.213,1,4.7,1
2024-11-24,Local Bakery A,Red Velvet Cake,217000.0,0,0.123,6,3.9,1
2024-11-24,Supermarket Chain,Tiramisu,158000.0,0,0.183,20,3.5,1
2024-11-24,Supermarket Chain,Cheesecake,97000.0,1,0.15,23,4.1,1
2024-11-24,Supermarket Chain,Macaron,24000.0,0,0.223,4,4.2,1
2024-11-24,Supermarket Chain,Éclair,39000.0,0,0.165,7,3.6,1
2024-11-24,Supermarket Chain,Croissant,23000.0,0,0.18,2,4.3,0
2024-11-24,Supermarket Chain,Red Velvet Cake,155000.0,0,0.073,7,3.9,1
2024-11-25,Paris Baguette,Tiramisu,254000.0,0,0.169,16,3.5,0
2024-11-25,Paris Baguette,Cheesecake,223000.0,0,0.184,13,4.3,1
2024-11-25,Paris Baguette,Macaron,45000.0,0,0.095,9,4.5,1
2024-11-25,Paris Baguette,Éclair,65000.0,0,0.129,14,3.5,1
2024-11-25,Paris Baguette,Croissant,39000.0,0,0.21,2,4.0,0
2024-11-25,Paris Baguette,Red Velvet Cake,280000.0,0,0.222,22,4.7,1
2024-11-25,Tous Les Jours,Tiramisu,254000.0,0,0.176,10,4.6,1
2024-11-25,Tous Les Jours,Cheesecake,209000.0,0,0.151,12,4.6,0
2024-11-25,Tous Les Jours,Macaron,39000.0,1,0.213,9,4.0,1
2024-11-25,Tous Les Jours,Éclair,64000.0,0,0.097,7,4.7,1
2024-11-25,Tous Les Jours,Croissant,39000.0,0,0.11,15,4.0,0
2024-11-25,Tous Les Jours,Red Velvet Cake,278000.0,0,0.197,13,4.3,1
2024-11-25,ABC Bakery,Tiramisu,205000.0,0,0.052,6,4.7,1
2024-11-25,ABC Bakery,Cheesecake,171000.0,0,0.206,8,4.1,1
2024-11-25,ABC Bakery,Macaron,35000.0,0,0.21,11,4.3,0
2024-11-25,ABC Bakery,Éclair,49000.0,0,0.099,2,3.8,0
2024-11-25,ABC Bakery,Croissant,30000.0,0,0.212,14,3.8,1
2024-11-25,ABC Bakery,Red Velvet Cake,190000.0,1,0.123,4,3.9,1
2024-11-25,Givral,Tiramisu,188000.0,0,0.239,7,3.7,1
2024-11-25,Givral,Cheesecake,124000.0,1,0.178,5,4.1,1
2024-11-25,Givral,Macaron,35000.0,0,0.125,3,3.9,1
2024-11-25,Givral,Éclair,50000.0,0,0.131,17,4.0,1
2024-11-25,Givral,Croissant,29000.0,0,0.14,1,3.9,1
2024-11-25,Givral,Red Velvet Cake,228000.0,0,0.214,23,4.3,1
2024-11-25,Local Bakery A,Tiramisu,193000.0,0,0.165,7,3.7,1
2024-11-25,Local Bakery A,Cheesecake,151000.0,0,0.188,20,4.3,1
2024-11-25,Local Bakery A,Macaron,32000.0,0,0.077,3,4.5,1
2024-11-25,Local Bakery A,Éclair,37000.0,1,0.171,18,3.6,1
2024-11-25,Local Bakery A,Croissant,21000.0,1,0.176,7,3.6,0
2024-11-25,Local Bakery A,Red Velvet Cake,192000.0,0,0.118,23,4.7,1
2024-11-25,Supermarket Chain,Tiramisu,132000.0,1,0.228,6,3.7,1
2024-11-25,Supermarket Chain,Cheesecake,128000.0,0,0.143,17,4.1,1
2024-11-25,Supermarket Chain,Macaron,25000.0,0,0.205,11,4.1,0
2024-11-25,Supermarket Chain,Éclair,29000.0,1,0.157,1,3.6,1
2024-11-25,Supermarket Chain,Croissant,22000.0,0,0.116,21,3.6,1
2024-11-25,Supermarket Chain,Red Velvet Cake,169000.0,0,0.054,1,4.5,0
2024-11-26,Paris Baguette,Tiramisu,257000.0,0,0.051,3,4.7,1
2024-11-26,Paris Baguette,Cheesecake,155000.0,1,0.075,21,3.7,0
2024-11-26,Paris Baguette,Macaron,45000.0,0,0.241,14,4.0,1
2024-11-26,Paris Baguette,Éclair,63000.0,0,0.108,19,4.7,1
2024-11-26,Paris Baguette,Croissant,40000.0,0,0.189,19,4.7,1
2024-11-26,Paris Baguette,Red Velvet Cake,280000.0,0,0.148,15,3.6,0
2024-11-26,Tous Les Jours,Tiramisu,186000.0,1,0.243,13,4.1,1
2024-11-26,Tous Les Jours,Cheesecake,212000.0,0,0.186,15,4.1,1
2024-11-26,Tous Les Jours,Macaron,44000.0,0,0.067,11,3.5,1
2024-11-26,Tous Les Jours,Éclair,63000.0,0,0.089,15,3.9,0
2024-11-26,Tous Les Jours,Croissant,37000.0,0,0.239,17,3.7,0
2024-11-26,Tous Les Jours,Red Velvet Cake,269000.0,0,0.054,12,4.5,1
2024-11-26,ABC Bakery,Tiramisu,211000.0,0,0.221,24,3.9,1
2024-11-26,ABC Bakery,Cheesecake,164000.0,0,0.155,6,3.8,1
2024-11-26,ABC Bakery,Macaron,36000.0,0,0.076,12,4.6,1
2024-11-26,ABC Bakery,Éclair,52000.0,0,0.118,2,4.3,0
2024-11-26,ABC Bakery,Croissant,31000.0,0,0.163,17,4.5,1
2024-11-26,ABC Bakery,Red Velvet Cake,214000.0,0,0.079,22,3.9,1
2024-11-26,Givral,Tiramisu,183000.0,0,0.214,17,3.8,1
2024-11-26,Givral,Cheesecake,164000.0,0,0.181,19,4.6,0
2024-11-26,Givral,Macaron,35000.0,0,0.059,13,4.5,0
2024-11-26,Givral,Éclair,40000.0,1,0.106,4,3.8,0
2024-11-26,Givral,Croissant,30000.0,0,0.135,1,4.8,0
2024-11-26,Givral,Red Velvet Cake,208000.0,0,0.184,21,4.0,0
2024-11-26,Local Bakery A,Tiramisu,182000.0,0,0.113,21,3.9,0
2024-11-26,Local Bakery A,Cheesecake,163000.0,0,0.241,9,4.5,1
2024-11-26,Local Bakery A,Macaron,32000.0,0,0.228,9,3.9,0
2024-11-26,Local Bakery A,Éclair,46000.0,0,0.052,11,4.4,1
2024-11-26,Local Bakery A,Croissant,29000.0,0,0.085,11,4.5,1
2024-11-26,Local Bakery A,Red Velvet Cake,196000.0,0,0.202,15,3.6,1
2024-11-26,Supermarket Chain,Tiramisu,158000.0,0,0.115,3,4.7,1
2024-11-26,Supermarket Chain,Cheesecake,128000.0,0,0.083,23,4.6,1
2024-11-26,Supermarket Chain,Macaron,25000.0,0,0.182,23,4.7,0
2024-11-26,Supermarket Chain,Éclair,35000.0,0,0.225,1,4.1,0
2024-11-26,Supermarket Chain,Croissant,15000.0,1,0.163,23,4.2,1
2024-11-26,Supermarket Chain,Red Velvet Cake,163000.0,0,0.083,11,4.3,1
2024-11-27,Paris Baguette,Tiramisu,186000.0,1,0.101,22,4.3,1
2024-11-27,Paris Baguette,Cheesecake,165000.0,1,0.165,5,3.5,0
2024-11-27,Paris Baguette,Macaron,47000.0,0,0.203,19,4.6,1
2024-11-27,Paris Baguette,Éclair,61000.0,0,0.106,18,4.4,1
2024-11-27,Paris Baguette,Croissant,40000.0,0,0.1,18,3.8,0
2024-11-27,Paris Baguette,Red Velvet Cake,284000.0,0,0.118,2,4.1,1
2024-11-27,Tous Les Jours,Tiramisu,249000.0,0,0.174,17,3.5,1
2024-11-27,Tous Les Jours,Cheesecake,213000.0,0,0.23,14,4.0,0
2024-11-27,Tous Les Jours,Macaron,41000.0,0,0.182,5,4.1,1
2024-11-27,Tous Les Jours,Éclair,63000.0,0,0.207,21,4.6,0
2024-11-27,Tous Les Jours,Croissant,38000.0,0,0.199,10,4.2,1
2024-11-27,Tous Les Jours,Red Velvet Cake,274000.0,0,0.087,11,4.1,0
2024-11-27,ABC Bakery,Tiramisu,149000.0,1,0.19,24,4.5,0
2024-11-27,ABC Bakery,Cheesecake,171000.0,0,0.21,5,3.6,0
2024-11-27,ABC Bakery,Macaron,34000.0,0,0.235,22,4.1,0
2024-11-27,ABC Bakery,Éclair,53000.0,0,0.231,3,4.7,1
2024-11-27,ABC Bakery,Croissant,32000.0,0,0.208,13,4.8,1
2024-11-27,ABC Bakery,Red Velvet Cake,233000.0,0,0.07,24,3.7,0
2024-11-27,Givral,Tiramisu,194000.0,0,0.064,21,4.4,0
2024-11-27,Givral,Cheesecake,165000.0,0,0.231,21,4.3,0
2024-11-27,Givral,Macaron,34000.0,0,0.195,15,3.6,1
2024-11-27,Givral,Éclair,46000.0,0,0.06,18,3.7,1
2024-11-27,Givral,Croissant,29000.0,0,0.164,24,4.5,1
2024-11-27,Givral,Red Velvet Cake,221000.0,0,0.177,15,4.6,1
2024-11-27,Local Bakery A,Tiramisu,182000.0,0,0.075,2,4.0,1
2024-11-27,Local Bakery A,Cheesecake,117000.0,1,0.211,14,3.6,1
2024-11-27,Local Bakery A,Macaron,33000.0,0,0.207,3,3.5,1
2024-11-27,Local Bakery A,Éclair,46000.0,0,0.145,1,4.1,1
2024-11-27,Local Bakery A,Croissant,22000.0,1,0.181,16,4.0,1
2024-11-27,Local Bakery A,Red Velvet Cake,167000.0,1,0.232,2,3.6,1
2024-11-27,Supermarket Chain,Tiramisu,148000.0,0,0.218,22,4.8,1
2024-11-27,Supermarket Chain,Cheesecake,122000.0,0,0.231,2,4.8,1
2024-11-27,Supermarket Chain,Macaron,24000.0,0,0.1,20,4.7,0
2024-11-27,Supermarket Chain,Éclair,37000.0,0,0.083,3,4.5,1
2024-11-27,Supermarket Chain,Croissant,15000.0,1,0.146,9,3.9,1
2024-11-27,Supermarket Chain,Red Velvet Cake,160000.0,0,0.138,8,3.6,0
2024-11-28,Paris Baguette,Tiramisu,260000.0,0,0.125,10,4.1,0
2024-11-28,Paris Baguette,Cheesecake,226000.0,0,0.232,1,4.2,1
2024-11-28,Paris Baguette,Macaron,44000.0,0,0.086,21,4.4,0
2024-11-28,Paris Baguette,Éclair,61000.0,0,0.173,2,3.5,1
2024-11-28,Paris Baguette,Croissant,39000.0,0,0.11,24,4.8,1
2024-11-28,Paris Baguette,Red Velvet Cake,279000.0,0,0.132,2,4.5,1
2024-11-28,Tous Les Jours,Tiramisu,242000.0,0,0.137,24,3.7,1
2024-11-28,Tous Les Jours,Cheesecake,222000.0,0,0.085,7,4.3,1
2024-11-28,Tous Les Jours,Macaron,42000.0,0,0.21,2,4.3,1
2024-11-28,Tous Les Jours,Éclair,59000.0,0,0.084,17,4.5,1
2024-11-28,Tous Les Jours,Croissant,38000.0,0,0.23,11,3.6,0
2024-11-28,Tous Les Jours,Red Velvet Cake,271000.0,0,0.182,18,3.9,1
2024-11-28,ABC Bakery,Tiramisu,204000.0,0,0.135,12,3.9,0
2024-11-28,ABC Bakery,Cheesecake,174000.0,0,0.213,4,4.3,1
2024-11-28,ABC Bakery,Macaron,36000.0,0,0.221,20,4.6,0
2024-11-28,ABC Bakery,Éclair,52000.0,0,0.239,9,4.6,1
2024-11-28,ABC Bakery,Croissant,33000.0,0,0.069,23,3.8,1
2024-11-28,ABC Bakery,Red Velvet Cake,218000.0,0,0.117,21,4.3,1
2024-11-28,Givral,Tiramisu,197000.0,0,0.178,22,3.5,1
2024-11-28,Givral,Cheesecake,163000.0,0,0.239,15,4.7,1
2024-11-28,Givral,Macaron,34000.0,0,0.173,11,4.4,1
2024-11-28,Givral,Éclair,49000.0,0,0.148,7,4.6,1
2024-11-28,Givral,Croissant,30000.0,0,0.069,15,4.0,1
2024-11-28,Givral,Red Velvet Cake,211000.0,0,0.126,17,4.8,1
2024-11-28,Local Bakery A,Tiramisu,140000.0,1,0.064,21,4.5,0
2024-11-28,Local Bakery A,Cheesecake,164000.0,0,0.063,23,3.5,1
2024-11-28,Local Bakery A,Macaron,33000.0,0,0.148,22,4.7,0
2024-11-28,Local Bakery A,Éclair,46000.0,0,0.202,11,4.6,1
2024-11-28,Local Bakery A,Croissant,27000.0,0,0.243,20,4.6,1
2024-11-28,Local Bakery A,Red Velvet Cake,208000.0,0,0.128,4,4.2,1
2024-11-28,Supermarket Chain,Tiramisu,141000.0,0,0.181,1,4.2,1
2024-11-28,Supermarket Chain,Cheesecake,123000.0,0,0.184,1,3.7,1
2024-11-28,Supermarket Chain,Macaron,18000.0,1,0.106,7,3.6,0
2024-11-28,Supermarket Chain,Éclair,34000.0,0,0.142,20,4.0,1
2024-11-28,Supermarket Chain,Croissant,23000.0,0,0.162,7,4.6,0
2024-11-28,Supermarket Chain,Red Velvet Cake,159000.0,0,0.247,4,4.5,1
2024-11-29,Paris Baguette,Tiramisu,264000.0,0,0.228,15,3.9,1
2024-11-29,Paris Baguette,Cheesecake,204000.0,0,0.068,13,4.7,1
2024-11-29,Paris Baguette,Macaron,37000.0,1,0.072,21,3.6,1
2024-11-29,Paris Baguette,Éclair,67000.0,0,0.076,3,3.6,1
2024-11-29,Paris Baguette,Croissant,40000.0,0,0.076,5,4.3,1
2024-11-29,Paris Baguette,Red Velvet Cake,272000.0,0,0.19,17,4.5,1
2024-11-29,Tous Les Jours,Tiramisu,260000.0,0,0.115,13,3.9,1
2024-11-29,Tous Les Jours,Cheesecake,210000.0,0,0.248,21,3.5,1
2024-11-29,Tous Les Jours,Macaron,42000.0,0,0.169,7,4.1,0
2024-11-29,Tous Les Jours,Éclair,53000.0,1,0.164,16,4.3,1
2024-11-29,Tous Les Jours,Croissant,36000.0,0,0.102,7,3.7,0
2024-11-29,Tous Les Jours,Red Velvet Cake,190000.0,1,0.197,22,4.4,0
2024-11-29,ABC Bakery,Tiramisu,154000.0,1,0.18,12,3.9,0
2024-11-29,ABC Bakery,Cheesecake,138000.0,1,0.185,3,4.4,0
2024-11-29,ABC Bakery,Macaron,35000.0,0,0.246,20,4.6,1
2024-11-29,ABC Bakery,Éclair,52000.0,0,0.087,18,3.6,0
2024-11-29,ABC Bakery,Croissant,31000.0,0,0.069,3,4.4,1
2024-11-29,ABC Bakery,Red Velvet Cake,222000.0,0,0.05,15,4.6,0
2024-11-29,Givral,Tiramisu,204000.0,0,0.069,4,4.1,0
2024-11-29,Givral,Cheesecake,173000.0,0,0.222,18,3.9,1
2024-11-29,Givral,Macaron,35000.0,0,0.182,13,4.6,1
2024-11-29,Givral,Éclair,38000.0,1,0.051,11,4.2,1
2024-11-29,Givral,Croissant,29000.0,0,0.167,8,4.5,1
2024-11-29,Givral,Red Velvet Cake,210000.0,0,0.215,5,4.1,1
2024-11-29,Local Bakery A,Tiramisu,190000.0,0,0.221,23,3.7,1
2024-11-29,Local Bakery A,Cheesecake,158000.0,0,0.078,14,4.2,1
2024-11-29,Local Bakery A,Macaron,31000.0,0,0.138,8,4.2,1
2024-11-29,Local Bakery A,Éclair,47000.0,0,0.21,14,3.5,0
2024-11-29,Local Bakery A,Croissant,30000.0,0,0.226,2,4.5,1
2024-11-29,Local Bakery A,Red Velvet Cake,209000.0,0,0.102,6,4.6,1
2024-11-29,Supermarket Chain,Tiramisu,149000.0,0,0.091,6,3.5,1
2024-11-29,Supermarket Chain,Cheesecake,122000.0,0,0.215,20,3.6,1
2024-11-29,Supermarket Chain,Macaron,26000.0,0,0.153,15,3.9,0
2024-11-29,Supermarket Chain,Éclair,36000.0,0,0.238,24,4.4,1
2024-11-29,Supermarket Chain,Croissant,23000.0,0,0.24,9,3.9,0
2024-11-29,Supermarket Chain,Red Velvet Cake,162000.0,0,0.21,22,4.1,0
2024-11-30,Paris Baguette,Tiramisu,275000.0,0,0.233,3,4.3,1
2024-11-30,Paris Baguette,Cheesecake,223000.0,0,0.067,12,4.6,1
2024-11-30,Paris Baguette,Macaron,48000.0,0,0.168,9,3.9,0
2024-11-30,Paris Baguette,Éclair,68000.0,0,0.175,5,3.5,1
2024-11-30,Paris Baguette,Croissant,39000.0,0,0.196,1,4.7,1
2024-11-30,Paris Baguette,Red Velvet Cake,303000.0,0,0.203,10,4.5,1
2024-11-30,Tous Les Jours,Tiramisu,268000.0,0,0.221,20,4.8,0
2024-11-30,Tous Les Jours,Cheesecake,220000.0,0,0.103,8,4.7,1
2024-11-30,Tous Les Jours,Macaron,46000.0,0,0.074,19,3.6,1
2024-11-30,Tous Les Jours,Éclair,66000.0,0,0.108,1,4.8,1
2024-11-30,Tous Les Jours,Croissant,39000.0,0,0.233,23,4.5,1
2024-11-30,Tous Les Jours,Red Velvet Cake,292000.0,0,0.155,5,4.6,0
2024-11-30,ABC Bakery,Tiramisu,218000.0,0,0.239,20,4.1,0
2024-11-30,ABC Bakery,Cheesecake,181000.0,0,0.056,18,4.8,0
2024-11-30,ABC Bakery,Macaron,38000.0,0,0.23,9,4.7,1
2024-11-30,ABC Bakery,Éclair,54000.0,0,0.177,7,3.5,1
2024-11-30,ABC Bakery,Croissant,28000.0,1,0.102,14,4.7,1
2024-11-30,ABC Bakery,Red Velvet Cake,239000.0,0,0.133,15,3.6,1
2024-11-30,Givral,Tiramisu,201000.0,0,0.182,15,3.9,1
2024-11-30,Givral,Cheesecake,172000.0,0,0.225,14,4.0,1
2024-11-30,Givral,Macaron,36000.0,0,0.054,6,4.1,1
2024-11-30,Givral,Éclair,56000.0,0,0.15,6,4.8,1
2024-11-30,Givral,Croissant,30000.0,0,0.129,19,4.2,1
2024-11-30,Givral,Red Velvet Cake,235000.0,0,0.205,19,4.8,1
2024-11-30,Local Bakery A,Tiramisu,192000.0,0,0.135,16,4.4,1
2024-11-30,Local Bakery A,Cheesecake,166000.0,0,0.106,6,3.8,0
2024-11-30,Local Bakery A,Macaron,34000.0,0,0.168,9,3.5,1
2024-11-30,Local Bakery A,Éclair,51000.0,0,0.165,13,4.6,1
2024-11-30,Local Bakery A,Croissant,29000.0,0,0.229,7,3.9,1
2024-11-30,Local Bakery A,Red Velvet Cake,177000.0,1,0.118,17,4.2,0
2024-11-30,Supermarket Chain,Tiramisu,154000.0,0,0.085,23,4.3,1
2024-11-30,Supermarket Chain,Cheesecake,102000.0,1,0.058,4,3.9,0
2024-11-30,Supermarket Chain,Macaron,28000.0,0,0.156,12,3.9,1
2024-11-30,Supermarket Chain,Éclair,39000.0,0,0.207,24,4.7,0
2024-11-30,Supermarket Chain,Croissant,23000.0,0,0.19,19,3.7,0
2024-11-30,Supermarket Chain,Red Velvet Cake,165000.0,0,0.098,14,4.1,0
2024-12-01,Paris Baguette,Tiramisu,229000.0,1,0.218,23,4.3,0
2024-12-01,Paris Baguette,Cheesecake,245000.0,0,0.236,13,3.5,1
2024-12-01,Paris Baguette,Macaron,48000.0,0,0.073,19,4.7,1
2024-12-01,Paris Baguette,Éclair,68000.0,0,0.185,6,4.2,1
2024-12-01,Paris Baguette,Croissant,41000.0,0,0.211,12,3.8,1
2024-12-01,Paris Baguette,Red Velvet Cake,202000.0,1,0.243,1,4.3,1
2024-12-01,Tous Les Jours,Tiramisu,248000.0,0,0.056,14,4.2,0
2024-12-01,Tous Les Jours,Cheesecake,223000.0,0,0.207,6,3.8,1
2024-12-01,Tous Les Jours,Macaron,49000.0,0,0.139,20,4.5,0
2024-12-01,Tous Les Jours,Éclair,68000.0,0,0.207,2,4.2,1
2024-12-01,Tous Les Jours,Croissant,39000.0,0,0.107,9,4.7,1
2024-12-01,Tous Les Jours,Red Velvet Cake,284000.0,0,0.153,1,4.0,1
2024-12-01,ABC Bakery,Tiramisu,221000.0,0,0.247,11,4.7,0
2024-12-01,ABC Bakery,Cheesecake,182000.0,0,0.236,7,4.7,1
2024-12-01,ABC Bakery,Macaron,39000.0,0,0.096,4,3.5,1
2024-12-01,ABC Bakery,Éclair,54000.0,0,0.15,20,4.4,1
2024-12-01,ABC Bakery,Croissant,34000.0,0,0.084,3,3.6,1
2024-12-01,ABC Bakery,Red Velvet Cake,242000.0,0,0.158,4,4.4,1
2024-12-01,Givral,Tiramisu,206000.0,0,0.131,15,4.3,0
2024-12-01,Givral,Cheesecake,181000.0,0,0.226,21,4.3,1
2024-12-01,Givral,Macaron,37000.0,0,0.13,24,3.7,1
2024-12-01,Givral,Éclair,50000.0,0,0.237,12,4.0,1
2024-12-01,Givral,Croissant,31000.0,0,0.144,3,4.2,1
2024-12-01,Givral,Red Velvet Cake,236000.0,0,0.082,4,3.8,1
2024-12-01,Local Bakery A,Tiramisu,190000.0,0,0.145,11,4.4,1
2024-12-01,Local Bakery A,Cheesecake,169000.0,0,0.185,2,4.2,0
2024-12-01,Local Bakery A,Macaron,35000.0,0,0.142,3,4.3,1
2024-12-01,Local Bakery A,Éclair,36000.0,1,0.117,6,4.4,0
2024-12-01,Local Bakery A,Croissant,29000.0,0,0.104,18,4.0,1
2024-12-01,Local Bakery A,Red Velvet Cake,220000.0,0,0.203,7,4.4,0
2024-12-01,Supermarket Chain,Tiramisu,151000.0,0,0.1,24,4.8,1
2024-12-01,Supermarket Chain,Cheesecake,131000.0,0,0.221,10,4.2,0
2024-12-01,Supermarket Chain,Macaron,27000.0,0,0.177,2,4.3,0
2024-12-01,Supermarket Chain,Éclair,38000.0,0,0.246,14,4.3,0
2024-12-01,Supermarket Chain,Croissant,23000.0,0,0.171,3,3.7,0
2024-12-01,Supermarket Chain,Red Velvet Cake,167000.0,0,0.096,13,4.8,1
2024-12-02,Paris Baguette,Tiramisu,266000.0,0,0.099,15,3.7,1
2024-12-02,Paris Baguette,Cheesecake,219000.0,0,0.077,20,4.7,0
2024-12-02,Paris Baguette,Macaron,45000.0,0,0.052,4,3.9,0
2024-12-02,Paris Baguette,Éclair,70000.0,0,0.24,7,4.1,1
2024-12-02,Paris Baguette,Croissant,41000.0,0,0.098,14,3.5,1
2024-12-02,Paris Baguette,Red Velvet Cake,282000.0,0,0.159,3,4.8,0
2024-12-02,Tous Les Jours,Tiramisu,252000.0,0,0.115,7,4.4,1
2024-12-02,Tous Les Jours,Cheesecake,169000.0,1,0.221,8,4.5,1
2024-12-02,Tous Les Jours,Macaron,35000.0,1,0.095,10,4.3,1
2024-12-02,Tous Les Jours,Éclair,65000.0,0,0.217,2,4.5,1
2024-12-02,Tous Les Jours,Croissant,39000.0,0,0.181,15,4.6,0
2024-12-02,Tous Les Jours,Red Velvet Cake,287000.0,0,0.107,8,4.0,1
2024-12-02,ABC Bakery,Tiramisu,207000.0,0,0.106,7,4.1,0
2024-12-02,ABC Bakery,Cheesecake,174000.0,0,0.182,19,4.1,1
2024-12-02,ABC Bakery,Macaron,38000.0,0,0.245,5,4.0,1
2024-12-02,ABC Bakery,Éclair,52000.0,0,0.137,5,3.6,1
2024-12-02,ABC Bakery,Croissant,29000.0,0,0.126,9,4.7,0
2024-12-02,ABC Bakery,Red Velvet Cake,223000.0,0,0.168,7,3.8,1
2024-12-02,Givral,Tiramisu,204000.0,0,0.147,20,4.5,0
2024-12-02,Givral,Cheesecake,162000.0,0,0.144,4,4.5,0
2024-12-02,Givral,Macaron,35000.0,0,0.137,4,4.2,0
2024-12-02,Givral,Éclair,49000.0,0,0.132,17,4.4,1
2024-12-02,Givral,Croissant,31000.0,0,0.055,2,4.7,1
2024-12-02,Givral,Red Velvet Cake,211000.0,0,0.069,12,4.2,1
2024-12-02,Local Bakery A,Tiramisu,185000.0,0,0.098,1,3.6,1
2024-12-02,Local Bakery A,Cheesecake,162000.0,0,0.155,11,4.5,1
2024-12-02,Local Bakery A,Macaron,32000.0,0,0.069,23,3.7,1
2024-12-02,Local Bakery A,Éclair,47000.0,0,0.072,4,4.0,0
2024-12-02,Local Bakery A,Croissant,28000.0,0,0.08,24,4.4,1
2024-12-02,Local Bakery A,Red Velvet Cake,220000.0,0,0.142,9,4.3,1
2024-12-02,Supermarket Chain,Tiramisu,143000.0,0,0.121,11,4.1,1
2024-12-02,Supermarket Chain,Cheesecake,122000.0,0,0.111,12,3.6,1
2024-12-02,Supermarket Chain,Macaron,21000.0,1,0.078,24,3.7,1
2024-12-02,Supermarket Chain,Éclair,37000.0,0,0.216,20,4.7,0
2024-12-02,Supermarket Chain,Croissant,22000.0,0,0.095,18,4.5,0
2024-12-02,Supermarket Chain,Red Velvet Cake,164000.0,0,0.1,9,3.5,0
2024-12-03,Paris Baguette,Tiramisu,276000.0,0,0.105,4,4.6,1
2024-12-03,Paris Baguette,Cheesecake,220000.0,0,0.162,10,4.3,0
2024-12-03,Paris Baguette,Macaron,45000.0,0,0.24,7,4.5,1
2024-12-03,Paris Baguette,Éclair,67000.0,0,0.148,21,3.7,1
2024-12-03,Paris Baguette,Croissant,40000.0,0,0.23,4,4.5,1
2024-12-03,Paris Baguette,Red Velvet Cake,290000.0,0,0.196,22,4.2,1
2024-12-03,Tous Les Jours,Tiramisu,263000.0,0,0.202,8,3.6,0
2024-12-03,Tous Les Jours,Cheesecake,206000.0,0,0.13,13,3.6,1
2024-12-03,Tous Les Jours,Macaron,32000.0,1,0.229,24,4.5,1
2024-12-03,Tous Les Jours,Éclair,62000.0,0,0.128,7,3.6,1
2024-12-03,Tous Les Jours,Croissant,36000.0,0,0.195,1,4.2,1
2024-12-03,Tous Les Jours,Red Velvet Cake,280000.0,0,0.122,23,4.1,1
2024-12-03,ABC Bakery,Tiramisu,214000.0,0,0.218,21,4.1,0
2024-12-03,ABC Bakery,Cheesecake,175000.0,0,0.076,12,4.4,1
2024-12-03,ABC Bakery,Macaron,29000.0,1,0.077,2,4.6,0
2024-12-03,ABC Bakery,Éclair,37000.0,1,0.055,9,3.8,1
2024-12-03,ABC Bakery,Croissant,31000.0,0,0.204,9,4.3,1
2024-12-03,ABC Bakery,Red Velvet Cake,235000.0,0,0.152,10,4.8,0
2024-12-03,Givral,Tiramisu,198000.0,0,0.21,19,4.2,0
2024-12-03,Givral,Cheesecake,168000.0,0,0.081,14,4.5,1
2024-12-03,Givral,Macaron,35000.0,0,0.114,20,4.5,0
2024-12-03,Givral,Éclair,51000.0,0,0.148,13,4.5,1
2024-12-03,Givral,Croissant,29000.0,0,0.117,4,4.5,1
2024-12-03,Givral,Red Velvet Cake,207000.0,0,0.226,15,4.1,1
2024-12-03,Local Bakery A,Tiramisu,192000.0,0,0.095,12,4.3,1
2024-12-03,Local Bakery A,Cheesecake,159000.0,0,0.071,11,3.7,1
2024-12-03,Local Bakery A,Macaron,33000.0,0,0.18,11,4.5,1
2024-12-03,Local Bakery A,Éclair,46000.0,0,0.237,13,3.9,1
2024-12-03,Local Bakery A,Croissant,29000.0,0,0.154,21,4.3,1
2024-12-03,Local Bakery A,Red Velvet Cake,210000.0,0,0.197,12,3.5,1
2024-12-03,Supermarket Chain,Tiramisu,103000.0,1,0.153,21,3.6,1
2024-12-03,Supermarket Chain,Cheesecake,123000.0,0,0.187,24,3.9,0
2024-12-03,Supermarket Chain,Macaron,26000.0,0,0.231,18,4.4,1
2024-12-03,Supermarket Chain,Éclair,27000.0,1,0.184,13,4.5,0
2024-12-03,Supermarket Chain,Croissant,17000.0,1,0.148,14,4.3,1
2024-12-03,Supermarket Chain,Red Velvet Cake,161000.0,0,0.129,3,4.3,1
2024-12-04,Paris Baguette,Tiramisu,266000.0,0,0.112,21,3.9,0
2024-12-04,Paris Baguette,Cheesecake,173000.0,1,0.129,13,3.9,1
2024-12-04,Paris Baguette,Macaron,38000.0,1,0.231,16,3.6,1
2024-12-04,Paris Baguette,Éclair,66000.0,0,0.162,16,4.4,0
2024-12-04,Paris Baguette,Croissant,40000.0,0,0.149,6,3.9,0
2024-12-04,Paris Baguette,Red Velvet Cake,289000.0,0,0.235,24,4.2,1
2024-12-04,Tous Les Jours,Tiramisu,251000.0,0,0.085,13,3.5,1
2024-12-04,Tous Les Jours,Cheesecake,204000.0,0,0.209,17,3.9,0
2024-12-04,Tous Les Jours,Macaron,43000.0,0,0.247,2,3.8,0
2024-12-04,Tous Les Jours,Éclair,62000.0,0,0.247,9,4.6,0
2024-12-04,Tous Les Jours,Croissant,40000.0,0,0.192,7,3.8,1
2024-12-04,Tous Les Jours,Red Velvet Cake,284000.0,0,0.055,4,3.9,1
2024-12-04,ABC Bakery,Tiramisu,151000.0,1,0.125,10,3.8,1
2024-12-04,ABC Bakery,Cheesecake,173000.0,0,0.147,5,4.2,1
2024-12-04,ABC Bakery,Macaron,37000.0,0,0.241,10,4.6,0
2024-12-04,ABC Bakery,Éclair,53000.0,0,0.158,10,4.5,0
2024-12-04,ABC Bakery,Croissant,24000.0,1,0.115,22,3.9,1
2024-12-04,ABC Bakery,Red Velvet Cake,226000.0,0,0.173,19,4.6,1
2024-12-04,Givral,Tiramisu,204000.0,0,0.16,9,4.8,1
2024-12-04,Givral,Cheesecake,180000.0,0,0.136,11,4.4,1
2024-12-04,Givral,Macaron,25000.0,1,0.064,23,4.1,1
2024-12-04,Givral,Éclair,50000.0,0,0.224,24,3.8,0
2024-12-04,Givral,Croissant,30000.0,0,0.245,3,3.8,1
2024-12-04,Givral,Red Velvet Cake,172000.0,1,0.178,6,3.5,1
2024-12-04,Local Bakery A,Tiramisu,191000.0,0,0.232,1,4.2,1
2024-12-04,Local Bakery A,Cheesecake,133000.0,1,0.158,23,4.1,1
2024-12-04,Local Bakery A,Macaron,34000.0,0,0.086,16,4.4,0
2024-12-04,Local Bakery A,Éclair,50000.0,0,0.075,6,4.8,1
2024-12-04,Local Bakery A,Croissant,25000.0,1,0.088,18,4.5,1
2024-12-04,Local Bakery A,Red Velvet Cake,206000.0,0,0.128,7,4.1,1
2024-12-04,Supermarket Chain,Tiramisu,150000.0,0,0.074,12,4.6,1
2024-12-04,Supermarket Chain,Cheesecake,125000.0,0,0.071,6,4.3,1
2024-12-04,Supermarket Chain,Macaron,25000.0,0,0.155,12,4.0,1
2024-12-04,Supermarket Chain,Éclair,38000.0,0,0.169,22,4.7,1
2024-12-04,Supermarket Chain,Croissant,21000.0,0,0.1,23,3.8,1
2024-12-04,Supermarket Chain,Red Velvet Cake,163000.0,0,0.194,12,4.3,1
2024-12-05,Paris Baguette,Tiramisu,273000.0,0,0.194,14,4.7,0
2024-12-05,Paris Baguette,Cheesecake,156000.0,1,0.153,24,4.7,0
2024-12-05,Paris Baguette,Macaron,48000.0,0,0.221,1,3.9,0
2024-12-05,Paris Baguette,Éclair,55000.0,1,0.229,5,4.1,0
2024-12-05,Paris Baguette,Croissant,40000.0,0,0.229,23,4.0,1
2024-12-05,Paris Baguette,Red Velvet Cake,224000.0,1,0.229,23,4.4,0
2024-12-05,Tous Les Jours,Tiramisu,245000.0,0,0.119,19,4.2,1
2024-12-05,Tous Les Jours,Cheesecake,228000.0,0,0.232,22,3.6,1
2024-12-05,Tous Les Jours,Macaron,47000.0,0,0.056,13,3.8,1
2024-12-05,Tous Les Jours,Éclair,61000.0,0,0.102,4,4.0,1
2024-12-05,Tous Les Jours,Croissant,38000.0,0,0.209,4,3.9,1
2024-12-05,Tous Les Jours,Red Velvet Cake,239000.0,1,0.149,17,3.7,0
2024-12-05,ABC Bakery,Tiramisu,215000.0,0,0.183,18,4.6,1
2024-12-05,ABC Bakery,Cheesecake,174000.0,0,0.244,23,4.2,0
2024-12-05,ABC Bakery,Macaron,34000.0,1,0.139,2,3.7,1
2024-12-05,ABC Bakery,Éclair,52000.0,0,0.103,2,4.4,1
2024-12-05,ABC Bakery,Croissant,30000.0,0,0.146,20,4.6,1
2024-12-05,ABC Bakery,Red Velvet Cake,223000.0,0,0.192,9,3.9,1
2024-12-05,Givral,Tiramisu,207000.0,0,0.08,2,4.2,0
2024-12-05,Givral,Cheesecake,172000.0,0,0.112,2,4.5,0
2024-12-05,Givral,Macaron,37000.0,0,0.176,22,4.7,1
2024-12-05,Givral,Éclair,52000.0,0,0.118,12,3.7,1
2024-12-05,Givral,Croissant,29000.0,0,0.229,1,4.0,1
2024-12-05,Givral,Red Velvet Cake,223000.0,0,0.086,13,4.6,1
2024-12-05,Local Bakery A,Tiramisu,187000.0,0,0.129,10,3.8,1
2024-12-05,Local Bakery A,Cheesecake,164000.0,0,0.085,19,3.9,1
2024-12-05,Local Bakery A,Macaron,34000.0,0,0.239,1,3.6,0
2024-12-05,Local Bakery A,Éclair,48000.0,0,0.124,2,4.6,1
2024-12-05,Local Bakery A,Croissant,28000.0,0,0.097,3,3.9,1
2024-12-05,Local Bakery A,Red Velvet Cake,218000.0,0,0.074,8,4.3,1
2024-12-05,Supermarket Chain,Tiramisu,144000.0,0,0.143,23,4.0,1
2024-12-05,Supermarket Chain,Cheesecake,122000.0,0,0.235,13,4.0,1
2024-12-05,Supermarket Chain,Macaron,27000.0,0,0.183,6,4.6,1
2024-12-05,Supermarket Chain,Éclair,37000.0,0,0.126,12,4.3,1
2024-12-05,Supermarket Chain,Croissant,23000.0,0,0.098,13,3.6,0
2024-12-05,Supermarket Chain,Red Velvet Cake,119000.0,1,0.203,8,3.9,0
2024-12-06,Paris Baguette,Tiramisu,255000.0,0,0.074,9,3.9,1
2024-12-06,Paris Baguette,Cheesecake,219000.0,0,0.216,21,3.8,1
2024-12-06,Paris Baguette,Macaron,45000.0,0,0.231,12,4.0,0
2024-12-06,Paris Baguette,Éclair,65000.0,0,0.199,23,3.8,1
2024-12-06,Paris Baguette,Croissant,39000.0,0,0.076,23,3.9,1
2024-12-06,Paris Baguette,Red Velvet Cake,289000.0,0,0.234,20,4.6,1
2024-12-06,Tous Les Jours,Tiramisu,254000.0,0,0.095,24,3.8,1
2024-12-06,Tous Les Jours,Cheesecake,209000.0,0,0.122,20,4.3,1
2024-12-06,Tous Les Jours,Macaron,46000.0,0,0.127,24,4.1,1
2024-12-06,Tous Les Jours,Éclair,59000.0,0,0.186,15,4.1,1
2024-12-06,Tous Les Jours,Croissant,40000.0,0,0.098,14,4.3,1
2024-12-06,Tous Les Jours,Red Velvet Cake,275000.0,0,0.18,7,4.1,1
2024-12-06,ABC Bakery,Tiramisu,218000.0,0,0.175,18,3.9,1
2024-12-06,ABC Bakery,Cheesecake,177000.0,0,0.178,2,4.0,1
2024-12-06,ABC Bakery,Macaron,36000.0,0,0.084,24,3.7,1
2024-12-06,ABC Bakery,Éclair,55000.0,0,0.249,12,4.0,0
2024-12-06,ABC Bakery,Croissant,33000.0,0,0.099,22,3.6,1
2024-12-06,ABC Bakery,Red Velvet Cake,236000.0,0,0.182,15,4.7,1
2024-12-06,Givral,Tiramisu,147000.0,1,0.182,5,3.6,1
2024-12-06,Givral,Cheesecake,121000.0,1,0.243,6,4.5,1
2024-12-06,Givral,Macaron,35000.0,0,0.142,15,4.1,0
2024-12-06,Givral,Éclair,50000.0,0,0.244,11,3.7,1
2024-12-06,Givral,Croissant,30000.0,0,0.233,7,4.0,1
2024-12-06,Givral,Red Velvet Cake,221000.0,0,0.233,19,3.6,0
2024-12-06,Local Bakery A,Tiramisu,187000.0,0,0.124,24,4.2,1
2024-12-06,Local Bakery A,Cheesecake,164000.0,0,0.071,23,4.2,0
2024-12-06,Local Bakery A,Macaron,32000.0,0,0.138,3,4.6,0
2024-12-06,Local Bakery A,Éclair,48000.0,0,0.13,12,4.2,1
2024-12-06,Local Bakery A,Croissant,29000.0,0,0.086,7,4.2,1
2024-12-06,Local Bakery A,Red Velvet Cake,202000.0,0,0.204,21,4.0,1
2024-12-06,Supermarket Chain,Tiramisu,146000.0,0,0.146,17,4.2,0
2024-12-06,Supermarket Chain,Cheesecake,87000.0,1,0.182,20,3.9,1
2024-12-06,Supermarket Chain,Macaron,27000.0,0,0.19,2,4.5,1
2024-12-06,Supermarket Chain,Éclair,38000.0,0,0.132,5,4.3,0
2024-12-06,Supermarket Chain,Croissant,22000.0,0,0.174,4,4.5,0
2024-12-06,Supermarket Chain,Red Velvet Cake,155000.0,0,0.088,20,3.7,1
2024-12-07,Paris Baguette,Tiramisu,274000.0,0,0.151,5,4.5,1
2024-12-07,Paris Baguette,Cheesecake,243000.0,0,0.245,4,4.5,1
2024-12-07,Paris Baguette,Macaron,49000.0,0,0.207,1,3.6,1
2024-12-07,Paris Baguette,Éclair,69000.0,0,0.195,5,4.0,0
2024-12-07,Paris Baguette,Croissant,39000.0,0,0.203,9,4.3,1
2024-12-07,Paris Baguette,Red Velvet Cake,306000.0,0,0.166,9,4.2,1
2024-12-07,Tous Les Jours,Tiramisu,256000.0,0,0.203,24,4.8,0
2024-12-07,Tous Les Jours,Cheesecake,217000.0,0,0.139,10,4.6,1
2024-12-07,Tous Les Jours,Macaron,47000.0,0,0.225,13,4.0,0
2024-12-07,Tous Les Jours,Éclair,66000.0,0,0.146,5,4.1,0
2024-12-07,Tous Les Jours,Croissant,42000.0,0,0.068,5,4.5,1
2024-12-07,Tous Les Jours,Red Velvet Cake,236000.0,1,0.091,16,4.7,1
2024-12-07,ABC Bakery,Tiramisu,220000.0,0,0.091,18,3.6,1
2024-12-07,ABC Bakery,Cheesecake,196000.0,0,0.181,6,4.7,1
2024-12-07,ABC Bakery,Macaron,38000.0,0,0.23,3,4.3,1
2024-12-07,ABC Bakery,Éclair,58000.0,0,0.168,16,4.0,0
2024-12-07,ABC Bakery,Croissant,32000.0,0,0.088,1,3.7,0
2024-12-07,ABC Bakery,Red Velvet Cake,229000.0,1,0.072,6,4.6,1
2024-12-07,Givral,Tiramisu,213000.0,0,0.243,19,3.7,1
2024-12-07,Givral,Cheesecake,173000.0,0,0.086,10,4.3,1
2024-12-07,Givral,Macaron,37000.0,0,0.24,10,4.5,0
2024-12-07,Givral,Éclair,54000.0,0,0.104,16,3.6,1
2024-12-07,Givral,Croissant,31000.0,0,0.123,5,4.0,1
2024-12-07,Givral,Red Velvet Cake,233000.0,0,0.115,1,3.8,1
2024-12-07,Local Bakery A,Tiramisu,203000.0,0,0.099,12,4.0,1
2024-12-07,Local Bakery A,Cheesecake,172000.0,0,0.215,7,4.6,1
2024-12-07,Local Bakery A,Macaron,35000.0,0,0.17,19,3.7,0
2024-12-07,Local Bakery A,Éclair,42000.0,1,0.208,7,4.6,0
2024-12-07,Local Bakery A,Croissant,24000.0,1,0.109,16,3.8,1
2024-12-07,Local Bakery A,Red Velvet Cake,211000.0,0,0.078,19,3.6,0
2024-12-07,Supermarket Chain,Tiramisu,112000.0,1,0.169,3,4.6,1
2024-12-07,Supermarket Chain,Cheesecake,130000.0,0,0.185,22,4.3,1
2024-12-07,Supermarket Chain,Macaron,27000.0,0,0.237,3,4.5,1
2024-12-07,Supermarket Chain,Éclair,32000.0,1,0.102,16,3.6,1
2024-12-07,Supermarket Chain,Croissant,18000.0,1,0.245,14,3.8,1
2024-12-07,Supermarket Chain,Red Velvet Cake,165000.0,0,0.072,1,3.6,1
2024-12-08,Paris Baguette,Tiramisu,269000.0,0,0.069,11,3.8,1
2024-12-08,Paris Baguette,Cheesecake,241000.0,0,0.237,13,4.8,1
2024-12-08,Paris Baguette,Macaron,37000.0,1,0.222,2,4.3,1
2024-12-08,Paris Baguette,Éclair,57000.0,1,0.166,8,4.1,1
2024-12-08,Paris Baguette,Croissant,39000.0,0,0.202,17,3.8,0
2024-12-08,Paris Baguette,Red Velvet Cake,315000.0,0,0.155,2,4.3,1
2024-12-08,Tous Les Jours,Tiramisu,272000.0,0,0.08,15,3.6,1
2024-12-08,Tous Les Jours,Cheesecake,219000.0,0,0.211,16,4.8,1
2024-12-08,Tous Les Jours,Macaron,49000.0,0,0.231,1,4.1,1
2024-12-08,Tous Les Jours,Éclair,69000.0,0,0.141,5,3.7,1
2024-12-08,Tous Les Jours,Croissant,41000.0,0,0.123,10,3.9,0
2024-12-08,Tous Les Jours,Red Velvet Cake,285000.0,0,0.084,11,3.8,1
2024-12-08,ABC Bakery,Tiramisu,220000.0,0,0.09,13,4.4,1
2024-12-08,ABC Bakery,Cheesecake,183000.0,0,0.162,14,3.9,1
2024-12-08,ABC Bakery,Macaron,39000.0,0,0.118,15,4.5,0
2024-12-08,ABC Bakery,Éclair,59000.0,0,0.066,22,3.6,1
2024-12-08,ABC Bakery,Croissant,35000.0,0,0.246,14,3.9,0
2024-12-08,ABC Bakery,Red Velvet Cake,245000.0,0,0.233,23,4.5,1
2024-12-08,Givral,Tiramisu,201000.0,0,0.186,9,4.6,0
2024-12-08,Givral,Cheesecake,185000.0,0,0.086,13,4.0,1
2024-12-08,Givral,Macaron,35000.0,0,0.139,24,3.8,1
2024-12-08,Givral,Éclair,46000.0,1,0.097,10,4.4,0
2024-12-08,Givral,Croissant,32000.0,0,0.202,6,4.7,1
2024-12-08,Givral,Red Velvet Cake,219000.0,0,0.147,24,3.9,1
2024-12-08,Local Bakery A,Tiramisu,206000.0,0,0.195,17,3.6,1
2024-12-08,Local Bakery A,Cheesecake,171000.0,0,0.222,16,4.7,0
2024-12-08,Local Bakery A,Macaron,34000.0,0,0.14,2,3.8,1
2024-12-08,Local Bakery A,Éclair,49000.0,0,0.095,20,4.2,1
2024-12-08,Local Bakery A,Croissant,30000.0,0,0.213,22,3.6,1
2024-12-08,Local Bakery A,Red Velvet Cake,232000.0,0,0.154,8,4.7,1
2024-12-08,Supermarket Chain,Tiramisu,125000.0,1,0.089,17,4.3,1
2024-12-08,Supermarket Chain,Cheesecake,133000.0,0,0.119,7,4.7,1
2024-12-08,Supermarket Chain,Macaron,28000.0,0,0.106,10,4.3,0
2024-12-08,Supermarket Chain,Éclair,39000.0,0,0.188,22,4.0,1
2024-12-08,Supermarket Chain,Croissant,23000.0,0,0.106,9,4.5,1
2024-12-08,Supermarket Chain,Red Velvet Cake,173000.0,0,0.085,2,3.8,1
2024-12-09,Paris Baguette,Tiramisu,269000.0,0,0.206,7,3.8,0
2024-12-09,Paris Baguette,Cheesecake,235000.0,0,0.116,16,4.3,1
2024-12-09,Paris Baguette,Macaron,48000.0,0,0.235,17,3.5,1
2024-12-09,Paris Baguette,Éclair,66000.0,0,0.222,5,4.2,0
2024-12-09,Paris Baguette,Croissant,42000.0,0,0.125,18,4.5,1
2024-12-09,Paris Baguette,Red Velvet Cake,285000.0,0,0.086,7,4.5,1
2024-12-09,Tous Les Jours,Tiramisu,255000.0,0,0.14,8,3.9,1
2024-12-09,Tous Les Jours,Cheesecake,227000.0,0,0.194,21,3.6,1
2024-12-09,Tous Les Jours,Macaron,44000.0,0,0.105,24,4.1,1
2024-12-09,Tous Les Jours,Éclair,62000.0,0,0.161,14,3.7,0
2024-12-09,Tous Les Jours,Croissant,39000.0,0,0.106,17,3.9,1
2024-12-09,Tous Les Jours,Red Velvet Cake,291000.0,0,0.05,2,3.8,1
2024-12-09,ABC Bakery,Tiramisu,205000.0,0,0.234,4,4.4,1
2024-12-09,ABC Bakery,Cheesecake,179000.0,0,0.088,18,3.7,1
2024-12-09,ABC Bakery,Macaron,35000.0,0,0.067,5,3.7,1
2024-12-09,ABC Bakery,Éclair,42000.0,1,0.244,13,4.5,1
2024-12-09,ABC Bakery,Croissant,31000.0,0,0.07,12,4.4,0
2024-12-09,ABC Bakery,Red Velvet Cake,229000.0,0,0.178,7,4.0,1
2024-12-09,Givral,Tiramisu,205000.0,0,0.184,11,4.2,0
2024-12-09,Givral,Cheesecake,164000.0,0,0.164,1,4.0,1
2024-12-09,Givral,Macaron,33000.0,0,0.068,1,4.4,1
2024-12-09,Givral,Éclair,41000.0,1,0.235,2,4.8,1
2024-12-09,Givral,Croissant,23000.0,1,0.224,1,3.8,1
2024-12-09,Givral,Red Velvet Cake,220000.0,0,0.082,18,4.8,1
2024-12-09,Local Bakery A,Tiramisu,198000.0,0,0.159,2,4.6,0
2024-12-09,Local Bakery A,Cheesecake,158000.0,0,0.181,1,4.8,1
2024-12-09,Local Bakery A,Macaron,33000.0,0,0.063,8,4.1,0
2024-12-09,Local Bakery A,Éclair,48000.0,0,0.112,14,3.8,0
2024-12-09,Local Bakery A,Croissant,29000.0,0,0.109,18,3.6,1
2024-12-09,Local Bakery A,Red Velvet Cake,204000.0,0,0.186,15,4.7,1
2024-12-09,Supermarket Chain,Tiramisu,122000.0,1,0.244,7,4.3,0
2024-12-09,Supermarket Chain,Cheesecake,120000.0,0,0.078,13,4.2,0
2024-12-09,Supermarket Chain,Macaron,26000.0,0,0.081,15,3.5,1
2024-12-09,Supermarket Chain,Éclair,29000.0,1,0.078,16,4.5,1
2024-12-09,Supermarket Chain,Croissant,24000.0,0,0.139,12,4.2,1
2024-12-09,Supermarket Chain,Red Velvet Cake,162000.0,0,0.173,12,3.9,0
2024-12-10,Paris Baguette,Tiramisu,256000.0,0,0.197,14,3.6,1
2024-12-10,Paris Baguette,Cheesecake,225000.0,0,0.054,10,3.7,1
2024-12-10,Paris Baguette,Macaron,46000.0,0,0.16,19,4.1,0
2024-12-10,Paris Baguette,Éclair,48000.0,1,0.083,13,4.2,1
2024-12-10,Paris Baguette,Croissant,40000.0,0,0.187,6,4.1,1
2024-12-10,Paris Baguette,Red Velvet Cake,290000.0,0,0.109,19,4.3,1
2024-12-10,Tous Les Jours,Tiramisu,250000.0,0,0.168,4,4.3,1
2024-12-10,Tous Les Jours,Cheesecake,228000.0,0,0.071,4,4.2,1
2024-12-10,Tous Les Jours,Macaron,38000.0,1,0.097,12,4.5,1
2024-12-10,Tous Les Jours,Éclair,52000.0,1,0.215,14,3.9,1
2024-12-10,Tous Les Jours,Croissant,39000.0,0,0.22,3,3.6,1
2024-12-10,Tous Les Jours,Red Velvet Cake,281000.0,0,0.137,11,4.6,1
2024-12-10,ABC Bakery,Tiramisu,151000.0,1,0.1,17,3.6,1
2024-12-10,ABC Bakery,Cheesecake,179000.0,0,0.103,19,4.3,0
2024-12-10,ABC Bakery,Macaron,36000.0,0,0.13,3,3.8,0
2024-12-10,ABC Bakery,Éclair,54000.0,0,0.106,2,4.6,1
2024-12-10,ABC Bakery,Croissant,32000.0,0,0.106,4,4.7,1
2024-12-10,ABC Bakery,Red Velvet Cake,245000.0,0,0.215,23,4.6,1
2024-12-10,Givral,Tiramisu,206000.0,0,0.156,9,4.6,0
2024-12-10,Givral,Cheesecake,156000.0,0,0.104,6,4.8,1
2024-12-10,Givral,Macaron,35000.0,0,0.207,17,4.7,1
2024-12-10,Givral,Éclair,49000.0,0,0.174,11,4.4,1
2024-12-10,Givral,Croissant,29000.0,0,0.057,11,4.5,1
2024-12-10,Givral,Red Velvet Cake,174000.0,1,0.211,2,3.6,0
2024-12-10,Local Bakery A,Tiramisu,173000.0,1,0.187,9,4.7,1
2024-12-10,Local Bakery A,Cheesecake,153000.0,0,0.199,12,3.9,1
2024-12-10,Local Bakery A,Macaron,33000.0,0,0.214,17,4.7,1
2024-12-10,Local Bakery A,Éclair,47000.0,0,0.247,18,3.6,1
2024-12-10,Local Bakery A,Croissant,30000.0,0,0.191,5,3.5,1
2024-12-10,Local Bakery A,Red Velvet Cake,215000.0,0,0.105,6,4.0,1
2024-12-10,Supermarket Chain,Tiramisu,104000.0,1,0.223,13,3.6,0
2024-12-10,Supermarket Chain,Cheesecake,123000.0,0,0.067,21,3.8,1
2024-12-10,Supermarket Chain,Macaron,27000.0,0,0.172,22,3.8,0
2024-12-10,Supermarket Chain,Éclair,37000.0,0,0.213,7,3.6,1
2024-12-10,Supermarket Chain,Croissant,17000.0,1,0.092,23,4.8,1
2024-12-10,Supermarket Chain,Red Velvet Cake,165000.0,0,0.159,1,4.1,1
2024-12-11,Paris Baguette,Tiramisu,199000.0,1,0.19,9,4.2,1
2024-12-11,Paris Baguette,Cheesecake,230000.0,0,0.095,15,3.7,1
2024-12-11,Paris Baguette,Macaron,47000.0,0,0.131,18,3.6,1
2024-12-11,Paris Baguette,Éclair,66000.0,0,0.172,8,4.5,1
2024-12-11,Paris Baguette,Croissant,41000.0,0,0.229,9,4.2,0
2024-12-11,Paris Baguette,Red Velvet Cake,283000.0,0,0.142,21,3.7,1
2024-12-11,Tous Les Jours,Tiramisu,263000.0,0,0.219,23,3.9,1
2024-12-11,Tous Les Jours,Cheesecake,203000.0,0,0.231,2,4.8,1
2024-12-11,Tous Les Jours,Macaron,38000.0,1,0.176,15,4.4,1
2024-12-11,Tous Les Jours,Éclair,64000.0,0,0.13,10,3.7,1
2024-12-11,Tous Les Jours,Croissant,37000.0,0,0.24,4,4.6,1
2024-12-11,Tous Les Jours,Red Velvet Cake,279000.0,0,0.239,14,4.5,1
2024-12-11,ABC Bakery,Tiramisu,220000.0,0,0.204,22,3.7,0
2024-12-11,ABC Bakery,Cheesecake,173000.0,0,0.071,18,4.5,1
2024-12-11,ABC Bakery,Macaron,40000.0,0,0.055,17,4.2,1
2024-12-11,ABC Bakery,Éclair,52000.0,0,0.175,17,3.8,1
2024-12-11,ABC Bakery,Croissant,28000.0,1,0.058,5,4.6,1
2024-12-11,ABC Bakery,Red Velvet Cake,235000.0,0,0.147,10,3.6,1
2024-12-11,Givral,Tiramisu,206000.0,0,0.16,24,4.2,1
2024-12-11,Givral,Cheesecake,163000.0,0,0.136,6,4.2,0
2024-12-11,Givral,Macaron,34000.0,0,0.167,19,4.1,1
2024-12-11,Givral,Éclair,49000.0,0,0.113,20,4.3,1
2024-12-11,Givral,Croissant,22000.0,1,0.062,23,4.7,1
2024-12-11,Givral,Red Velvet Cake,212000.0,0,0.051,4,4.8,1
2024-12-11,Local Bakery A,Tiramisu,199000.0,0,0.155,10,4.2,1
2024-12-11,Local Bakery A,Cheesecake,157000.0,0,0.152,2,3.8,1
2024-12-11,Local Bakery A,Macaron,33000.0,0,0.052,9,4.6,1
2024-12-11,Local Bakery A,Éclair,50000.0,0,0.228,16,4.6,1
2024-12-11,Local Bakery A,Croissant,30000.0,0,0.111,10,3.9,0
2024-12-11,Local Bakery A,Red Velvet Cake,204000.0,0,0.094,13,3.9,0
2024-12-11,Supermarket Chain,Tiramisu,150000.0,0,0.088,3,4.0,0
2024-12-11,Supermarket Chain,Cheesecake,121000.0,0,0.098,16,3.8,0
2024-12-11,Supermarket Chain,Macaron,20000.0,1,0.214,8,3.6,1
2024-12-11,Supermarket Chain,Éclair,38000.0,0,0.162,14,3.6,1
2024-12-11,Supermarket Chain,Croissant,23000.0,0,0.213,4,3.7,0
2024-12-11,Supermarket Chain,Red Velvet Cake,161000.0,0,0.174,13,4.4,0
2024-12-12,Paris Baguette,Tiramisu,275000.0,0,0.235,21,3.6,1
2024-12-12,Paris Baguette,Cheesecake,235000.0,0,0.109,6,4.4,1
2024-12-12,Paris Baguette,Macaron,47000.0,0,0.167,20,4.3,0
2024-12-12,Paris Baguette,Éclair,65000.0,0,0.058,2,4.2,1
2024-12-12,Paris Baguette,Croissant,38000.0,0,0.092,6,4.6,1
2024-12-12,Paris Baguette,Red Velvet Cake,297000.0,0,0.077,24,4.1,0
2024-12-12,Tous Les Jours,Tiramisu,263000.0,0,0.186,4,4.7,1
2024-12-12,Tous Les Jours,Cheesecake,208000.0,0,0.173,15,4.0,1
2024-12-12,Tous Les Jours,Macaron,35000.0,1,0.158,5,4.2,1
2024-12-12,Tous Les Jours,Éclair,64000.0,0,0.169,23,4.7,0
2024-12-12,Tous Les Jours,Croissant,37000.0,0,0.189,6,4.5,1
2024-12-12,Tous Les Jours,Red Velvet Cake,291000.0,0,0.132,19,3.7,1
2024-12-12,ABC Bakery,Tiramisu,219000.0,0,0.09,16,3.8,1
2024-12-12,ABC Bakery,Cheesecake,183000.0,0,0.238,13,4.3,0
2024-12-12,ABC Bakery,Macaron,37000.0,0,0.098,17,3.7,1
2024-12-12,ABC Bakery,Éclair,54000.0,0,0.241,22,4.4,1
2024-12-12,ABC Bakery,Croissant,33000.0,0,0.074,16,4.2,1
2024-12-12,ABC Bakery,Red Velvet Cake,235000.0,0,0.221,15,3.6,1
2024-12-12,Givral,Tiramisu,199000.0,0,0.08,14,4.1,1
2024-12-12,Givral,Cheesecake,179000.0,0,0.069,17,3.8,0
2024-12-12,Givral,Macaron,36000.0,0,0.109,7,4.6,1
2024-12-12,Givral,Éclair,51000.0,0,0.232,18,4.8,1
2024-12-12,Givral,Croissant,31000.0,0,0.117,16,3.6,0
2024-12-12,Givral,Red Velvet Cake,228000.0,0,0.098,15,4.6,1
2024-12-12,Local Bakery A,Tiramisu,196000.0,0,0.161,24,3.9,0
2024-12-12,Local Bakery A,Cheesecake,140000.0,1,0.08,8,4.0,1
2024-12-12,Local Bakery A,Macaron,34000.0,0,0.157,23,3.6,0
2024-12-12,Local Bakery A,Éclair,45000.0,0,0.059,22,3.9,1
2024-12-12,Local Bakery A,Croissant,28000.0,0,0.157,1,4.7,0
2024-12-12,Local Bakery A,Red Velvet Cake,220000.0,0,0.175,23,4.3,1
2024-12-12,Supermarket Chain,Tiramisu,158000.0,0,0.201,17,4.7,1
2024-12-12,Supermarket Chain,Cheesecake,124000.0,0,0.065,4,4.4,1
2024-12-12,Supermarket Chain,Macaron,26000.0,0,0.125,17,4.2,1
2024-12-12,Supermarket Chain,Éclair,33000.0,1,0.084,1,4.3,1
2024-12-12,Supermarket Chain,Croissant,24000.0,0,0.224,5,4.0,0
2024-12-12,Supermarket Chain,Red Velvet Cake,156000.0,0,0.067,7,4.5,0
2024-12-13,Paris Baguette,Tiramisu,257000.0,0,0.24,16,4.7,1
2024-12-13,Paris Baguette,Cheesecake,222000.0,0,0.063,8,3.6,0
2024-12-13,Paris Baguette,Macaron,46000.0,0,0.242,11,4.3,0
2024-12-13,Paris Baguette,Éclair,70000.0,0,0.242,2,4.6,1
2024-12-13,Paris Baguette,Croissant,40000.0,0,0.121,3,4.7,0
2024-12-13,Paris Baguette,Red Velvet Cake,294000.0,0,0.235,18,4.7,0
2024-12-13,Tous Les Jours,Tiramisu,252000.0,0,0.199,21,3.6,1
2024-12-13,Tous Les Jours,Cheesecake,194000.0,1,0.245,22,4.6,0
2024-12-13,Tous Les Jours,Macaron,37000.0,1,0.157,6,4.8,1
2024-12-13,Tous Les Jours,Éclair,63000.0,0,0.187,13,3.7,0
2024-12-13,Tous Les Jours,Croissant,39000.0,0,0.226,6,4.7,1
2024-12-13,Tous Les Jours,Red Velvet Cake,290000.0,0,0.227,16,4.5,1
2024-12-13,ABC Bakery,Tiramisu,220000.0,0,0.103,20,4.4,0
2024-12-13,ABC Bakery,Cheesecake,189000.0,0,0.093,14,3.6,1
2024-12-13,ABC Bakery,Macaron,39000.0,0,0.103,20,4.6,1
2024-12-13,ABC Bakery,Éclair,54000.0,0,0.222,18,3.6,0
2024-12-13,ABC Bakery,Croissant,32000.0,0,0.057,6,4.7,1
2024-12-13,ABC Bakery,Red Velvet Cake,222000.0,0,0.133,13,4.8,0
2024-12-13,Givral,Tiramisu,203000.0,0,0.246,19,4.5,1
2024-12-13,Givral,Cheesecake,174000.0,0,0.2,11,3.6,1
2024-12-13,Givral,Macaron,37000.0,0,0.189,24,4.2,0
2024-12-13,Givral,Éclair,52000.0,0,0.107,24,3.9,1
2024-12-13,Givral,Croissant,32000.0,0,0.161,7,3.8,1
2024-12-13,Givral,Red Velvet Cake,227000.0,0,0.25,7,4.7,1
2024-12-13,Local Bakery A,Tiramisu,194000.0,0,0.062,19,4.1,1
2024-12-13,Local Bakery A,Cheesecake,163000.0,0,0.195,23,3.7,0
2024-12-13,Local Bakery A,Macaron,35000.0,0,0.095,15,4.3,0
2024-12-13,Local Bakery A,Éclair,48000.0,0,0.211,14,3.8,0
2024-12-13,Local Bakery A,Croissant,27000.0,1,0.116,9,4.2,1
2024-12-13,Local Bakery A,Red Velvet Cake,196000.0,0,0.064,21,4.7,1
2024-12-13,Supermarket Chain,Tiramisu,152000.0,0,0.202,11,4.8,0
2024-12-13,Supermarket Chain,Cheesecake,108000.0,1,0.09,15,4.7,0
2024-12-13,Supermarket Chain,Macaron,26000.0,0,0.079,4,4.8,1
2024-12-13,Supermarket Chain,Éclair,38000.0,0,0.091,18,4.7,1
2024-12-13,Supermarket Chain,Croissant,22000.0,0,0.22,18,4.2,1
2024-12-13,Supermarket Chain,Red Velvet Cake,170000.0,0,0.181,24,3.5,1
2024-12-14,Paris Baguette,Tiramisu,290000.0,0,0.236,24,4.6,0
2024-12-14,Paris Baguette,Cheesecake,218000.0,0,0.211,18,4.1,0
2024-12-14,Paris Baguette,Macaron,48000.0,0,0.156,23,4.3,1
2024-12-14,Paris Baguette,Éclair,72000.0,0,0.085,3,4.2,1
2024-12-14,Paris Baguette,Croissant,41000.0,0,0.248,16,3.9,1
2024-12-14,Paris Baguette,Red Velvet Cake,287000.0,0,0.122,20,3.8,1
2024-12-14,Tous Les Jours,Tiramisu,268000.0,0,0.134,4,4.7,1
2024-12-14,Tous Les Jours,Cheesecake,228000.0,0,0.102,3,4.6,1
2024-12-14,Tous Les Jours,Macaron,35000.0,1,0.232,19,3.9,1
2024-12-14,Tous Les Jours,Éclair,65000.0,0,0.121,1,3.7,1
2024-12-14,Tous Les Jours,Croissant,40000.0,0,0.19,12,4.6,1
2024-12-14,Tous Les Jours,Red Velvet Cake,227000.0,1,0.145,5,3.8,1
2024-12-14,ABC Bakery,Tiramisu,161000.0,1,0.149,24,4.3,0
2024-12-14,ABC Bakery,Cheesecake,192000.0,0,0.205,13,4.4,0
2024-12-14,ABC Bakery,Macaron,34000.0,1,0.105,14,4.8,0
2024-12-14,ABC Bakery,Éclair,57000.0,0,0.09,14,3.9,0
2024-12-14,ABC Bakery,Croissant,35000.0,0,0.221,17,4.2,1
2024-12-14,ABC Bakery,Red Velvet Cake,259000.0,0,0.051,19,4.0,1
2024-12-14,Givral,Tiramisu,205000.0,0,0.106,24,3.7,0
2024-12-14,Givral,Cheesecake,181000.0,0,0.219,16,4.0,1
2024-12-14,Givral,Macaron,38000.0,0,0.18,4,4.4,1
2024-12-14,Givral,Éclair,40000.0,1,0.138,16,4.6,1
2024-12-14,Givral,Croissant,33000.0,0,0.248,6,4.2,1
2024-12-14,Givral,Red Velvet Cake,233000.0,0,0.241,4,3.6,1
2024-12-14,Local Bakery A,Tiramisu,211000.0,0,0.126,3,3.8,0
2024-12-14,Local Bakery A,Cheesecake,178000.0,0,0.131,1,4.4,1
2024-12-14,Local Bakery A,Macaron,36000.0,0,0.139,18,4.2,1
2024-12-14,Local Bakery A,Éclair,41000.0,1,0.163,5,4.2,1
2024-12-14,Local Bakery A,Croissant,32000.0,0,0.218,8,3.8,1
2024-12-14,Local Bakery A,Red Velvet Cake,226000.0,0,0.053,2,3.8,1
2024-12-14,Supermarket Chain,Tiramisu,127000.0,1,0.205,7,4.5,1
2024-12-14,Supermarket Chain,Cheesecake,131000.0,0,0.109,15,3.5,1
2024-12-14,Supermarket Chain,Macaron,28000.0,0,0.151,4,4.4,1
2024-12-14,Supermarket Chain,Éclair,41000.0,0,0.227,5,4.1,0
2024-12-14,Supermarket Chain,Croissant,24000.0,0,0.148,21,4.4,0
2024-12-14,Supermarket Chain,Red Velvet Cake,177000.0,0,0.227,5,3.7,0
2024-12-15,Paris Baguette,Tiramisu,295000.0,0,0.154,10,4.8,0
2024-12-15,Paris Baguette,Cheesecake,241000.0,0,0.069,7,3.6,1
2024-12-15,Paris Baguette,Macaron,48000.0,0,0.213,7,4.1,1
2024-12-15,Paris Baguette,Éclair,70000.0,0,0.061,22,4.7,1
2024-12-15,Paris Baguette,Croissant,44000.0,0,0.129,9,3.9,1
2024-12-15,Paris Baguette,Red Velvet Cake,327000.0,0,0.187,22,4.4,0
2024-12-15,Tous Les Jours,Tiramisu,262000.0,0,0.248,14,4.5,1
2024-12-15,Tous Les Jours,Cheesecake,231000.0,0,0.201,3,4.4,0
2024-12-15,Tous Les Jours,Macaron,46000.0,0,0.101,20,4.8,1
2024-12-15,Tous Les Jours,Éclair,68000.0,0,0.1,12,3.7,1
2024-12-15,Tous Les Jours,Croissant,40000.0,0,0.078,5,3.9,1
2024-12-15,Tous Les Jours,Red Velvet Cake,300000.0,0,0.088,12,4.7,0
2024-12-15,ABC Bakery,Tiramisu,229000.0,0,0.24,7,3.6,1
2024-12-15,ABC Bakery,Cheesecake,203000.0,0,0.185,8,4.2,1
2024-12-15,ABC Bakery,Macaron,40000.0,0,0.138,5,3.8,0
2024-12-15,ABC Bakery,Éclair,57000.0,0,0.056,5,4.5,1
2024-12-15,ABC Bakery,Croissant,35000.0,0,0.215,14,4.5,1
2024-12-15,ABC Bakery,Red Velvet Cake,248000.0,0,0.19,12,4.7,1
2024-12-15,Givral,Tiramisu,209000.0,0,0.204,8,4.8,1
2024-12-15,Givral,Cheesecake,183000.0,0,0.159,1,3.6,0
2024-12-15,Givral,Macaron,39000.0,0,0.146,19,3.6,1
2024-12-15,Givral,Éclair,37000.0,1,0.165,12,4.1,1
2024-12-15,Givral,Croissant,31000.0,0,0.181,4,4.8,1
2024-12-15,Givral,Red Velvet Cake,197000.0,1,0.194,11,3.9,1
2024-12-15,Local Bakery A,Tiramisu,204000.0,0,0.236,16,3.7,1
2024-12-15,Local Bakery A,Cheesecake,147000.0,1,0.193,4,3.5,1
2024-12-15,Local Bakery A,Macaron,35000.0,0,0.182,15,4.5,1
2024-12-15,Local Bakery A,Éclair,51000.0,0,0.22,13,3.9,1
2024-12-15,Local Bakery A,Croissant,30000.0,0,0.216,11,3.8,0
2024-12-15,Local Bakery A,Red Velvet Cake,200000.0,1,0.215,19,4.0,1
2024-12-15,Supermarket Chain,Tiramisu,159000.0,0,0.165,1,4.4,1
2024-12-15,Supermarket Chain,Cheesecake,135000.0,0,0.206,11,3.7,0
2024-12-15,Supermarket Chain,Macaron,28000.0,0,0.193,18,3.6,0
2024-12-15,Supermarket Chain,Éclair,29000.0,1,0.234,20,4.3,1
2024-12-15,Supermarket Chain,Croissant,23000.0,1,0.07,15,4.8,0
2024-12-15,Supermarket Chain,Red Velvet Cake,176000.0,0,0.237,9,4.5,0
2024-12-16,Paris Baguette,Tiramisu,229000.0,1,0.154,8,4.1,1
2024-12-16,Paris Baguette,Cheesecake,219000.0,0,0.177,18,4.2,1
2024-12-16,Paris Baguette,Macaron,46000.0,0,0.23,14,3.7,1
2024-12-16,Paris Baguette,Éclair,68000.0,0,0.174,15,4.2,1
2024-12-16,Paris Baguette,Croissant,39000.0,0,0.185,12,4.0,1
2024-12-16,Paris Baguette,Red Velvet Cake,293000.0,0,0.172,23,4.4,1
2024-12-16,Tous Les Jours,Tiramisu,251000.0,0,0.141,10,4.7,1
2024-12-16,Tous Les Jours,Cheesecake,217000.0,0,0.07,8,4.2,1
2024-12-16,Tous Les Jours,Macaron,46000.0,0,0.153,8,4.0,1
2024-12-16,Tous Les Jours,Éclair,64000.0,0,0.246,3,4.6,1
2024-12-16,Tous Les Jours,Croissant,41000.0,0,0.096,7,4.4,0
2024-12-16,Tous Les Jours,Red Velvet Cake,227000.0,1,0.062,15,4.2,0
2024-12-16,ABC Bakery,Tiramisu,205000.0,0,0.224,21,4.7,1
2024-12-16,ABC Bakery,Cheesecake,183000.0,0,0.214,4,4.2,1
2024-12-16,ABC Bakery,Macaron,37000.0,0,0.208,3,4.5,0
2024-12-16,ABC Bakery,Éclair,53000.0,0,0.202,16,3.9,1
2024-12-16,ABC Bakery,Croissant,33000.0,0,0.114,7,4.3,1
2024-12-16,ABC Bakery,Red Velvet Cake,223000.0,0,0.055,24,4.5,0
2024-12-16,Givral,Tiramisu,192000.0,0,0.104,24,4.4,0
2024-12-16,Givral,Cheesecake,173000.0,0,0.112,3,3.5,0
2024-12-16,Givral,Macaron,27000.0,1,0.106,9,4.8,1
2024-12-16,Givral,Éclair,53000.0,0,0.129,1,4.3,1
2024-12-16,Givral,Croissant,27000.0,1,0.172,12,4.6,0
2024-12-16,Givral,Red Velvet Cake,226000.0,0,0.153,14,4.2,0
2024-12-16,Local Bakery A,Tiramisu,185000.0,0,0.081,24,3.7,0
2024-12-16,Local Bakery A,Cheesecake,165000.0,0,0.126,1,4.3,0
2024-12-16,Local Bakery A,Macaron,35000.0,0,0.131,12,4.2,0
2024-12-16,Local Bakery A,Éclair,48000.0,0,0.146,22,4.3,1
2024-12-16,Local Bakery A,Croissant,29000.0,0,0.135,7,4.1,1
2024-12-16,Local Bakery A,Red Velvet Cake,167000.0,1,0.149,9,3.5,0
2024-12-16,Supermarket Chain,Tiramisu,107000.0,1,0.059,12,4.7,1
2024-12-16,Supermarket Chain,Cheesecake,127000.0,0,0.153,13,3.9,1
2024-12-16,Supermarket Chain,Macaron,27000.0,0,0.248,2,4.1,1
2024-12-16,Supermarket Chain,Éclair,38000.0,0,0.232,7,4.3,1
2024-12-16,Supermarket Chain,Croissant,23000.0,0,0.052,19,4.0,0
2024-12-16,Supermarket Chain,Red Velvet Cake,129000.0,1,0.24,8,4.7,1
2024-12-17,Paris Baguette,Tiramisu,276000.0,0,0.075,12,3.6,1
2024-12-17,Paris Baguette,Cheesecake,239000.0,0,0.121,16,4.0,1
2024-12-17,Paris Baguette,Macaron,48000.0,0,0.166,2,3.6,1
2024-12-17,Paris Baguette,Éclair,64000.0,0,0.106,17,4.0,1
2024-12-17,Paris Baguette,Croissant,41000.0,0,0.235,7,3.5,1
2024-12-17,Paris Baguette,Red Velvet Cake,304000.0,0,0.052,11,4.2,1
2024-12-17,Tous Les Jours,Tiramisu,263000.0,0,0.099,14,3.6,1
2024-12-17,Tous Les Jours,Cheesecake,218000.0,0,0.141,21,3.8,0
2024-12-17,Tous Les Jours,Macaron,47000.0,0,0.204,11,4.3,0
2024-12-17,Tous Les Jours,Éclair,62000.0,0,0.171,19,4.3,0
2024-12-17,Tous Les Jours,Croissant,37000.0,0,0.083,12,3.6,1
2024-12-17,Tous Les Jours,Red Velvet Cake,271000.0,0,0.096,20,4.4,0
2024-12-17,ABC Bakery,Tiramisu,212000.0,0,0.101,11,3.7,1
2024-12-17,ABC Bakery,Cheesecake,179000.0,0,0.054,4,4.6,0
2024-12-17,ABC Bakery,Macaron,36000.0,0,0.118,9,4.5,1
2024-12-17,ABC Bakery,Éclair,54000.0,0,0.143,4,3.6,1
2024-12-17,ABC Bakery,Croissant,24000.0,1,0.08,24,3.9,1
2024-12-17,ABC Bakery,Red Velvet Cake,173000.0,1,0.074,21,4.5,1
2024-12-17,Givral,Tiramisu,216000.0,0,0.063,5,3.6,0
2024-12-17,Givral,Cheesecake,135000.0,1,0.051,22,3.9,1
2024-12-17,Givral,Macaron,36000.0,0,0.192,18,3.5,1
2024-12-17,Givral,Éclair,52000.0,0,0.176,19,4.1,1
2024-12-17,Givral,Croissant,31000.0,0,0.15,7,4.3,1
2024-12-17,Givral,Red Velvet Cake,230000.0,0,0.219,15,3.6,1
2024-12-17,Local Bakery A,Tiramisu,157000.0,1,0.197,3,4.1,0
2024-12-17,Local Bakery A,Cheesecake,157000.0,0,0.055,24,4.0,0
2024-12-17,Local Bakery A,Macaron,34000.0,0,0.217,4,3.6,1
2024-12-17,Local Bakery A,Éclair,49000.0,0,0.183,18,4.5,1
2024-12-17,Local Bakery A,Croissant,29000.0,0,0.224,20,4.8,0
2024-12-17,Local Bakery A,Red Velvet Cake,218000.0,0,0.086,24,4.2,0
2024-12-17,Supermarket Chain,Tiramisu,103000.0,1,0.144,5,4.2,0
2024-12-17,Supermarket Chain,Cheesecake,120000.0,0,0.089,2,4.0,1
2024-12-17,Supermarket Chain,Macaron,25000.0,0,0.128,22,3.7,1
2024-12-17,Supermarket Chain,Éclair,37000.0,0,0.148,8,4.7,1
2024-12-17,Supermarket Chain,Croissant,24000.0,0,0.108,22,3.6,1
2024-12-17,Supermarket Chain,Red Velvet Cake,171000.0,0,0.101,18,4.0,0
2024-12-18,Paris Baguette,Tiramisu,263000.0,0,0.051,5,4.2,1
2024-12-18,Paris Baguette,Cheesecake,218000.0,0,0.171,3,3.6,0
2024-12-18,Paris Baguette,Macaron,49000.0,0,0.054,21,4.5,1
2024-12-18,Paris Baguette,Éclair,71000.0,0,0.152,2,3.5,1
2024-12-18,Paris Baguette,Croissant,39000.0,0,0.138,14,4.1,1
2024-12-18,Paris Baguette,Red Velvet Cake,263000.0,1,0.238,20,4.5,0
2024-12-18,Tous Les Jours,Tiramisu,272000.0,0,0.082,21,4.1,1
2024-12-18,Tous Les Jours,Cheesecake,225000.0,0,0.239,15,4.5,1
2024-12-18,Tous Les Jours,Macaron,46000.0,0,0.07,11,3.6,1
2024-12-18,Tous Les Jours,Éclair,67000.0,0,0.238,17,4.4,0
2024-12-18,Tous Les Jours,Croissant,38000.0,0,0.203,21,4.3,1
2024-12-18,Tous Les Jours,Red Velvet Cake,274000.0,0,0.122,22,4.0,1
2024-12-18,ABC Bakery,Tiramisu,213000.0,0,0.071,11,4.1,0
2024-12-18,ABC Bakery,Cheesecake,185000.0,0,0.18,19,4.7,0
2024-12-18,ABC Bakery,Macaron,32000.0,1,0.086,13,3.5,0
2024-12-18,ABC Bakery,Éclair,56000.0,0,0.093,16,4.3,0
2024-12-18,ABC Bakery,Croissant,32000.0,0,0.093,8,4.3,1
2024-12-18,ABC Bakery,Red Velvet Cake,240000.0,0,0.145,4,3.6,0
2024-12-18,Givral,Tiramisu,204000.0,0,0.058,18,4.3,1
2024-12-18,Givral,Cheesecake,170000.0,0,0.138,19,4.8,0
2024-12-18,Givral,Macaron,37000.0,0,0.132,2,4.6,1
2024-12-18,Givral,Éclair,50000.0,0,0.112,8,3.6,1
2024-12-18,Givral,Croissant,31000.0,0,0.162,13,4.6,1
2024-12-18,Givral,Red Velvet Cake,221000.0,0,0.075,9,4.6,0
2024-12-18,Local Bakery A,Tiramisu,191000.0,0,0.1,17,4.3,1
2024-12-18,Local Bakery A,Cheesecake,168000.0,0,0.127,4,3.6,0
2024-12-18,Local Bakery A,Macaron,32000.0,0,0.132,9,3.7,0
2024-12-18,Local Bakery A,Éclair,49000.0,0,0.225,13,3.8,1
2024-12-18,Local Bakery A,Croissant,29000.0,0,0.217,4,3.7,0
2024-12-18,Local Bakery A,Red Velvet Cake,215000.0,0,0.16,10,3.9,1
2024-12-18,Supermarket Chain,Tiramisu,153000.0,0,0.199,7,3.6,1
2024-12-18,Supermarket Chain,Cheesecake,132000.0,0,0.18,3,3.8,1
2024-12-18,Supermarket Chain,Macaron,27000.0,0,0.206,4,3.8,1
2024-12-18,Supermarket Chain,Éclair,32000.0,1,0.218,22,3.9,0
2024-12-18,Supermarket Chain,Croissant,17000.0,1,0.214,12,3.9,1
2024-12-18,Supermarket Chain,Red Velvet Cake,156000.0,0,0.058,14,4.0,1
2024-12-19,Paris Baguette,Tiramisu,282000.0,0,0.089,17,4.4,0
2024-12-19,Paris Baguette,Cheesecake,230000.0,0,0.225,1,4.7,1
2024-12-19,Paris Baguette,Macaron,47000.0,0,0.211,13,3.8,1
2024-12-19,Paris Baguette,Éclair,70000.0,0,0.189,5,4.5,1
2024-12-19,Paris Baguette,Croissant,41000.0,0,0.212,18,4.4,1
2024-12-19,Paris Baguette,Red Velvet Cake,295000.0,0,0.175,10,4.0,1
2024-12-19,Tous Les Jours,Tiramisu,205000.0,1,0.224,10,4.1,0
2024-12-19,Tous Les Jours,Cheesecake,217000.0,0,0.218,8,4.1,1
2024-12-19,Tous Les Jours,Macaron,46000.0,0,0.112,10,3.7,1
2024-12-19,Tous Les Jours,Éclair,67000.0,0,0.059,6,3.6,1
2024-12-19,Tous Les Jours,Croissant,39000.0,0,0.093,4,3.6,1
2024-12-19,Tous Les Jours,Red Velvet Cake,276000.0,0,0.178,18,4.2,1
2024-12-19,ABC Bakery,Tiramisu,221000.0,0,0.219,12,3.5,1
2024-12-19,ABC Bakery,Cheesecake,185000.0,0,0.236,20,4.5,0
2024-12-19,ABC Bakery,Macaron,38000.0,0,0.242,13,3.6,0
2024-12-19,ABC Bakery,Éclair,55000.0,0,0.233,9,4.3,1
2024-12-19,ABC Bakery,Croissant,32000.0,0,0.135,16,3.7,1
2024-12-19,ABC Bakery,Red Velvet Cake,243000.0,0,0.076,22,3.9,1
2024-12-19,Givral,Tiramisu,190000.0,0,0.053,7,4.6,1
2024-12-19,Givral,Cheesecake,172000.0,0,0.062,20,4.3,0
2024-12-19,Givral,Macaron,36000.0,0,0.095,1,4.5,0
2024-12-19,Givral,Éclair,52000.0,0,0.238,4,4.2,1
2024-12-19,Givral,Croissant,30000.0,0,0.118,6,4.6,1
2024-12-19,Givral,Red Velvet Cake,211000.0,0,0.194,18,4.2,0
2024-12-19,Local Bakery A,Tiramisu,191000.0,0,0.195,17,3.7,1
2024-12-19,Local Bakery A,Cheesecake,169000.0,0,0.145,9,3.7,1
2024-12-19,Local Bakery A,Macaron,36000.0,0,0.102,1,4.6,0
2024-12-19,Local Bakery A,Éclair,34000.0,1,0.058,9,4.6,1
2024-12-19,Local Bakery A,Croissant,29000.0,0,0.21,4,4.2,1
2024-12-19,Local Bakery A,Red Velvet Cake,215000.0,0,0.227,11,3.7,1
2024-12-19,Supermarket Chain,Tiramisu,150000.0,0,0.223,11,3.7,1
2024-12-19,Supermarket Chain,Cheesecake,106000.0,1,0.102,5,4.3,0
2024-12-19,Supermarket Chain,Macaron,28000.0,0,0.232,6,4.3,0
2024-12-19,Supermarket Chain,Éclair,38000.0,0,0.14,3,4.7,0
2024-12-19,Supermarket Chain,Croissant,19000.0,1,0.053,12,3.6,0
2024-12-19,Supermarket Chain,Red Velvet Cake,166000.0,0,0.103,21,3.9,1
2024-12-20,Paris Baguette,Tiramisu,279000.0,0,0.167,20,4.6,1
2024-12-20,Paris Baguette,Cheesecake,234000.0,0,0.152,21,4.8,1
2024-12-20,Paris Baguette,Macaron,41000.0,1,0.115,4,4.5,1
2024-12-20,Paris Baguette,Éclair,68000.0,0,0.245,1,4.4,1
2024-12-20,Paris Baguette,Croissant,41000.0,0,0.141,16,4.1,0
2024-12-20,Paris Baguette,Red Velvet Cake,294000.0,0,0.189,24,4.4,1
2024-12-20,Tous Les Jours,Tiramisu,264000.0,0,0.067,12,3.5,0
2024-12-20,Tous Les Jours,Cheesecake,218000.0,0,0.057,2,4.4,1
2024-12-20,Tous Les Jours,Macaron,45000.0,0,0.135,21,4.2,1
2024-12-20,Tous Les Jours,Éclair,68000.0,0,0.133,10,4.8,0
2024-12-20,Tous Les Jours,Croissant,40000.0,0,0.072,1,3.9,0
2024-12-20,Tous Les Jours,Red Velvet Cake,272000.0,0,0.238,21,4.1,0
2024-12-20,ABC Bakery,Tiramisu,209000.0,0,0.184,1,3.7,1
2024-12-20,ABC Bakery,Cheesecake,185000.0,0,0.081,18,4.5,1
2024-12-20,ABC Bakery,Macaron,37000.0,0,0.163,10,4.3,1
2024-12-20,ABC Bakery,Éclair,52000.0,0,0.206,6,4.2,0
2024-12-20,ABC Bakery,Croissant,33000.0,0,0.214,5,4.4,1
2024-12-20,ABC Bakery,Red Velvet Cake,244000.0,0,0.071,11,4.1,1
2024-12-20,Givral,Tiramisu,209000.0,0,0.17,17,4.1,1
2024-12-20,Givral,Cheesecake,174000.0,0,0.167,21,3.9,1
2024-12-20,Givral,Macaron,32000.0,1,0.076,19,3.8,1
2024-12-20,Givral,Éclair,53000.0,0,0.105,19,4.3,1
2024-12-20,Givral,Croissant,31000.0,0,0.172,11,4.8,0
2024-12-20,Givral,Red Velvet Cake,216000.0,0,0.164,23,4.1,0
2024-12-20,Local Bakery A,Tiramisu,195000.0,0,0.161,8,4.4,1
2024-12-20,Local Bakery A,Cheesecake,164000.0,0,0.122,3,4.7,1
2024-12-20,Local Bakery A,Macaron,33000.0,0,0.132,19,4.7,1
2024-12-20,Local Bakery A,Éclair,47000.0,0,0.154,22,4.1,0
2024-12-20,Local Bakery A,Croissant,30000.0,0,0.109,6,3.9,0
2024-12-20,Local Bakery A,Red Velvet Cake,215000.0,0,0.151,16,4.4,1
2024-12-20,Supermarket Chain,Tiramisu,117000.0,1,0.149,6,4.8,1
2024-12-20,Supermarket Chain,Cheesecake,106000.0,1,0.194,9,3.8,0
2024-12-20,Supermarket Chain,Macaron,26000.0,0,0.181,2,4.5,1
2024-12-20,Supermarket Chain,Éclair,37000.0,0,0.195,18,4.0,1
2024-12-20,Supermarket Chain,Croissant,17000.0,1,0.229,17,3.5,1
2024-12-20,Supermarket Chain,Red Velvet Cake,161000.0,0,0.233,13,4.0,1
2024-12-21,Paris Baguette,Tiramisu,334000.0,0,0.133,24,3.8,0
2024-12-21,Paris Baguette,Cheesecake,264000.0,0,0.056,17,3.8,1
2024-12-21,Paris Baguette,Macaron,53000.0,0,0.226,14,4.8,1
2024-12-21,Paris Baguette,Éclair,67000.0,1,0.134,9,3.8,1
2024-12-21,Paris Baguette,Croissant,49000.0,0,0.112,12,4.6,1
2024-12-21,Paris Baguette,Red Velvet Cake,361000.0,0,0.084,10,4.2,1
2024-12-21,Tous Les Jours,Tiramisu,315000.0,0,0.059,15,3.7,1
2024-12-21,Tous Les Jours,Cheesecake,255000.0,0,0.143,21,3.9,1
2024-12-21,Tous Les Jours,Macaron,53000.0,0,0.241,3,3.9,1
2024-12-21,Tous Les Jours,Éclair,73000.0,0,0.074,16,3.8,0
2024-12-21,Tous Les Jours,Croissant,47000.0,0,0.089,9,4.0,1
2024-12-21,Tous Les Jours,Red Velvet Cake,328000.0,0,0.166,10,4.7,0
2024-12-21,ABC Bakery,Tiramisu,251000.0,0,0.082,13,3.9,0
2024-12-21,ABC Bakery,Cheesecake,212000.0,0,0.183,24,3.6,1
2024-12-21,ABC Bakery,Macaron,43000.0,0,0.122,15,3.9,1
2024-12-21,ABC Bakery,Éclair,66000.0,0,0.235,14,3.8,1
2024-12-21,ABC Bakery,Croissant,37000.0,0,0.249,7,4.5,0
2024-12-21,ABC Bakery,Red Velvet Cake,267000.0,0,0.188,23,4.3,1
2024-12-21,Givral,Tiramisu,195000.0,1,0.104,11,4.1,1
2024-12-21,Givral,Cheesecake,206000.0,0,0.168,22,4.1,0
2024-12-21,Givral,Macaron,42000.0,0,0.06,18,4.5,1
2024-12-21,Givral,Éclair,60000.0,0,0.209,3,3.9,1
2024-12-21,Givral,Croissant,36000.0,0,0.198,21,4.0,0
2024-12-21,Givral,Red Velvet Cake,257000.0,0,0.22,10,3.6,1
2024-12-21,Local Bakery A,Tiramisu,230000.0,0,0.231,15,4.4,0
2024-12-21,Local Bakery A,Cheesecake,198000.0,0,0.167,20,4.1,1
2024-12-21,Local Bakery A,Macaron,35000.0,1,0.172,11,3.6,1
2024-12-21,Local Bakery A,Éclair,57000.0,0,0.073,20,4.1,1
2024-12-21,Local Bakery A,Croissant,35000.0,0,0.157,4,3.8,0
2024-12-21,Local Bakery A,Red Velvet Cake,248000.0,0,0.185,8,3.9,0
2024-12-21,Supermarket Chain,Tiramisu,181000.0,0,0.061,16,4.1,1
2024-12-21,Supermarket Chain,Cheesecake,146000.0,0,0.187,17,3.6,1
2024-12-21,Supermarket Chain,Macaron,31000.0,0,0.194,8,3.5,1
2024-12-21,Supermarket Chain,Éclair,40000.0,1,0.229,7,3.8,1
2024-12-21,Supermarket Chain,Croissant,20000.0,1,0.2,15,4.6,0
2024-12-21,Supermarket Chain,Red Velvet Cake,198000.0,0,0.148,21,3.8,0
2024-12-22,Paris Baguette,Tiramisu,318000.0,0,0.124,17,4.3,1
2024-12-22,Paris Baguette,Cheesecake,269000.0,0,0.18,2,3.9,1
2024-12-22,Paris Baguette,Macaron,54000.0,0,0.157,17,4.1,1
2024-12-22,Paris Baguette,Éclair,79000.0,0,0.052,7,4.1,0
2024-12-22,Paris Baguette,Croissant,47000.0,0,0.149,16,4.7,0
2024-12-22,Paris Baguette,Red Velvet Cake,348000.0,0,0.177,5,4.6,1
2024-12-22,Tous Les Jours,Tiramisu,315000.0,0,0.153,15,4.5,0
2024-12-22,Tous Les Jours,Cheesecake,259000.0,0,0.104,24,4.8,1
2024-12-22,Tous Les Jours,Macaron,52000.0,0,0.084,15,4.7,1
2024-12-22,Tous Les Jours,Éclair,76000.0,0,0.085,3,4.3,1
2024-12-22,Tous Les Jours,Croissant,47000.0,0,0.249,5,4.1,0
2024-12-22,Tous Les Jours,Red Velvet Cake,342000.0,0,0.065,15,4.7,1
2024-12-22,ABC Bakery,Tiramisu,248000.0,0,0.238,20,4.5,1
2024-12-22,ABC Bakery,Cheesecake,206000.0,0,0.166,19,4.6,0
2024-12-22,ABC Bakery,Macaron,44000.0,0,0.234,12,4.4,0
2024-12-22,ABC Bakery,Éclair,60000.0,0,0.248,11,3.8,1
2024-12-22,ABC Bakery,Croissant,36000.0,0,0.12,11,4.3,1
2024-12-22,ABC Bakery,Red Velvet Cake,274000.0,0,0.078,8,3.6,0
2024-12-22,Givral,Tiramisu,226000.0,0,0.138,17,4.4,1
2024-12-22,Givral,Cheesecake,205000.0,0,0.196,16,3.7,0
2024-12-22,Givral,Macaron,43000.0,0,0.206,23,3.8,1
2024-12-22,Givral,Éclair,59000.0,0,0.095,15,3.9,1
2024-12-22,Givral,Croissant,37000.0,0,0.163,10,3.8,0
2024-12-22,Givral,Red Velvet Cake,273000.0,0,0.146,1,4.0,1
2024-12-22,Local Bakery A,Tiramisu,241000.0,0,0.063,11,3.7,1
2024-12-22,Local Bakery A,Cheesecake,188000.0,0,0.147,21,4.1,1
2024-12-22,Local Bakery A,Macaron,40000.0,0,0.243,19,4.7,1
2024-12-22,Local Bakery A,Éclair,59000.0,0,0.06,5,3.8,1
2024-12-22,Local Bakery A,Croissant,34000.0,0,0.115,2,4.4,1
2024-12-22,Local Bakery A,Red Velvet Cake,182000.0,1,0.131,4,3.5,1
2024-12-22,Supermarket Chain,Tiramisu,139000.0,1,0.185,2,4.5,0
2024-12-22,Supermarket Chain,Cheesecake,109000.0,1,0.144,4,4.6,0
2024-12-22,Supermarket Chain,Macaron,22000.0,1,0.197,4,4.6,0
2024-12-22,Supermarket Chain,Éclair,37000.0,1,0.199,12,3.7,1
2024-12-22,Supermarket Chain,Croissant,26000.0,0,0.229,22,4.3,1
2024-12-22,Supermarket Chain,Red Velvet Cake,198000.0,0,0.101,16,4.6,1
2024-12-23,Paris Baguette,Tiramisu,264000.0,1,0.25,2,4.8,1
2024-12-23,Paris Baguette,Cheesecake,267000.0,0,0.187,20,3.9,0
2024-12-23,Paris Baguette,Macaron,55000.0,0,0.131,21,4.7,1
2024-12-23,Paris Baguette,Éclair,74000.0,0,0.194,15,4.6,1
2024-12-23,Paris Baguette,Croissant,45000.0,0,0.091,21,4.4,1
2024-12-23,Paris Baguette,Red Velvet Cake,328000.0,0,0.124,17,4.0,1
2024-12-23,Tous Les Jours,Tiramisu,288000.0,0,0.206,24,4.7,1
2024-12-23,Tous Les Jours,Cheesecake,256000.0,0,0.107,19,3.8,0
2024-12-23,Tous Les Jours,Macaron,52000.0,0,0.209,14,3.8,1
2024-12-23,Tous Les Jours,Éclair,73000.0,0,0.13,18,4.7,1
2024-12-23,Tous Les Jours,Croissant,45000.0,0,0.133,2,4.1,0
2024-12-23,Tous Les Jours,Red Velvet Cake,312000.0,0,0.107,13,4.2,1
2024-12-23,ABC Bakery,Tiramisu,239000.0,0,0.191,5,4.8,0
2024-12-23,ABC Bakery,Cheesecake,202000.0,0,0.209,7,3.8,1
2024-12-23,ABC Bakery,Macaron,41000.0,0,0.085,15,3.8,1
2024-12-23,ABC Bakery,Éclair,59000.0,0,0.151,18,3.8,0
2024-12-23,ABC Bakery,Croissant,36000.0,0,0.122,16,4.3,1
2024-12-23,ABC Bakery,Red Velvet Cake,256000.0,0,0.231,4,3.7,0
2024-12-23,Givral,Tiramisu,244000.0,0,0.122,20,3.8,1
2024-12-23,Givral,Cheesecake,198000.0,0,0.136,23,4.7,1
2024-12-23,Givral,Macaron,40000.0,0,0.155,1,4.1,1
2024-12-23,Givral,Éclair,55000.0,0,0.205,11,3.5,0
2024-12-23,Givral,Croissant,33000.0,0,0.189,15,4.4,1
2024-12-23,Givral,Red Velvet Cake,250000.0,0,0.179,11,3.7,1
2024-12-23,Local Bakery A,Tiramisu,220000.0,0,0.233,2,4.0,1
2024-12-23,Local Bakery A,Cheesecake,177000.0,0,0.161,19,4.6,1
2024-12-23,Local Bakery A,Macaron,38000.0,0,0.123,21,4.5,0
2024-12-23,Local Bakery A,Éclair,52000.0,0,0.107,21,3.9,1
2024-12-23,Local Bakery A,Croissant,23000.0,1,0.207,18,4.5,1
2024-12-23,Local Bakery A,Red Velvet Cake,240000.0,0,0.106,23,4.7,0
2024-12-23,Supermarket Chain,Tiramisu,166000.0,0,0.056,17,4.0,0
2024-12-23,Supermarket Chain,Cheesecake,146000.0,0,0.235,5,3.5,0
2024-12-23,Supermarket Chain,Macaron,30000.0,0,0.179,19,4.1,1
2024-12-23,Supermarket Chain,Éclair,36000.0,1,0.229,2,4.1,1
2024-12-23,Supermarket Chain,Croissant,26000.0,0,0.073,20,3.6,1
2024-12-23,Supermarket Chain,Red Velvet Cake,182000.0,0,0.214,22,4.1,0
2024-12-24,Paris Baguette,Tiramisu,316000.0,0,0.172,20,4.3,0
2024-12-24,Paris Baguette,Cheesecake,262000.0,0,0.147,15,3.6,0
2024-12-24,Paris Baguette,Macaron,51000.0,0,0.139,2,4.4,1
2024-12-24,Paris Baguette,Éclair,73000.0,0,0.127,4,3.9,0
2024-12-24,Paris Baguette,Croissant,48000.0,0,0.06,6,4.0,1
2024-12-24,Paris Baguette,Red Velvet Cake,337000.0,0,0.07,18,4.4,1
2024-12-24,Tous Les Jours,Tiramisu,284000.0,0,0.152,14,3.6,1
2024-12-24,Tous Les Jours,Cheesecake,248000.0,0,0.22,4,3.7,1
2024-12-24,Tous Les Jours,Macaron,51000.0,0,0.145,24,3.6,0
2024-12-24,Tous Les Jours,Éclair,70000.0,0,0.168,1,4.8,1
2024-12-24,Tous Les Jours,Croissant,41000.0,0,0.125,14,4.3,0
2024-12-24,Tous Les Jours,Red Velvet Cake,307000.0,0,0.059,2,4.0,1
2024-12-24,ABC Bakery,Tiramisu,231000.0,0,0.222,13,4.6,1
2024-12-24,ABC Bakery,Cheesecake,201000.0,0,0.22,10,3.5,1
2024-12-24,ABC Bakery,Macaron,42000.0,0,0.081,17,4.3,1
2024-12-24,ABC Bakery,Éclair,58000.0,0,0.074,21,3.8,1
2024-12-24,ABC Bakery,Croissant,37000.0,0,0.066,16,3.9,1
2024-12-24,ABC Bakery,Red Velvet Cake,272000.0,0,0.242,11,4.3,1
2024-12-24,Givral,Tiramisu,217000.0,0,0.193,1,4.4,1
2024-12-24,Givral,Cheesecake,188000.0,0,0.205,5,4.3,1
2024-12-24,Givral,Macaron,40000.0,0,0.158,15,3.5,1
2024-12-24,Givral,Éclair,57000.0,0,0.17,24,4.4,0
2024-12-24,Givral,Croissant,30000.0,1,0.132,13,4.2,1
2024-12-24,Givral,Red Velvet Cake,244000.0,0,0.204,24,3.9,0
2024-12-24,Local Bakery A,Tiramisu,210000.0,0,0.108,2,3.7,1
2024-12-24,Local Bakery A,Cheesecake,178000.0,0,0.115,14,4.7,0
2024-12-24,Local Bakery A,Macaron,37000.0,0,0.065,21,3.8,1
2024-12-24,Local Bakery A,Éclair,51000.0,0,0.059,16,4.0,0
2024-12-24,Local Bakery A,Croissant,33000.0,0,0.229,17,3.9,1
2024-12-24,Local Bakery A,Red Velvet Cake,240000.0,0,0.17,12,4.8,1
2024-12-24,Supermarket Chain,Tiramisu,165000.0,0,0.155,7,3.9,0
2024-12-24,Supermarket Chain,Cheesecake,115000.0,1,0.234,18,4.3,0
2024-12-24,Supermarket Chain,Macaron,29000.0,0,0.218,13,4.4,0
2024-12-24,Supermarket Chain,Éclair,30000.0,1,0.061,17,3.5,0
2024-12-24,Supermarket Chain,Croissant,25000.0,0,0.165,21,4.3,1
2024-12-24,Supermarket Chain,Red Velvet Cake,177000.0,0,0.073,6,4.3,1
2024-12-25,Paris Baguette,Tiramisu,301000.0,0,0.209,17,4.7,1
2024-12-25,Paris Baguette,Cheesecake,238000.0,0,0.202,13,4.8,1
2024-12-25,Paris Baguette,Macaron,54000.0,0,0.079,10,3.7,0
2024-12-25,Paris Baguette,Éclair,63000.0,1,0.154,22,4.4,0
2024-12-25,Paris Baguette,Croissant,47000.0,0,0.188,11,4.4,1
2024-12-25,Paris Baguette,Red Velvet Cake,344000.0,0,0.073,21,3.9,0
2024-12-25,Tous Les Jours,Tiramisu,292000.0,0,0.11,13,4.0,0
2024-12-25,Tous Les Jours,Cheesecake,249000.0,0,0.057,10,3.9,1
2024-12-25,Tous Les Jours,Macaron,52000.0,0,0.064,20,4.4,0
2024-12-25,Tous Les Jours,Éclair,74000.0,0,0.207,18,3.8,1
2024-12-25,Tous Les Jours,Croissant,43000.0,0,0.085,8,4.6,0
2024-12-25,Tous Les Jours,Red Velvet Cake,328000.0,0,0.213,13,3.7,1
2024-12-25,ABC Bakery,Tiramisu,227000.0,0,0.231,18,4.3,1
2024-12-25,ABC Bakery,Cheesecake,210000.0,0,0.116,16,4.3,1
2024-12-25,ABC Bakery,Macaron,32000.0,1,0.18,1,3.9,1
2024-12-25,ABC Bakery,Éclair,58000.0,0,0.191,15,3.6,1
2024-12-25,ABC Bakery,Croissant,37000.0,0,0.116,18,3.9,1
2024-12-25,ABC Bakery,Red Velvet Cake,267000.0,0,0.074,19,3.9,1
2024-12-25,Givral,Tiramisu,222000.0,0,0.062,13,4.1,1
2024-12-25,Givral,Cheesecake,188000.0,0,0.217,15,3.6,1
2024-12-25,Givral,Macaron,31000.0,1,0.09,24,3.8,1
2024-12-25,Givral,Éclair,54000.0,0,0.1,8,3.5,0
2024-12-25,Givral,Croissant,34000.0,0,0.161,1,4.6,0
2024-12-25,Givral,Red Velvet Cake,251000.0,0,0.213,8,4.2,0
2024-12-25,Local Bakery A,Tiramisu,163000.0,1,0.192,24,4.4,0
2024-12-25,Local Bakery A,Cheesecake,186000.0,0,0.146,7,3.6,1
2024-12-25,Local Bakery A,Macaron,30000.0,1,0.233,19,3.8,1
2024-12-25,Local Bakery A,Éclair,41000.0,1,0.243,16,4.0,1
2024-12-25,Local Bakery A,Croissant,34000.0,0,0.228,20,4.7,0
2024-12-25,Local Bakery A,Red Velvet Cake,238000.0,0,0.071,3,4.4,1
2024-12-25,Supermarket Chain,Tiramisu,166000.0,0,0.161,18,3.8,1
2024-12-25,Supermarket Chain,Cheesecake,145000.0,0,0.055,19,4.1,0
2024-12-25,Supermarket Chain,Macaron,29000.0,0,0.228,13,3.7,0
2024-12-25,Supermarket Chain,Éclair,31000.0,1,0.163,24,3.7,0
2024-12-25,Supermarket Chain,Croissant,20000.0,1,0.159,23,4.1,0
2024-12-25,Supermarket Chain,Red Velvet Cake,130000.0,1,0.185,5,4.5,0
2024-12-26,Paris Baguette,Tiramisu,294000.0,0,0.129,12,3.8,1
2024-12-26,Paris Baguette,Cheesecake,250000.0,0,0.109,8,4.7,1
2024-12-26,Paris Baguette,Macaron,53000.0,0,0.088,21,3.6,1
2024-12-26,Paris Baguette,Éclair,75000.0,0,0.109,13,4.3,1
2024-12-26,Paris Baguette,Croissant,44000.0,0,0.233,10,4.3,0
2024-12-26,Paris Baguette,Red Velvet Cake,327000.0,0,0.108,10,4.2,1
2024-12-26,Tous Les Jours,Tiramisu,301000.0,0,0.079,23,4.3,1
2024-12-26,Tous Les Jours,Cheesecake,243000.0,0,0.188,1,4.3,0
2024-12-26,Tous Les Jours,Macaron,51000.0,0,0.053,12,3.6,0
2024-12-26,Tous Les Jours,Éclair,72000.0,0,0.211,22,4.3,0
2024-12-26,Tous Les Jours,Croissant,43000.0,0,0.171,13,3.9,1
2024-12-26,Tous Les Jours,Red Velvet Cake,266000.0,1,0.198,24,3.6,1
2024-12-26,ABC Bakery,Tiramisu,238000.0,0,0.248,5,3.8,1
2024-12-26,ABC Bakery,Cheesecake,220000.0,0,0.167,3,3.8,1
2024-12-26,ABC Bakery,Macaron,40000.0,0,0.217,2,3.5,1
2024-12-26,ABC Bakery,Éclair,61000.0,0,0.062,4,4.7,1
2024-12-26,ABC Bakery,Croissant,36000.0,0,0.166,5,4.2,1
2024-12-26,ABC Bakery,Red Velvet Cake,270000.0,0,0.11,1,4.2,1
2024-12-26,Givral,Tiramisu,225000.0,0,0.063,2,3.7,1
2024-12-26,Givral,Cheesecake,191000.0,0,0.057,24,4.7,0
2024-12-26,Givral,Macaron,40000.0,0,0.145,1,4.2,0
2024-12-26,Givral,Éclair,57000.0,0,0.147,3,3.7,1
2024-12-26,Givral,Croissant,33000.0,0,0.172,12,4.0,0
2024-12-26,Givral,Red Velvet Cake,253000.0,0,0.189,21,4.2,1
2024-12-26,Local Bakery A,Tiramisu,218000.0,0,0.095,21,3.6,0
2024-12-26,Local Bakery A,Cheesecake,183000.0,0,0.065,7,3.5,0
2024-12-26,Local Bakery A,Macaron,39000.0,0,0.158,19,4.3,1
2024-12-26,Local Bakery A,Éclair,43000.0,1,0.179,7,4.7,1
2024-12-26,Local Bakery A,Croissant,28000.0,1,0.145,16,3.9,0
2024-12-26,Local Bakery A,Red Velvet Cake,239000.0,0,0.196,15,4.3,0
2024-12-26,Supermarket Chain,Tiramisu,162000.0,0,0.166,15,3.6,1
2024-12-26,Supermarket Chain,Cheesecake,145000.0,0,0.2,10,3.7,0
2024-12-26,Supermarket Chain,Macaron,28000.0,0,0.059,16,4.2,1
2024-12-26,Supermarket Chain,Éclair,38000.0,1,0.105,20,4.3,1
2024-12-26,Supermarket Chain,Croissant,25000.0,0,0.09,11,3.8,0
2024-12-26,Supermarket Chain,Red Velvet Cake,173000.0,0,0.144,19,4.7,1
2024-12-27,Paris Baguette,Tiramisu,298000.0,0,0.079,20,4.7,0
2024-12-27,Paris Baguette,Cheesecake,254000.0,0,0.247,5,3.5,0
2024-12-27,Paris Baguette,Macaron,51000.0,0,0.13,16,4.7,0
2024-12-27,Paris Baguette,Éclair,77000.0,0,0.065,9,3.6,1
2024-12-27,Paris Baguette,Croissant,42000.0,0,0.079,13,4.1,0
2024-12-27,Paris Baguette,Red Velvet Cake,319000.0,0,0.166,20,4.5,0
2024-12-27,Tous Les Jours,Tiramisu,290000.0,0,0.118,7,4.4,1
2024-12-27,Tous Les Jours,Cheesecake,252000.0,0,0.204,18,3.9,1
2024-12-27,Tous Les Jours,Macaron,50000.0,0,0.109,17,4.4,1
2024-12-27,Tous Les Jours,Éclair,76000.0,0,0.111,21,4.0,1
2024-12-27,Tous Les Jours,Croissant,37000.0,1,0.091,8,3.8,1
2024-12-27,Tous Les Jours,Red Velvet Cake,236000.0,1,0.072,1,3.6,1
2024-12-27,ABC Bakery,Tiramisu,238000.0,0,0.176,23,3.6,1
2024-12-27,ABC Bakery,Cheesecake,207000.0,0,0.176,3,4.0,0
2024-12-27,ABC Bakery,Macaron,42000.0,0,0.172,2,4.7,0
2024-12-27,ABC Bakery,Éclair,60000.0,0,0.077,14,4.3,1
2024-12-27,ABC Bakery,Croissant,37000.0,0,0.065,4,4.2,0
2024-12-27,ABC Bakery,Red Velvet Cake,225000.0,1,0.175,2,4.1,1
2024-12-27,Givral,Tiramisu,226000.0,0,0.241,8,3.8,0
2024-12-27,Givral,Cheesecake,194000.0,0,0.108,17,4.3,0
2024-12-27,Givral,Macaron,42000.0,0,0.052,14,4.1,0
2024-12-27,Givral,Éclair,56000.0,0,0.102,15,4.3,1
2024-12-27,Givral,Croissant,34000.0,0,0.072,23,4.1,1
2024-12-27,Givral,Red Velvet Cake,263000.0,0,0.131,5,4.3,0
2024-12-27,Local Bakery A,Tiramisu,217000.0,0,0.107,15,4.6,0
2024-12-27,Local Bakery A,Cheesecake,184000.0,0,0.142,19,4.4,1
2024-12-27,Local Bakery A,Macaron,39000.0,0,0.207,9,4.6,1
2024-12-27,Local Bakery A,Éclair,53000.0,0,0.102,4,3.8,1
2024-12-27,Local Bakery A,Croissant,23000.0,1,0.182,19,3.6,1
2024-12-27,Local Bakery A,Red Velvet Cake,238000.0,0,0.05,1,4.2,1
2024-12-27,Supermarket Chain,Tiramisu,165000.0,0,0.22,10,4.5,0
2024-12-27,Supermarket Chain,Cheesecake,138000.0,0,0.216,13,4.6,1
2024-12-27,Supermarket Chain,Macaron,30000.0,0,0.22,4,4.5,1
2024-12-27,Supermarket Chain,Éclair,32000.0,1,0.129,16,4.1,1
2024-12-27,Supermarket Chain,Croissant,26000.0,0,0.12,10,4.4,0
2024-12-27,Supermarket Chain,Red Velvet Cake,135000.0,1,0.206,18,3.8,1
2024-12-28,Paris Baguette,Tiramisu,255000.0,1,0.187,19,3.9,1
2024-12-28,Paris Baguette,Cheesecake,280000.0,0,0.116,9,3.8,1
2024-12-28,Paris Baguette,Macaron,57000.0,0,0.2,9,3.6,1
2024-12-28,Paris Baguette,Éclair,82000.0,0,0.228,8,3.8,1
2024-12-28,Paris Baguette,Croissant,48000.0,0,0.213,6,4.3,1
2024-12-28,Paris Baguette,Red Velvet Cake,361000.0,0,0.247,8,4.3,1
2024-12-28,Tous Les Jours,Tiramisu,310000.0,0,0.154,9,4.0,1
2024-12-28,Tous Les Jours,Cheesecake,247000.0,0,0.085,22,4.6,1
2024-12-28,Tous Les Jours,Macaron,54000.0,0,0.069,9,4.2,1
2024-12-28,Tous Les Jours,Éclair,74000.0,0,0.063,6,4.1,1
2024-12-28,Tous Les Jours,Croissant,45000.0,0,0.21,1,3.9,1
2024-12-28,Tous Les Jours,Red Velvet Cake,357000.0,0,0.154,19,4.5,1
2024-12-28,ABC Bakery,Tiramisu,256000.0,0,0.148,17,3.9,1
2024-12-28,ABC Bakery,Cheesecake,223000.0,0,0.228,11,3.6,0
2024-12-28,ABC Bakery,Macaron,44000.0,0,0.083,17,3.6,1
2024-12-28,ABC Bakery,Éclair,63000.0,0,0.223,21,4.0,1
2024-12-28,ABC Bakery,Croissant,39000.0,0,0.135,16,4.5,1
2024-12-28,ABC Bakery,Red Velvet Cake,286000.0,0,0.204,22,3.9,0
2024-12-28,Givral,Tiramisu,241000.0,0,0.2,20,3.6,1
2024-12-28,Givral,Cheesecake,200000.0,0,0.246,17,4.2,0
2024-12-28,Givral,Macaron,33000.0,1,0.123,14,4.2,1
2024-12-28,Givral,Éclair,59000.0,0,0.111,19,3.6,1
2024-12-28,Givral,Croissant,38000.0,0,0.188,4,3.8,0
2024-12-28,Givral,Red Velvet Cake,257000.0,0,0.116,8,4.4,0
2024-12-28,Local Bakery A,Tiramisu,230000.0,0,0.239,9,4.5,0
2024-12-28,Local Bakery A,Cheesecake,188000.0,0,0.098,15,3.8,1
2024-12-28,Local Bakery A,Macaron,39000.0,0,0.247,9,3.7,1
2024-12-28,Local Bakery A,Éclair,58000.0,0,0.059,13,4.8,0
2024-12-28,Local Bakery A,Croissant,34000.0,0,0.159,3,3.6,1
2024-12-28,Local Bakery A,Red Velvet Cake,251000.0,0,0.097,11,4.6,1
2024-12-28,Supermarket Chain,Tiramisu,129000.0,1,0.143,23,4.7,1
2024-12-28,Supermarket Chain,Cheesecake,148000.0,0,0.25,18,3.6,1
2024-12-28,Supermarket Chain,Macaron,33000.0,0,0.101,12,4.4,0
2024-12-28,Supermarket Chain,Éclair,42000.0,0,0.25,2,4.6,1
2024-12-28,Supermarket Chain,Croissant,26000.0,0,0.132,5,3.9,1
2024-12-28,Supermarket Chain,Red Velvet Cake,189000.0,0,0.18,23,4.7,0
2024-12-29,Paris Baguette,Tiramisu,310000.0,0,0.236,18,4.8,1
2024-12-29,Paris Baguette,Cheesecake,272000.0,0,0.159,21,4.6,1
2024-12-29,Paris Baguette,Macaron,56000.0,0,0.247,22,4.3,1
2024-12-29,Paris Baguette,Éclair,82000.0,0,0.185,2,4.7,0
2024-12-29,Paris Baguette,Croissant,39000.0,1,0.112,12,4.0,1
2024-12-29,Paris Baguette,Red Velvet Cake,355000.0,0,0.145,12,4.4,1
2024-12-29,Tous Les Jours,Tiramisu,299000.0,0,0.095,22,4.7,1
2024-12-29,Tous Les Jours,Cheesecake,269000.0,0,0.244,19,4.5,1
2024-12-29,Tous Les Jours,Macaron,52000.0,0,0.055,11,3.7,1
2024-12-29,Tous Les Jours,Éclair,70000.0,0,0.246,1,4.0,0
2024-12-29,Tous Les Jours,Croissant,45000.0,0,0.212,18,4.5,1
2024-12-29,Tous Les Jours,Red Velvet Cake,326000.0,0,0.113,7,3.6,0
2024-12-29,ABC Bakery,Tiramisu,263000.0,0,0.07,16,4.5,0
2024-12-29,ABC Bakery,Cheesecake,217000.0,0,0.101,12,4.2,1
2024-12-29,ABC Bakery,Macaron,44000.0,0,0.084,13,4.3,1
2024-12-29,ABC Bakery,Éclair,61000.0,0,0.217,3,4.1,0
2024-12-29,ABC Bakery,Croissant,39000.0,0,0.163,20,3.5,1
2024-12-29,ABC Bakery,Red Velvet Cake,289000.0,0,0.196,2,3.8,0
2024-12-29,Givral,Tiramisu,245000.0,0,0.14,17,4.1,0
2024-12-29,Givral,Cheesecake,204000.0,0,0.214,12,4.2,1
2024-12-29,Givral,Macaron,45000.0,0,0.229,23,3.9,1
2024-12-29,Givral,Éclair,61000.0,0,0.223,17,4.2,0
2024-12-29,Givral,Croissant,36000.0,0,0.178,18,4.1,1
2024-12-29,Givral,Red Velvet Cake,206000.0,1,0.146,4,3.7,1
2024-12-29,Local Bakery A,Tiramisu,228000.0,0,0.178,6,4.8,0
2024-12-29,Local Bakery A,Cheesecake,190000.0,0,0.076,21,4.2,0
2024-12-29,Local Bakery A,Macaron,40000.0,0,0.112,17,3.6,0
2024-12-29,Local Bakery A,Éclair,58000.0,0,0.224,2,4.2,1
2024-12-29,Local Bakery A,Croissant,35000.0,0,0.119,9,4.8,0
2024-12-29,Local Bakery A,Red Velvet Cake,203000.0,1,0.099,7,3.8,1
2024-12-29,Supermarket Chain,Tiramisu,137000.0,1,0.105,19,4.0,0
2024-12-29,Supermarket Chain,Cheesecake,154000.0,0,0.113,20,4.3,1
2024-12-29,Supermarket Chain,Macaron,31000.0,0,0.089,8,3.6,1
2024-12-29,Supermarket Chain,Éclair,43000.0,0,0.06,6,3.8,0
2024-12-29,Supermarket Chain,Croissant,27000.0,0,0.197,10,3.6,0
2024-12-29,Supermarket Chain,Red Velvet Cake,193000.0,0,0.25,9,4.1,0
2024-12-30,Paris Baguette,Tiramisu,308000.0,0,0.244,18,3.9,1
2024-12-30,Paris Baguette,Cheesecake,246000.0,0,0.23,20,4.5,0
2024-12-30,Paris Baguette,Macaron,56000.0,0,0.171,11,4.0,1
2024-12-30,Paris Baguette,Éclair,74000.0,0,0.235,13,4.2,1
2024-12-30,Paris Baguette,Croissant,48000.0,0,0.083,7,4.7,1
2024-12-30,Paris Baguette,Red Velvet Cake,348000.0,0,0.067,11,4.4,1
2024-12-30,Tous Les Jours,Tiramisu,274000.0,0,0.128,20,3.5,0
2024-12-30,Tous Les Jours,Cheesecake,240000.0,0,0.221,15,4.3,1
2024-12-30,Tous Les Jours,Macaron,54000.0,0,0.067,14,4.0,1
2024-12-30,Tous Les Jours,Éclair,75000.0,0,0.116,10,3.9,1
2024-12-30,Tous Les Jours,Croissant,44000.0,0,0.113,4,3.6,1
2024-12-30,Tous Les Jours,Red Velvet Cake,304000.0,0,0.117,10,4.2,0
2024-12-30,ABC Bakery,Tiramisu,240000.0,0,0.211,19,4.1,1
2024-12-30,ABC Bakery,Cheesecake,203000.0,0,0.141,14,4.0,1
2024-12-30,ABC Bakery,Macaron,41000.0,0,0.18,24,4.5,0
2024-12-30,ABC Bakery,Éclair,61000.0,0,0.069,15,3.6,1
2024-12-30,ABC Bakery,Croissant,36000.0,0,0.132,17,3.8,1
2024-12-30,ABC Bakery,Red Velvet Cake,283000.0,0,0.074,10,4.0,1
2024-12-30,Givral,Tiramisu,234000.0,0,0.104,4,4.1,1
2024-12-30,Givral,Cheesecake,195000.0,0,0.18,7,4.4,1
2024-12-30,Givral,Macaron,40000.0,0,0.129,8,3.9,0
2024-12-30,Givral,Éclair,58000.0,0,0.083,20,4.2,1
2024-12-30,Givral,Croissant,35000.0,0,0.178,13,4.4,1
2024-12-30,Givral,Red Velvet Cake,220000.0,1,0.052,22,4.3,1
2024-12-30,Local Bakery A,Tiramisu,215000.0,0,0.214,7,4.2,1
2024-12-30,Local Bakery A,Cheesecake,193000.0,0,0.057,13,4.2,1
2024-12-30,Local Bakery A,Macaron,31000.0,1,0.156,9,4.1,1
2024-12-30,Local Bakery A,Éclair,57000.0,0,0.05,12,4.4,1
2024-12-30,Local Bakery A,Croissant,34000.0,0,0.121,6,4.4,1
2024-12-30,Local Bakery A,Red Velvet Cake,252000.0,0,0.072,14,3.9,1
2024-12-30,Supermarket Chain,Tiramisu,172000.0,0,0.125,2,4.2,1
2024-12-30,Supermarket Chain,Cheesecake,120000.0,1,0.207,21,3.5,1
2024-12-30,Supermarket Chain,Macaron,30000.0,0,0.193,21,4.1,0
2024-12-30,Supermarket Chain,Éclair,43000.0,0,0.12,13,4.3,1
2024-12-30,Supermarket Chain,Croissant,25000.0,0,0.19,20,3.7,1
2024-12-30,Supermarket Chain,Red Velvet Cake,137000.0,1,0.219,1,4.8,1
2024-12-31,Paris Baguette,Tiramisu,286000.0,0,0.136,17,3.9,0
2024-12-31,Paris Baguette,Cheesecake,200000.0,1,0.086,6,4.1,1
2024-12-31,Paris Baguette,Macaron,43000.0,1,0.148,21,4.5,1
2024-12-31,Paris Baguette,Éclair,60000.0,1,0.104,13,3.8,1
2024-12-31,Paris Baguette,Croissant,45000.0,0,0.166,17,4.2,1
2024-12-31,Paris Baguette,Red Velvet Cake,341000.0,0,0.089,18,4.8,0
2024-12-31,Tous Les Jours,Tiramisu,292000.0,0,0.154,7,4.6,1
2024-12-31,Tous Les Jours,Cheesecake,257000.0,0,0.189,11,3.7,0
2024-12-31,Tous Les Jours,Macaron,50000.0,0,0.089,3,4.7,1
2024-12-31,Tous Les Jours,Éclair,73000.0,0,0.25,10,4.1,1
2024-12-31,Tous Les Jours,Croissant,32000.0,1,0.076,10,4.3,1
2024-12-31,Tous Les Jours,Red Velvet Cake,323000.0,0,0.203,1,4.1,1
2024-12-31,ABC Bakery,Tiramisu,249000.0,0,0.222,23,4.7,1
2024-12-31,ABC Bakery,Cheesecake,199000.0,0,0.191,21,3.8,1
2024-12-31,ABC Bakery,Macaron,44000.0,0,0.176,12,3.5,1
2024-12-31,ABC Bakery,Éclair,62000.0,0,0.223,21,3.8,0
2024-12-31,ABC Bakery,Croissant,35000.0,0,0.164,20,3.8,1
2024-12-31,ABC Bakery,Red Velvet Cake,284000.0,0,0.108,18,4.1,1
2024-12-31,Givral,Tiramisu,224000.0,1,0.249,19,4.3,1
2024-12-31,Givral,Cheesecake,191000.0,0,0.217,21,4.4,0
2024-12-31,Givral,Macaron,40000.0,0,0.165,3,4.3,1
2024-12-31,Givral,Éclair,59000.0,0,0.154,17,4.6,0
2024-12-31,Givral,Croissant,25000.0,1,0.231,13,4.6,0
2024-12-31,Givral,Red Velvet Cake,230000.0,1,0.246,4,4.0,0
2024-12-31,Local Bakery A,Tiramisu,193000.0,1,0.079,17,4.3,1
2024-12-31,Local Bakery A,Cheesecake,181000.0,0,0.191,2,4.5,1
2024-12-31,Local Bakery A,Macaron,38000.0,0,0.085,23,4.3,1
2024-12-31,Local Bakery A,Éclair,56000.0,0,0.078,14,3.7,1
2024-12-31,Local Bakery A,Croissant,33000.0,0,0.102,8,4.3,1
2024-12-31,Local Bakery A,Red Velvet Cake,238000.0,0,0.084,2,4.7,1
2024-12-31,Supermarket Chain,Tiramisu,145000.0,1,0.132,5,4.0,1
2024-12-31,Supermarket Chain,Cheesecake,153000.0,0,0.086,14,4.8,0
2024-12-31,Supermarket Chain,Macaron,29000.0,0,0.066,1,3.8,1
2024-12-31,Supermarket Chain,Éclair,42000.0,0,0.168,10,4.6,1
2024-12-31,Supermarket Chain,Croissant,26000.0,0,0.056,17,4.3,1
2024-12-31,Supermarket Chain,Red Velvet Cake,184000.0,0,0.198,7,4.5,1
2025-01-01,Paris Baguette,Tiramisu,291000.0,0,0.224,9,4.8,1
2025-01-01,Paris Baguette,Cheesecake,250000.0,0,0.108,17,3.9,0
2025-01-01,Paris Baguette,Macaron,51000.0,0,0.125,20,4.2,1
2025-01-01,Paris Baguette,Éclair,73000.0,0,0.23,10,3.6,0
2025-01-01,Paris Baguette,Croissant,44000.0,0,0.222,17,3.9,1
2025-01-01,Paris Baguette,Red Velvet Cake,337000.0,0,0.053,11,3.9,0
2025-01-01,Tous Les Jours,Tiramisu,291000.0,0,0.244,16,4.5,1
2025-01-01,Tous Les Jours,Cheesecake,246000.0,0,0.233,19,4.3,0
2025-01-01,Tous Les Jours,Macaron,50000.0,0,0.243,16,4.6,0
2025-01-01,Tous Les Jours,Éclair,74000.0,0,0.247,8,4.7,0
2025-01-01,Tous Les Jours,Croissant,47000.0,0,0.176,23,4.0,0
2025-01-01,Tous Les Jours,Red Velvet Cake,317000.0,0,0.118,11,3.8,1
2025-01-01,ABC Bakery,Tiramisu,253000.0,0,0.221,23,4.4,1
2025-01-01,ABC Bakery,Cheesecake,213000.0,0,0.2,6,4.2,0
2025-01-01,ABC Bakery,Macaron,42000.0,0,0.245,6,3.6,1
2025-01-01,ABC Bakery,Éclair,59000.0,0,0.117,19,4.7,1
2025-01-01,ABC Bakery,Croissant,36000.0,0,0.127,23,4.5,0
2025-01-01,ABC Bakery,Red Velvet Cake,277000.0,0,0.102,17,4.3,1
2025-01-01,Givral,Tiramisu,226000.0,0,0.134,21,3.8,0
2025-01-01,Givral,Cheesecake,190000.0,0,0.152,17,3.7,1
2025-01-01,Givral,Macaron,39000.0,0,0.191,4,4.2,1
2025-01-01,Givral,Éclair,56000.0,0,0.065,17,4.2,1
2025-01-01,Givral,Croissant,34000.0,0,0.168,7,3.9,1
2025-01-01,Givral,Red Velvet Cake,268000.0,0,0.053,1,3.7,1
2025-01-01,Local Bakery A,Tiramisu,222000.0,0,0.055,1,4.3,1
2025-01-01,Local Bakery A,Cheesecake,181000.0,0,0.164,6,4.5,1
2025-01-01,Local Bakery A,Macaron,37000.0,0,0.152,20,4.5,0
2025-01-01,Local Bakery A,Éclair,54000.0,0,0.206,20,3.8,1
2025-01-01,Local Bakery A,Croissant,35000.0,0,0.084,8,4.5,1
2025-01-01,Local Bakery A,Red Velvet Cake,244000.0,0,0.085,20,3.7,0
2025-01-01,Supermarket Chain,Tiramisu,126000.0,1,0.249,3,3.6,0
2025-01-01,Supermarket Chain,Cheesecake,150000.0,0,0.126,4,3.7,1
2025-01-01,Supermarket Chain,Macaron,31000.0,0,0.142,9,4.5,1
2025-01-01,Supermarket Chain,Éclair,44000.0,0,0.166,5,4.5,0
2025-01-01,Supermarket Chain,Croissant,26000.0,0,0.156,11,4.4,0
2025-01-01,Supermarket Chain,Red Velvet Cake,197000.0,0,0.216,4,4.8,0
